# Face Semantic ICP Wrap export
v 0.38539916 0.09187255 -0.02573305
v 0.40801680 0.08651198 -0.01715714
v 0.41072753 0.09666603 -0.01481210
v 0.38869303 0.10013638 -0.02269755
v 0.44247517 0.10093106 -0.07330577
v 0.42988333 0.12275603 -0.05323384
v 0.42844900 0.14199372 -0.05277824
v 0.43112695 0.14196801 -0.07319688
v 0.15647663 -0.11260755 -0.40154904
v 0.06935007 -0.11181159 -0.42771077
v 0.06781812 -0.18688995 -0.41794842
v 0.14801382 -0.19720955 -0.38737008
v 0.25931472 -0.33471242 -0.28343672
v 0.23036863 -0.28569558 -0.31105533
v 0.22090778 -0.36133435 -0.34591785
v 0.26912507 -0.38019529 -0.28812757
v 0.24171941 0.43932977 0.55561274
v 0.28725299 0.43467090 0.51938647
v 0.28499430 0.39586225 0.54365134
v -0.40276134 0.09250514 -0.01905597
v -0.42540815 0.08711009 -0.01008227
v -0.42774564 0.09678729 -0.00753377
v -0.40268970 0.10197116 -0.01613444
v -0.46111888 0.10388555 -0.06968797
v -0.44990748 0.12499934 -0.04966531
v -0.44684112 0.14218466 -0.04891774
v -0.44889969 0.14317618 -0.06897365
v 0.23990539 0.39546967 0.57394463
v 0.56244004 0.23075406 -0.13868988
v 0.55981088 0.21479996 -0.14565760
v 0.56262583 0.20568691 -0.13328367
v 0.56189537 0.22047013 -0.12884346
v 0.53579336 0.11853477 -0.13115825
v 0.53349346 0.16524099 -0.14073393
v 0.54455072 0.18069375 -0.14348595
v 0.54394698 0.16779765 -0.14032775
v 0.52718657 0.05709283 -0.10702565
v 0.52379894 0.06128170 -0.10367772
v 0.53221011 0.08874249 -0.11619876
v 0.53653568 0.08669691 -0.12086210
v 0.44095159 -0.05893721 0.03572667
v 0.45749152 -0.04455521 0.02492705
v 0.45842966 -0.05936192 0.01636495
v 0.43247545 -0.06989035 0.02622358
v 0.41467270 -0.06302785 0.02055132
v 0.44206560 -0.06780962 -0.00385762
v 0.43814680 -0.05002128 -0.00931127
v 0.41571838 -0.04914127 0.00992673
v 0.54377466 0.29263043 -0.04537880
v 0.54297525 0.27618837 -0.04352425
v 0.53138524 0.27297288 -0.02714553
v 0.53440034 0.28917065 -0.02580598
v 0.44482067 0.09539763 -0.10761235
v 0.43189967 0.05432173 -0.09254783
v 0.47017032 0.08048949 -0.10750209
v 0.47267368 0.09770358 -0.11170096
v 0.52030420 0.22808656 -0.09901309
v 0.52675104 0.23342960 -0.11775749
v 0.52717501 0.22065888 -0.12495924
v 0.52032870 0.21080029 -0.10956256
v 0.54015756 0.24243644 -0.14525159
v 0.53779453 0.22449541 -0.15495867
v 0.43188614 -0.00414989 0.04730735
v 0.43027353 0.01774246 0.05363847
v 0.43439129 0.02787591 0.04642104
v 0.43676975 0.02223988 0.03936113
v 0.42987558 0.09794080 -0.05427949
v 0.43324482 0.12814027 -0.04215133
v 0.50331986 -0.00495134 -0.07142733
v 0.50328523 0.00673223 -0.06731826
v 0.51544750 0.03020417 -0.08917739
v 0.51594085 0.02193383 -0.09472647
v 0.49400932 0.02294380 -0.05540615
v 0.50782633 0.03628425 -0.07822685
v 0.51352686 0.03991269 -0.08933243
v 0.50572723 0.02772281 -0.07652877
v 0.54613256 0.25193730 -0.09422917
v 0.53513366 0.26671675 -0.06493289
v 0.54003572 0.26449692 -0.06245185
v 0.54905093 0.24933721 -0.09388047
v 0.49027550 0.16600345 -0.10581563
v 0.48578513 0.19608706 -0.09307797
v 0.47651872 0.19443877 -0.09217109
v 0.48057398 0.16832048 -0.10291281
v 0.54144675 0.22724156 -0.13331291
v 0.54288518 0.21129200 -0.13949440
v 0.52822447 0.20469823 -0.13298801
v 0.46223083 0.21428438 -0.03507213
v 0.46548456 0.21913691 -0.04293123
v 0.46714091 0.20871057 -0.04630367
v 0.46608657 0.20098509 -0.03854644
v 0.45778415 -0.06792133 -0.00264518
v 0.41991603 -0.00301727 -0.05240231
v 0.43029687 -0.00036692 -0.06021053
v 0.44777349 0.02330831 -0.07877819
v 0.43857735 0.03384655 -0.08050139
v 0.41524690 -0.05034110 0.04742097
v 0.43290624 -0.04829659 0.04822132
v 0.43743187 -0.05508187 0.04134556
v 0.41887826 -0.06126326 0.03894743
v 0.48114496 0.24074593 -0.04228493
v 0.49442455 0.23700245 -0.05561582
v 0.48376349 0.23075259 -0.05134626
v 0.47323921 0.23340897 -0.04207860
v 0.52629608 0.15354268 -0.12991719
v 0.52116960 0.19386409 -0.11870294
v 0.53248757 0.09742663 -0.09278902
v 0.53217506 0.09788207 -0.11179870
v 0.52628714 0.07312805 -0.10117237
v -0.17522778 -0.11437664 -0.39453658
v -0.08830214 -0.11241280 -0.42503425
v -0.08559933 -0.18792738 -0.41406471
v -0.16597898 -0.19991431 -0.37919340
v 0.52743292 0.07418336 -0.08334200
v 0.52954161 0.14688674 -0.09344468
v 0.52826273 0.14694680 -0.11531498
v 0.54731411 0.20215873 -0.12921253
v 0.54476881 0.16498637 -0.13116945
v 0.54769093 0.20507777 -0.13502228
v 0.46723261 0.22125341 -0.07825202
v 0.46578923 0.24819340 -0.10367020
v 0.45779422 0.21095045 -0.11641590
v 0.46718717 0.20839867 -0.08781562
v 0.44051585 0.05271408 0.04302809
v 0.44861770 0.06630576 0.03449456
v 0.44006848 0.05245114 0.02546728
v 0.43726507 0.03866142 0.02860623
v 0.45185077 0.00977971 -0.07152960
v 0.43566597 -0.00766938 -0.05506620
v 0.43840340 -0.01101049 -0.05102525
v 0.45458418 -0.00090528 -0.06252058
v 0.50809866 0.24408248 -0.06697382
v 0.50778502 0.21188791 -0.07221219
v 0.49933121 0.21193527 -0.06449097
v 0.47876474 0.03772356 0.00130064
v 0.48282745 0.04635799 -0.01232261
v 0.48729023 0.02549639 -0.02342026
v 0.48048896 0.01304380 -0.01219788
v 0.48312590 -0.04319285 -0.03401013
v 0.46785912 -0.04673739 -0.03887952
v 0.45424247 -0.05991990 -0.02006318
v 0.47085786 -0.05874790 -0.01722222
v 0.43703744 0.03223441 0.03527269
v 0.43675545 0.03654671 0.04438407
v 0.50374502 0.16739134 -0.11784964
v 0.50016862 0.20412602 -0.10233840
v 0.51874375 0.20066345 -0.09473930
v 0.52074939 0.18620665 -0.10181540
v 0.45157570 0.12987497 0.00432204
v 0.43803298 0.13380316 -0.00458304
v 0.43946251 0.12889981 -0.00470114
v 0.45576930 0.11992767 0.00641928
v 0.45536968 0.12927163 0.01429862
v 0.45901337 0.11943237 0.01576786
v 0.45769864 0.11791161 0.02373173
v 0.45517498 0.12350542 0.02416718
v 0.43491849 0.13492092 -0.01054361
v 0.43618602 0.13333364 -0.00712152
v 0.43738431 0.13662520 -0.00898069
v 0.45673704 0.15122469 -0.08274010
v 0.46404603 0.10534565 -0.09532706
v 0.45551315 0.10128991 -0.08594813
v 0.44263607 0.14545393 -0.08154722
v 0.53134352 0.10429902 -0.12329375
v 0.51224148 0.26868874 0.00048012
v 0.50216758 0.27829817 -0.00067554
v 0.51720816 0.29756731 -0.02818460
v 0.44137952 0.05072093 -0.03188064
v 0.46157855 0.05475966 -0.01152835
v 0.45349181 0.05272051 -0.00231509
v 0.44215864 0.04696595 -0.02109650
v 0.43910861 0.07801773 0.00647605
v 0.42685956 0.05722827 0.01060648
v 0.45011872 0.06906147 0.01755337
v 0.45367244 0.16566169 0.01482080
v 0.44451797 0.14205743 -0.00433504
v 0.45006514 0.13647847 0.00612508
v 0.45153159 0.13892850 0.01524401
v 0.52807915 0.05238232 -0.11340962
v 0.53731316 0.08413430 -0.12909405
v 0.52742141 0.08200780 -0.13794993
v 0.51795024 0.04814931 -0.12152042
v 0.42144716 -0.02790944 0.05594989
v 0.39976743 -0.04280164 0.03620510
v 0.42168012 -0.00834925 0.06137638
v 0.56336749 0.27274454 -0.10352472
v 0.54254097 0.28611788 -0.10448606
v 0.54243040 0.27325672 -0.12054210
v 0.56400293 0.25978598 -0.11771697
v 0.43339556 0.17548861 -0.04786041
v 0.43135864 0.16385423 -0.04481172
v 0.43721265 0.17079920 -0.03447285
v 0.43917730 0.18161464 -0.03550320
v 0.30387899 -0.03181447 -0.29830155
v 0.36065808 -0.03853673 -0.18496951
v 0.38079101 0.04959991 -0.23225856
v 0.33277556 0.05301444 -0.32932919
v 0.49035051 -0.02551070 -0.03122500
v 0.48417360 -0.03783113 -0.01464930
v 0.46839896 0.21211396 0.02494777
v 0.46624720 0.22568895 0.03426117
v 0.47539875 0.25821841 0.02663890
v 0.47868061 0.23704998 0.02423300
v 0.53808945 0.17512412 -0.16085623
v 0.55574328 0.17039059 -0.14877303
v 0.48099545 0.24388953 -0.02886130
v 0.50341111 0.26411709 -0.04498201
v 0.48906061 0.24885714 -0.04295829
v 0.47791496 0.24034132 -0.03393324
v 0.47306249 0.19727848 -0.01211061
v 0.47792119 0.20466365 -0.00997196
v 0.46990469 0.20887177 -0.01380718
v 0.46306515 0.20077202 -0.01465464
v 0.47130644 0.25694788 0.04486287
v 0.47613925 0.28813702 0.02507986
v 0.41004610 -0.00269957 -0.05343907
v 0.47738248 0.20457032 0.00718559
v 0.48392269 0.22089432 0.01104716
v 0.48471773 0.21503687 -0.00624137
v -0.27257821 -0.34357494 -0.27034435
v -0.24498627 -0.29214403 -0.29897755
v -0.23507464 -0.36814091 -0.33680964
v -0.27958778 -0.39120191 -0.27683046
v 0.42951769 0.02231764 0.06602743
v 0.43368056 0.03364314 0.05425615
v 0.47304842 0.23468636 -0.03345746
v 0.46807507 0.22778009 -0.03362505
v 0.46029130 0.20541632 -0.02799145
v 0.46078891 0.19440761 -0.03552495
v 0.50101477 0.15291268 -0.07192675
v 0.51057851 0.10483895 -0.08427671
v 0.40926519 0.04679376 -0.14915167
v 0.39439380 -0.04249270 -0.06126462
v 0.46370733 0.20999704 -0.01561240
v 0.46411085 0.21120913 -0.01862030
v 0.45938966 0.20581393 -0.02159264
v 0.45775798 0.20326816 -0.01734956
v 0.47514033 -0.04868572 -0.00081752
v 0.49506289 0.18981083 -0.05849167
v 0.47251853 0.18100448 -0.04782114
v 0.47688255 0.19301565 -0.04793088
v 0.53922737 0.11576103 -0.12347769
v 0.54784465 0.16495149 -0.12913275
v 0.55624563 0.16681205 -0.13792364
v 0.54514426 0.11492901 -0.13018396
v 0.40594962 -0.05374020 0.02914724
v 0.42620409 0.15934834 -0.05169103
v 0.43427965 0.14889088 -0.04299751
v 0.44822448 0.18515767 -0.03584307
v 0.45141709 0.19619893 -0.02606966
v 0.43674326 0.05202565 0.05592643
v 0.53755844 0.25232247 -0.11645152
v 0.53993297 0.24051307 -0.12529844
v 0.52584064 0.24377492 -0.11022060
v 0.52488971 0.25109491 -0.10047366
v 0.52350378 0.26064923 -0.08233304
v 0.52581078 0.26902485 -0.07810426
v 0.53336024 0.26115847 -0.10414946
v 0.46441051 0.18828630 -0.04227215
v 0.47112146 0.19585627 -0.04295442
v 0.47085279 0.02856213 0.01050728
v 0.47101796 -0.00826715 0.00288625
v 0.51787460 0.05296545 -0.08602393
v 0.51652849 0.05933373 -0.06858527
v 0.51577008 0.11534655 -0.14456087
v 0.51419216 0.17239480 -0.15210260
v 0.51033872 0.16899104 -0.13217655
v 0.51061916 0.11539307 -0.13219680
v 0.47511360 0.13135019 -0.10898614
v 0.45198190 0.14505951 -0.11211663
v 0.45520756 0.13074555 0.02850072
v 0.44800723 0.15469535 0.04016395
v 0.44371516 0.18439645 -0.03711687
v 0.44746876 0.19343321 -0.02557111
v 0.47685391 0.02514142 -0.08758537
v 0.45113221 -0.01829674 -0.04194000
v 0.47591910 0.01170446 -0.07746901
v 0.42682981 -0.02048908 -0.02821612
v 0.42434472 -0.02589175 -0.01365193
v 0.43952024 -0.02699101 -0.02401846
v 0.49638385 0.03560791 -0.05006634
v 0.50762820 0.04091480 -0.06764860
v 0.43383098 0.13236926 -0.01516931
v 0.42634144 0.12235270 -0.02453521
v 0.42974395 0.12944308 -0.01294890
v 0.52202588 0.14796983 -0.07888871
v 0.52672696 0.10044351 -0.08234000
v 0.47859940 0.21722688 -0.01234646
v 0.45463711 0.16041160 -0.01596304
v 0.46662396 0.17944561 -0.00268676
v 0.49813432 0.24057859 -0.00502221
v 0.48703289 0.22989072 -0.01203567
v 0.48442939 0.22335923 -0.01122326
v 0.49129257 0.22723275 -0.00397186
v 0.40136766 0.06871604 -0.02212577
v 0.41839465 0.05992066 -0.00958958
v 0.42713407 0.08142550 -0.00617433
v 0.51847321 0.26902530 -0.06709871
v 0.51775068 0.25621819 -0.07648890
v 0.50827992 0.20929493 -0.11572361
v 0.46986598 0.22094773 -0.04921321
v 0.47392708 0.21124507 -0.05320998
v 0.47579330 0.30337405 -0.06876471
v 0.47302815 0.28463665 -0.04746292
v 0.47559920 0.28447995 -0.04041816
v 0.47903880 0.31887361 -0.03939509
v 0.41926619 -0.04079629 0.00473037
v 0.43533307 -0.03915653 -0.01122129
v 0.43446168 -0.03257951 -0.01361406
v 0.42191955 -0.03319392 -0.00210752
v 0.44979557 0.05094880 0.00106233
v 0.44204873 0.04490720 -0.01473611
v 0.52187824 0.06083408 -0.10426790
v 0.51994675 0.05563128 -0.09773844
v 0.52803683 0.07909077 -0.11192064
v 0.52959955 0.08684584 -0.11821435
v 0.44507638 0.17580765 -0.05889360
v 0.43276149 0.17453238 -0.06252743
v 0.48695013 0.24037264 -0.05764800
v 0.50166339 0.25455055 -0.06691191
v 0.49381983 0.27232030 -0.04528474
v 0.48330134 0.26012939 -0.04485318
v 0.51367468 0.21632303 -0.13466109
v 0.47315088 0.20267530 -0.05009663
v 0.47851402 0.20376444 -0.05473142
v 0.47085324 0.20498094 -0.04841978
v 0.45715082 0.19552524 -0.01631584
v 0.46643421 0.19022885 -0.01568736
v 0.49328902 0.24214123 -0.01635667
v 0.51811588 0.26372299 -0.03396464
v 0.51293981 0.26145479 -0.03715586
v 0.49201915 0.24480928 -0.02008959
v 0.46650836 0.21980631 -0.02565280
v 0.07641472 -0.03664548 -0.45987797
v 0.08774447 0.02275034 -0.50681949
v -0.24845138 0.43902722 0.55503279
v -0.29403064 0.43403378 0.51869589
v -0.29145956 0.39423832 0.54397792
v -0.24659047 0.39487055 0.57394010
v 0.48583567 0.27978250 0.00019629
v 0.49087682 0.28896344 -0.02351841
v 0.49889222 0.29318899 -0.02643021
v 0.49075496 0.28374651 -0.00560598
v 0.52329177 0.24348405 -0.09771645
v 0.54892945 0.22075327 -0.12829255
v 0.44095805 0.14004086 -0.03050211
v 0.43031093 0.11759342 -0.03132207
v 0.38507450 0.10971386 -0.03082571
v 0.38543418 0.11753935 -0.02888531
v 0.39079621 0.11474197 -0.03688991
v 0.39013365 0.10655262 -0.03986055
v 0.40695694 0.07519146 -0.04767529
v 0.41972169 0.06938580 -0.03439415
v 0.41501084 0.05758110 -0.02314526
v 0.40141022 0.06040387 -0.04085107
v 0.38421631 0.08857276 -0.03598778
v 0.38486412 0.09986071 -0.03261496
v 0.39002606 0.09512651 -0.04287979
v 0.38887993 0.08326554 -0.04858202
v 0.51555693 0.26923591 -0.05416504
v 0.52867055 0.26991490 -0.06505922
v 0.55211741 0.21539937 -0.12255959
v 0.55129999 0.20172729 -0.12726127
v 0.54731214 0.24649872 -0.11100427
v 0.54876781 0.23444459 -0.11994785
v 0.45375732 0.08194663 0.03588461
v 0.45695025 0.08315925 0.02369389
v 0.45491543 0.07356317 0.02421768
v 0.56148887 0.23381747 -0.12116741
v 0.56370658 0.24520358 -0.12913781
v 0.43462560 -0.02594838 0.04848405
v 0.42895636 -0.03546778 0.05396359
v 0.27894032 -0.45320755 0.08778336
v 0.33071968 -0.42100859 0.01690983
v 0.32828617 -0.47922581 0.01534444
v 0.27546749 -0.51255292 0.08075824
v 0.50087827 0.25449237 0.00773798
v 0.49355158 0.26820576 0.01040503
v 0.38414547 0.07805016 -0.03051919
v 0.38476649 0.07360985 -0.03998373
v 0.39819279 0.05951874 -0.03275723
v 0.41139084 0.10673758 -0.01346604
v 0.38764977 0.10964010 -0.02078725
v 0.40950915 0.08643937 -0.04583459
v 0.40882581 0.11924959 -0.03132329
v 0.40869242 0.12653852 -0.02179265
v 0.42283899 0.04487470 0.00567892
v 0.43230414 0.04008847 -0.00759334
v 0.44099408 0.03876341 0.01367644
v 0.38925561 0.06870992 -0.04953828
v 0.44626716 0.18102269 -0.04688877
v 0.42315722 0.09166142 -0.03914957
v 0.43398595 0.07804572 -0.04607369
v 0.43430722 0.06564882 -0.03854088
v 0.42307308 0.07954524 -0.03909843
v 0.48647788 0.02015071 -0.03580272
v 0.49052647 0.03166220 -0.03527229
v 0.44058737 0.05495221 -0.04546139
v 0.46588594 0.05541619 -0.03143618
v 0.44052634 0.15749343 -0.03500447
v 0.45530906 0.17610878 -0.02357210
v 0.43386653 0.13445397 -0.01483604
v 0.42347276 0.10595070 -0.03456234
v 0.43186286 0.09209770 -0.04459430
v 0.41104153 0.11511646 -0.01354079
v 0.43240702 0.11567292 -0.00741840
v 0.43110678 0.12202433 -0.00967543
v 0.40996513 0.12113293 -0.01522141
v 0.48888707 0.21177629 -0.05999502
v 0.48628014 0.25611138 0.01813436
v 0.49390894 0.23809154 0.01064039
v 0.49046698 0.33128262 -0.14376140
v 0.47571918 0.28085792 -0.17602672
v 0.47263852 0.28230429 -0.09265766
v 0.40962827 0.09817220 -0.04261360
v 0.38873458 0.12256991 -0.02720297
v 0.38968688 0.12085005 -0.01926651
v 0.51318067 0.03761378 -0.08771056
v 0.44576916 0.03814696 0.01782138
v 0.44655079 0.18547842 -0.02200338
v 0.51042187 0.08319680 -0.13280363
v 0.50206852 0.05125931 -0.11842079
v 0.44524550 0.19112952 -0.02411007
v 0.45037872 0.19706048 -0.01904394
v 0.43816444 0.04167717 -0.01227688
v 0.44668791 0.04518680 0.00700951
v 0.45322159 0.19927759 -0.01844817
v 0.45421839 0.08036085 0.01524858
v 0.51633674 0.21011665 -0.08919434
v 0.45718923 -0.03458592 -0.04276605
v 0.44657055 -0.04285132 -0.02426891
v 0.38882312 0.11608935 -0.01944266
v 0.41149709 0.05523589 -0.02190102
v 0.41005552 0.10985801 -0.03775768
v 0.44473764 0.10369295 0.00322338
v 0.44274312 0.09042832 0.00530951
v 0.45660487 0.09376977 0.01399111
v 0.47172239 0.05655334 -0.04422395
v 0.44377822 0.06488063 -0.05873987
v 0.45125234 0.06917229 -0.07368316
v 0.48204470 0.06007868 -0.05645753
v 0.49187905 0.02211262 -0.10334287
v 0.48088938 -0.00355930 -0.08171801
v 0.49428445 -0.00906501 -0.07803736
v 0.50722963 0.01685160 -0.10174313
v 0.49749115 0.42789859 -0.19266930
v 0.49750322 0.36710891 -0.09800489
v 0.50822270 0.46820661 -0.11830818
v 0.51550233 0.26469737 -0.10205517
v 0.51446676 0.25002295 -0.11260729
v 0.54301292 0.25781435 -0.13360953
v 0.47651002 0.30723798 -0.00545311
v 0.47565338 0.28455362 -0.03001694
v 0.48207593 0.28863975 -0.01925558
v 0.53190213 0.11509822 -0.15276676
v 0.46209916 0.18781610 0.02093524
v 0.47177821 0.19115709 0.00257281
v 0.47160581 0.03344805 -0.09184328
v 0.49186155 0.05154813 -0.03843733
v 0.50338233 0.05237861 -0.05339174
v 0.55161101 0.27360237 -0.06219330
v 0.53117067 0.26707035 -0.04654873
v 0.07307313 -0.53720796 0.25075153
v 0.07157919 -0.57822633 0.22123708
v 0.04754546 0.06624383 0.64517790
v 0.05640296 0.06494276 0.63637054
v 0.04938771 0.07631133 0.63014001
v 0.04541705 0.07677706 0.63456947
v 0.05003322 0.01209829 0.63633978
v 0.04720040 0.02127484 0.63089675
v 0.05410588 0.01999146 0.62565362
v 0.05900469 0.01265658 0.63080198
v 0.03151407 0.07564495 0.63057804
v 0.02294614 0.05916486 0.64688933
v 0.03048665 0.06488139 0.65472251
v 0.03729502 0.07895998 0.63483953
v 0.55048096 0.29042661 -0.06665944
v 0.07328235 0.01308943 0.63364178
v 0.06642202 0.02218676 0.62743872
v 0.07056685 0.02623123 0.63927144
v 0.08218010 0.01909998 0.64673692
v 0.02202367 0.01801055 0.68590343
v 0.03062376 0.02989505 0.68678582
v 0.02194196 0.02476121 0.67159963
v 0.02141864 0.01390451 0.66918164
v 0.04297111 0.03369189 0.68356943
v 0.05572683 0.03241102 0.69508713
v 0.06678966 0.03361630 0.68410015
v 0.05279881 0.03392656 0.67378891
v 0.02646557 0.03789676 0.64328659
v 0.03040466 0.02583838 0.64978927
v 0.02036025 0.03877542 0.66398984
v 0.06922501 0.03834164 0.62836933
v 0.06323811 0.03222680 0.62036067
v 0.05649819 0.05426561 0.61641693
v 0.06157730 0.05837269 0.62154162
v 0.29870886 -0.36125058 0.10014465
v 0.33745673 -0.34309763 0.01890894
v 0.21282712 0.16485390 0.52930164
v 0.20807654 0.14689727 0.53479511
v 0.18133475 0.15274636 0.53845549
v 0.18683900 0.16884089 0.53383893
v 0.46100745 0.10739483 0.01956747
v 0.45783800 0.11195337 0.02647272
v 0.51401007 0.23327628 -0.12325512
v 0.54511499 0.25583875 -0.09836985
v 0.51598471 0.27618963 -0.08843244
v 0.50838262 0.28937250 -0.05834845
v 0.50145626 0.27915698 -0.05132671
v 0.50837398 0.26438653 -0.07675186
v 0.56148416 0.25679424 -0.09751648
v 0.45219576 0.03048389 0.02200235
v 0.50950980 0.18524374 -0.06638300
v 0.50300622 0.29343417 -0.04230636
v 0.52540153 0.30231181 -0.04628669
v 0.53596038 0.11680244 -0.12426529
v 0.56174892 0.24606512 -0.11027935
v 0.55036443 0.23918214 -0.10529722
v 0.50926584 0.25368673 -0.00794031
v 0.46022248 0.08491830 -0.08901650
v 0.50354421 0.08317570 -0.07821228
v 0.49353233 0.06759621 -0.06700866
v -0.57158208 0.23492508 -0.14104263
v -0.56986868 0.21799287 -0.14794633
v -0.57138228 0.20837650 -0.13401499
v -0.57115716 0.22297220 -0.12939757
v -0.54556954 0.12128006 -0.12865148
v -0.54532027 0.16712534 -0.13880771
v -0.55550629 0.18278462 -0.14249717
v -0.55559295 0.16963607 -0.13875526
v 0.45693758 0.07250591 -0.08248070
v 0.42679000 0.16930641 -0.06210963
v 0.43551254 0.05546931 0.07005952
v 0.48293447 -0.00637303 -0.01831579
v -0.54057086 0.05701128 -0.10512294
v -0.53786957 0.06135784 -0.10185217
v -0.54522389 0.08952979 -0.11427226
v -0.54989111 0.08646782 -0.11947515
v 0.48736963 -0.00128874 -0.03465306
v 0.17411445 -0.03391922 -0.42656192
v 0.19631602 0.03189018 -0.46815786
v 0.54563046 0.11461851 -0.14078176
v 0.51470584 0.26452854 -0.06324034
v 0.46351025 0.02924933 0.01658016
v 0.45448741 -0.00691729 0.01870306
v 0.44587880 -0.00484242 0.02921999
v 0.47663993 0.20624758 -0.05473864
v 0.46697697 0.04170003 -0.09355199
v 0.46705645 0.05788205 -0.09992687
v 0.39107329 0.12004344 -0.03506342
v 0.47721386 0.00470532 -0.07809920
v 0.45492208 -0.02637610 -0.04201572
v 0.35457695 -0.32173002 -0.06012682
v 0.33521196 -0.29834157 -0.14826719
v -0.45404726 -0.05398204 0.03913884
v -0.47143000 -0.04045752 0.02929261
v -0.47165021 -0.05431294 0.02160846
v -0.44581741 -0.06483038 0.03091122
v 0.33868730 -0.36622205 -0.14360395
v 0.35228437 -0.39316323 -0.05993056
v 0.44563916 0.14352816 0.06453670
v 0.45174035 0.09876969 0.04834588
v 0.44550630 0.09138954 0.05992102
v 0.15826710 -0.47804660 0.22689922
v 0.13818279 -0.54557043 0.19339994
v 0.44082513 0.05786369 0.09376117
v 0.44217440 0.05066929 0.15803839
v 0.45188165 0.14972404 0.16119383
v 0.44865352 0.11875458 0.09916511
v 0.37819716 0.33736280 0.39641544
v 0.38933289 0.34573883 0.36621508
v 0.39420450 0.28298166 0.36379302
v 0.38086420 0.28850925 0.38990143
v 0.12084746 0.70081002 0.51226568
v 0.05781307 0.70479333 0.52574241
v 0.05714093 0.75329250 0.49328476
v 0.12197173 0.74780774 0.47799242
v 0.21250321 0.07735509 -0.50279039
v 0.22629435 0.14206830 -0.53457969
v 0.10478736 0.12351321 -0.57781333
v 0.09623788 0.06350996 -0.54299766
v 0.12576275 0.86949307 0.34482563
v 0.05871981 0.87820750 0.36206105
v 0.05951575 0.91210091 0.29879308
v -0.42913854 -0.06022981 0.02741295
v -0.45392650 -0.06246771 0.00352815
v -0.45021287 -0.04638680 -0.00045365
v -0.43075123 -0.04738343 0.01907131
v 0.12713513 0.90090352 0.28295115
v 0.33764258 0.15315937 0.47376528
v 0.35159189 0.11570408 0.47369146
v 0.32722735 0.11150950 0.49682552
v 0.31548798 0.14950293 0.49227631
v 0.45043647 -0.03678759 0.03181440
v 0.44369200 -0.03222305 0.03869407
v -0.55491203 0.29679954 -0.04589377
v -0.55407530 0.27987781 -0.04432004
v -0.54207313 0.27645093 -0.02866318
v -0.54549950 0.29364693 -0.02588601
v -0.45986968 0.09486826 -0.09956205
v -0.44694862 0.05255560 -0.08506806
v -0.48451215 0.07909363 -0.10258336
v -0.48523805 0.09801530 -0.10780260
v 0.06032766 0.94050598 0.22375187
v 0.12877442 0.92771131 0.21019742
v 0.07199866 0.20864373 0.57506502
v -0.53079814 0.23141430 -0.09912094
v -0.53664869 0.23675446 -0.11788661
v -0.53842360 0.22307160 -0.12437480
v -0.53251326 0.21325876 -0.10860397
v -0.54971129 0.24644218 -0.14709547
v -0.54730743 0.22806716 -0.15734921
v -0.44566074 -0.00372582 0.05161628
v -0.44365108 0.01788200 0.05807347
v -0.44876787 0.02863816 0.05087649
v -0.45132458 0.02325348 0.04362597
v -0.44875649 0.10016492 -0.05044147
v -0.45294285 0.12868436 -0.03917288
v -0.51746953 -0.00342158 -0.06591689
v -0.51852667 0.00783023 -0.06248565
v -0.52965713 0.03046802 -0.08610171
v -0.52940077 0.02258002 -0.09096049
v 0.07406178 0.22122742 0.55964112
v 0.09709226 0.19900431 0.55119532
v 0.09553699 0.18584189 0.56426144
v 0.04517635 0.52026218 0.59933996
v 0.05092443 0.57536620 0.58483481
v 0.10791022 0.57758015 0.57392943
v 0.09896423 0.52353251 0.59098679
v 0.12607354 0.18213454 0.54252905
v 0.12256694 0.16979745 0.55187792
v 0.05738303 0.79877096 0.45480886
v 0.12352798 0.79263979 0.43791354
v 0.12271361 0.97358316 -0.11021263
v -0.50912064 0.02379568 -0.05196490
v -0.52186865 0.03753398 -0.07597609
v -0.52772427 0.04066705 -0.08672772
v -0.52024984 0.02854413 -0.07352226
v 0.12539777 0.97317719 -0.05535890
v 0.05609876 0.98773563 -0.05780255
v -0.55528104 0.25542948 -0.09548315
v -0.54482991 0.26992896 -0.06620696
v -0.54882348 0.26786023 -0.06425712
v -0.55766922 0.25298297 -0.09522375
v 0.06296642 0.98566377 -0.13814096
v 0.41527647 0.16335823 -0.28058994
v 0.43484899 0.15399115 -0.18401678
v 0.45659485 0.22746414 -0.19166529
v 0.44878376 0.26311287 -0.29559940
v 0.22432007 -0.43242013 0.17253548
v 0.20831630 -0.50035870 0.14620414
v -0.50387841 0.16799864 -0.10112559
v -0.49726343 0.19944990 -0.08847301
v -0.48810214 0.19802070 -0.08754783
v -0.49293572 0.17134772 -0.09949614
v -0.55214030 0.22948870 -0.13293213
v -0.55392051 0.21336646 -0.13862617
v -0.53959405 0.20699841 -0.13202375
v -0.47670308 0.21748297 -0.03603298
v -0.48122773 0.22040065 -0.04308535
v -0.48341787 0.21078087 -0.04658712
v -0.47953424 0.20343249 -0.03962462
v -0.47121131 -0.06359619 0.00379616
v -0.43616971 -0.00587183 -0.04292170
v -0.44649708 -0.00416823 -0.05215393
v -0.46203786 0.02019460 -0.07245119
v -0.45419002 0.03046864 -0.07364652
v 0.33289990 0.48006907 0.44772002
v 0.34283778 0.51581287 0.42178246
v 0.36673045 0.47169736 0.39685440
v 0.35407612 0.44190350 0.42502603
v 0.03676758 0.43307522 0.62174124
v 0.08511849 0.43495411 0.61960882
v 0.07392445 0.39353016 0.62110722
v 0.03234364 0.39249507 0.62217200
v -0.42925066 -0.04914410 0.05144143
v -0.44665468 -0.04474523 0.05046965
v -0.45109093 -0.05082198 0.04388256
v -0.43255004 -0.05804699 0.04254916
v 0.38007015 0.24105948 0.39187071
v 0.39684558 0.22348985 0.37246284
v 0.39182979 0.16970217 0.40144271
v 0.37322089 0.19532073 0.41484427
v 0.35371807 0.16224396 0.45373186
v -0.49723050 0.24215962 -0.04215807
v -0.50975907 0.23939940 -0.05581609
v -0.49950913 0.23282316 -0.05161276
v -0.48984945 0.23481221 -0.04205408
v 0.36906004 0.12651438 0.45084831
v -0.53996360 0.15535621 -0.12693574
v -0.53340995 0.19630870 -0.11668846
v 0.11599130 0.63886672 0.54895371
v 0.05516399 0.64080071 0.56116152
v 0.38252118 0.41285905 0.37614158
v 0.36941814 0.39225897 0.40689057
v 0.05435146 0.22847566 0.58973616
v 0.05894645 0.23909339 0.56991166
v 0.04318554 0.27045822 0.58868837
v -0.54645050 0.09988373 -0.09143078
v -0.54518288 0.10007532 -0.11003509
v -0.53963166 0.07557577 -0.09981976
v -0.54145527 0.07634941 -0.08141609
v 0.02458587 0.26273045 0.61980546
v 0.02270368 0.28728414 0.61059201
v 0.04104091 0.28928414 0.59223789
v 0.20860654 0.52578318 0.54554659
v 0.21891901 0.57481897 0.52516872
v 0.26576680 0.56704640 0.48964307
v 0.25674465 0.52191937 0.51243234
v 0.12471002 0.83272505 0.39496028
v -0.54380041 0.14891489 -0.09229340
v -0.54196036 0.14880185 -0.11303096
v 0.05784183 0.83993709 0.41230589
v 0.02543789 0.34471717 0.61340559
v 0.05485591 0.34584615 0.60583031
v 0.04628167 0.32525131 0.59813762
v -0.55877519 0.20414723 -0.12792312
v -0.55705500 0.16664575 -0.12908733
v -0.55857509 0.20743930 -0.13401607
v -0.48048684 0.22390242 -0.07176219
v -0.47719613 0.24929132 -0.09546559
v -0.47092566 0.21138965 -0.10703088
v -0.48091090 0.21027559 -0.08068869
v 0.02391884 0.32446423 0.60888273
v 0.15001225 0.15973578 0.54373240
v 0.15483831 0.17403431 0.53771240
v 0.40194443 -0.03663928 0.00668650
v 0.40883771 -0.04435261 0.01312203
v 0.46983153 0.25332916 0.08592832
v 0.45136604 0.18669738 0.09512373
v 0.45942223 0.23435442 0.15820627
v 0.46094328 0.31856230 0.14519037
v 0.46957353 0.39328730 0.12428322
v 0.48023400 0.44946957 0.09508778
v 0.48007756 0.35342574 0.04556435
v 0.47406688 0.31161535 0.07119339
v 0.30053741 -0.34625244 -0.21701977
v 0.28631946 -0.28378797 -0.22988109
v 0.02324034 0.24189737 0.63535196
v 0.02319867 0.22229590 0.65060288
v 0.12104426 0.39194381 -0.64732492
v -0.45458573 0.05367067 0.04657681
v -0.46195340 0.06774629 0.03790162
v -0.45523858 0.05464573 0.02932674
v -0.45290866 0.04082440 0.03256602
v 0.11751965 0.30419856 -0.63723272
v 0.24445559 0.32861954 -0.58473623
v 0.24499922 0.41239014 -0.59183985
v 0.39311981 0.09813385 -0.25622833
v -0.46589631 0.00701521 -0.06454769
v -0.45049682 -0.01029722 -0.04652100
v -0.45327049 -0.01278886 -0.04196174
v -0.46996376 -0.00340579 -0.05467202
v 0.42226103 0.09688785 -0.16884603
v 0.06084992 0.04637662 0.64774245
v 0.04289759 0.07373224 0.61954403
v 0.04502843 0.05222671 0.61795497
v 0.04227969 0.06888612 0.61889946
v 0.06350905 0.03249463 0.65989375
v 0.07848330 0.02958319 0.66924793
v 0.04970660 0.02989224 0.61957723
v 0.04459171 0.03131640 0.62249964
v 0.04083396 0.05411991 0.61963195
v 0.04907428 0.07602632 0.62324756
v 0.00737338 0.00575936 0.70139235
v 0.01164135 0.01399045 0.72066110
v 0.03483140 0.02413006 0.71332419
v 0.02373672 0.01573957 0.69949543
v 0.03034945 0.07060962 0.62852687
v 0.02566370 0.05644741 0.63401318
v 0.02684494 0.04392819 0.67537135
v 0.03909456 0.06624555 0.65186346
v 0.04145019 0.07817251 0.63508749
v 0.03810876 0.04757613 0.67100799
v 0.03029989 0.01331904 0.65285909
v 0.04916266 0.04828377 0.66073549
v -0.51969951 0.24683446 -0.06812447
v -0.52220803 0.21483752 -0.07143946
v -0.51400280 0.21458890 -0.06399211
v -0.49471018 0.03953456 0.00505591
v -0.50018883 0.04842426 -0.00814180
v -0.50276977 0.02699998 -0.01962790
v -0.49575952 0.01487936 -0.00810169
v 0.48669577 0.05020858 -0.02475744
v 0.35197660 -0.24580465 0.05579614
v 0.37673917 -0.15375467 0.02363440
v 0.36770451 -0.15507720 -0.00893158
v -0.49684641 -0.04055955 -0.02715606
v -0.48174736 -0.04520024 -0.03140529
v -0.46883935 -0.05705917 -0.01241652
v -0.48453376 -0.05587698 -0.01037002
v -0.45298293 0.03406997 0.03961068
v -0.45097896 0.03762354 0.04868069
v -0.51541990 0.16968498 -0.11486284
v -0.51055640 0.20797133 -0.10006969
v 0.35251424 -0.24960430 0.00508250
v 0.49123487 0.20197181 -0.06109016
v 0.41746286 0.51695329 0.28186303
v 0.42641118 0.59025222 0.22683027
v 0.46407390 0.52075863 0.15285912
v -0.53156555 0.20360951 -0.09371940
v -0.53370965 0.18881570 -0.10025971
v 0.45745206 0.45326293 0.18201219
v 0.42867905 0.65229732 0.17720586
v 0.46901667 0.58977723 0.10965004
v 0.49462062 0.51518005 0.04766848
v 0.49892429 0.38794765 -0.04375728
v 0.25737041 0.25029844 0.51278025
v 0.25948203 0.24855182 0.51234704
v 0.25018394 0.24586415 0.51980156
v -0.46720093 0.12924135 0.00798238
v -0.45410648 0.13339907 -0.00053884
v -0.45571682 0.12856156 -0.00027366
v -0.47155637 0.11944707 0.01037714
v 0.24856153 0.24792141 0.52035046
v 0.25466871 0.25072423 0.51121652
v 0.24660213 0.24926656 0.51702720
v -0.47048190 0.12823142 0.01766132
v -0.47411340 0.11859417 0.01933418
v -0.47254741 0.11717407 0.02716336
v -0.47016057 0.12258873 0.02740761
v 0.26169837 0.25209266 0.50579029
v 0.26403335 0.25227541 0.50766724
v 0.26555291 0.25051388 0.50689036
v 0.15310089 0.25061676 0.53405499
v 0.15540864 0.25222594 0.52923554
v 0.17048441 0.24868500 0.53614420
v 0.16964793 0.24744351 0.54085553
v 0.15268113 0.24833755 0.53524363
v 0.17119104 0.24439777 0.54083949
v -0.45217329 0.13476042 -0.00645640
v -0.45277983 0.13315786 -0.00292923
v -0.45409167 0.13658333 -0.00526532
v -0.47403866 0.15165581 -0.08101465
v -0.48305455 0.10649935 -0.09251034
v -0.47325456 0.10358825 -0.08217450
v -0.45803091 0.14704853 -0.07867154
v 0.14695349 0.25840241 0.49629077
v 0.14546886 0.26175943 0.49638930
v -0.54243267 0.10686781 -0.12107427
v 0.15332669 0.25291353 0.49822721
v 0.13913363 0.26155949 0.51299822
v 0.13767771 0.26762804 0.51385790
v -0.52493358 0.27143276 0.00001493
v -0.51512647 0.28130490 0.00047853
v -0.52909732 0.30195782 -0.02705360
v 0.14211382 0.27231336 0.49803051
v 0.14405227 0.26500228 0.49648321
v 0.14055176 0.25852922 0.51389343
v -0.46114197 0.05433173 -0.02719629
v -0.48171201 0.05937839 -0.00641254
v -0.47335628 0.05684407 0.00309120
v -0.46198428 0.05121645 -0.01600215
v -0.45531479 0.07960429 0.01198301
v -0.44348702 0.05950627 0.01574909
v -0.46487185 0.07115220 0.02210473
v -0.46704614 0.16523950 0.01588003
v -0.45971724 0.14221768 -0.00156701
v -0.46527341 0.13538165 0.00934480
v -0.46651325 0.13805988 0.01786515
v -0.54068106 0.05237571 -0.11131252
v -0.54912704 0.08415401 -0.12748258
v -0.53922045 0.08214436 -0.13721734
v -0.53032398 0.04806611 -0.11945902
v 0.13109349 0.25768185 0.51697737
v 0.12862343 0.26041976 0.51576596
v -0.43478656 -0.02733501 0.06038405
v -0.41485694 -0.04468526 0.04223571
v -0.43488288 -0.00951412 0.06681994
v -0.57324046 0.27743590 -0.10516760
v -0.55267018 0.29072207 -0.10519733
v -0.55280918 0.27823254 -0.12166259
v -0.57392800 0.26461077 -0.11990502
v -0.44971520 0.17565283 -0.04434814
v -0.44625327 0.16432375 -0.04119411
v -0.45161879 0.17226902 -0.03166004
v -0.45491481 0.18209350 -0.03286154
v 0.12885268 0.26373878 0.51723021
v 0.20162761 0.23845427 0.54084933
v 0.20398492 0.23426259 0.53880990
v 0.17479980 0.23651107 0.53951424
v 0.17331240 0.24083923 0.54029375
v 0.19962791 0.24182701 0.54206663
v 0.22033587 0.24247621 0.53783286
v 0.22294939 0.23921160 0.53579593
v 0.22461234 0.23528555 0.53318262
v -0.32129565 -0.03532379 -0.28645569
v -0.37642223 -0.04256817 -0.17010583
v -0.39824778 0.04611786 -0.22031192
v -0.35100371 0.04969664 -0.31944564
v -0.50628787 -0.02336112 -0.02465431
v -0.49906966 -0.03495554 -0.00806824
v -0.48309422 0.21094741 0.02474704
v -0.48000988 0.22445527 0.03542028
v -0.48943558 0.25856602 0.02894053
v -0.49265835 0.23690450 0.02598954
v 0.15285747 0.24184880 0.53576583
v 0.15239920 0.24571936 0.53566188
v 0.22597221 0.23098713 0.53005493
v 0.20570236 0.22969231 0.53575665
v -0.54749209 0.17832726 -0.16342306
v -0.56458020 0.17330173 -0.14992820
v 0.17612173 0.23137926 0.53789860
v 0.15289578 0.23800550 0.53612489
v 0.13306999 0.24640192 0.53224856
v 0.13723794 0.24854131 0.53181124
v 0.20630626 0.22482787 0.53308976
v 0.20662616 0.21901546 0.53269452
v 0.17546816 0.22074156 0.53588068
v 0.17594504 0.22605978 0.53591806
v -0.49564794 0.24597700 -0.02999151
v -0.51579821 0.26594672 -0.04661176
v -0.50367695 0.25136012 -0.04337614
v -0.49339706 0.24262799 -0.03388025
v -0.48678169 0.19839939 -0.01102364
v -0.49135485 0.20655191 -0.00946626
v -0.48362023 0.21037138 -0.01256153
v -0.47713593 0.20212884 -0.01311388
v 0.22644468 0.22585896 0.52662885
v 0.22661334 0.21973942 0.52569360
v -0.48468351 0.25636488 0.04502226
v -0.49031928 0.28862381 0.02666226
v 0.27648592 0.25105372 0.49470079
v 0.27995357 0.25336799 0.49005109
v 0.28124061 0.24936415 0.48868245
v -0.42337316 -0.00353330 -0.04127867
v 0.27956423 0.24706614 0.49123225
v 0.30154657 0.23142132 0.46535900
v 0.30685812 0.24038367 0.46072170
v 0.32014242 0.23405816 0.44973972
v -0.49004894 0.20517433 0.00656967
v -0.49748683 0.22136028 0.01027835
v -0.49719128 0.21690863 -0.00703703
v -0.44228169 0.02143181 0.07087152
v -0.44680586 0.03379820 0.05881070
v -0.48834041 0.23665728 -0.03386964
v -0.48344934 0.22978546 -0.03434012
v -0.47452196 0.20767070 -0.02852622
v -0.47523341 0.19550514 -0.03611908
v 0.31245938 0.22441994 0.45746046
v -0.51632285 0.15642639 -0.07208107
v -0.52645570 0.10733593 -0.08311623
v 0.36598048 0.17497779 0.43355206
v 0.32546511 0.20925196 0.45227188
v 0.33489731 0.21975374 0.43996161
v 0.27226910 0.24900170 0.49971896
v 0.26717705 0.24745764 0.50543326
v 0.27068385 0.25215662 0.50136608
v 0.27480641 0.25411707 0.49649629
v 0.27564386 0.24498498 0.49632949
v 0.26971260 0.24324410 0.50282657
v 0.26148367 0.24560149 0.51113397
v 0.26405436 0.24118222 0.50890315
v 0.25450313 0.23865263 0.51690805
v 0.25249436 0.24271892 0.51841456
v 0.23940086 0.24069056 0.52735597
v -0.42531386 0.04396534 -0.13674463
v -0.40577516 -0.04456918 -0.04550106
v 0.23699471 0.24373935 0.52901500
v 0.24099608 0.23651658 0.52529323
v 0.25624472 0.23396146 0.51502281
v 0.24322151 0.23217171 0.52292258
v 0.26665351 0.23635527 0.50571340
v 0.27325544 0.23875700 0.49848780
v 0.27887034 0.24103796 0.49167356
v 0.28314558 0.24341021 0.48666230
v 0.28567883 0.24729455 0.48365989
v 0.28267422 0.23635872 0.48523602
v 0.28763258 0.23156035 0.47930962
v 0.27940482 0.22822382 0.48809436
v 0.27638346 0.23376095 0.49297750
v 0.28810024 0.23962021 0.47949895
v 0.29393446 0.23579498 0.47240433
v -0.47744086 0.21173210 -0.01479945
v -0.47807059 0.21364719 -0.01826827
v -0.47369036 0.20739400 -0.02080775
v -0.47199798 0.20472890 -0.01632869
v 0.26856580 0.23169003 0.50182796
v 0.27039596 0.22626697 0.49776110
v 0.25817940 0.22363529 0.50854295
v 0.25740513 0.22966209 0.51222754
v -0.48952860 -0.04475451 0.00497982
v -0.51013303 0.19297530 -0.05809164
v -0.48952210 0.18272439 -0.04714200
v -0.49503997 0.19438916 -0.04744967
v 0.24568947 0.22746143 0.51998866
v 0.24613443 0.22132522 0.51660872
v -0.54984850 0.11745185 -0.12136077
v -0.56124610 0.16617730 -0.12656015
v -0.56718868 0.16832487 -0.13558643
v -0.55538708 0.11652814 -0.12840259
v 0.19778080 0.24428092 0.54266888
v 0.19709310 0.24542896 0.53948539
v 0.21741432 0.24574503 0.53582811
v 0.21799034 0.24479376 0.53884435
v 0.23460777 0.24610108 0.52939719
v -0.42058811 -0.05284881 0.03599019
v -0.44266412 0.15960218 -0.04833110
v -0.45027360 0.14863504 -0.03948288
v 0.23424734 0.24753071 0.52630162
v 0.21703671 0.23834284 0.51976109
v 0.21140964 0.24169014 0.49503195
v 0.22947042 0.24238995 0.48999256
v 0.23774597 0.24023445 0.51320118
v -0.46187004 0.18557073 -0.03572358
v -0.46618694 0.19734295 -0.02505668
v 0.19354147 0.23677810 0.52264571
v 0.19042358 0.24352582 0.49859715
v 0.17040078 0.24016798 0.52335167
v -0.45022413 0.05199353 0.05981686
v 0.16972169 0.24770658 0.49914044
v 0.15441960 0.24999581 0.52126104
v 0.21246931 0.31728867 0.55053461
v 0.21458736 0.32183000 0.55139965
v 0.24113528 0.31821802 0.54514211
v 0.23829490 0.31327397 0.54458839
v 0.30940953 0.16045265 -0.47234014
v 0.31752881 0.25597981 -0.50301826
v 0.23823415 0.22848308 -0.56330740
v 0.25864375 0.29336953 0.53684247
v 0.25963524 0.30068606 0.53638577
v 0.27420637 0.29356471 0.52527624
v 0.27194881 0.28693146 0.52537739
v 0.25674891 0.28590176 0.53550029
v -0.54838127 0.25436503 -0.11689257
v -0.55038893 0.24288803 -0.12523733
v -0.53785390 0.24619898 -0.11048885
v -0.53736955 0.25330999 -0.10095300
v -0.53480619 0.26244459 -0.08255848
v -0.53674293 0.27179748 -0.07877146
v -0.54478681 0.26302072 -0.10502391
v -0.48097333 0.18898451 -0.04225437
v -0.48801422 0.19711888 -0.04317432
v 0.26910636 0.28059241 0.52279532
v 0.23750964 0.29191875 0.54673398
v -0.48582336 0.03053791 0.01327308
v -0.48600909 -0.00549723 0.00775024
v -0.53211486 0.05472456 -0.08437639
v -0.53096330 0.06102297 -0.06615911
v -0.52379376 0.11711593 -0.14316921
v -0.52417362 0.17434815 -0.15144427
v -0.52036017 0.17088927 -0.13010602
v -0.51897961 0.11722330 -0.13004638
v 0.23877141 0.30055067 0.54809535
v 0.23868778 0.30752394 0.54607785
v 0.26931441 0.27842689 0.48802310
v 0.26324898 0.28827819 0.49333462
v -0.48757970 0.13302015 -0.10559107
v -0.46620637 0.14569916 -0.10474522
v -0.47056156 0.12988257 0.03163584
v -0.46210232 0.15394886 0.04249796
v -0.45976442 0.18539721 -0.03497613
v -0.46281576 0.19415864 -0.02389293
v -0.49050415 0.02329676 -0.08183220
v -0.46586531 -0.01942143 -0.03359323
v -0.48966110 0.01024803 -0.07131198
v -0.44221163 -0.02196773 -0.01798489
v -0.44017065 -0.02690881 -0.00314012
v -0.45479897 -0.02761196 -0.01453659
v 0.26171994 0.27624685 0.51027107
v 0.26682311 0.27111697 0.50283015
v 0.27271804 0.27407578 0.48310742
v 0.27024853 0.26796985 0.49647790
v 0.26839030 0.27870581 0.46140143
v 0.26341394 0.28385407 0.46600002
v 0.25601718 0.29059705 0.47255415
v -0.51116216 0.03682990 -0.04668735
v -0.52167970 0.04243512 -0.06486754
v 0.27148417 0.27447978 0.45870700
v -0.45130268 0.13249129 -0.01168553
v -0.44140413 0.12431177 -0.02143471
v -0.44746977 0.12970543 -0.00860819
v -0.53503352 0.15194604 -0.07941963
v -0.54135996 0.10287604 -0.08138059
v -0.49174789 0.21957865 -0.01201856
v 0.27336738 0.27054179 0.45754373
v -0.46895152 0.16026704 -0.01442726
v -0.47961077 0.17970458 -0.00210392
v -0.51134908 0.24289685 -0.00675221
v -0.50131899 0.23189938 -0.01267326
v -0.49720708 0.22593333 -0.01147096
v -0.50384861 0.22945273 -0.00513588
v -0.41821834 0.06912524 -0.01445060
v -0.43607396 0.06087996 -0.00267134
v -0.44437283 0.08217996 0.00049588
v 0.27295423 0.26588410 0.45677656
v 0.27078444 0.26131427 0.45843682
v 0.38224524 0.07589158 0.43401006
v 0.38250619 0.14314348 0.42684051
v -0.52888709 0.27130982 -0.06886060
v -0.52909046 0.25833717 -0.07732166
v -0.51788527 0.21293390 -0.11505336
v 0.39805788 0.09499136 0.40637818
v 0.26855436 0.25411889 0.50244033
v -0.48641145 0.22207186 -0.04879623
v -0.49097139 0.21264592 -0.05295134
v 0.27262986 0.25629690 0.49755293
v -0.48705369 0.30324149 -0.06094387
v -0.48674610 0.28549612 -0.04188491
v -0.48895594 0.28572404 -0.03594108
v -0.49197891 0.31841004 -0.03411714
v 0.26571876 0.25457522 0.50096196
v -0.43433622 -0.04009840 0.01469447
v -0.45085141 -0.03868907 -0.00163416
v -0.45004320 -0.03287849 -0.00376569
v -0.43714374 -0.03324969 0.00832647
v -0.46920192 0.05496857 0.00646515
v -0.46156427 0.04930370 -0.00952514
v 0.26825061 0.25643918 0.49709857
v -0.53546214 0.06173895 -0.10214233
v -0.53392714 0.05691600 -0.09548345
v -0.54041135 0.08106367 -0.11005420
v -0.54192805 0.08842752 -0.11613268
v 0.27580878 0.25864321 0.49247846
v 0.27888316 0.25664696 0.49099436
v 0.25856233 0.24407139 0.49724820
v 0.25422722 0.24756923 0.47747064
v 0.26118076 0.25074813 0.47135344
v -0.45901930 0.17710108 -0.05881369
v -0.45072073 0.17395146 -0.05902086
v -0.49929917 0.24445504 -0.05499500
v -0.51188755 0.25961334 -0.06555476
v -0.50483775 0.27680266 -0.04357710
v -0.49503615 0.26353493 -0.04191672
v -0.52300125 0.21927425 -0.13467804
v 0.26468456 0.24937406 0.48928469
v 0.25087923 0.24177343 0.50449187
v 0.24375874 0.24418491 0.48376510
v 0.26502764 0.25407702 0.46695808
v 0.26833391 0.25770044 0.46190968
v -0.49151114 0.20398924 -0.05014067
v -0.49676755 0.20519474 -0.05436296
v 0.26796177 0.25282836 0.48588648
v -0.48789200 0.20672560 -0.04866242
v 0.27068594 0.25632799 0.48061579
v 0.27055728 0.25908023 0.49265850
v -0.47179514 0.19677778 -0.01473152
v -0.48058939 0.19146127 -0.01424049
v -0.50678742 0.24428257 -0.01785560
v -0.52908826 0.26687625 -0.03604543
v -0.52409977 0.26393855 -0.03981463
v -0.50523585 0.24677934 -0.02177825
v 0.27437291 0.26326188 0.47657222
v 0.27512240 0.26655692 0.47768453
v 0.27244675 0.26080599 0.48897663
v -0.48042023 0.22231776 -0.02578805
v 0.27509722 0.26371732 0.48585108
v 0.27294451 0.26052797 0.47716969
v -0.09439837 -0.03698597 -0.45650044
v -0.10478793 0.02308955 -0.50306499
v 0.27456018 0.27039108 0.47970068
v 0.27328977 0.26558489 0.49025035
v 0.28269282 0.25335738 0.48660067
v 0.28226379 0.25923806 0.48690125
v 0.28823850 0.26487622 0.48211262
v 0.28720513 0.25268957 0.48205483
v -0.49910986 0.28241357 0.00240025
v -0.50268608 0.29233220 -0.02113656
v -0.51009226 0.29718783 -0.02461889
v -0.50302857 0.28694165 -0.00356608
v -0.53311676 0.24673387 -0.09841715
v 0.29447949 0.25242266 0.47529396
v 0.29176381 0.24461667 0.47593448
v 0.29794696 0.26772189 0.47829679
v 0.30786011 0.27177981 0.47382379
v -0.55956852 0.22370470 -0.12855051
v -0.45741436 0.14054681 -0.02847964
v -0.44641790 0.11941840 -0.02818805
v 0.30289519 0.25290319 0.46828872
v 0.29825869 0.24310544 0.46885830
v 0.27890223 0.26094687 0.48854151
v -0.39917040 0.11039720 -0.02459699
v -0.39977998 0.11832009 -0.02356480
v -0.40501505 0.11499549 -0.03152109
v -0.40375370 0.10644881 -0.03349184
v 0.28100118 0.26343316 0.48602697
v 0.29382393 0.27277720 0.48819622
v -0.42363346 0.07658009 -0.04176139
v -0.43852773 0.07132207 -0.02837706
v -0.43377933 0.05944943 -0.01685364
v -0.41958705 0.06193014 -0.03404778
v 0.30063507 0.27845931 0.48660222
v 0.28502065 0.26882416 0.49052659
v 0.28158623 0.27152926 0.50038099
v 0.28878197 0.27677613 0.50062287
v -0.39787757 0.08996414 -0.02941296
v -0.39874724 0.10064297 -0.02647910
v -0.40376511 0.09603119 -0.03698289
v -0.40467569 0.08349807 -0.04093825
v 0.29378963 0.28250954 0.50062865
v 0.28173357 0.28111282 0.51266199
v -0.52753037 0.27254409 -0.05554648
v -0.53749758 0.27343604 -0.06654195
v 0.28560057 0.28744823 0.51305538
v 0.27642286 0.27562046 0.51084268
v 0.27793595 0.26623365 0.49180144
v -0.56355804 0.21754515 -0.12154582
v -0.56339365 0.20354170 -0.12548250
v -0.55776590 0.24975081 -0.11214913
v -0.55940491 0.23771133 -0.12094732
v 0.27462971 0.26852828 0.49879313
v 0.27056751 0.27156481 0.50743061
v 0.26530781 0.27528340 0.51741397
v -0.46750909 0.08220158 0.03903051
v -0.47139704 0.08386866 0.02757374
v -0.46896285 0.07472727 0.02808764
v -0.57110506 0.23660532 -0.12131190
v -0.57306343 0.24984103 -0.13156645
v -0.44877964 -0.02428037 0.05233257
v -0.44253191 -0.03326409 0.05722381
v -0.27213287 -0.46715429 0.09422840
v -0.32938594 -0.43651700 0.02750044
v -0.32684347 -0.49637389 0.02432415
v -0.26887852 -0.52706635 0.08660886
v -0.51455885 0.25647700 0.00732687
v -0.50809580 0.27006146 0.01167332
v 0.25471309 0.28095198 0.53099078
v 0.25140336 0.28269506 0.52312350
v 0.23624830 0.28566641 0.54250467
v -0.40147939 0.07894561 -0.02314891
v -0.40164384 0.07363596 -0.03264823
v -0.41599244 0.06111841 -0.02560008
v -0.42865920 0.10650603 -0.00721302
v -0.40490541 0.10973762 -0.01432549
v 0.23350777 0.28628695 0.53440839
v 0.21906613 0.32845730 0.55441880
v 0.24946795 0.32666996 0.54751104
v 0.23390897 0.30267036 0.51461715
v 0.22412644 0.30138862 0.49313831
v 0.20770241 0.30253291 0.50208127
v 0.21195218 0.30483186 0.52617049
v -0.42395431 0.08870547 -0.04049787
v 0.13813269 0.27200782 0.51702422
v 0.14057380 0.27849734 0.52248830
v -0.42444098 0.12157893 -0.02879160
v -0.42693204 0.12685055 -0.01743185
v -0.43959421 0.04707619 0.00951080
v -0.44998410 0.04437015 -0.00303929
v -0.45828393 0.04205001 0.01816826
v -0.40525720 0.07084571 -0.04048118
v -0.46085230 0.18224554 -0.04744082
v 0.14454935 0.28487521 0.50421119
v 0.14118251 0.27781603 0.49999496
v 0.13359873 0.26844242 0.52226192
v 0.14017382 0.27418277 0.52877283
v -0.43882880 0.09422364 -0.03371786
v -0.45250449 0.08005767 -0.04060185
v -0.45279101 0.06826527 -0.03289559
v -0.43880624 0.08229942 -0.03335083
v -0.50275004 0.02141861 -0.03143895
v -0.50561070 0.03293360 -0.03162763
v -0.45738673 0.05857893 -0.04149844
v -0.48419902 0.05994435 -0.02724326
v -0.45532134 0.15814671 -0.03223201
v -0.46982592 0.17724802 -0.02149932
v -0.45120221 0.13435094 -0.01144135
v -0.43948168 0.10842667 -0.03071986
v -0.44848403 0.09487345 -0.04026987
v -0.42868000 0.11491522 -0.00833122
v -0.44969329 0.11538017 -0.00226223
v -0.44876128 0.12193608 -0.00492753
v -0.42793638 0.12100276 -0.01071688
v -0.50609666 0.21359521 -0.05962718
v -0.50061262 0.25773075 0.02103711
v -0.50541544 0.23981141 0.01039452
v -0.49923906 0.33103031 -0.13565244
v -0.48520967 0.28058866 -0.16655160
v -0.48322982 0.28304052 -0.08446270
v -0.42396566 0.10003304 -0.03657535
v -0.40369287 0.12395573 -0.02203564
v -0.40757915 0.12086494 -0.01409730
v -0.52785718 0.03775181 -0.08512738
v -0.46282911 0.04102867 0.02244660
v -0.46150631 0.18663661 -0.01966919
v -0.52213532 0.08298631 -0.13048819
v -0.51392955 0.05039125 -0.11587319
v -0.46092480 0.19210005 -0.02228858
v -0.46545643 0.19827379 -0.01751392
v -0.45660776 0.04631651 -0.00718931
v -0.46555215 0.04875489 0.01206739
v -0.46785384 0.20055994 -0.01726062
v -0.46930477 0.08176708 0.01974240
v -0.52964389 0.21299395 -0.08847385
v 0.16330351 0.29688033 0.53419483
v 0.16767304 0.29794520 0.50905395
v -0.47177014 -0.03398613 -0.03466907
v -0.46156472 -0.04155994 -0.01547674
v 0.15125567 0.29341960 0.50779969
v -0.40621126 0.11608276 -0.01365077
v 0.14841495 0.28804100 0.52958417
v -0.42882738 0.05551036 -0.01480619
v -0.42511544 0.11091674 -0.03224183
v 0.16916600 0.28501683 0.54323590
v 0.15164965 0.27874133 0.53600907
v 0.21174319 0.28882593 0.54213673
v -0.46083653 0.10388672 0.00847011
v -0.45875683 0.09126014 0.01061627
v -0.47192904 0.09422216 0.01851706
v 0.12729014 0.62079060 -0.61977404
v 0.12580049 0.52039325 -0.64266706
v -0.49012870 0.06069056 -0.04015775
v -0.46246171 0.06799602 -0.05670485
v -0.47059947 0.07183941 -0.07053743
v -0.50019675 0.06394575 -0.05181760
v -0.50494635 0.02101190 -0.09958079
v -0.49460647 -0.00370793 -0.07554429
v -0.50871867 -0.00894550 -0.07225828
v -0.52069819 0.01728127 -0.09758378
v 0.24398828 0.53093761 -0.58552682
v 0.24160171 0.61792219 -0.56547606
v -0.50518668 0.42814106 -0.18592383
v -0.50727153 0.36632872 -0.09153537
v -0.51659358 0.46815372 -0.11298497
v -0.52581286 0.26946455 -0.10201817
v -0.52482438 0.25449944 -0.11269723
v -0.55052191 0.26330382 -0.13559116
v -0.49063981 0.30791092 -0.00229824
v -0.48988816 0.28620258 -0.02701125
v -0.49471286 0.29139727 -0.01589437
v -0.54086077 0.11710587 -0.15327959
v 0.25341636 0.29732075 0.50254023
v 0.24206494 0.29700422 0.48286948
v 0.29985705 0.62361103 -0.51315027
v 0.29255041 0.67894083 -0.49223125
v 0.24168572 0.69200975 -0.52894449
v 0.20876664 -0.21091262 -0.33708352
v 0.14782226 -0.27264082 -0.38479948
v -0.47475976 0.18741998 0.02042073
v -0.48467854 0.19139612 0.00266666
v 0.12950240 0.26675740 0.53089100
v -0.48520046 0.03107141 -0.08644306
v 0.13884041 0.27247193 0.53566694
v -0.50758225 0.05359478 -0.03451534
v -0.51775455 0.05459513 -0.05012104
v -0.56122816 0.27762356 -0.06327583
v -0.53961688 0.27080554 -0.04877502
v 0.12319252 0.26277950 0.52681124
v 0.11662328 0.26293686 0.52869242
v 0.12259850 0.26872492 0.53209525
v 0.13217275 0.27597243 0.53758872
v 0.15034315 0.27855444 0.54106647
v 0.14503558 0.28356165 0.54458761
v 0.16453625 0.29127795 0.55121607
v 0.16872799 0.28519586 0.54789490
v 0.21167475 0.28833219 0.55045658
v 0.21064267 0.29483071 0.55335772
v 0.16150847 0.29886961 0.55142325
v 0.14136828 0.29020685 0.54443866
v 0.15924343 0.30630493 0.55069715
v 0.13967556 0.29872024 0.54367560
v 0.20978385 0.31066301 0.55188280
v 0.20988910 0.30269679 0.55404872
v 0.13687488 0.25083154 0.53086573
v 0.11964414 0.25477591 0.52844352
v 0.13833416 0.25327072 0.52867156
v 0.12489321 0.25678995 0.52617425
v 0.14423206 0.25431773 0.52246338
v 0.12098619 0.25910649 0.52517301
v 0.11493178 0.25784400 0.52758008
v -0.06376331 -0.54128677 0.25427708
v -0.06177040 -0.58289921 0.22434016
v 0.14375836 0.25528416 0.51571792
v 0.11650535 0.27286819 0.52943116
v 0.11002077 0.26408321 0.52792972
v 0.10891084 0.27684301 0.52669114
v 0.10263413 0.26533079 0.52599448
v 0.12109633 0.29019213 0.53331089
v 0.12688608 0.28218031 0.53449827
v 0.10840818 0.25655749 0.52758020
v 0.11208393 0.25294831 0.52888304
v 0.10217954 0.25599745 0.52658510
v 0.10600287 0.25109255 0.52754271
v 0.15167442 0.23379433 0.53618634
v 0.14963011 0.22914027 0.53520405
v 0.12905918 0.24270692 0.53321302
v 0.12536629 0.23881589 0.53195125
v 0.20499052 0.21168655 0.53043222
v 0.22586046 0.21283883 0.52436119
v 0.20163554 0.20334442 0.52851754
v -0.05557286 0.06803841 0.64431143
v -0.06400438 0.06659415 0.63552457
v -0.05708117 0.07792649 0.62927157
v -0.05335730 0.07852108 0.63379043
v 0.22327290 0.20328587 0.52212852
v 0.16959217 0.20636265 0.53292102
v 0.17339784 0.21388490 0.53426737
v 0.20523377 -0.54955941 0.13224535
v 0.29359120 0.22569299 0.47406051
v 0.30203420 0.21651804 0.46910000
v 0.29111704 0.21089542 0.48012435
v 0.28390265 0.22212008 0.48355010
v 0.27327132 0.21915084 0.49361375
v -0.05751738 0.01341358 0.63561022
v -0.05432186 0.02252391 0.63008183
v -0.06104941 0.02135118 0.62471825
v -0.06605752 0.01410594 0.63007516
v 0.27659664 0.20716569 0.49244240
v 0.26022023 0.20541330 0.50364864
v 0.25961149 0.21646455 0.50485367
v 0.24615277 0.21436124 0.51423311
v 0.24395140 0.20415805 0.51298159
v 0.31327176 0.25104317 0.45837516
v 0.32339174 0.27204639 0.45949164
v 0.32701495 0.24624979 0.44624168
v 0.33822560 0.27046344 0.44411227
v 0.09926704 0.28298196 0.52842706
v -0.03974269 0.07734584 0.62964994
v -0.03106671 0.06058021 0.64543211
v -0.03888414 0.06630716 0.65366602
v -0.04580853 0.08072238 0.63407886
v 0.09404127 0.26819205 0.52576524
v 0.08547170 0.28838351 0.53499365
v 0.08252574 0.27169475 0.53044945
v 0.09566645 0.30669579 0.54450649
v 0.10927849 0.30212930 0.53716552
v 0.09671114 0.25600135 0.52610952
v 0.10049146 0.24878263 0.52635604
v 0.08795004 0.25483793 0.52802473
v 0.09415229 0.24529746 0.52799839
v 0.14640103 0.22266217 0.53359973
v 0.14209048 0.21558301 0.53301227
v 0.12101888 0.23407556 0.53073466
v 0.11441972 0.22839709 0.53136986
v 0.29496035 0.09254638 -0.44054464
v 0.32464743 0.35561952 -0.52112204
v 0.30279928 0.35602394 0.52917647
v 0.28623709 0.33663416 0.53469855
v 0.26162314 0.34262532 0.54992080
v 0.27579299 0.36520365 0.55002701
v 0.31567785 0.38502085 0.51512963
v 0.33283791 0.36461443 0.49647081
v 0.31949198 0.34252048 0.51005197
v 0.30348182 0.32643408 0.51802135
v 0.32919982 0.29060692 0.46733096
v 0.31794241 0.28918195 0.47830838
v 0.31855375 0.30133724 0.48810142
v 0.32989520 0.30638456 0.47820026
v 0.34395659 0.29228961 0.45122680
v 0.34648564 0.31498003 0.46287042
v 0.32645008 0.32280770 0.49290761
v 0.31256226 0.31328356 0.50237000
v 0.34161299 0.33781207 0.48024589
v 0.14780292 0.33729732 0.56282842
v 0.15425822 0.32952529 0.55435997
v 0.13238648 0.31689405 0.54469115
v 0.12164220 0.31987897 0.55028057
v 0.13998391 0.34469384 0.57064754
v 0.10940749 0.32339019 0.55570698
v 0.23493394 0.36985210 0.57043755
v 0.22601651 0.34547952 0.56219572
v 0.15721485 0.31200910 0.54891711
v 0.14179575 0.30446035 0.54517794
v 0.15748066 0.31701753 0.54844683
v 0.14051753 0.30783990 0.54315656
v 0.34398785 0.74647003 -0.37627271
v 0.36112317 0.78422999 -0.29749843
v 0.26170284 0.85740942 -0.33812329
v 0.25474665 0.81000316 -0.41675434
v 0.26034245 0.30557093 0.53466904
v 0.26211029 0.31180221 0.53534341
v 0.27815399 0.30550355 0.52337831
v 0.27522796 0.29912579 0.52335811
v 0.28688005 0.29355666 0.51129061
v 0.29123026 0.29964915 0.50988823
v 0.30132186 0.29294097 0.49703205
v 0.29630908 0.28820258 0.49884513
v 0.30154133 0.28548512 0.49010068
v 0.30632323 0.28610104 0.48644710
v 0.13960445 0.31347889 0.54534686
v 0.15650061 0.32121423 0.55010575
v 0.31336874 0.54770517 -0.52665514
v 0.27611548 0.61454928 0.45864800
v 0.32087380 0.59346223 0.41773394
v 0.30881035 0.55173677 0.45211616
v 0.27138847 0.32085550 0.53635657
v 0.28823325 0.31388885 0.52213633
v 0.30072489 0.30613974 0.50767940
v 0.30893549 0.29726386 0.49499157
v 0.31174621 0.29073289 0.48652938
v 0.44101813 0.07322012 0.06002491
v 0.44588330 0.07341175 0.04930859
v 0.48758164 0.12457086 -0.11017260
v 0.47354871 0.16965806 -0.10228133
v 0.46516466 0.19301680 -0.09449506
v 0.48434600 0.24529700 -0.02503008
v 0.50611752 0.26419199 -0.04064362
v 0.50191087 0.01915802 -0.06844760
v 0.48702627 0.01027683 -0.04264595
v -0.56119531 0.29505759 -0.06741001
v 0.50382870 0.02445938 -0.07187234
v 0.54671836 0.24181546 -0.10722291
v 0.54715633 0.22978356 -0.11585850
v 0.55131710 0.22778511 -0.11430052
v 0.24582019 -0.03337287 -0.36973965
v 0.27319688 0.04320198 -0.40809995
v 0.54769826 0.21671921 -0.12404469
v 0.45781201 0.10242317 0.03274983
v 0.49525192 0.11981440 -0.11248322
v 0.50594604 0.11610438 -0.12381771
v 0.50672144 0.08491082 -0.12464987
v 0.50374460 0.08760591 -0.11940277
v 0.49915445 0.05478437 -0.11337357
v 0.49694973 0.05945915 -0.10968572
v 0.51362687 0.03900078 -0.08971398
v 0.52208251 0.06120590 -0.10617969
v 0.51422751 0.26781055 -0.04772986
v 0.50977564 0.26285106 -0.03839474
v 0.52066028 0.26757404 -0.04890487
v 0.45985112 0.09527321 0.02380274
v 0.47238582 0.23274650 -0.02697121
v 0.47107083 0.22061919 -0.01601692
v 0.46937352 0.22158776 -0.02074551
v 0.43766516 0.12507759 -0.00731140
v 0.43610224 0.13084304 -0.00751214
v 0.44333622 0.11675445 -0.00096689
v 0.45710462 0.10776421 0.00987394
v 0.42431363 0.05867324 0.00242235
v 0.42150936 0.05151657 -0.01022095
v 0.42017767 0.04662901 -0.00227127
v 0.53226548 0.30077979 -0.06607719
v 0.47106573 0.21546872 -0.01347926
v 0.47887585 0.22294195 -0.01269104
v 0.48082611 0.23064569 -0.01453096
v 0.52609706 0.26710424 -0.04923115
v 0.48340833 0.23687574 -0.01604954
v 0.47841716 0.23415302 -0.01848547
v 0.48861092 0.24567556 -0.02218248
v 0.47513723 0.23273890 -0.02211879
v 0.45246738 0.08203425 -0.08162893
v 0.44372573 0.08164483 -0.06876615
v 0.45143980 0.20458692 0.05549975
v 0.45310354 0.18911499 0.03856255
v 0.48324859 0.00879467 -0.02706888
v 0.46898443 0.23075485 -0.06790058
v 0.46781352 0.25212058 -0.07659952
v 0.52985394 0.08918127 -0.11607352
v 0.49469724 0.05958893 -0.05206835
v 0.48292312 0.05753527 -0.03927124
v 0.50691509 0.06563875 -0.06310921
v 0.51913375 0.08003952 -0.07347082
v 0.43889567 0.18029007 -0.04794142
v 0.51145363 0.19846578 -0.07446097
v 0.51821959 0.18448894 -0.07893761
v 0.50259125 0.19931312 -0.06553657
v 0.47005904 0.27705172 -0.06607735
v 0.47284764 0.27246630 -0.05262807
v 0.47374335 0.24078493 -0.05716449
v 0.47483620 0.25880188 -0.05061458
v 0.43549827 0.08073147 0.00131549
v 0.43089429 0.04437697 -0.01762336
v 0.43286243 0.05369456 -0.02669567
v 0.43820071 0.04437463 -0.02158334
v 0.43848401 0.04946738 -0.03220027
v 0.43816239 0.05909240 -0.04258613
v 0.43812659 0.07115679 -0.05267211
v 0.43850303 0.08349311 -0.05813750
v 0.43305331 0.10579455 -0.00565193
v 0.47763553 0.27543879 0.00841619
v 0.43164819 0.09410539 -0.00554509
v 0.43967941 0.11673226 -0.00447928
v 0.44044530 0.10584223 -0.00092223
v 0.43945703 0.09352133 0.00082066
v 0.46847382 0.04420464 0.00675356
v 0.47276959 0.05401345 -0.01048145
v 0.45846406 0.04609295 0.00924075
v 0.47702608 0.05680882 -0.02573135
v 0.45132163 0.04654020 0.01009198
v 0.47065914 0.23801154 -0.06151411
v 0.47074369 0.25945142 -0.06138394
v 0.44343010 0.09421580 0.07246605
v 0.41073915 0.12927786 0.37466922
v 0.41874471 0.19130027 0.34087831
v 0.15372412 -0.19513711 0.49308857
v 0.14659543 -0.21543768 0.49571607
v 0.36192849 0.05828331 0.46099639
v 0.33464479 0.03870908 0.48959082
v 0.15409076 -0.16141622 0.55616778
v 0.14926696 -0.16593365 0.55687940
v 0.14228491 -0.16219188 0.55894208
v 0.14737041 -0.15988074 0.55656427
v 0.13093127 -0.16034490 0.55180043
v 0.13601880 -0.15992901 0.54683381
v 0.13809505 -0.15900823 0.55223054
v 0.13339782 -0.15819110 0.55665118
v 0.18358739 -0.06523035 0.57316750
v 0.20767421 -0.03745969 0.56694841
v 0.22243866 -0.06529387 0.55784047
v 0.20105487 -0.08821736 0.56547767
v 0.14734136 -0.16574781 0.50731033
v 0.14629613 -0.15528664 0.50842255
v 0.13858996 -0.15667211 0.52780318
v 0.14117417 -0.16160187 0.52723473
v 0.14550848 -0.18413170 0.50828564
v 0.13961899 -0.17079532 0.52743465
v 0.15783961 -0.17006372 0.49271566
v 0.15402362 -0.15293959 0.49454781
v 0.21429434 -0.20248671 0.53161758
v 0.19092652 -0.18899991 0.54197329
v 0.19676827 -0.16933253 0.54743886
v 0.21986645 -0.17355298 0.53759986
v 0.15684168 0.01181567 0.57527566
v 0.18348660 -0.01112624 0.57357806
v 0.16482097 -0.03918261 0.57564110
v 0.13939585 -0.01081501 0.57609600
v 0.11438578 0.01634595 0.57651454
v 0.12989333 0.03702886 0.57558709
v 0.10365631 0.06485146 0.60028994
v 0.10990018 0.04056739 0.60826606
v 0.10973448 0.03180176 0.63087273
v 0.11004582 0.04862341 0.62287116
v 0.09710973 0.00623292 0.62016505
v 0.11093431 0.02550035 0.60016257
v 0.07016083 -0.00184960 0.62150759
v -0.08021230 0.01483378 0.63313222
v -0.07332081 0.02384162 0.62680972
v -0.07783137 0.02808340 0.63833141
v -0.08921745 0.02107877 0.64564419
v 0.06800188 0.00238208 0.62693828
v 0.09544352 0.00411252 0.60833430
v -0.03128214 0.01845787 0.68471801
v -0.03951432 0.03020611 0.68528426
v -0.03149014 0.02577631 0.67059875
v -0.02995502 0.01500400 0.66809279
v 0.09554503 -0.00048123 0.59349614
v 0.07369676 -0.00588894 0.61419070
v 0.06265752 0.00838055 0.63123280
v 0.08130639 0.00981339 0.63235974
v -0.05076833 0.03436434 0.68188912
v -0.06267481 0.03377987 0.69340026
v -0.07378995 0.03496435 0.68250835
v -0.06030744 0.03517818 0.67228979
v -0.03383912 0.03892187 0.64199317
v -0.03870749 0.02700983 0.64888179
v -0.02915101 0.04009873 0.66294014
v -0.07602144 0.04003881 0.62760031
v -0.07005428 0.03381839 0.61961246
v -0.06362171 0.05601440 0.61549067
v -0.06870481 0.06009527 0.62063038
v 0.09375930 0.01972868 0.64573991
v 0.01861805 0.01153609 0.68428403
v 0.02796419 0.01894767 0.69726235
v 0.05347432 0.21370605 0.60715854
v 0.07272606 0.19258302 0.58975637
v 0.05503216 0.19570689 0.62018400
v 0.07307353 0.17697586 0.60205489
v 0.08745110 0.03315232 0.66851765
v 0.09971809 0.04718583 0.65940470
v 0.07160847 0.04043409 0.69108391
v 0.07911561 0.05862632 0.69006288
v 0.02226849 0.30717343 0.60791725
v 0.00902676 -0.00927113 0.65844697
v 0.01175192 -0.01226948 0.65546834
v 0.00655738 -0.00297992 0.66885489
v 0.13030668 0.77057332 -0.53896749
v 0.13321224 0.84795374 -0.46406314
v 0.12999983 0.93591493 -0.31526226
v 0.11640078 0.96116430 -0.23640145
v 0.03247264 -0.10909702 0.65861446
v 0.03071894 -0.09258243 0.65723127
v 0.07283965 -0.11291515 0.57491833
v 0.03798988 -0.11255773 0.58419603
v 0.03584963 -0.13621056 0.59889650
v 0.06777547 -0.13664775 0.58916867
v 0.09365726 -0.13747431 0.57493728
v 0.09920932 -0.11416889 0.56212616
v 0.07702018 -0.08923028 0.56621957
v 0.04135679 -0.08877330 0.57604700
v 0.06726811 -0.15169859 0.61121410
v 0.03638573 -0.15079430 0.62463701
v 0.03618443 -0.13872463 0.64143986
v 0.06848899 -0.14291915 0.62487829
v 0.11357100 -0.02254895 0.58998972
v 0.08739308 -0.02133292 0.60442835
v 0.06098973 -0.02246747 0.62536895
v 0.04054393 -0.02390683 0.64295369
v 0.03638603 -0.01237356 0.64467996
v 0.05332228 -0.00881147 0.63067055
v 0.03281173 -0.00789435 0.64640510
v 0.04925576 -0.00451923 0.63397956
v 0.04694402 -0.00070443 0.63663971
v 0.04949240 0.00704872 0.63710618
v 0.03689188 0.00619802 0.64517128
v 0.04001556 0.01265414 0.64316386
v 0.03082031 -0.00396795 0.64803421
v 0.02486331 0.15806320 0.69574851
v 0.02401718 0.18088622 0.68000358
v 0.05936296 -0.08355444 0.64487106
v 0.02909007 -0.07900162 0.65376902
v 0.02492339 -0.05410459 0.65054375
v 0.05226848 -0.05586708 0.64224148
v 0.08126782 -0.06142729 0.62630916
v 0.09106929 -0.09559559 0.62883538
v 0.01510628 -0.01644323 0.65340739
v 0.06162791 -0.09761208 0.64683092
v 0.06340358 -0.11384667 0.64586180
v 0.09334631 -0.11047842 0.62931556
v 0.09427889 -0.12505448 0.62702537
v 0.12152142 -0.11190995 0.60933834
v 0.11574193 -0.07331581 0.60920930
v 0.15256330 -0.08610737 0.59055620
v 0.14608294 -0.12860113 0.58858389
v 0.19473562 -0.15028605 0.55616945
v 0.16427881 -0.16313633 0.55456483
v 0.16430746 -0.15542401 0.55989760
v 0.16260482 -0.14805813 0.56694287
v 0.19136816 -0.13022614 0.56504333
v 0.21590361 -0.14506359 0.54676324
v 0.21142036 -0.11568865 0.55602843
v 0.17936368 -0.10826668 0.57630479
v 0.15816551 -0.13965832 0.57560265
v 0.15474711 -0.15699235 0.56030768
v 0.14800406 -0.15796597 0.55873942
v 0.15294805 -0.15240827 0.56581008
v 0.14619285 -0.15598713 0.56322265
v 0.14925562 -0.14780009 0.57295060
v 0.14286853 -0.15348907 0.56893635
v 0.13628052 -0.14958601 0.57851106
v 0.14157598 -0.14117207 0.58420420
v 0.13301414 -0.15776518 0.55055141
v 0.12659298 -0.15634292 0.55776799
v 0.12732355 -0.15759020 0.56571126
v 0.13385713 -0.15855046 0.55775213
v 0.13640434 -0.15877365 0.54666162
v 0.13718285 -0.15864822 0.55383921
v 0.13549395 -0.15127046 0.53388584
v 0.12776023 -0.14486481 0.54484391
v -0.29500678 -0.37462062 0.10927260
v -0.33787939 -0.35657078 0.03205218
v 0.13899566 -0.16018392 0.54366118
v 0.14013149 -0.15893453 0.54984754
v 0.14153084 -0.15845376 0.55670309
v 0.14083356 -0.15811330 0.55899298
v 0.13749146 -0.15719387 0.56368208
v 0.13117361 -0.15549974 0.57188982
v 0.09333646 -0.13729641 0.61939526
v 0.11708117 -0.13752721 0.60463089
v 0.11408911 -0.14753978 0.59552515
v 0.09165291 -0.14897080 0.60679948
v 0.11082827 -0.15368217 0.58558607
v 0.10420161 -0.09140199 0.55615228
v 0.08924706 -0.15281755 0.59524190
v 0.12047024 -0.11986920 0.54591566
v 0.12567319 -0.10218169 0.53475094
v 0.11310129 -0.14018521 0.55851400
v 0.14322078 -0.14397697 0.51394480
v 0.13362375 -0.13152847 0.52956879
v 0.15139623 -0.13965608 0.50045061
v 0.14002636 -0.11819182 0.51920849
v 0.10989006 -0.15502539 0.57400340
v 0.11992989 -0.12588927 0.60841453
v 0.06524850 -0.12881823 0.63811147
v 0.03394987 -0.12383536 0.65175945
v -0.21948072 0.16651662 0.53010285
v -0.21482626 0.14837433 0.53582597
v -0.18735433 0.15462375 0.53951573
v -0.19289760 0.17106737 0.53482097
v 0.02873527 0.10654567 0.73350382
v 0.02721968 0.13435899 0.71339059
v 0.13705575 -0.15934366 0.55955946
v 0.07249586 -0.61361283 0.20126881
v -0.47591773 0.10694721 0.02328763
v -0.47268525 0.11137648 0.02972532
v -0.52162075 0.23804021 -0.12413564
v 0.15912330 -0.17052914 0.55318892
v 0.14008301 -0.19919035 0.50778770
v 0.13450874 -0.17870191 0.52933854
v 0.19632734 -0.23134616 0.53031820
v 0.16566107 -0.25414193 0.54555500
v 0.15445255 -0.23030305 0.55830806
v 0.17846417 -0.21057507 0.54316258
v 0.13582776 -0.19301590 0.57448065
v 0.14984305 -0.18058884 0.55969423
v -0.55552113 0.25985265 -0.10021950
v 0.14089003 -0.17229956 0.56475872
v 0.12760638 -0.17959467 0.58010328
v 0.11985616 -0.16922759 0.58279610
v 0.13385428 -0.16517597 0.56699264
v 0.10499796 -0.15942977 0.57827801
v 0.07829124 -0.15723424 0.59666282
v 0.07400538 -0.18103746 0.56602794
v 0.10159935 -0.18209819 0.55252427
v 0.12330638 -0.18111855 0.53806216
v 0.12427700 -0.16073856 0.55858284
v -0.52640444 0.28136367 -0.08847651
v -0.51828367 0.29441163 -0.05799999
v -0.51122153 0.28424475 -0.05045461
v -0.51745331 0.26984239 -0.07614093
v 0.11057643 -0.15587823 0.58236498
v 0.12718096 -0.15720876 0.56425375
v 0.08280687 -0.15524170 0.60294563
v 0.13701944 -0.58629495 0.17293276
v 0.13005958 -0.15943684 0.56725103
v 0.11428357 -0.15923266 0.58331263
v 0.08842789 -0.16042873 0.60652447
v 0.09533221 -0.17372645 0.60751659
v 0.10246021 -0.18804853 0.60655457
v 0.10866826 -0.20492937 0.59920114
v 0.12321056 -0.24873593 0.57700491
v 0.13019899 -0.27772346 0.56690663
v 0.08303145 -0.25931561 0.59469759
v 0.08843409 -0.28955656 0.59089899
v 0.07607540 -0.21370672 0.62203550
v 0.07125937 -0.19392477 0.63140517
v 0.06606743 -0.17739426 0.63118851
v 0.06098584 -0.16279361 0.62662411
v 0.01924871 -0.02549054 0.65126115
v 0.02758095 0.00613436 0.65355289
v 0.02004682 0.00708940 0.66825289
v 0.04292378 0.02792220 0.70308745
v 0.00586322 0.00111142 0.68376654
v 0.06131782 0.03954782 0.70146471
v 0.05037178 0.03535959 0.71042711
v 0.05597530 0.04695177 0.71664840
v 0.06403548 0.05115614 0.70943886
v 0.04050301 0.03070317 0.71888703
v 0.04969358 0.04580687 0.72369176
v 0.01492390 0.02150255 0.73100913
v 0.02177627 0.04456347 0.74648541
v 0.02828535 0.08277688 0.74604154
v 0.02490641 0.06041447 0.75016856
v 0.05780024 0.05782140 0.72095692
v 0.06438519 0.07084662 0.71281296
v -0.57039094 0.26010364 -0.09834446
v 0.06621117 0.08890378 0.69758725
v 0.08085001 0.07584726 0.67443544
v 0.05950245 0.98078042 0.04372539
v 0.05575613 -0.15558727 0.62178135
v 0.05149654 -0.15771413 0.60960227
v -0.46891207 0.03267543 0.02627203
v -0.52354902 0.18870366 -0.06584134
v 0.07268007 -0.24209562 0.52373761
v 0.07247787 -0.21585554 0.53891695
v 0.04644923 -0.21716599 0.54665303
v -0.51421750 0.29768616 -0.04105081
v -0.53653330 0.30733973 -0.04598346
v 0.04714014 -0.24447165 0.53115112
v 0.02494580 -0.15762651 0.61541557
v -0.54765326 0.11861696 -0.12231595
v -0.57070124 0.24952284 -0.11126773
v -0.56046796 0.24206696 -0.10563778
v -0.52007681 0.25658557 -0.00988813
v -0.48014498 0.08628193 -0.08507086
v -0.52127421 0.08516266 -0.07428145
v -0.51146013 0.07038850 -0.06250415
v -0.47598940 0.07491570 -0.07857401
v -0.44498539 0.16969527 -0.05822698
v 0.02291666 -0.18086368 0.58081621
v 0.04767993 -0.18012689 0.57527333
v 0.02773751 -0.15598084 0.62984711
v 0.03139833 -0.16441078 0.63665700
v 0.03541239 -0.17942438 0.64380527
v 0.02142549 -0.21931641 0.55040675
v 0.02359653 -0.24562185 0.53531432
v -0.44824612 0.05470087 0.07410014
v 0.12848382 -0.20973550 0.51477683
v -0.49922436 -0.00427335 -0.01256263
v -0.50435477 0.00022272 -0.02921483
v -0.19224106 -0.03501819 -0.42033622
v -0.21315105 0.03133588 -0.46151143
v -0.55408436 0.11671947 -0.14043595
v 0.13389051 -0.23011220 0.50189179
v 0.10199969 -0.21499798 0.52839613
v 0.10476686 -0.24027200 0.51390982
v 0.04650357 -0.28979486 0.60800934
v 0.04347519 -0.26121339 0.60516346
v 0.03860527 -0.19846864 0.64466512
v 0.03970882 -0.21978915 0.63417751
v 0.13314658 0.89924878 -0.39292973
v 0.39009288 0.63416243 0.27393922
v 0.38171929 0.59141058 0.32174382
v -0.52569515 0.26670861 -0.06402914
v 0.33669457 0.63739538 0.36716387
v 0.34796175 0.67164099 0.32343933
v 0.39502096 0.68461293 0.22444132
v 0.35242355 0.71561736 0.27624106
v 0.23938714 0.92808938 -0.08267523
v 0.24227194 0.91911352 0.00742633
v 0.12850015 0.96511996 0.03533844
v 0.21067595 0.93856800 -0.17175290
v 0.28473184 0.88402420 -0.23001358
v 0.29689938 0.89176726 -0.10682951
v 0.29586616 0.88551629 -0.01101413
v -0.47955671 0.03137055 0.01968460
v -0.46935284 -0.00436955 0.02191782
v -0.46080571 -0.00348015 0.03245303
v -0.49438068 0.20771398 -0.05437097
v 0.14278503 -0.34629360 -0.39919409
v 0.32332596 0.43681169 -0.52857625
v 0.28816235 0.87590605 0.07576660
v 0.23923378 0.90568465 0.09466150
v 0.23819789 0.88606185 0.17338485
v 0.28216505 0.86130041 0.14996865
v 0.12908700 0.94986755 0.12725164
v 0.06047257 0.96367282 0.13996388
v 0.11289017 0.20412035 -0.61177468
v 0.02354245 0.20320973 0.66475612
v 0.27748421 -0.13499823 -0.27489117
v 0.33962637 -0.13953501 -0.16531706
v 0.35227871 -0.44949704 -0.06401976
v 0.42102233 -0.01688670 -0.03457596
v 0.41901860 -0.01357444 -0.04010081
v 0.36004856 -0.23686987 -0.06548967
v 0.37033528 -0.15308212 -0.06118271
v 0.22079799 -0.12607631 -0.34593245
v 0.47816199 0.05234051 -0.10198332
v 0.48351923 0.07510062 -0.11026909
v 0.48561472 0.04500682 -0.10037384
v 0.49184513 0.06942555 -0.10883877
v 0.49489814 0.09443086 -0.11271896
v 0.48822531 0.03361592 -0.09643169
v 0.48003015 0.27156395 -0.03891948
v 0.48764578 0.28217044 -0.03332068
v -0.48187724 0.03848277 -0.08837301
v -0.48150647 0.05501658 -0.09566846
v 0.41656384 -0.02525195 -0.00765097
v 0.41611129 -0.02129098 -0.01822259
v -0.40569475 0.12081816 -0.03020886
v 0.41196889 -0.02191779 -0.01328864
v 0.41072577 -0.02562456 -0.00493853
v 0.41521719 -0.03076500 0.00179660
v 0.41089374 -0.02928920 0.00159152
v 0.49059457 0.38564536 0.01141464
v 0.40737301 -0.02432987 -0.02442743
v 0.41447315 -0.01327671 -0.03763968
v 0.41476917 -0.01854691 -0.02754118
v 0.41045851 -0.02272067 -0.01956394
v 0.40959388 -0.02865715 -0.00701741
v 0.40961987 -0.03422818 0.00345847
v 0.41213813 -0.03651622 0.00709514
v -0.49073353 0.00375769 -0.07208756
v -0.46946216 -0.02682862 -0.03413238
v -0.36048153 -0.33488661 -0.04357195
v -0.34610873 -0.30996788 -0.13163655
v -0.34703642 -0.38006333 -0.12848641
v -0.35645163 -0.40913022 -0.04499977
v -0.45970151 0.14137036 0.06756528
v -0.46686974 0.09819554 0.05195047
v -0.45880365 0.09044266 0.06364462
v 0.48907933 0.02827383 -0.09820267
v 0.44364625 -0.03361735 -0.02476408
v -0.15149149 -0.48643687 0.23286563
v -0.12921700 -0.55521530 0.19809414
v 0.48625109 0.21906047 -0.07444085
v 0.48449245 0.20882763 -0.08287752
v 0.49908346 0.21867794 -0.09272802
v 0.50070608 0.23193140 -0.08476844
v 0.35175914 0.10183767 -0.35727969
v 0.37221342 0.16698638 -0.39257473
v 0.06582651 -0.33774209 -0.42632011
v 0.06864005 -0.26230478 -0.41675356
v 0.46813416 0.36740714 -0.29003870
v 0.48667526 0.22929488 -0.06537033
v 0.50189745 0.24292725 -0.07616126
v 0.48728740 0.09992492 -0.11232495
v 0.47551405 0.22745137 -0.06418210
v 0.47602636 0.21746486 -0.07291723
v 0.50917900 0.25408939 -0.08758442
v 0.50842577 0.24045947 -0.09733752
v 0.50699645 0.22554319 -0.10558493
v 0.47541177 0.20747845 -0.08184521
v -0.45195752 0.05656788 0.09721888
v -0.45202538 0.04895809 0.16096485
v -0.46373737 0.14797685 0.16223887
v -0.46067485 0.11694454 0.10231242
v 0.46973968 0.26622912 -0.07750996
v 0.49616647 0.55816722 -0.13214023
v 0.48449132 0.52180004 -0.22185536
v 0.46612927 0.66462374 -0.15105790
v 0.45725140 0.63478971 -0.24726835
v 0.42644379 0.59893668 -0.34915552
v 0.45286044 0.47944376 -0.32569778
v 0.47479025 0.27123213 -0.04501344
v 0.49521881 0.28615087 -0.03764190
v 0.39485860 0.72433972 0.17519121
v 0.42707670 0.69297242 0.12802713
v 0.35231897 0.75265265 0.23155417
v 0.34742090 0.78394568 0.18831812
v 0.38605326 0.76080316 0.13085039
v 0.43234608 0.71981561 0.05394745
v 0.50775474 0.49977195 -0.03922453
v 0.49369660 0.59247929 -0.04229696
v 0.47760496 0.61788261 0.04290886
v -0.38661355 0.33707079 0.39511344
v -0.39843127 0.34565338 0.36515588
v -0.40360230 0.28335583 0.36276606
v -0.38924453 0.28836903 0.38882503
v 0.45887944 0.69463128 -0.05403483
v 0.40130320 0.77676475 0.01439821
v 0.42251766 0.75783139 -0.07767393
v 0.35625297 0.83191830 -0.00943097
v 0.36944842 0.82440025 -0.10088399
v 0.36872396 0.81450617 -0.20188004
v 0.43089387 0.73647887 -0.17189851
v 0.37117788 0.79433012 0.09200008
v 0.33471698 0.81254596 0.15372722
v 0.33781043 0.83443367 0.07015312
v 0.31901625 0.83738631 0.12506905
v 0.46381944 0.62870175 0.08809488
v 0.39109412 -0.05509710 -0.00379120
v 0.40116906 -0.06174654 0.02777843
v -0.12861402 0.70259297 0.51374096
v -0.06433141 0.70579880 0.52658212
v -0.06606100 0.75468767 0.49346018
v -0.13165630 0.75029057 0.47837141
v 0.43034270 0.00562148 0.08154903
v -0.22710094 0.07838356 -0.49451476
v -0.23841989 0.14329574 -0.52626288
v -0.11917908 0.12374927 -0.57432699
v -0.11230382 0.06385360 -0.53891528
v 0.43509084 0.14951950 0.29741868
v 0.43377286 0.23082030 0.28298983
v 0.45314515 0.18273674 0.21886386
v 0.44216999 0.09739862 0.23651774
v -0.13548899 0.87125444 0.34500730
v -0.06832804 0.87944102 0.36231315
v -0.06908530 0.91294014 0.29900900
v -0.13674186 0.90214258 0.28321257
v -0.34508193 0.15476122 0.47391987
v -0.35904130 0.11671099 0.47359669
v -0.33430880 0.11260096 0.49655262
v -0.32252404 0.15103698 0.49245062
v 0.42454904 0.32100913 0.27485678
v 0.44747689 0.27442530 0.21160494
v 0.44883090 0.36669028 0.20154475
v 0.42589995 0.41427031 0.27573898
v 0.37362909 0.56730324 -0.44836637
v 0.39058360 0.46061942 -0.44282603
v -0.46482232 -0.03284698 0.03560843
v -0.45829341 -0.02914743 0.04225569
v 0.39465216 0.38015494 -0.43223074
v 0.30101749 0.51213872 0.47609809
v -0.06966984 0.94048458 0.22374828
v -0.13809323 0.92794794 0.21030110
v 0.12866910 0.70989007 -0.57905477
v 0.28903466 0.66373646 0.41409466
v 0.32170007 0.70008159 -0.44606385
v -0.00865393 -0.26157412 -0.42348021
v 0.24603699 0.74240452 -0.49104699
v 0.42193687 0.70815104 -0.26586282
v 0.39854652 0.67581934 -0.35126942
v 0.35089919 0.63794923 -0.44742417
v 0.38908049 0.27867505 -0.42095774
v 0.28909659 0.83873475 0.19882381
v 0.35844651 0.29249012 0.43042761
v 0.35343397 0.26397553 0.42356995
v 0.35970607 0.32314494 0.44156751
v 0.34153759 0.23406419 0.43084559
v 0.09459642 0.17205392 0.57555717
v 0.09219798 0.15863876 0.58710575
v 0.08959621 0.14345494 0.59715182
v 0.11407596 0.14106318 0.57313275
v 0.11019653 0.12178577 0.58284169
v 0.07122838 0.14022580 0.62733692
v 0.07268892 0.15898085 0.61430961
v 0.08729655 0.12436487 0.60717422
v 0.08550973 0.10336953 0.61437929
v 0.07140629 0.12062877 0.63870001
v 0.10849300 0.02775613 0.58272016
v 0.11407739 0.05821043 0.57922804
v 0.10068563 0.08291981 0.59207475
v 0.13315256 0.10477510 0.57389462
v 0.12514079 0.08357205 0.57961345
v 0.10498412 0.10383786 0.58912498
v 0.14043531 0.12573308 0.56366926
v 0.09211152 0.08278217 0.62745494
v 0.10082625 0.06159708 0.64661193
v 0.07419528 0.09772924 0.65485406
v 0.06337769 0.10993434 0.67771572
v 0.05974782 0.13377951 0.66040260
v 0.11807806 0.15582579 0.56272459
v 0.14578213 0.14286765 0.55368972
v 0.14781739 0.06310139 0.57723969
v 0.17613330 0.04320440 0.57535547
v 0.16029082 0.09066113 0.56913435
v 0.18889385 0.07450690 0.56605047
v 0.16827345 0.11336885 0.55823684
v 0.19720893 0.09932643 0.55509806
v 0.20290878 0.01989787 0.57124394
v 0.22642718 -0.00468989 0.56338197
v 0.24839926 -0.03861474 0.54959631
v 0.24572006 0.02884990 0.55389452
v 0.27013537 -0.00482213 0.53971076
v 0.25805432 0.06246898 0.54424417
v 0.28799200 0.03110844 0.52925289
v -0.07778520 0.20955443 0.57513702
v -0.07998773 0.22217187 0.55984497
v -0.10320915 0.20016620 0.55169815
v -0.10154133 0.18706091 0.56468010
v -0.05130910 0.52035475 0.59944630
v -0.05706360 0.57553250 0.58504552
v -0.11487127 0.57818848 0.57546598
v -0.10526509 0.52367568 0.59133953
v 0.21852732 0.05438691 0.56167775
v 0.22942543 0.08199662 0.55108243
v 0.20366089 0.12346085 0.54406762
v 0.17494857 0.13380815 0.54735976
v 0.26416481 0.13260244 0.52558756
v 0.26423255 0.09741857 0.53495330
v 0.23441614 0.11158204 0.54081506
v 0.23629335 0.14036156 0.53072047
v 0.29793474 0.07448371 0.52063328
v 0.29550564 0.12228683 0.51505685
v 0.28827336 0.15337786 0.50640357
v 0.19614959 0.19206673 0.52953410
v 0.16455001 0.19570149 0.53347999
v 0.21945080 0.19090642 0.52389526
v 0.26081550 0.15755400 0.51655805
v 0.23767659 0.16108716 0.52335191
v 0.31235093 0.20126343 0.46682653
v 0.29816601 0.19486962 0.48072657
v 0.25998557 0.19029555 0.50659734
v 0.24108090 0.19002436 0.51603651
v 0.27948371 0.19207236 0.49471664
v 0.13559973 0.20528902 0.53445297
v 0.10766520 0.21909010 0.53526437
v 0.33495131 -0.21917571 -0.15551369
v 0.05639461 0.15497243 0.64754897
v 0.05578909 0.17559972 0.63393331
v 0.09134123 0.32561353 0.56600249
v 0.07766705 0.30854511 0.55586600
v 0.04221592 0.30768469 0.59431177
v 0.11876354 0.34847012 0.58364862
v 0.08517163 0.23684986 0.53778601
v -0.13237335 0.18374585 0.54327959
v -0.12867850 0.17111576 0.55258334
v 0.07577448 0.25180486 0.53905159
v 0.06897119 0.27217650 0.54172397
v 0.06992223 0.29021430 0.54808444
v -0.06669167 0.79984277 0.45474899
v -0.13328317 0.79459089 0.43787226
v -0.13219106 0.97495049 -0.10980611
v -0.13475412 0.97387952 -0.05492903
v -0.06547304 0.98835152 -0.05758002
v -0.07259531 0.98702836 -0.13798377
v 0.19128036 0.43767670 0.58584607
v 0.17554085 0.39285412 0.60199314
v 0.36195704 0.54820919 0.37826025
v 0.38908103 0.49481317 0.35213539
v 0.31906679 0.41845381 0.49024975
v 0.34043294 0.39107636 0.47122291
v 0.35532036 0.35789537 0.45399898
v 0.40302068 0.42120260 0.33132359
v 0.40671414 0.34121621 0.32286549
v 0.41367996 0.26341060 0.32616764
v -0.42839077 0.16216053 -0.26999906
v -0.45018724 0.15189937 -0.17430571
v -0.46833009 0.22667386 -0.18170163
v -0.45709997 0.26350254 -0.28549519
v 0.30147699 0.74265504 0.33055964
v -0.21814096 -0.44457665 0.17894021
v -0.19974211 -0.51349109 0.15105292
v -0.00804903 -0.33618361 -0.43130136
v 0.30091581 0.77975333 0.28834742
v 0.29756486 0.70192897 0.37355712
v 0.23994368 0.86297411 0.23454627
v 0.24270591 0.83567464 0.28866512
v 0.29645550 0.81149179 0.24437752
v 0.24620885 0.80223233 0.33446154
v 0.24752766 0.76401794 0.37553251
v 0.24335593 0.72288430 0.41817516
v 0.23717800 0.68166447 0.45616683
v 0.22834568 0.62774909 0.49731615
v 0.26810557 -0.20582096 -0.26174924
v 0.04463525 0.07818098 0.62551773
v 0.04033874 0.07894821 0.62973285
v -0.34077066 0.48062220 0.44708344
v -0.35219061 0.51751274 0.42130494
v -0.37571627 0.47261566 0.39678642
v -0.36187965 0.44163057 0.42431366
v 0.03922833 0.07507886 0.62304330
v 0.03484117 0.07631283 0.62705511
v 0.03381897 0.06765085 0.62500960
v 0.03988265 0.02337875 0.63933712
v 0.03353545 0.03500605 0.63334203
v 0.03107172 0.05564360 0.62670398
v 0.41721410 -0.03403951 0.06552320
v -0.04304474 0.43358386 0.62166208
v -0.09141529 0.43557996 0.61898804
v -0.08019100 0.39473888 0.61989379
v -0.03875691 0.39331141 0.62215561
v -0.38873246 0.24118680 0.39165282
v -0.40609688 0.22377390 0.37213200
v -0.40019605 0.17033251 0.40118966
v -0.38155448 0.19572167 0.41452837
v -0.36127898 0.16393699 0.45365390
v -0.37688738 0.12749788 0.45052591
v -0.12324185 0.63992929 0.55080742
v -0.06124578 0.64123130 0.56206965
v -0.39107293 0.41280240 0.37544659
v -0.37730178 0.39177409 0.40594834
v -0.05940042 0.22891299 0.58935452
v -0.06431841 0.23972115 0.56978112
v -0.04744797 0.27066547 0.58787864
v -0.02921264 0.26238072 0.61889666
v -0.02758337 0.28754809 0.60967273
v -0.04551073 0.28983381 0.59135294
v -0.21624281 0.52615237 0.54622543
v -0.22745624 0.57608706 0.52655923
v -0.27500132 0.56875873 0.49049693
v -0.26457816 0.52268380 0.51258320
v -0.13458857 0.83474195 0.39510259
v -0.06741945 0.84105605 0.41238022
v -0.03165792 0.34555158 0.61329693
v -0.06087404 0.34717315 0.60544646
v -0.05167387 0.32641718 0.59760988
v -0.02967056 0.32521263 0.60856283
v -0.15724984 0.16094668 0.54465896
v -0.16245326 0.17554745 0.53867346
v -0.41465095 -0.03669529 0.01794528
v -0.42401552 -0.04375611 0.02234023
v -0.48055845 0.25256100 0.08461185
v -0.46426168 0.18483777 0.09531744
v -0.47011304 0.23516427 0.15760641
v -0.47323334 0.31862164 0.14348029
v -0.48384863 0.39167097 0.12393098
v -0.49438977 0.44826537 0.09626720
v -0.49430612 0.35161337 0.04732762
v -0.48822844 0.31096071 0.07113507
v -0.31210941 -0.35749555 -0.20262851
v -0.29969943 -0.29258341 -0.21529804
v -0.02810288 0.24168961 0.63453251
v -0.02777856 0.22222854 0.64994502
v -0.13199545 0.39221486 -0.64683378
v -0.12961835 0.30435449 -0.63631696
v -0.25328022 0.32975331 -0.58074713
v -0.25343123 0.41288018 -0.58893043
v -0.40995127 0.09526316 -0.24608877
v -0.43892646 0.09416434 -0.15827292
v -0.06841250 0.04809082 0.64689374
v -0.05028633 0.07521322 0.61854708
v -0.05236973 0.05364640 0.61695111
v -0.05043925 0.07095938 0.61791569
v -0.07106666 0.03406110 0.65879178
v -0.08537517 0.03127784 0.66776431
v -0.05670656 0.03142949 0.61883831
v -0.05189922 0.03267575 0.62173998
v -0.04821629 0.05539480 0.61864126
v -0.05658569 0.07761107 0.62232310
v -0.01540920 0.00599884 0.70101815
v -0.01949637 0.01439963 0.72016501
v -0.04242995 0.02522576 0.71186674
v -0.03210579 0.01636277 0.69825602
v -0.03855909 0.07200558 0.62704897
v -0.03338651 0.05781097 0.63296229
v -0.03531424 0.04489706 0.67422223
v -0.04734215 0.06795211 0.65091509
v -0.04969030 0.07995124 0.63431889
v -0.04627428 0.04909348 0.66989076
v -0.03831032 0.01447519 0.65167046
v -0.05723105 0.05009747 0.65979242
v -0.50248200 0.05265163 -0.02091550
v -0.35566872 -0.25680113 0.06752985
v -0.38529676 -0.16237557 0.03542106
v -0.37643993 -0.16212183 0.00464005
v -0.35687259 -0.25991148 0.02001060
v -0.50881726 0.20369196 -0.06061086
v -0.43038049 0.51639867 0.28103808
v -0.43964905 0.59264928 0.22685102
v -0.47799659 0.52131146 0.15327808
v -0.47142062 0.45179945 0.18149620
v -0.44057474 0.65411943 0.17796522
v -0.48155189 0.59099549 0.11077616
v -0.50683832 0.51535434 0.04975745
v -0.50980908 0.38696259 -0.03889517
v -0.26594684 0.25227249 0.50991797
v -0.26797995 0.25063169 0.50977260
v -0.25876346 0.24809095 0.51736742
v -0.25725937 0.24992852 0.51773363
v -0.26331329 0.25269842 0.50790626
v -0.25568375 0.24985021 0.51386619
v -0.26980406 0.25509995 0.50314385
v -0.27258939 0.25436822 0.50477719
v -0.27396333 0.25260448 0.50417185
v -0.16166115 0.25234395 0.53212702
v -0.16330269 0.25310555 0.52739614
v -0.17827031 0.25032789 0.53265685
v -0.17834382 0.24916658 0.53887630
v -0.16102670 0.25044608 0.53338253
v -0.17969626 0.24642950 0.53855735
v -0.15393202 0.26043752 0.49337283
v -0.15248689 0.26411894 0.49389133
v -0.16017160 0.25481635 0.49462938
v -0.14668444 0.26513958 0.51135886
v -0.14630273 0.27070469 0.51374912
v -0.15051462 0.27447999 0.49621642
v -0.15122683 0.26785821 0.49406961
v -0.14770336 0.26120177 0.51224864
v -0.13830604 0.26011959 0.51574606
v -0.13665365 0.26314810 0.51452541
v -0.13712576 0.26731890 0.51821458
v -0.21019444 0.24042910 0.53873247
v -0.21241051 0.23646162 0.53697735
v -0.18307038 0.23860975 0.53787792
v -0.18173489 0.24268249 0.53824282
v -0.20823927 0.24381724 0.53933620
v -0.22879177 0.24477558 0.53537768
v -0.23139080 0.24148646 0.53373957
v -0.23285049 0.23792887 0.53149211
v -0.16107962 0.24388039 0.53399032
v -0.16065554 0.24774060 0.53371716
v -0.23397069 0.23368376 0.52886730
v -0.21376151 0.23227410 0.53391492
v -0.18412323 0.23376752 0.53617710
v -0.16089556 0.24015398 0.53452885
v -0.14101972 0.24871650 0.52986461
v -0.14521845 0.25083786 0.52968609
v -0.21422699 0.22732359 0.53206038
v -0.21418822 0.22134934 0.53200322
v -0.18304187 0.22324993 0.53547502
v -0.18381253 0.22862582 0.53469115
v -0.23436806 0.22822034 0.52614957
v -0.23405002 0.22201109 0.52522337
v -0.28431281 0.25316647 0.49194509
v -0.28779384 0.25535178 0.48742187
v -0.28878450 0.25120661 0.48624626
v -0.28707737 0.24907342 0.48868656
v -0.30863735 0.23219334 0.46417442
v -0.31413141 0.24068937 0.45954019
v -0.32776511 0.23389240 0.44907865
v -0.31998640 0.22474740 0.45672083
v -0.37408057 0.17599970 0.43322787
v -0.33276415 0.20972320 0.45193720
v -0.34243813 0.21988554 0.43963027
v -0.28041032 0.25109524 0.49709073
v -0.27551839 0.24949841 0.50299048
v -0.27892119 0.25428450 0.49849907
v -0.28289005 0.25615901 0.49369580
v -0.28340375 0.24716106 0.49390060
v -0.27802700 0.24533430 0.50069499
v -0.26995239 0.24778518 0.50885767
v -0.27245274 0.24340428 0.50697362
v -0.26283407 0.24109988 0.51493615
v -0.26089352 0.24525112 0.51620811
v -0.24750704 0.24331698 0.52485174
v -0.24528913 0.24633092 0.52645802
v -0.24900919 0.23935978 0.52334970
v -0.26436627 0.23627080 0.51335961
v -0.25121674 0.23476963 0.52120990
v -0.27463013 0.23860343 0.50391585
v -0.28088200 0.24098839 0.49630785
v -0.28618518 0.24319583 0.48940980
v -0.29048786 0.24527964 0.48450482
v -0.29327470 0.24874689 0.48169231
v -0.29006076 0.23817024 0.48346075
v -0.29492241 0.23307532 0.47796762
v -0.28675750 0.22991131 0.48677778
v -0.28378683 0.23580600 0.49110100
v -0.29557797 0.24112912 0.47781324
v -0.30132720 0.23686948 0.47109592
v -0.27605516 0.23393629 0.49997932
v -0.27765921 0.22828713 0.49627224
v -0.26533407 0.22587304 0.50748289
v -0.26506290 0.23187801 0.51113540
v -0.25370657 0.22951372 0.51890695
v -0.25367641 0.22328828 0.51586354
v -0.20662642 0.24660482 0.53977537
v -0.20455252 0.24743661 0.53474081
v -0.22490007 0.24868235 0.53136963
v -0.22649531 0.24751236 0.53639281
v -0.24322471 0.24849500 0.52692205
v -0.24186529 0.24969357 0.52265084
v -0.22421600 0.24028128 0.51515114
v -0.21834794 0.24363865 0.49071154
v -0.23691788 0.24432352 0.48586351
v -0.24523336 0.24202701 0.50884545
v -0.20038575 0.23846939 0.51784706
v -0.19726551 0.24552673 0.49444738
v -0.17742282 0.24185950 0.51888216
v -0.17652859 0.24966855 0.49504986
v -0.16179471 0.25146025 0.51804948
v -0.22011857 0.31566182 0.55022430
v -0.22148179 0.32019016 0.55078954
v -0.24835545 0.31590381 0.54442835
v -0.24609473 0.31109208 0.54359865
v -0.32014674 0.16114743 -0.46324083
v -0.32656685 0.25674927 -0.49563879
v -0.24808595 0.22979671 -0.55729818
v -0.26623836 0.29186651 0.53362131
v -0.26724648 0.29862097 0.53357220
v -0.28149176 0.29216698 0.52185142
v -0.27935427 0.28608885 0.52171135
v -0.26501372 0.28521129 0.53232020
v -0.27696764 0.28034097 0.51939499
v -0.24607338 0.29097816 0.54373270
v -0.24685228 0.29847002 0.54511172
v -0.24669828 0.30536446 0.54406548
v -0.27802584 0.28091890 0.48534283
v -0.27202192 0.29059124 0.49073872
v -0.27035534 0.27725548 0.50701606
v -0.27499998 0.27238134 0.49947017
v -0.28114241 0.27671614 0.48067677
v -0.27835450 0.26955724 0.49357450
v -0.27686995 0.28152430 0.45904803
v -0.27200437 0.28669688 0.46354052
v -0.26453614 0.29343486 0.47009581
v -0.27965978 0.27719322 0.45650375
v -0.28124523 0.27299517 0.45545313
v -0.28060991 0.26811004 0.45490441
v -0.27855864 0.26337326 0.45665947
v -0.38997364 0.07583521 0.43367907
v -0.39065433 0.14394318 0.42637098
v -0.40606007 0.09486617 0.40607470
v -0.27693266 0.25610384 0.49948600
v -0.28085747 0.25814477 0.49478057
v -0.27362198 0.25696602 0.49875203
v -0.27616450 0.25860581 0.49536374
v -0.28378698 0.26036358 0.48990095
v -0.28685209 0.25848311 0.48832682
v -0.26629469 0.24650134 0.49466521
v -0.26258773 0.24909820 0.47437951
v -0.26961008 0.25259814 0.46895614
v -0.27208316 0.25231034 0.48739535
v -0.25926200 0.24255298 0.50053984
v -0.25154117 0.24580435 0.48002040
v -0.27334499 0.25585401 0.46455941
v -0.27629900 0.25969350 0.45987272
v -0.27572277 0.25522712 0.48381603
v -0.27858591 0.25849012 0.47896779
v -0.27860013 0.26100200 0.49148160
v -0.28232789 0.26600340 0.47490305
v -0.28301090 0.26917845 0.47570294
v -0.28046754 0.26263821 0.48727709
v -0.28299913 0.26579884 0.48368305
v -0.28092664 0.26268217 0.47553277
v -0.28255531 0.27292147 0.47741249
v -0.28092000 0.26734746 0.48774037
v -0.29048344 0.25494769 0.48427022
v -0.28963181 0.26073644 0.48449573
v -0.29575294 0.26598322 0.47977543
v -0.29484200 0.25381228 0.47986934
v -0.30192971 0.25303742 0.47315329
v -0.29927239 0.24556915 0.47418654
v -0.30481526 0.26846549 0.47561932
v -0.31430200 0.27178437 0.47125119
v -0.31010979 0.25316718 0.46636322
v -0.30554223 0.24376383 0.46735859
v -0.28609473 0.26246983 0.48603731
v -0.28860369 0.26466525 0.48367512
v -0.30061859 0.27333155 0.48504519
v -0.30705097 0.27848962 0.48371565
v -0.29231095 0.26968417 0.48726675
v -0.28888562 0.27194592 0.49691048
v -0.29568210 0.27692789 0.49727234
v -0.30022398 0.28240573 0.49737674
v -0.28890952 0.28082141 0.50921434
v -0.29236954 0.28676450 0.50948060
v -0.28389955 0.27561629 0.50743771
v -0.28555229 0.26721117 0.48883951
v -0.28231451 0.26909569 0.49561268
v -0.27836892 0.27182117 0.50410819
v -0.27329165 0.27528474 0.51416010
v -0.26343137 0.28099993 0.52786100
v -0.26074073 0.28440171 0.51989204
v -0.24520025 0.28515086 0.53970033
v -0.24372192 0.28996053 0.53270477
v -0.22495288 0.32647690 0.55404139
v -0.25599185 0.32398444 0.54691166
v -0.24297388 0.30565369 0.51249981
v -0.23207001 0.30468035 0.49081171
v -0.21535055 0.30573666 0.49975672
v -0.22034815 0.30819356 0.52436310
v -0.14817441 0.27258325 0.51597512
v -0.15069434 0.27804574 0.52006704
v -0.15321696 0.28592989 0.50102758
v -0.15004754 0.27893379 0.49746197
v -0.14263560 0.26908985 0.52258360
v -0.15060946 0.27363458 0.52736956
v -0.17155811 0.29848751 0.53078192
v -0.17505507 0.30050474 0.50574809
v -0.15928644 0.29517448 0.50432318
v -0.15780035 0.28843081 0.52628481
v -0.17827803 0.28559151 0.54013771
v -0.16190806 0.27886692 0.53368157
v -0.22088091 0.29240838 0.54056650
v -0.13711467 0.62195313 -0.62108111
v -0.13578880 0.52084237 -0.64305854
v -0.25129926 0.53178895 -0.58244807
v -0.24877830 0.61945361 -0.56344253
v -0.26226914 0.29968002 0.50011027
v -0.25035182 0.29993689 0.48060900
v -0.30587620 0.62503213 -0.50927663
v -0.29950079 0.68116426 -0.48969752
v -0.24954572 0.69450450 -0.52832031
v -0.22614601 -0.21537930 -0.32590613
v -0.16350462 -0.27603999 -0.37711269
v -0.13779454 0.26772851 0.53042197
v -0.14727749 0.27291003 0.53529567
v -0.13157055 0.26407555 0.52597404
v -0.12454163 0.26420543 0.52808934
v -0.13062027 0.26954433 0.53206640
v -0.14026159 0.27637902 0.53775948
v -0.15911180 0.27909234 0.54048580
v -0.15357168 0.28357968 0.54434752
v -0.17346393 0.29095319 0.55010599
v -0.17775644 0.28594479 0.54655427
v -0.22075517 0.28848198 0.54779613
v -0.21948346 0.29386196 0.55099183
v -0.16995554 0.29795793 0.55101907
v -0.14930101 0.28998017 0.54489779
v -0.16745952 0.30518347 0.55049556
v -0.14763999 0.29830718 0.54361528
v -0.21820250 0.30906725 0.55072635
v -0.21835274 0.30120391 0.55192286
v -0.14506824 0.25314903 0.52872205
v -0.12781411 0.25690374 0.52601606
v -0.14671488 0.25535375 0.52636135
v -0.13335495 0.25867069 0.52381736
v -0.15183108 0.25572103 0.52145791
v -0.12950487 0.26110801 0.52326900
v -0.12263595 0.25996819 0.52544218
v -0.15106657 0.25704792 0.51383936
v -0.12398042 0.27384040 0.52969801
v -0.11731002 0.26548517 0.52728778
v -0.11577027 0.27809018 0.52695245
v -0.10940269 0.26679787 0.52547342
v -0.12848386 0.29076529 0.53362763
v -0.13436444 0.28266475 0.53543925
v -0.11558863 0.25848371 0.52562815
v -0.11957626 0.25512502 0.52640122
v -0.10877987 0.25774312 0.52501911
v -0.11306200 0.25318560 0.52543586
v -0.15948892 0.23607427 0.53461945
v -0.15723974 0.23159516 0.53416604
v -0.13668440 0.24501248 0.53070480
v -0.13258754 0.24116553 0.53029394
v -0.21217665 0.21396762 0.53026658
v -0.23285429 0.21518467 0.52403700
v -0.20785645 0.20587690 0.52876550
v -0.23026982 0.20544384 0.52263153
v -0.17642929 0.20869459 0.53335762
v -0.18042882 0.21628916 0.53428441
v -0.19543472 -0.56124687 0.13676506
v -0.30074698 0.22687982 0.47306237
v -0.30983242 0.21727088 0.46809423
v -0.29768327 0.21233934 0.47938353
v -0.29103458 0.22368164 0.48274723
v -0.28019285 0.22084813 0.49276447
v -0.28337559 0.20876387 0.49235630
v -0.26685703 0.20713261 0.50367606
v -0.26654109 0.21843782 0.50425291
v -0.25328007 0.21626256 0.51400918
v -0.25080240 0.20615558 0.51309723
v -0.32045433 0.25069946 0.45684159
v -0.33005434 0.27111891 0.45724404
v -0.33399200 0.24579735 0.44527614
v -0.34558657 0.26942030 0.44248784
v -0.10551576 0.28422639 0.52846193
v -0.10033727 0.26964623 0.52506346
v -0.09152961 0.28935635 0.53498673
v -0.08811184 0.27272627 0.53042704
v -0.10186468 0.30764258 0.54434001
v -0.11596468 0.30305567 0.53713065
v -0.10275632 0.25756654 0.52514654
v -0.10698281 0.25071982 0.52523547
v -0.09395868 0.25633997 0.52774608
v -0.10060820 0.24702759 0.52743632
v -0.15367471 0.22510442 0.53358197
v -0.14905263 0.21804082 0.53325546
v -0.12766819 0.23641594 0.52991396
v -0.12148049 0.23049633 0.53139472
v -0.30870786 0.09239387 -0.43025738
v -0.33136690 0.35670659 -0.51374096
v -0.30865651 0.35373074 0.52862579
v -0.29243463 0.33424273 0.53381842
v -0.26772511 0.34003109 0.54920679
v -0.28175506 0.36309102 0.54946148
v -0.32241166 0.38349053 0.51487589
v -0.33943963 0.36299533 0.49575993
v -0.32548830 0.34056267 0.50908512
v -0.30985260 0.32445696 0.51708156
v -0.33589461 0.28913048 0.46599522
v -0.32368585 0.28825089 0.47674301
v -0.32434186 0.29990602 0.48712853
v -0.33636934 0.30470490 0.47741640
v -0.35072067 0.29108667 0.44965118
v -0.35268980 0.31362441 0.46154600
v -0.33240482 0.32099605 0.49194750
v -0.31889325 0.31149009 0.50138932
v -0.34781539 0.33624470 0.47929013
v -0.15406089 0.33740431 0.56308985
v -0.16054145 0.32905003 0.55447972
v -0.13929325 0.31686735 0.54519331
v -0.12814634 0.32063156 0.55027014
v -0.14624313 0.34550878 0.57058853
v -0.11586511 0.32424569 0.55583549
v -0.24027736 0.36820254 0.56966060
v -0.23134838 0.34347287 0.56187660
v -0.16512199 0.31090194 0.54969877
v -0.14964737 0.30393425 0.54548061
v -0.16511802 0.31583750 0.54882604
v -0.14788821 0.30730712 0.54333556
v -0.35155904 0.74914747 -0.37397677
v -0.36866027 0.78648788 -0.29480496
v -0.27137393 0.86104745 -0.33752286
v -0.26417765 0.81346464 -0.41662079
v -0.26792178 0.30342668 0.53294134
v -0.26943845 0.30938536 0.53439444
v -0.28585222 0.30348486 0.52201533
v -0.28277114 0.29720193 0.52104002
v -0.29445484 0.29220331 0.50898874
v -0.29874060 0.29804164 0.50842953
v -0.30795076 0.29163736 0.49557167
v -0.30308607 0.28746092 0.49670070
v -0.30821919 0.28464895 0.48795140
v -0.31264916 0.28520307 0.48452511
v -0.14670019 0.31289384 0.54589945
v -0.16342601 0.31991571 0.55068481
v -0.31786281 0.54849917 -0.52024794
v -0.28615493 0.61655939 0.45922953
v -0.33105111 0.59496301 0.41772586
v -0.31821266 0.55340564 0.45174339
v -0.27816713 0.31827274 0.53556019
v -0.29541364 0.31183580 0.52098638
v -0.30758575 0.30436900 0.50635505
v -0.31495723 0.29589590 0.49372742
v -0.31787282 0.28968304 0.48504287
v -0.45406416 0.07260689 0.06386980
v -0.45927924 0.07343977 0.05292117
v -0.49978635 0.12689680 -0.10707103
v -0.48622230 0.17182776 -0.09647270
v -0.47874591 0.19538270 -0.08842868
v -0.49857858 0.24754786 -0.02587727
v -0.51870972 0.26713389 -0.04236781
v -0.51755047 0.01984347 -0.06459637
v -0.50354266 0.01135754 -0.03820680
v -0.51894039 0.02491279 -0.06878556
v -0.55698633 0.24438009 -0.10761642
v -0.55784601 0.23238599 -0.11575226
v -0.56205457 0.23041426 -0.11393007
v -0.26372078 -0.03587082 -0.36098653
v -0.29064131 0.04086265 -0.39984503
v -0.55883110 0.21896008 -0.12325244
v -0.47209570 0.10197493 0.03598761
v -0.50700623 0.12177218 -0.10892934
v -0.51684058 0.11768717 -0.12079062
v -0.51681370 0.08546869 -0.12196342
v -0.51442271 0.08823285 -0.11661185
v -0.51116085 0.05396273 -0.11013553
v -0.50977236 0.05843168 -0.10627018
v -0.52801287 0.03915449 -0.08736449
v -0.53588039 0.06165501 -0.10429284
v -0.52609974 0.27088654 -0.04955646
v -0.52151877 0.26531017 -0.04090234
v -0.53039312 0.27072352 -0.05093402
v -0.47416693 0.09524860 0.02746297
v -0.48772076 0.23538733 -0.02705072
v -0.48431647 0.22334301 -0.01598959
v -0.48278680 0.22437683 -0.02083647
v -0.45460936 0.12483237 -0.00251506
v -0.45302585 0.13072456 -0.00309423
v -0.45957419 0.11661182 0.00374429
v -0.47276050 0.10756592 0.01422073
v -0.44193119 0.06025660 0.00843820
v -0.44021875 0.05344306 -0.00492000
v -0.43843597 0.04972197 0.00181407
v -0.54317969 0.30580667 -0.06617989
v -0.48451114 0.21776190 -0.01341677
v -0.49187526 0.22551824 -0.01299797
v -0.49515656 0.23286071 -0.01485223
v -0.53542995 0.27038291 -0.05112034
v -0.49717253 0.23904289 -0.01695493
v -0.49280071 0.23658833 -0.01898797
v -0.50241888 0.24752562 -0.02357448
v -0.48979005 0.23531094 -0.02240741
v -0.47139195 0.08493250 -0.07735718
v -0.46408448 0.08329670 -0.06529324
v -0.46614683 0.20212258 0.05635415
v -0.46753785 0.18736984 0.03882016
v -0.50005651 0.01036471 -0.02216187
v -0.48266482 0.23510021 -0.06296849
v -0.48053694 0.25521412 -0.07129514
v -0.54337841 0.09008195 -0.11458390
v -0.51117027 0.06236808 -0.04789555
v -0.49992678 0.06160253 -0.03458671
v -0.52374524 0.06745203 -0.05971319
v -0.53491133 0.08207606 -0.07129983
v -0.45634186 0.18042806 -0.04536163
v -0.52575243 0.20131311 -0.07357606
v -0.53123540 0.18811898 -0.07811624
v -0.51761633 0.20197608 -0.06515495
v -0.48414698 0.27809909 -0.05982421
v -0.48628315 0.27417445 -0.04746482
v -0.48844111 0.24416950 -0.05323076
v -0.48754913 0.26153019 -0.04653880
v -0.45211536 0.08168709 0.00740862
v -0.44921586 0.04803654 -0.01313679
v -0.45103115 0.05713044 -0.02084832
v -0.45779362 0.04852472 -0.01632719
v -0.45717904 0.05346181 -0.02664317
v -0.45662653 0.06242192 -0.03757187
v -0.45703608 0.07334150 -0.04806913
v -0.45668149 0.08585650 -0.05333054
v -0.45005435 0.10572726 0.00006266
v -0.49409634 0.27669111 0.01196416
v -0.44854963 0.09444858 0.00101394
v -0.45625347 0.11653300 0.00070451
v -0.45697215 0.10582169 0.00447309
v -0.45597088 0.09388392 0.00680288
v -0.48734167 0.04688499 0.01138440
v -0.49214077 0.05773719 -0.00583344
v -0.47754416 0.04933565 0.01447698
v -0.49445167 0.06130486 -0.02119463
v -0.46979415 0.04978289 0.01510522
v -0.48490933 0.24195112 -0.05633208
v -0.48436901 0.26185337 -0.05617671
v -0.45638832 0.09293842 0.07602112
v -0.41963705 0.12902838 0.37429518
v -0.42831820 0.19132021 0.34055105
v -0.16077800 -0.19264828 0.49117467
v -0.15390970 -0.21304934 0.49386576
v -0.36929730 0.05826491 0.46084476
v -0.34103739 0.03958450 0.49010754
v -0.16073745 -0.16127652 0.55839843
v -0.15570614 -0.16585346 0.55914980
v -0.14920045 -0.16179340 0.56086957
v -0.15424603 -0.15938468 0.55850875
v -0.13889192 -0.15813079 0.55103779
v -0.14395690 -0.15807322 0.54623103
v -0.14571330 -0.15754890 0.55180341
v -0.14102377 -0.15696341 0.55644500
v -0.18894856 -0.06522263 0.57419890
v -0.21371019 -0.03769393 0.56760901
v -0.22768550 -0.06543926 0.55890369
v -0.20585302 -0.08820725 0.56673920
v -0.15580906 -0.16372570 0.50576061
v -0.15512900 -0.15371200 0.50687611
v -0.14724213 -0.15503699 0.52717388
v -0.14997284 -0.15959693 0.52628869
v -0.15339132 -0.18177153 0.50666207
v -0.14816464 -0.16844603 0.52625507
v -0.16529448 -0.16770235 0.49082923
v -0.16208670 -0.15100774 0.49287745
v -0.21922898 -0.20342647 0.53360379
v -0.19663407 -0.18963291 0.54460651
v -0.20249738 -0.16993602 0.55018061
v -0.22472867 -0.17438295 0.53955746
v -0.16284660 0.01261640 0.57630277
v -0.18967460 -0.01106657 0.57452595
v -0.17015652 -0.03878294 0.57684040
v -0.14465819 -0.01009978 0.57707828
v -0.12017267 0.01760832 0.57731420
v -0.13631213 0.03809652 0.57637095
v -0.10947022 0.06584776 0.60099787
v -0.11556161 0.04207473 0.60864073
v -0.11538964 0.03346386 0.63029051
v -0.11561124 0.04998212 0.62290138
v -0.10343269 0.00867451 0.61920273
v -0.11707221 0.02742432 0.60021961
v -0.07629708 -0.00008703 0.62071335
v -0.07427932 0.00439790 0.62579274
v -0.10139906 0.00658118 0.60801917
v -0.10118072 0.00119185 0.59415436
v -0.07906511 -0.00405627 0.61361063
v -0.06949589 0.00999232 0.63060188
v -0.08797272 0.01189030 0.63156420
v -0.10038023 0.02209638 0.64435446
v -0.02707491 0.01225990 0.68331760
v -0.03651852 0.01945162 0.69578308
v -0.05824175 0.21399325 0.60649687
v -0.07805079 0.19334529 0.58970690
v -0.05970753 0.19608919 0.61957318
v -0.07823974 0.17773396 0.60183948
v -0.09390945 0.03512131 0.66690516
v -0.10525271 0.04873229 0.65826523
v -0.07792832 0.04211745 0.68928778
v -0.08503497 0.05985702 0.68866616
v -0.02762731 0.30775416 0.60737681
v -0.01634909 -0.00845231 0.65768921
v -0.01893008 -0.01162975 0.65479815
v -0.01407410 -0.00240767 0.66838890
v -0.14000919 0.77264053 -0.54036808
v -0.14344905 0.85076088 -0.46577775
v -0.14006004 0.93931425 -0.31533474
v -0.12598279 0.96346009 -0.23612003
v -0.03709092 -0.10860368 0.65888870
v -0.03575226 -0.09202939 0.65729678
v -0.07791271 -0.11212388 0.57482135
v -0.04318057 -0.11185921 0.58409137
v -0.04105243 -0.13537560 0.59906197
v -0.07291908 -0.13529155 0.58943254
v -0.09888407 -0.13603416 0.57493037
v -0.10500941 -0.11283572 0.56169248
v -0.08226864 -0.08849055 0.56588811
v -0.04646074 -0.08793504 0.57608545
v -0.07251388 -0.15031698 0.61188108
v -0.04109840 -0.14974198 0.62529510
v -0.04085132 -0.13834654 0.64185494
v -0.07398529 -0.14186998 0.62550771
v -0.11902574 -0.02129889 0.59069157
v -0.09292229 -0.01982890 0.60441458
v -0.06676615 -0.02122455 0.62484115
v -0.04665164 -0.02295861 0.64212459
v -0.04244132 -0.01139637 0.64375776
v -0.05900257 -0.00752982 0.62991667
v -0.03938575 -0.00681581 0.64513034
v -0.05557920 -0.00320026 0.63283592
v -0.05348808 0.00080157 0.63537765
v -0.05676335 0.00839396 0.63626599
v -0.04431420 0.00738651 0.64414442
v -0.04779164 0.01391015 0.64231837
v -0.03776189 -0.00265484 0.64687163
v -0.02942608 0.15811023 0.69506687
v -0.02846579 0.18087578 0.67940152
v -0.06468589 -0.08270048 0.64543891
v -0.03524480 -0.07854617 0.65379387
v -0.03101934 -0.05350224 0.65036017
v -0.05820024 -0.05499001 0.64201313
v -0.08713128 -0.06032830 0.62657952
v -0.09659486 -0.09399823 0.62970620
v -0.02160197 -0.01579357 0.65278548
v -0.06678570 -0.09651922 0.64781177
v -0.06823286 -0.11274305 0.64680451
v -0.09902065 -0.10904288 0.63057488
v -0.09991178 -0.12367342 0.62823206
v -0.12656081 -0.11014715 0.61069971
v -0.12112682 -0.07205520 0.61026287
v -0.15706076 -0.08492077 0.59194767
v -0.15137558 -0.12737970 0.59007031
v -0.20034997 -0.15072067 0.55858928
v -0.17094304 -0.16323595 0.55715597
v -0.17102467 -0.15545020 0.56224084
v -0.16891472 -0.14780733 0.56887996
v -0.19681989 -0.13020673 0.56701285
v -0.22098799 -0.14568375 0.54877502
v -0.21649064 -0.11598016 0.55764371
v -0.18440217 -0.10779449 0.57782948
v -0.16394770 -0.13891065 0.57717067
v -0.16135241 -0.15681885 0.56242859
v -0.15485471 -0.15736189 0.56032777
v -0.15927017 -0.15205331 0.56760162
v -0.15291078 -0.15550303 0.56491017
v -0.15515466 -0.14719084 0.57461339
v -0.14923503 -0.15294048 0.57060087
v -0.14214982 -0.14874317 0.58026147
v -0.14687267 -0.14005373 0.58596617
v -0.14023265 -0.15608318 0.55128533
v -0.13327102 -0.15455402 0.55853403
v -0.13376310 -0.15616831 0.56685823
v -0.14068615 -0.15687311 0.55861944
v -0.14433683 -0.15716097 0.54676801
v -0.14439923 -0.15699649 0.55427003
v -0.14317241 -0.14971402 0.53366321
v -0.13459691 -0.14332902 0.54484445
v -0.14738666 -0.15840490 0.54323471
v -0.14792456 -0.15737781 0.54955840
v -0.14865929 -0.15738355 0.55755174
v -0.14780907 -0.15694590 0.56011456
v -0.14419192 -0.15621926 0.56506783
v -0.13743357 -0.15473083 0.57356036
v -0.09897494 -0.13610275 0.62047786
v -0.12248791 -0.13630828 0.60623330
v -0.11986885 -0.14667505 0.59721816
v -0.09733450 -0.14799380 0.60801005
v -0.11678234 -0.15249509 0.58707124
v -0.11072627 -0.09007737 0.55586362
v -0.09444359 -0.15102077 0.59598577
v -0.12706594 -0.11863961 0.54565763
v -0.13323535 -0.10102502 0.53442883
v -0.11904395 -0.13849409 0.55839735
v -0.15130569 -0.14268593 0.51262707
v -0.14099580 -0.13020720 0.52890420
v -0.15964936 -0.13808179 0.49883321
v -0.14808436 -0.11672286 0.51814079
v -0.11578817 -0.15311854 0.57495928
v -0.12518613 -0.12448251 0.60998231
v -0.07070363 -0.12765563 0.63869762
v -0.03855636 -0.12340302 0.65229291
v -0.03408956 0.10669778 0.73261744
v -0.03196045 0.13439034 0.71254152
v -0.14439110 -0.15858634 0.56044722
v -0.06255709 -0.61777896 0.20376445
v -0.16548717 -0.17069468 0.55542743
v -0.14750670 -0.19648942 0.50609159
v -0.14250742 -0.17588297 0.52786374
v -0.20144828 -0.23257740 0.53317243
v -0.17061222 -0.25522059 0.54950672
v -0.15931149 -0.23075901 0.56186706
v -0.18414739 -0.21132113 0.54612541
v -0.14139596 -0.19360594 0.57631183
v -0.15601872 -0.18089131 0.56154501
v -0.14733697 -0.17250766 0.56655264
v -0.13374263 -0.18015550 0.58161175
v -0.12642165 -0.16952921 0.58410788
v -0.14078559 -0.16499688 0.56865150
v -0.11286488 -0.15769359 0.57802069
v -0.08596338 -0.15629920 0.59598809
v -0.08064914 -0.17909183 0.56511199
v -0.10856851 -0.17989555 0.55198717
v -0.13191016 -0.17808938 0.53598642
v -0.13210477 -0.15843222 0.55823636
v -0.11792430 -0.15528803 0.58312505
v -0.13454871 -0.15623432 0.56420279
v -0.09001470 -0.15478143 0.60330832
v -0.12684964 -0.59541708 0.17748147
v -0.13734470 -0.15898183 0.56805092
v -0.12117872 -0.15918793 0.58435094
v -0.09512487 -0.16023619 0.60708278
v -0.10163981 -0.17374441 0.60850149
v -0.10830790 -0.18863949 0.60806388
v -0.11381644 -0.20564345 0.60106546
v -0.12726039 -0.24922481 0.57974386
v -0.13382588 -0.27836677 0.56982356
v -0.08653077 -0.25983280 0.59678084
v -0.09041777 -0.28983554 0.59336770
v -0.08051749 -0.21423456 0.62354338
v -0.07734302 -0.19393411 0.63245070
v -0.07242484 -0.17722191 0.63233054
v -0.06761570 -0.16249616 0.62736058
v -0.02575560 -0.02477425 0.65069622
v -0.03532303 0.00724014 0.65242088
v -0.02789221 0.00829794 0.66707098
v -0.05042439 0.02901782 0.70153409
v -0.01365076 0.00154367 0.68337935
v -0.06762709 0.04118222 0.69968694
v -0.05698340 0.03679216 0.70881683
v -0.06188895 0.04840552 0.71510386
v -0.06978728 0.05260431 0.70774853
v -0.04741329 0.03194874 0.71748239
v -0.05578169 0.04703691 0.72242218
v -0.02241791 0.02205895 0.73040926
v -0.02850258 0.04508828 0.74601555
v -0.03434373 0.08302713 0.74530804
v -0.03132772 0.06081295 0.74959362
v -0.06360918 0.05897671 0.71950161
v -0.06975419 0.07164217 0.71107018
v -0.07093487 0.08921318 0.69580501
v -0.08626363 0.07670420 0.67328638
v -0.06860225 0.98050332 0.04374493
v -0.06266047 -0.15522605 0.62207073
v -0.05886428 -0.15725310 0.60963756
v -0.07877435 -0.24033983 0.52359241
v -0.07880426 -0.21416610 0.53870100
v -0.05229145 -0.21573946 0.54556519
v -0.05261656 -0.24310067 0.53098059
v -0.03208112 -0.15759949 0.61549950
v -0.03015864 -0.18077305 0.58064991
v -0.05479596 -0.17933096 0.57459074
v -0.03387863 -0.15597010 0.63005817
v -0.03696233 -0.16416360 0.63738185
v -0.04075105 -0.17948271 0.64472353
v -0.02794507 -0.21865720 0.55008835
v -0.02929705 -0.24454111 0.53512043
v -0.13629104 -0.20655480 0.51278728
v -0.14069481 -0.22819948 0.50013268
v -0.10912884 -0.21192451 0.52645648
v -0.11153410 -0.23796745 0.51275295
v -0.04845114 -0.28979310 0.60954338
v -0.04626690 -0.26158422 0.60629612
v -0.04365998 -0.19860725 0.64552855
v -0.04565391 -0.21958324 0.63455218
v -0.14297102 0.90132970 -0.39323345
v -0.40298852 0.63750798 0.27393907
v -0.39320982 0.59289354 0.32102317
v -0.34764338 0.63900113 0.36700639
v -0.36004147 0.67517936 0.32315731
v -0.40709284 0.68701440 0.22469398
v -0.36413240 0.71839172 0.27622464
v -0.24889319 0.93001741 -0.08172037
v -0.25204971 0.92114049 0.00831294
v -0.13766672 0.96533048 0.03559485
v -0.22005999 0.94096941 -0.17112195
v -0.29388827 0.88712430 -0.22887155
v -0.30661678 0.89443749 -0.10536534
v -0.30595604 0.88811898 -0.00978533
v -0.15682386 -0.35030439 -0.39261541
v -0.32853329 0.43770251 -0.52151513
v -0.29779392 0.87765855 0.07658946
v -0.24867667 0.90689498 0.09524105
v -0.24764638 0.88707030 0.17384593
v -0.29149318 0.86237520 0.15055130
v -0.13807662 0.94934767 0.12728556
v -0.06951243 0.96287942 0.13979475
v -0.12553807 0.20434417 -0.60944223
v -0.02791565 0.20315012 0.66413385
v -0.29466894 -0.13969740 -0.26127365
v -0.35478958 -0.14554778 -0.14895090
v -0.35487083 -0.46749187 -0.05196720
v -0.43625614 -0.01871544 -0.02424945
v -0.43449819 -0.01615744 -0.03043295
v -0.36809376 -0.24675001 -0.04766889
v -0.38063297 -0.15988283 -0.04371193
v -0.23877862 -0.12944768 -0.33542418
v -0.49230552 0.05022477 -0.09778052
v -0.49697742 0.07438143 -0.10648201
v -0.49927998 0.04320666 -0.09606259
v -0.50477320 0.06859045 -0.10543300
v -0.50660187 0.09541947 -0.10953309
v -0.50167817 0.03207267 -0.09189121
v -0.49303183 0.27489918 -0.03606321
v -0.49966320 0.28544593 -0.03073732
v -0.43298310 -0.02649953 0.00370773
v -0.43213397 -0.02274675 -0.00679533
v -0.42925718 -0.02402113 -0.00092923
v -0.42800081 -0.02715120 0.00688841
v -0.43115827 -0.03119103 0.01269089
v -0.42690197 -0.03004921 0.01322255
v -0.50385845 0.38447824 0.01464622
v -0.41756877 -0.02318761 -0.01160210
v -0.42984501 -0.01509598 -0.02637144
v -0.43037134 -0.01980732 -0.01569451
v -0.42590144 -0.02336683 -0.00674097
v -0.42185986 -0.02727920 0.00518237
v -0.42216507 -0.03277775 0.01539678
v -0.42759508 -0.03670225 0.01772208
v -0.50191444 0.02704226 -0.09378646
v -0.45885628 -0.03342284 -0.01561750
v -0.49840093 0.22344141 -0.07132938
v -0.49642497 0.21281558 -0.07876457
v -0.50912309 0.22331879 -0.09029045
v -0.51050526 0.23681562 -0.08290303
v -0.36657387 0.10048795 -0.34655944
v -0.38260278 0.16722910 -0.38238212
v -0.08134808 -0.33994839 -0.42183009
v -0.08524118 -0.26379216 -0.41208133
v -0.47531673 0.36799252 -0.28182143
v -0.49851227 0.23377462 -0.06288051
v -0.51146042 0.24820063 -0.07475868
v -0.49923661 0.10115899 -0.10904999
v -0.48922244 0.23128697 -0.05952047
v -0.48967007 0.22104080 -0.06794338
v -0.51744241 0.25972170 -0.08707860
v -0.51664531 0.24587478 -0.09676986
v -0.51609409 0.23019956 -0.10504206
v -0.48904014 0.21079205 -0.07674585
v -0.48362443 0.26766896 -0.07127498
v -0.50538522 0.55889463 -0.12800989
v -0.49292701 0.52248019 -0.21656679
v -0.47589266 0.66629344 -0.14764601
v -0.46550170 0.63596857 -0.24284822
v -0.43346119 0.59994590 -0.34365672
v -0.46098748 0.48009950 -0.31939152
v -0.48801583 0.27326131 -0.04068066
v -0.50670469 0.29024163 -0.03589242
v -0.40615919 0.72625184 0.17596740
v -0.43856186 0.69473040 0.12923136
v -0.36352152 0.75488073 0.23203777
v -0.35774639 0.78546321 0.18898681
v -0.39667979 0.76236230 0.13191710
v -0.44305816 0.72119880 0.05555631
v -0.51740754 0.49955961 -0.03549564
v -0.50326467 0.59325075 -0.03947039
v -0.48840937 0.61880708 0.04484877
v -0.46928635 0.69644147 -0.05167228
v -0.41159150 0.77890325 0.01601856
v -0.43351087 0.76095325 -0.07550967
v -0.36697313 0.83519232 -0.00785132
v -0.38015306 0.82796484 -0.09882518
v -0.37768188 0.81713277 -0.19952014
v -0.44091928 0.73898089 -0.16905986
v -0.38089126 0.79561859 0.09303520
v -0.34434366 0.81370234 0.15444943
v -0.34754238 0.83632851 0.07121314
v -0.32834026 0.83857721 0.12580024
v -0.47535622 0.63009584 0.08943495
v -0.40486890 -0.05983922 0.00661633
v -0.41315866 -0.06540018 0.03640271
v -0.44173124 0.00339397 0.08612236
v -0.44472885 0.14921428 0.29795021
v -0.44446334 0.23171942 0.28272149
v -0.46388260 0.18234025 0.21957147
v -0.45229590 0.09563481 0.23823683
v -0.43563765 0.32192698 0.27383757
v -0.45870224 0.27633339 0.21051393
v -0.46017554 0.36627755 0.19917913
v -0.43676275 0.41346899 0.27404895
v -0.37927979 0.56821698 -0.44188809
v -0.39663643 0.46131888 -0.43528098
v -0.40233657 0.38062373 -0.42487276
v -0.30901298 0.51321596 0.47549999
v -0.13841365 0.71163583 -0.58041209
v -0.29937148 0.66530758 0.41422725
v -0.32926336 0.70276403 -0.44373789
v -0.25479370 0.74558347 -0.49103636
v -0.42983204 0.70971406 -0.26223969
v -0.40536213 0.67741048 -0.34723687
v -0.35741499 0.63959283 -0.44313458
v -0.39743337 0.27876922 -0.41256830
v -0.29872400 0.83994949 0.19934721
v -0.36495188 0.29190344 0.42953095
v -0.36038119 0.26354605 0.42282751
v -0.36638761 0.32217950 0.44024912
v -0.34910718 0.23388536 0.43043873
v -0.10031865 0.17315523 0.57594520
v -0.09763246 0.15968382 0.58710361
v -0.09494190 0.14451420 0.59688306
v -0.12002394 0.14239390 0.57346052
v -0.11591803 0.12308862 0.58283955
v -0.07603239 0.14106184 0.62671906
v -0.07774281 0.15981714 0.61392272
v -0.09248383 0.12537807 0.60669076
v -0.09037989 0.10418996 0.61390471
v -0.07607680 0.12143712 0.63786650
v -0.11505589 0.02919018 0.58368182
v -0.12073924 0.05932704 0.57987785
v -0.10624470 0.08386818 0.59232140
v -0.13900138 0.10634006 0.57420015
v -0.13123602 0.08486033 0.57981431
v -0.11055151 0.10499232 0.58905768
v -0.14632761 0.12735593 0.56425887
v -0.09737311 0.08370280 0.62729812
v -0.10618335 0.06279011 0.64598441
v -0.07910416 0.09847770 0.65391177
v -0.06767386 0.11022458 0.67625231
v -0.06428075 0.13440502 0.65955782
v -0.12417652 0.15712829 0.56334251
v -0.15209469 0.14438041 0.55452800
v -0.15426593 0.06431535 0.57762146
v -0.18286116 0.04394332 0.57615548
v -0.16637377 0.09229317 0.56968272
v -0.19534713 0.07591949 0.56708002
v -0.17436565 0.11513454 0.55909300
v -0.20370270 0.10096830 0.55620682
v -0.20948929 0.02014995 0.57243001
v -0.23316765 -0.00489987 0.56430739
v -0.25386369 -0.03853041 0.55079925
v -0.25187215 0.02952944 0.55540276
v -0.27616897 -0.00461206 0.54092568
v -0.26454654 0.06343015 0.54523307
v -0.29390678 0.03200505 0.53035605
v -0.22499511 0.05547769 0.56301522
v -0.23592108 0.08349154 0.55219012
v -0.21013635 0.12499049 0.54506695
v -0.18129070 0.13544320 0.54839826
v -0.27073920 0.13389248 0.52614117
v -0.27036619 0.09874575 0.53535926
v -0.24090472 0.11302624 0.54151726
v -0.24303930 0.14174508 0.53149474
v -0.30394867 0.07574259 0.52079910
v -0.30168164 0.12388214 0.51544237
v -0.29480615 0.15493564 0.50667244
v -0.20221852 0.19444217 0.52994692
v -0.17150718 0.19783540 0.53396308
v -0.22600819 0.19271304 0.52418405
v -0.26731288 0.15923566 0.51698506
v -0.24427482 0.16270877 0.52386951
v -0.32016352 0.20177495 0.46616256
v -0.30459061 0.19605595 0.48049918
v -0.26662558 0.19202052 0.50644833
v -0.24770154 0.19184685 0.51601529
v -0.28598949 0.19352689 0.49453583
v -0.14224732 0.20752689 0.53491729
v -0.11461958 0.22083662 0.53534079
v -0.34822690 -0.22784808 -0.13910401
v -0.06112392 0.15562989 0.64695007
v -0.06042668 0.17611390 0.63338643
v -0.09758601 0.32684985 0.56563890
v -0.08325931 0.30977175 0.55545533
v -0.04702553 0.30851090 0.59367454
v -0.12516418 0.34958097 0.58310103
v -0.09167850 0.23830949 0.53767371
v -0.08230029 0.25268346 0.53885472
v -0.07461137 0.27283821 0.54183233
v -0.07525461 0.29104310 0.54787153
v -0.19783664 0.43802503 0.58538777
v -0.18227583 0.39394400 0.60204363
v -0.37228101 0.54903942 0.37769794
v -0.39922160 0.49478662 0.35162774
v -0.32607889 0.41754925 0.48954886
v -0.34776181 0.38991454 0.47052455
v -0.36224830 0.35684666 0.45328462
v -0.41284871 0.42091453 0.33003005
v -0.41680115 0.34143472 0.32172102
v -0.42404523 0.26391056 0.32533655
v -0.31249228 0.74533570 0.33029062
v -0.31173858 0.78214502 0.28849402
v -0.30894265 0.70529228 0.37335739
v -0.24962407 0.86431789 0.23492639
v -0.25260019 0.83744425 0.28874719
v -0.30660343 0.81316537 0.24474493
v -0.25648734 0.80444843 0.33435327
v -0.25802147 0.76661068 0.37530321
v -0.25427166 0.72624570 0.41817561
v -0.24675922 0.68378258 0.45704669
v -0.23751059 0.62975079 0.49875194
v -0.28383529 -0.21206547 -0.24754639
v -0.05249612 0.07981646 0.62475985
v -0.04853474 0.08069486 0.62897789
v -0.04684337 0.07663545 0.62209213
v -0.04284150 0.07798546 0.62614888
v -0.04192848 0.06907312 0.62379473
v -0.04746021 0.02456706 0.63853663
v -0.04056506 0.03616554 0.63232565
v -0.03882952 0.05683315 0.62561136
v -0.42798617 -0.03674223 0.07161739
v -0.34880012 -0.43792608 -0.13651659
v -0.31964123 -0.41352972 -0.21152297
v 0.34285074 -0.42243779 -0.14862195
v 0.31018317 -0.40033466 -0.22364563
v 0.13618828 -0.62255150 0.15822546
v 0.20557345 -0.59175408 0.12141293
v 0.21031010 -0.64056677 0.10858418
v 0.13735272 -0.66681242 0.14308581
v 0.36864182 -0.51882213 -0.19158447
v 0.35018927 -0.47178924 -0.16329892
v 0.32199112 -0.45008987 -0.24626476
v 0.35010877 -0.49476480 -0.28496999
v 0.27824375 -0.43500593 -0.32128459
v 0.30697009 -0.48439464 -0.36849517
v 0.24203011 -0.48445210 -0.43573344
v 0.21857576 -0.42667499 -0.38043478
v 0.14671454 -0.42140758 -0.42743549
v 0.16503674 -0.48553166 -0.48351994
v 0.27653608 -0.55945230 0.07196876
v 0.32951340 -0.52647573 0.00606491
v 0.33796436 -0.57949299 -0.01245728
v 0.28148073 -0.61098367 0.05882058
v 0.35509938 -0.49854085 -0.07384356
v 0.36540830 -0.54892141 -0.09789616
v 0.07921727 -0.48219910 -0.50882411
v 0.06945519 -0.41039592 -0.44918126
v 0.14763193 -0.77695584 0.11368888
v 0.06917188 -0.79834402 0.12408448
v 0.06891865 -0.73891842 0.14426319
v 0.14181116 -0.72062665 0.12602535
v 0.34263334 -0.78249478 0.01552758
v 0.43235749 -0.74121553 -0.06116910
v 0.47248867 -0.79322439 -0.04532959
v 0.37149218 -0.84024721 0.03282262
v 0.60724896 -0.77142441 -0.11891682
v 0.66706818 -0.69660765 -0.25304052
v 0.24338016 -0.81379372 0.07333213
v 0.26011130 -0.87216902 0.09750070
v -0.00462220 -0.54806614 -0.57744664
v -0.00662793 -0.47729868 -0.50898331
v 0.60418999 -0.66948903 -0.27174333
v 0.59846592 -0.64139730 -0.42362341
v 0.67711687 -0.66950840 -0.41381478
v 0.34201604 -0.76732105 -0.69348288
v 0.34472173 -0.80877405 -0.71468306
v 0.43857482 -0.77933097 -0.69453961
v 0.41191879 -0.74090946 -0.66947806
v 0.47035706 -0.56753767 -0.38605723
v 0.40058178 -0.57274532 -0.48665673
v 0.45202151 -0.61422628 -0.52524734
v 0.53290844 -0.60572273 -0.41601273
v 0.23303083 -0.67153305 -0.64397329
v 0.34504640 -0.64145678 -0.59586424
v 0.30695730 -0.59451938 -0.55950952
v 0.20620221 -0.61081153 -0.60444242
v 0.54510736 -0.63757956 -0.27217519
v 0.47924900 -0.60278910 -0.25549895
v 0.49937180 -0.69158512 -0.15676340
v 0.44667161 -0.64711148 -0.14623289
v 0.39338604 -0.68585742 -0.05247013
v 0.35198596 -0.52721614 -0.42908078
v 0.27493092 -0.53834927 -0.50100249
v 0.18500562 -0.54869694 -0.54945630
v 0.08985891 -0.55052859 -0.57366645
v -0.00003729 -0.85028547 -0.71858048
v -0.00077247 -0.77477199 -0.69903117
v 0.11486454 -0.68814927 -0.66157019
v 0.10220692 -0.62059391 -0.62488270
v 0.55080158 -0.73076957 -0.14843239
v 0.39628240 -0.59952199 -0.12583658
v 0.35713533 -0.63474786 -0.03534542
v 0.40783471 -0.89446622 0.09148797
v 0.52306730 -0.84773582 0.00042063
v 0.28487614 -0.93020535 0.15701017
v 0.17258163 -0.95751673 0.19346909
v 0.12688626 -0.76569784 -0.69156587
v 0.12272919 -0.84045684 -0.71244866
v 0.24327865 -0.82361084 -0.71212059
v 0.26537347 -0.74607879 -0.68240958
v 0.31543490 -0.72147220 0.02276253
v 0.23049393 -0.75231785 0.07614771
v 0.15179810 -0.83699638 0.11292466
v 0.40327886 -0.52988207 -0.33264768
v 0.41459689 -0.56081539 -0.22492000
v 0.29443043 -0.66704488 0.03771873
v 0.21935257 -0.69754237 0.09046871
v 0.06993608 -0.68810332 0.16594194
v 0.15943712 -0.89779240 0.13884549
v 0.60817724 -0.69344282 -0.55313867
v 0.52740985 -0.73878592 -0.64313918
v 0.48257837 -0.71767348 -0.63462937
v -0.00298300 -0.69449675 -0.66831362
v 0.00074225 -0.74792647 0.14866766
v -0.00058235 -0.80331683 0.12342588
v 0.00206984 -0.69624197 0.17445561
v 0.51064914 -0.66512930 -0.56554502
v 0.38317117 -0.69515985 -0.63789445
v 0.00551223 -0.65611243 0.19472876
v -0.00735220 -0.40875942 -0.45357659
v -0.00032269 -0.86584210 0.11089212
v 0.00021940 -0.93385971 0.13619459
v 0.00146467 -0.99990714 0.19622405
v 0.07102424 -0.64595044 0.18529150
v 0.07494536 -0.92326778 0.14102687
v 0.07037861 -0.85922223 0.11658680
v 0.08235013 -0.98682952 0.19673273
v -0.00378030 -0.62040508 -0.63082218
v -0.12651610 -0.63051713 0.16277625
v -0.19666496 -0.60241604 0.12636030
v -0.20466499 -0.65073061 0.11264485
v -0.13113466 -0.67378950 0.14642736
v -0.37456563 -0.53105098 -0.18755226
v -0.35518160 -0.48738801 -0.15512490
v -0.32994735 -0.46308681 -0.23754860
v -0.35795864 -0.50450236 -0.28110072
v -0.28849033 -0.44403037 -0.31427431
v -0.31680268 -0.49039027 -0.36515260
v -0.25246334 -0.48757473 -0.43318316
v -0.23137791 -0.43086514 -0.37580267
v -0.15941325 -0.42280746 -0.42445672
v -0.17508249 -0.48734155 -0.48113260
v -0.27130961 -0.57396936 0.07860785
v -0.32782632 -0.54421210 0.01378907
v -0.33636335 -0.59377640 -0.00674572
v -0.27727470 -0.62373608 0.06459037
v -0.35685509 -0.51719052 -0.06510954
v -0.36741099 -0.56496751 -0.09343781
v -0.09074852 -0.48317277 -0.50720268
v -0.08349026 -0.41195092 -0.44631344
v -0.14476354 -0.78147399 0.11640833
v -0.06817839 -0.79951996 0.12519611
v -0.06455322 -0.74133950 0.14589666
v -0.13769980 -0.72600579 0.12944065
v -0.33772802 -0.79337335 0.01105196
v -0.42876792 -0.74971420 -0.06461939
v -0.46806589 -0.80117345 -0.04643489
v -0.36762324 -0.84572184 0.03448443
v -0.60433173 -0.78050780 -0.11897633
v -0.66604608 -0.70551693 -0.25325790
v -0.24006893 -0.82087272 0.07421058
v -0.25776970 -0.87724233 0.09866250
v -0.60375720 -0.67657775 -0.27165246
v -0.60083222 -0.64759904 -0.42288071
v -0.67836046 -0.67720634 -0.41319585
v -0.34432137 -0.76997173 -0.69454247
v -0.34634826 -0.81135297 -0.71573037
v -0.43999374 -0.78262556 -0.69562215
v -0.41432849 -0.74431592 -0.67007059
v -0.47500202 -0.57181352 -0.38493899
v -0.40522397 -0.57683748 -0.48626149
v -0.45614898 -0.61870283 -0.52466959
v -0.53556997 -0.61178190 -0.41494480
v -0.23748414 -0.67302263 -0.64503568
v -0.35039937 -0.64325678 -0.59608006
v -0.31249118 -0.59333199 -0.55768627
v -0.21287839 -0.61108369 -0.60552269
v -0.54578918 -0.64515424 -0.27231133
v -0.48292765 -0.61081201 -0.25585744
v -0.49766567 -0.70039487 -0.15824817
v -0.44653010 -0.65673602 -0.14859334
v -0.39132810 -0.69612354 -0.05744254
v -0.36044148 -0.53156942 -0.42804211
v -0.28269687 -0.54030764 -0.49964330
v -0.19217478 -0.54869568 -0.54874748
v -0.09709535 -0.55205697 -0.57509345
v -0.12043215 -0.69144636 -0.66267580
v -0.11056357 -0.61506516 -0.62313044
v -0.54798758 -0.73912144 -0.14961188
v -0.39923456 -0.61019939 -0.12638877
v -0.35639280 -0.64615077 -0.03529359
v -0.40439737 -0.89980054 0.09555663
v -0.51940018 -0.85604399 0.00253373
v -0.28093916 -0.93471134 0.15736455
v -0.16929238 -0.96170712 0.19447178
v -0.12748794 -0.76712251 -0.69250906
v -0.12247450 -0.84180599 -0.71198601
v -0.24579047 -0.82436794 -0.71348488
v -0.26840270 -0.74788940 -0.68357730
v -0.31332752 -0.73127550 0.02101086
v -0.22798850 -0.76054978 0.07869283
v -0.14983238 -0.84036118 0.11415818
v -0.41039360 -0.53716469 -0.33127311
v -0.41928691 -0.57027811 -0.22381823
v -0.29223651 -0.67711127 0.04154927
v -0.21577200 -0.70569551 0.09447207
v -0.06263203 -0.69137287 0.16797966
v -0.15747814 -0.90107518 0.13930024
v -0.61133415 -0.69941223 -0.55333990
v -0.52995253 -0.74327558 -0.64387685
v -0.48517925 -0.72191519 -0.63451529
v -0.51423979 -0.67008567 -0.56550467
v -0.38709030 -0.69831353 -0.63838118
v -0.06202904 -0.64983815 0.18742329
v -0.07455506 -0.92547244 0.14044915
v -0.07052638 -0.86076570 0.11663149
v -0.07985040 -0.99009740 0.19707173
v -0.04897716 0.06941675 0.61886847
v -0.43269747 -0.06131467 0.19788380
v -0.42464769 -0.10729336 0.14982256
v -0.40597734 -0.17461634 0.18573208
v -0.41608647 -0.12586661 0.23342721
v -0.37324584 -0.24301043 0.23081288
v -0.39378506 -0.18372488 0.27371562
v -0.33637193 -0.29460451 0.28036466
v -0.36512187 -0.23475134 0.31306630
v -0.30423215 -0.32668677 0.33483422
v -0.33422694 -0.27003631 0.35798225
v -0.21306634 -0.35875797 0.46604669
v -0.20276351 -0.38656965 0.43530679
v -0.15972653 -0.40610781 0.48474470
v -0.16323628 -0.38576725 0.51671004
v -0.11358924 -0.42336237 0.52848428
v -0.11605377 -0.40184486 0.55885941
v -0.06154111 -0.42942047 0.55396307
v -0.06119281 -0.40764171 0.58578324
v 0.00047203 -0.42859885 0.56648147
v -0.00007725 -0.40443513 0.59631234
v -0.00044820 -0.34711993 0.62220275
v -0.05597810 -0.35133705 0.61570519
v -0.05946907 -0.38122553 0.60539085
v -0.00066290 -0.37992817 0.61200494
v -0.10486260 -0.34780410 0.59214413
v -0.11274724 -0.37755868 0.57840753
v -0.14876519 -0.33183131 0.55586505
v -0.15853794 -0.36186451 0.53964579
v -0.19483750 -0.30706212 0.51656067
v -0.20697047 -0.33485088 0.49425679
v -0.23505087 -0.27593333 0.49406543
v -0.25563756 -0.29177240 0.46441981
v -0.05568972 -0.44152588 0.50692123
v 0.00000417 -0.44189838 0.52261108
v -0.10424004 -0.43500966 0.48402780
v -0.14910401 -0.42150822 0.44695503
v -0.18688130 -0.40700918 0.40331322
v -0.26329726 -0.35236117 0.38812500
v -0.22532266 -0.38997763 0.35402364
v -0.26977703 -0.36207250 0.30838880
v -0.30212057 -0.33343080 0.24858627
v -0.34571096 -0.28223896 0.19094618
v -0.38813001 -0.21132399 0.14031674
v -0.41330415 -0.13246775 0.10244225
v -0.43507859 -0.05530495 0.12168366
v -0.09586285 -0.32050079 0.59653723
v -0.05235869 -0.32069314 0.61639309
v -0.14077710 -0.30508596 0.56398195
v -0.18197107 -0.28036678 0.53384715
v -0.21784358 -0.25503200 0.51656699
v -0.24968795 -0.17847496 0.52345604
v -0.24163008 -0.21840979 0.51740986
v -0.24093288 -0.09999208 0.54559177
v -0.24549785 -0.13888401 0.53422153
v -0.29385921 -0.05200913 0.51919830
v -0.30252045 -0.10819735 0.49395075
v -0.27483827 -0.12942435 0.51469898
v -0.26822817 -0.07946801 0.53330463
v -0.31706291 -0.01251198 0.50473857
v -0.32938784 -0.07753426 0.47157919
v -0.05035242 -0.45085019 0.46597835
v 0.00035592 -0.45361122 0.47170863
v -0.09339526 -0.44600525 0.44516864
v -0.13167404 -0.43873313 0.40956771
v -0.15879686 -0.43187162 0.36695126
v -0.18772727 -0.42169809 0.32045156
v -0.21964307 -0.40658802 0.26995364
v -0.26066095 -0.37835595 0.21497753
v -0.31506541 -0.32245713 0.15081647
v -0.36768344 -0.23917663 0.09801642
v -0.39571124 -0.15687890 0.06079018
v -0.13478124 -0.46531457 0.28414643
v -0.10996035 -0.46243086 0.32219777
v -0.08768012 -0.46343082 0.35745236
v -0.06848472 -0.46580410 0.38834977
v -0.03853032 -0.47189817 0.38296381
v 0.00193917 -0.47269961 0.37590581
v -0.03515329 -0.48186675 0.33166048
v 0.00378879 -0.48078790 0.33093283
v -0.05009943 -0.49503231 0.30223513
v 0.00477849 -0.49471125 0.30509016
v -0.06404976 -0.51190859 0.27951592
v 0.00520161 -0.52343041 0.28090164
v -0.26275429 -0.23407772 0.49258462
v -0.28961745 -0.23465176 0.46067896
v -0.30298412 -0.17075033 0.47239229
v -0.33204839 -0.14902526 0.44197953
v -0.32128239 -0.22547607 0.42266965
v -0.27604881 -0.18317483 0.49962100
v -0.35541588 -0.19752696 0.38047823
v -0.36117291 -0.11585003 0.41036934
v -0.35563055 -0.03758691 0.45041677
v -0.38273519 -0.08376290 0.38112974
v -0.38226873 -0.15817814 0.34230250
v -0.37925509 -0.00746693 0.42573816
v -0.39789057 0.01996978 0.40074235
v -0.40073785 -0.04696739 0.35277566
v -0.40053180 -0.11729807 0.31240895
v -0.28701380 -0.30541545 0.41268101
v -0.41709384 -0.07018834 0.27697045
v -0.41356999 0.04682116 0.37269497
v -0.41403919 -0.01395887 0.32572329
v -0.42915678 0.08402133 0.33716276
v -0.43132305 0.03290910 0.28736550
v -0.43268433 -0.02098258 0.23821284
v -0.44583848 -0.00401855 0.14896837
v -0.00048369 -0.31671292 0.62238407
v -0.39904022 -0.05149432 -0.02131278
v -0.14252609 -0.05560936 0.59350735
v -0.10820669 -0.04478690 0.60822439
v -0.07659282 -0.04065905 0.62561977
v -0.05178274 -0.03867718 0.64166325
v -0.02762585 -0.03902410 0.65012717
v 0.00518962 -0.59019047 0.23076585
v -0.00282736 0.39109269 0.62382567
v 0.00475039 -0.55187178 0.25846791
v -0.00341625 -0.24589783 0.53663397
v -0.00460496 0.96759510 0.14747766
v -0.00086887 -0.28728688 0.61429828
v -0.00341932 -0.21969610 0.55202591
v -0.00252797 0.13662493 0.72129023
v -0.00117551 -0.26114601 0.60912430
v -0.00201332 -0.20187496 0.64854324
v -0.00264397 -0.16526544 0.63976300
v -0.00209902 0.63911390 0.56645441
v -0.00203900 -0.18144934 0.64734387
v -0.00388325 -0.02738899 0.65162605
v -0.00272050 0.10895776 0.74032062
v -0.00309084 -0.15611182 0.63134342
v -0.00936638 -0.11222444 -0.43228135
v -0.00173441 -0.21878099 0.63479620
v -0.00421512 -0.18158847 0.58281779
v -0.00351718 -0.15776426 0.61840832
v -0.00224312 -0.08959348 0.57944268
v -0.00297585 -0.04322748 0.64914292
v -0.00231934 0.24719335 0.63880926
v -0.00793106 0.11753471 -0.58507502
v -0.00275831 0.22800837 0.65406966
v -0.00451548 0.79953861 0.46117520
v -0.00282274 0.70497841 0.53215498
v -0.00242648 0.16278167 0.70203239
v -0.00510898 0.51668841 -0.66089493
v -0.00528322 0.62237954 -0.64008409
v -0.00280285 0.51726973 0.60211122
v -0.00477975 0.97380179 -0.25702068
v -0.00282901 0.08396836 0.75233960
v -0.00390174 -0.00036155 0.68343598
v -0.00480448 0.91524017 0.30634725
v -0.00620480 0.29734212 -0.65056247
v -0.00503079 0.91183758 -0.41396686
v -0.00235032 -0.14093809 0.64658451
v -0.00473196 0.94429696 0.23087101
v -0.00235499 -0.15080449 0.62846828
v -0.00383730 0.01950211 0.73273170
v -0.00686229 0.19779733 -0.62236845
v -0.00594206 0.38509250 -0.66273236
v -0.00321540 -0.08128702 0.65147513
v -0.00308146 -0.05805571 0.64890993
v -0.00482473 0.94952101 -0.33766162
v -0.00190294 0.43097141 0.62249678
v -0.00305896 -0.09582552 0.65834415
v -0.00340319 0.30737236 0.61289698
v -0.00236931 -0.11225890 0.66173339
v 0.00592239 -0.62481523 0.21204187
v -0.00464750 0.78045452 -0.55854261
v -0.00238168 -0.12783918 0.65653032
v -0.00229701 -0.13623536 0.60230392
v -0.00237597 0.18658732 0.68407601
v -0.00229539 -0.11321114 0.58789819
v -0.00241889 0.57290781 0.58869570
v -0.00399395 -0.01315194 0.65807736
v -0.00383737 -0.00999327 0.66126639
v -0.00341181 0.28893653 0.61567801
v -0.00427293 0.75481617 0.49851993
v -0.00312243 0.32364449 0.61343414
v -0.00345591 -0.01715565 0.65542555
v -0.00485047 0.71803993 -0.59934080
v -0.00478137 0.99102062 -0.14514109
v -0.00473040 0.99335623 -0.06170308
v -0.00283013 0.26706743 0.62556374
v -0.00216111 0.20895921 0.66813314
v -0.00868373 -0.18580802 -0.42349404
v -0.00323294 0.04189967 0.75074124
v -0.00303815 0.06019989 0.75487447
v -0.00477673 0.87979376 0.36993411
v -0.00867574 0.06066160 -0.54779762
v -0.00458906 0.98553354 0.04777996
v -0.00473617 0.84069705 0.41948304
v -0.00916446 -0.03776069 -0.46441409
v -0.00892992 0.02073548 -0.51099151
v -0.00394535 0.01175866 0.72096318
v -0.00389483 0.34405023 0.61719608
v -0.00404903 0.00378265 0.70088089
v -0.00469178 0.86039364 -0.48316944
v -0.00380777 -0.00503455 0.66928333
v 0.04108143 0.06759852 0.61982816
v 0.42409885 -0.05810945 0.19360040
v 0.41634735 -0.10244876 0.14434566
v 0.39853090 -0.17002937 0.17978032
v 0.40817487 -0.12309954 0.22865799
v 0.36768895 -0.23720501 0.22498673
v 0.38720971 -0.18018346 0.26901171
v 0.33206579 -0.28833067 0.27404389
v 0.35946199 -0.23043913 0.30776232
v -0.03127009 0.01966411 0.71677345
v -0.02387774 0.01074426 0.70015109
v 0.30185202 -0.32096955 0.32964942
v 0.32976222 -0.26593438 0.35335857
v -0.10119068 0.26284924 0.52514434
v -0.05541924 0.00640122 0.63616371
v -0.04772840 0.14845888 0.68052244
v -0.09074537 0.26366663 0.52851880
v 0.21195820 -0.35524324 0.46160915
v 0.20142281 -0.38276988 0.43098399
v 0.15825647 -0.40284476 0.47989222
v 0.16196643 -0.38355654 0.51213640
v -0.07144887 0.00886755 0.62912804
v 0.11223354 -0.42138761 0.52504557
v 0.11516203 -0.40076685 0.55594879
v 0.06177368 -0.42883593 0.55224180
v 0.06119515 -0.40703395 0.58404559
v -0.04486392 0.19281505 0.65070677
v -0.05490713 0.25501522 0.57803857
v 0.05431623 -0.35085747 0.61390316
v 0.05887050 -0.38063931 0.60369861
v -0.04510774 0.17028682 0.66633815
v -0.10975644 0.02576488 0.63791144
v -0.09616897 0.01101550 0.62677282
v -0.04940717 0.06039957 0.73662937
v -0.05420004 0.07849985 0.73022521
v 0.10289106 -0.34695068 0.58942294
v -0.05239526 0.04078599 0.72084492
v -0.03572655 0.02693620 0.72515672
v 0.11146244 -0.37631711 0.57563406
v -0.11535907 0.26144850 0.52569890
v -0.15106857 0.27122524 0.49481326
v -0.04430357 0.04668748 0.73529243
v -0.02507534 0.03122681 0.73860973
v -0.13634038 0.26519272 0.51515549
v -0.10819094 0.26220810 0.52528900
v -0.08246724 0.05171286 0.69008100
v -0.04660968 0.24654153 0.60251558
v 0.14639699 -0.33045352 0.55240691
v 0.15663159 -0.36053160 0.53602135
v 0.19146109 -0.30536202 0.51308405
v 0.20473090 -0.33279899 0.49004748
v -0.10060126 0.04261263 0.66406578
v 0.23109363 -0.27391073 0.49122915
v 0.25224274 -0.28921452 0.46104762
v 0.05686926 -0.44093761 0.50478184
v -0.12236720 0.26155677 0.52576458
v -0.12896590 0.26233077 0.52382219
v -0.05196727 0.12489788 0.69733024
v 0.10439717 -0.43266162 0.47975737
v 0.14931238 -0.41768119 0.44184026
v 0.18773943 -0.40202311 0.39876080
v 0.26267263 -0.34737980 0.38386467
v -0.14647536 0.26834667 0.51164377
v -0.02132651 0.00234487 0.66785043
v -0.06948966 0.04761235 0.70368665
v -0.06001590 0.04404424 0.71295500
v -0.02524572 -0.00074860 0.65597963
v 0.22702862 -0.38375884 0.34968024
v 0.27101025 -0.35415617 0.30245137
v -0.07773095 0.26164007 0.54003006
v 0.30091512 -0.32420397 0.24016047
v -0.04397489 0.23023513 0.62236571
v -0.04442131 0.21123721 0.63746357
v 0.34267268 -0.27322534 0.18203874
v 0.38214901 -0.20379007 0.13204993
v -0.02067474 0.00641073 0.68363047
v 0.40484342 -0.12663171 0.09461027
v 0.42550033 -0.05155201 0.11678759
v 0.09412199 -0.31992847 0.59361333
v 0.05075953 -0.32067356 0.61447185
v 0.13808079 -0.30404353 0.56096357
v -0.05426205 0.10031788 0.71651542
v 0.17792231 -0.27906102 0.52994591
v 0.21376380 -0.25348756 0.51358336
v 0.24458776 -0.17743884 0.52115285
v -0.04047218 0.00350188 0.64603370
v 0.23722368 -0.21713646 0.51506388
v 0.23568214 -0.09956504 0.54426479
v 0.24049129 -0.13809523 0.53234696
v 0.28862521 -0.05237945 0.51763940
v 0.29674470 -0.10758060 0.49200633
v 0.26922145 -0.12838835 0.51265645
v -0.00354548 0.02925810 0.74248081
v -0.03963604 0.03563600 0.73092538
v 0.26311532 -0.07938912 0.53172261
v 0.31133839 -0.01304325 0.50341815
v 0.32313499 -0.07750133 0.46932653
v 0.05272743 -0.45019650 0.46277711
v -0.19397922 0.35211125 0.57114065
v -0.19419365 0.33748269 0.56198150
v 0.09555479 -0.44372201 0.44070986
v 0.13405025 -0.43485877 0.40481246
v 0.16127768 -0.42675826 0.36211786
v 0.19193998 -0.41509271 0.31546500
v 0.22431298 -0.39791673 0.26425353
v 0.26318565 -0.36744374 0.20672598
v -0.15029623 0.36866149 0.59763527
v -0.03528279 0.36772516 0.61831069
v -0.07014866 0.36893600 0.61425626
v 0.31516379 -0.31161952 0.14060326
v -0.19265458 0.30027479 0.55346614
v -0.19703619 0.29055172 0.54131848
v -0.19286159 0.32423481 0.55477947
v -0.19833869 0.28796524 0.54853016
v -0.19500071 0.29318622 0.55185413
v 0.36331701 -0.22990385 0.08746459
v -0.19154720 0.31969431 0.55250180
v 0.38730347 -0.14948860 0.05067872
v -0.19264112 0.31425378 0.55250925
v 0.14191100 -0.46035939 0.27840352
v -0.18865868 0.36835164 0.58510065
v 0.11641430 -0.45876253 0.31733739
v 0.09371001 -0.45975301 0.35329318
v -0.19164732 0.30770913 0.55313182
v -0.19483569 0.30400541 0.53125006
v 0.07288063 -0.46262634 0.38418320
v -0.19555166 0.30483282 0.50459409
v 0.04297768 -0.46896124 0.38002506
v -0.00327650 0.36609131 0.62094420
v -0.14133584 0.43635681 0.60864985
v -0.33182746 0.44703424 0.46849132
v 0.04286049 -0.47819173 0.32847899
v -0.35189810 0.41191852 0.44987577
v 0.05904141 -0.49200648 0.29867890
v -0.31170353 0.17610171 0.48505533
v -0.32999626 0.18275857 0.46879029
v -0.12597571 0.39301398 0.61583406
v 0.07366883 -0.50821203 0.27552146
v 0.25780758 -0.23192966 0.48953894
v 0.28437409 -0.23239329 0.45709014
v 0.29688016 -0.16923349 0.46932635
v 0.32526547 -0.14758646 0.43884307
v -0.17275369 0.57796806 0.55744690
v -0.19903813 0.88429302 0.26130050
v -0.16195148 0.52585906 0.57432836
v -0.25452316 0.48022386 0.53350776
v 0.31530616 -0.22327062 0.41884840
v -0.20095105 0.85513681 0.31952769
v 0.27038321 -0.18143590 0.49671468
v 0.34847602 -0.19551395 0.37624639
v 0.35375318 -0.11489829 0.40661514
v 0.34872228 -0.03722966 0.44859922
v 0.37503520 -0.08222266 0.37788197
v -0.29978594 0.47294673 0.49646553
v 0.37492317 -0.15658636 0.33772412
v -0.36208323 0.21920723 0.42352790
v -0.04725167 0.47331768 0.61328053
v -0.37169683 0.25521511 0.40983516
v 0.37194023 -0.00722066 0.42412785
v -0.09850493 0.47640693 0.60839725
v -0.17358658 0.96132249 -0.13776177
v 0.39031801 0.02096521 0.39976251
v 0.39311814 -0.04592969 0.34964734
v 0.39303869 -0.11535259 0.30827472
v 0.28457838 -0.30206332 0.40804183
v -0.09152310 0.34816965 0.59621841
v 0.40933859 -0.06881662 0.27294466
v -0.24614191 0.17904709 0.51868904
v -0.26609322 0.17733534 0.51048338
v 0.40542147 0.04762546 0.37191033
v -0.19647054 0.95328534 -0.06555339
v -0.35504162 0.20277826 0.43682802
v -0.19081265 0.69561905 0.49094871
v -0.06380653 0.30907145 0.57578987
v -0.07402057 0.32626921 0.58178371
v -0.19588810 0.74079722 0.45341116
v 0.40627587 -0.01205266 0.32347366
v 0.42035934 0.08484589 0.33680937
v 0.42240793 0.03481276 0.28554335
v -0.19886374 0.78301942 0.41150242
v 0.42376089 -0.01842712 0.23507126
v 0.43611410 -0.00146330 0.14493798
v -0.19890761 0.90881371 0.19281748
v -0.13707191 0.19653991 0.53739440
v 0.38629186 -0.04784562 -0.03498666
v 0.13739979 -0.05650501 0.59221822
v 0.10279555 -0.04612628 0.60739809
v -0.36763844 0.37151986 0.43303266
v -0.37524158 0.32866669 0.42236766
v -0.20007002 0.94490063 0.02249569
v -0.19781779 0.18398319 0.53185922
v -0.37529901 0.29111561 0.41314501
v -0.10138498 0.97652024 -0.18859212
v 0.07097875 -0.04186321 0.62558448
v -0.34452972 0.19099627 0.45249459
v 0.04620033 -0.03976939 0.64196390
v 0.02160661 -0.03972195 0.65040684
v -0.20674115 0.48054039 0.56596762
v -0.22321874 0.18088053 0.52626222
v -0.05934922 0.29057699 0.56914425
v -0.10799836 0.21046387 0.54041207
v -0.08538385 0.23085015 0.54539329
v -0.20044701 0.82118642 0.36863461
v -0.07199943 0.24774662 0.55199820
v -0.06013856 0.27216467 0.56288630
v -0.16723353 0.18771294 0.53580999
v -0.18342942 0.63699561 0.53049356
v -0.19858618 0.92977893 0.11186603
v -0.28876713 0.17618580 0.49899223
v -0.00475872 0.98284632 -0.20572117
v -0.00288877 0.47028404 0.61452705
v -0.06510814 0.25851560 0.55782849
v -0.10918733 0.36864933 0.60985297
v -0.15249667 0.47894633 0.59350544
v -0.00123279 -0.23897192 0.61658710
v -0.17238194 -0.12607481 0.57954514
v -0.18130676 -0.14089113 0.56986195
v -0.17918673 -0.17775816 0.55125856
v -0.12565652 -0.09217905 0.61065429
v -0.15374431 -0.10960837 0.59315395
v -0.11931152 -0.22622052 0.59118873
v -0.18326426 -0.15372531 0.56189179
v -0.08313502 -0.23468606 0.60971612
v -0.18521230 -0.16566467 0.55556512
v -0.04567387 -0.23823038 0.61809093
v -0.00307109 -0.06910101 0.64886045
v -0.06166655 -0.06835214 0.64342457
v -0.03239993 -0.06607913 0.65120101
v -0.09326933 -0.07748649 0.62801045
v -0.16718714 -0.19332713 0.55518079
v -0.14893037 -0.21174568 0.57027006
v 0.02352916 0.01873719 0.71786034
v 0.01566733 0.01029495 0.70093113
v 0.09495406 0.26142350 0.52611905
v 0.04854428 0.00502021 0.63724560
v 0.04321003 0.14824381 0.68149310
v 0.08499224 0.26249194 0.52885759
v 0.06497107 0.00713627 0.62998700
v 0.04047002 0.19277863 0.65161276
v 0.05012424 0.25466645 0.57855117
v 0.04066207 0.17013237 0.66720665
v 0.10367776 0.02334373 0.63939875
v 0.08982688 0.00838690 0.62801671
v 0.04303544 0.05956209 0.73742580
v 0.04849062 0.07801563 0.73151249
v 0.04594757 0.03956481 0.72213203
v 0.02839460 0.02602661 0.72615349
v 0.10815936 0.25981733 0.52720523
v 0.14346878 0.26781225 0.49660134
v 0.03773347 0.04583804 0.73610699
v 0.01795678 0.03060901 0.73920828
v 0.12768334 0.26223210 0.51539844
v 0.10145620 0.26064217 0.52660400
v 0.07633621 0.05015303 0.69170916
v 0.04235497 0.24674931 0.60345131
v 0.09444606 0.04063000 0.66557682
v 0.11469845 0.25989279 0.52712846
v 0.12076318 0.26054403 0.52523667
v 0.04763358 0.12483516 0.69870996
v 0.13813768 0.26392090 0.51215267
v 0.01387172 0.00123421 0.66886669
v 0.06347874 0.04596548 0.70546377
v 0.05386606 0.04251030 0.71454781
v 0.01788873 -0.00196982 0.65709591
v 0.07174695 0.26085794 0.54016852
v 0.03969644 0.23057109 0.62339377
v 0.03999506 0.21137023 0.63853055
v 0.01272499 0.00558612 0.68436915
v 0.04952287 0.10030494 0.71820223
v 0.03329157 0.00223683 0.64709711
v 0.03275477 0.03471934 0.73183692
v 0.18857072 0.35279998 0.57118714
v 0.18877067 0.33872214 0.56219852
v 0.14410630 0.36755580 0.59845531
v 0.02880698 0.36689633 0.61817461
v 0.06386830 0.36763105 0.61503869
v 0.18392105 0.30157188 0.55482876
v 0.18881761 0.28910014 0.54440999
v 0.18663350 0.32586840 0.55431998
v 0.18926100 0.28771290 0.55064446
v 0.18591715 0.29376253 0.55387110
v 0.18437330 0.32116443 0.55260831
v 0.18467852 0.31571373 0.55259180
v 0.18250857 0.36811581 0.58534455
v 0.18328644 0.30913869 0.55361867
v 0.18700205 0.30161998 0.53395671
v 0.18816440 0.30180836 0.50727165
v 0.13502991 0.43609390 0.60919613
v 0.32470238 0.44752553 0.46940884
v 0.34441110 0.41286191 0.45086911
v 0.30497405 0.17447630 0.48501363
v 0.32243866 0.18156618 0.46905661
v 0.11946134 0.39238620 0.61693400
v 0.16490115 0.57696009 0.55545342
v 0.18936059 0.88296461 0.26105103
v 0.15513450 0.52550846 0.57370991
v 0.24754603 0.48021933 0.53385019
v 0.19114219 0.85330969 0.31948328
v 0.29284105 0.47298953 0.49720243
v 0.35404417 0.21915323 0.42378405
v 0.04118052 0.47293422 0.61313057
v 0.36394304 0.25540128 0.41025788
v 0.09230722 0.47624999 0.60838938
v 0.16419396 0.95967984 -0.13828565
v 0.08537237 0.34686151 0.59678000
v 0.23955449 0.17734875 0.51831377
v 0.25945994 0.17550004 0.51030672
v 0.18709050 0.95208162 -0.06619684
v 0.34726062 0.20214114 0.43715650
v 0.18187995 0.69340378 0.48922744
v 0.05905280 0.30788556 0.57640171
v 0.06854075 0.32476661 0.58243847
v 0.18548223 0.73762667 0.45312551
v 0.18861449 0.78041893 0.41148645
v 0.18951122 0.90813553 0.19252875
v 0.13063224 0.19451711 0.53684133
v 0.35987446 0.37238675 0.43390384
v 0.36763516 0.32930061 0.42368907
v 0.19066039 0.94383001 0.02194894
v 0.19179149 0.18164618 0.53126615
v 0.36806580 0.29141575 0.41416535
v 0.09180559 0.97485870 -0.18882111
v 0.33711022 0.18978675 0.45270506
v 0.19988476 0.48045659 0.56603736
v 0.21660934 0.17915103 0.52569008
v 0.05492966 0.28982109 0.56975126
v 0.10155029 0.20907912 0.54024535
v 0.07938027 0.22982909 0.54536545
v 0.19032358 0.81889302 0.36856395
v 0.06635521 0.24711026 0.55225182
v 0.05530567 0.27166376 0.56324375
v 0.15975827 0.18586133 0.53513193
v 0.17494871 0.63545877 0.52836066
v 0.18941627 0.92940760 0.11154367
v 0.28206840 0.17444736 0.49881804
v 0.05987033 0.25791997 0.55803096
v 0.10295538 0.36765704 0.61067921
v 0.14625874 0.47877458 0.59341192
v 0.16700594 -0.12681776 0.57785398
v 0.17549939 -0.14113069 0.56782693
v 0.17305262 -0.17750891 0.54861641
v 0.12078165 -0.09391225 0.60945678
v 0.14889286 -0.11102442 0.59158909
v 0.11434967 -0.22543700 0.58909875
v 0.17702202 -0.15350556 0.55948079
v 0.07920951 -0.23375206 0.60772699
v 0.17886208 -0.16528510 0.55269474
v 0.04109673 -0.23829405 0.61752242
v 0.05599193 -0.06937969 0.64340258
v 0.02614803 -0.06659537 0.65130705
v 0.08749463 -0.07872783 0.62742686
v 0.16151983 -0.19303776 0.55276179
v 0.14396538 -0.21109955 0.56764877
v 0.19482383 0.27421230 0.45593014
v -0.20223734 0.27653959 0.45289069
v 0.18550642 0.27228311 0.53750622
v 0.17546594 0.27236971 0.53559315
v 0.16620319 0.27250805 0.53263998
v 0.15842326 0.27267134 0.52915299
v 0.18570791 0.27431747 0.53759432
v 0.17585383 0.27636099 0.53578162
v 0.16676977 0.27829874 0.53291523
v 0.15915416 0.27998373 0.52947676
v 0.18630564 0.27627462 0.53769028
v 0.17702790 0.28019971 0.53594691
v 0.16846400 0.28386897 0.53315932
v 0.16127892 0.28699878 0.52979243
v 0.18726364 0.27807343 0.53777140
v 0.17891265 0.28372887 0.53611833
v 0.17120840 0.28900790 0.53338629
v 0.16474490 0.29347050 0.53006852
v 0.18856879 0.27965254 0.53782773
v 0.18145682 0.28682354 0.53624451
v 0.17489766 0.29350373 0.53357738
v 0.16939601 0.29914176 0.53032070
v 0.19014490 0.28095266 0.53788257
v 0.18455634 0.28936893 0.53634822
v 0.17940104 0.29718783 0.53372514
v 0.17508440 0.30379528 0.53049749
v 0.19195420 0.28190699 0.53792506
v 0.18809688 0.29125449 0.53641552
v 0.18454024 0.29992869 0.53382909
v 0.18156569 0.30724564 0.53062975
v 0.19391544 0.28250176 0.53793037
v 0.19194046 0.29241586 0.53645593
v 0.19011596 0.30161983 0.53389168
v 0.18858646 0.30937791 0.53070688
v 0.19595024 0.28270203 0.53791606
v 0.19593266 0.29281232 0.53644478
v 0.19591565 0.30219170 0.53388703
v 0.19589861 0.31010577 0.53071475
v 0.19798680 0.28250065 0.53790450
v 0.19992900 0.29241475 0.53641641
v 0.20171839 0.30161920 0.53384048
v 0.20321077 0.30937725 0.53065002
v 0.19994618 0.28190282 0.53786379
v 0.20377070 0.29125258 0.53634179
v 0.20728777 0.29992962 0.53374088
v 0.21023728 0.30724603 0.53052962
v 0.20175609 0.28094620 0.53781193
v 0.20730948 0.28936642 0.53624737
v 0.21243735 0.29718816 0.53359646
v 0.21672454 0.30379686 0.53035039
v 0.20333055 0.27964446 0.53773695
v 0.21041529 0.28682110 0.53611523
v 0.21694626 0.29350564 0.53341049
v 0.22241677 0.29914472 0.53012472
v 0.20463638 0.27806729 0.53765512
v 0.21296932 0.28373176 0.53596491
v 0.22064239 0.28901255 0.53318435
v 0.22708087 0.29347703 0.52983540
v 0.20559241 0.27626979 0.53756028
v 0.21485478 0.28020442 0.53577483
v 0.22339199 0.28387797 0.53292865
v 0.23055026 0.28701028 0.52951556
v 0.20618808 0.27431610 0.53745693
v 0.21601248 0.27637014 0.53556645
v 0.22508179 0.27831444 0.53263962
v 0.23267502 0.28000060 0.52916050
v 0.20638795 0.27228618 0.53735495
v 0.21640858 0.27238649 0.53536588
v 0.22564840 0.27253401 0.53234291
v 0.23340124 0.27270192 0.52879894
v 0.20618124 0.27025908 0.53724504
v 0.21600409 0.26839986 0.53515458
v 0.22506794 0.26675084 0.53204697
v 0.23266378 0.26540861 0.52843243
v 0.20558982 0.26829714 0.53717148
v 0.21485110 0.26457113 0.53499413
v 0.22338346 0.26118842 0.53178966
v 0.23054135 0.25840035 0.52810454
v 0.20463207 0.26650032 0.53710037
v 0.21295926 0.26104531 0.53481758
v 0.22064626 0.25606087 0.53155845
v 0.22709444 0.25192246 0.52782202
v 0.20333844 0.26491773 0.53706521
v 0.21043213 0.25794515 0.53471869
v 0.21696739 0.25156194 0.53136986
v 0.22245623 0.24623570 0.52760047
v 0.20176168 0.26363239 0.53697044
v 0.20732974 0.25540870 0.53459173
v 0.21247719 0.24786393 0.53122556
v 0.21677874 0.24157965 0.52739859
v 0.19995934 0.26266855 0.53693932
v 0.20380446 0.25351053 0.53452855
v 0.20733607 0.24512166 0.53111756
v 0.21030164 0.23811509 0.52726549
v 0.19799984 0.26207122 0.53691852
v 0.19996418 0.25234231 0.53449035
v 0.20177142 0.24341862 0.53107053
v 0.20327716 0.23596841 0.52719623
v 0.19596595 0.26186463 0.53693354
v 0.19597176 0.25194460 0.53449738
v 0.19597071 0.24283437 0.53107446
v 0.19596316 0.23523323 0.52719802
v 0.19392982 0.26206261 0.53695810
v 0.19197811 0.25232682 0.53454417
v 0.19016834 0.24339621 0.53113556
v 0.18864532 0.23594867 0.52725995
v 0.19196840 0.26265478 0.53701520
v 0.18813242 0.25348401 0.53462863
v 0.18459141 0.24508648 0.53123683
v 0.18161762 0.23807767 0.52738619
v 0.19015807 0.26361230 0.53709525
v 0.18459165 0.25537643 0.53473169
v 0.17945249 0.24782740 0.53137851
v 0.17513320 0.24153243 0.52757412
v 0.18858033 0.26490992 0.53713924
v 0.18148655 0.25791451 0.53487134
v 0.17494027 0.25151443 0.53157711
v 0.16943887 0.24617860 0.52784151
v 0.18727450 0.26649046 0.53720945
v 0.17893751 0.26100957 0.53501761
v 0.17123874 0.25600824 0.53181380
v 0.16476993 0.25185862 0.52812469
v 0.19596173 0.27226371 0.53811061
v 0.18631206 0.26828793 0.53730243
v 0.17703806 0.26454252 0.53520137
v 0.16848224 0.26113987 0.53207958
v 0.16129835 0.25834149 0.52845424
v 0.18571001 0.27024469 0.53740269
v 0.17585984 0.26837239 0.53540134
v 0.16679275 0.26671171 0.53234804
v 0.15917419 0.26536641 0.52878195
v 0.15084390 0.27285928 0.52477235
v 0.13913637 0.27327043 0.51548761
v 0.12914956 0.27378434 0.50393879
v 0.12173158 0.27435374 0.49124026
v 0.11716417 0.27491453 0.47906497
v 0.11561916 0.27589372 0.45676655
v 0.11714140 0.27689466 0.43441361
v 0.12168969 0.27747646 0.42220682
v 0.12909019 0.27807769 0.40947509
v 0.13905895 0.27862200 0.39788681
v 0.15119918 0.27907684 0.38823318
v 0.16506535 0.27941820 0.38099909
v 0.18009573 0.27963018 0.37651816
v 0.15171024 0.28164458 0.52515733
v 0.14022757 0.28431758 0.51598549
v 0.13042457 0.28678191 0.50453895
v 0.12314192 0.28879130 0.49190018
v 0.11866254 0.29025009 0.47975510
v 0.11713380 0.29153243 0.45746148
v 0.11862592 0.29222950 0.43512744
v 0.12309452 0.29191023 0.42286551
v 0.13035788 0.29107022 0.41006115
v 0.14014061 0.28966469 0.39838862
v 0.15205081 0.28776118 0.38862124
v 0.16563591 0.28539768 0.38126799
v 0.18038787 0.28267887 0.37665132
v 0.15427840 0.29008028 0.52553421
v 0.14344686 0.29495737 0.51645935
v 0.13421477 0.29928723 0.50509763
v 0.12735102 0.30268639 0.49253014
v 0.12312264 0.30499491 0.48040980
v 0.12167895 0.30656776 0.45813349
v 0.12308020 0.30697471 0.43579537
v 0.12729272 0.30580598 0.42348614
v 0.13413689 0.30357391 0.41062576
v 0.14334869 0.30029994 0.39887032
v 0.15457006 0.29610473 0.38900340
v 0.16737989 0.29115006 0.38152534
v 0.18127935 0.28560689 0.37677881
v 0.15842512 0.29785860 0.52587402
v 0.14868274 0.30475461 0.51688641
v 0.14036793 0.31080368 0.50560665
v 0.13418649 0.31548935 0.49309459
v 0.13037640 0.31857705 0.48102349
v 0.12907219 0.32042533 0.45874816
v 0.13033386 0.32055530 0.43638700
v 0.13412550 0.31860515 0.42405629
v 0.14028326 0.31509006 0.41114068
v 0.14857037 0.31009802 0.39931479
v 0.15867451 0.30380255 0.38934588
v 0.17020334 0.29644459 0.38175979
v 0.18272273 0.28830960 0.37689522
v 0.16403159 0.30467242 0.52615660
v 0.15573472 0.31333750 0.51724738
v 0.14865285 0.32089901 0.50603563
v 0.14339098 0.32670614 0.49358410
v 0.14015386 0.33049357 0.48155019
v 0.13903435 0.33256036 0.45928246
v 0.14010832 0.33246481 0.43690512
v 0.14332618 0.32982084 0.42455277
v 0.14855804 0.32518470 0.41159448
v 0.15560833 0.31868321 0.39968926
v 0.16420338 0.31055060 0.38964531
v 0.17401746 0.30109066 0.38196507
v 0.18466499 0.29066560 0.37699622
v 0.17085670 0.31026852 0.52638346
v 0.16432822 0.32037982 0.51753366
v 0.15875202 0.32918119 0.50638568
v 0.15460902 0.33591411 0.49397466
v 0.15206201 0.34026942 0.48196271
v 0.15117329 0.34253782 0.45971531
v 0.15201350 0.34224635 0.43733728
v 0.15453598 0.33903041 0.42495498
v 0.15864810 0.33346802 0.41194975
v 0.16418925 0.32572654 0.40000373
v 0.17094906 0.31608367 0.38988748
v 0.17866254 0.30490717 0.38212988
v 0.18702783 0.29261342 0.37707898
v 0.17863935 0.31441128 0.52654135
v 0.17413516 0.32561392 0.51774496
v 0.17027777 0.33533898 0.50663716
v 0.16742140 0.34275052 0.49425876
v 0.16565017 0.34753513 0.48225829
v 0.16504373 0.34994996 0.46003222
v 0.16559407 0.34951475 0.43765947
v 0.16733696 0.34587002 0.42524728
v 0.17016363 0.33962712 0.41221395
v 0.17398745 0.33095971 0.40022060
v 0.17864595 0.32019591 0.39006323
v 0.18395717 0.30773494 0.38225108
v 0.18973166 0.29405046 0.37713924
v 0.18709053 0.31697896 0.52662760
v 0.18478379 0.32884079 0.51786208
v 0.18279532 0.33913454 0.50677943
v 0.18132153 0.34697720 0.49441454
v 0.18040620 0.35200974 0.48244426
v 0.18008141 0.35450557 0.46021888
v 0.18034755 0.35398805 0.43783641
v 0.18123162 0.35009184 0.42542416
v 0.18267132 0.34342104 0.41236660
v 0.18461867 0.33417976 0.40035015
v 0.18699203 0.32272410 0.39015949
v 0.18971054 0.30948135 0.38232130
v 0.19266120 0.29494745 0.37717524
v 0.19587924 0.31783918 0.52664447
v 0.19584194 0.32992607 0.51788419
v 0.19580694 0.34042242 0.50679982
v 0.19577697 0.34841028 0.49444890
v 0.19575357 0.35352775 0.48248589
v 0.19573458 0.35603955 0.46027651
v 0.19569503 0.35550189 0.43786648
v 0.19568135 0.35152286 0.42546469
v 0.19567341 0.34470636 0.41240993
v 0.19567272 0.33526790 0.40038276
v 0.19567934 0.32358438 0.39019135
v 0.19569229 0.31006426 0.38233995
v 0.19571078 0.29524049 0.37718451
v 0.20466495 0.31698048 0.52656871
v 0.20690812 0.32884017 0.51780403
v 0.20882058 0.33914465 0.50671321
v 0.21023662 0.34698802 0.49435306
v 0.21110845 0.35202354 0.48237404
v 0.21137051 0.35451972 0.46015328
v 0.21104357 0.35399789 0.43778035
v 0.21013398 0.35009879 0.42537367
v 0.20867708 0.34342527 0.41232023
v 0.20672360 0.33418036 0.40031514
v 0.20436873 0.32272187 0.39013290
v 0.20167464 0.30947781 0.38230440
v 0.19876075 0.29494262 0.37716708
v 0.21311486 0.31441554 0.52642745
v 0.21755733 0.32562414 0.51762462
v 0.22134669 0.33535779 0.50650817
v 0.22414860 0.34277365 0.49413383
v 0.22587320 0.34755972 0.48212990
v 0.22642125 0.34997505 0.45990735
v 0.22580275 0.34953409 0.43754870
v 0.22403693 0.34588423 0.42514566
v 0.22119316 0.33963540 0.41212332
v 0.21736778 0.33096027 0.40014812
v 0.21271999 0.32019138 0.39001065
v 0.20743221 0.30772647 0.38221750
v 0.20169175 0.29404044 0.37712434
v 0.22091646 0.31027377 0.52621758
v 0.22738224 0.32039407 0.51735866
v 0.23288718 0.32920405 0.50619990
v 0.23697154 0.33594513 0.49378586
v 0.23947763 0.34030554 0.48177686
v 0.24030063 0.34257355 0.45953780
v 0.23940302 0.34227502 0.43717432
v 0.23685436 0.33905065 0.42480612
v 0.23272426 0.33347940 0.41182068
v 0.22717820 0.32572788 0.39989716
v 0.22042570 0.31607768 0.38981020
v 0.21273135 0.30489486 0.38208112
v 0.20439659 0.29259855 0.37705660
v 0.22775422 0.30467394 0.52594358
v 0.23598856 0.31335565 0.51701564
v 0.24300891 0.32092556 0.50579214
v 0.24821457 0.32674125 0.49333978
v 0.25141159 0.33052883 0.48130503
v 0.25246722 0.33260170 0.45905614
v 0.25133535 0.33249864 0.43669385
v 0.24809048 0.32984534 0.42436314
v 0.24283645 0.32519716 0.41142988
v 0.23577632 0.31868356 0.39955422
v 0.22718272 0.31054148 0.38954550
v 0.21738353 0.30107510 0.38190058
v 0.20675616 0.29064661 0.37696874
v 0.23336360 0.29786429 0.52561206
v 0.24305871 0.30477366 0.51659805
v 0.25131914 0.31083608 0.50531387
v 0.25745165 0.31553090 0.49280539
v 0.26121935 0.31862459 0.48073068
v 0.26246396 0.32047027 0.45848128
v 0.26114258 0.32059273 0.43613735
v 0.25732207 0.31863081 0.42383263
v 0.25113872 0.31510079 0.41094783
v 0.24283449 0.31009674 0.39915508
v 0.23272708 0.30379137 0.38922894
v 0.22120661 0.29642582 0.38168442
v 0.20870718 0.28828794 0.37686184
v 0.23752783 0.29008955 0.52523792
v 0.24831247 0.29497960 0.51613331
v 0.25750610 0.29932100 0.50477117
v 0.26432690 0.30272925 0.49220264
v 0.26851699 0.30504218 0.48008642
v 0.26989806 0.30660400 0.45783198
v 0.26843297 0.30701205 0.43551168
v 0.26418811 0.30583036 0.42323059
v 0.25731415 0.30358353 0.41040754
v 0.24808149 0.30029532 0.39869153
v 0.23685050 0.29609072 0.38887095
v 0.22404353 0.29112878 0.38144282
v 0.21015590 0.28558272 0.37674221
v 0.24009468 0.28165820 0.52481878
v 0.25155401 0.28434530 0.51562744
v 0.26132694 0.28681865 0.50418442
v 0.26856858 0.28883576 0.49154273
v 0.27301899 0.29029587 0.47940817
v 0.27448794 0.29157263 0.45713755
v 0.27293122 0.29226291 0.43482113
v 0.26842278 0.29193020 0.42259008
v 0.26112378 0.29107499 0.40982437
v 0.25131509 0.28965652 0.39819783
v 0.23938894 0.28774318 0.38847908
v 0.22579829 0.28537476 0.38117799
v 0.21105145 0.28265357 0.37661162
v 0.24096939 0.27288577 0.52439952
v 0.25266087 0.27330172 0.51510537
v 0.26262870 0.27382243 0.50356174
v 0.27001432 0.27439874 0.49087024
v 0.27455169 0.27495846 0.47869816
v 0.27606174 0.27593002 0.45642504
v 0.27446112 0.27692056 0.43409738
v 0.26986057 0.27748826 0.42191905
v 0.26242033 0.27807525 0.40922698
v 0.25242144 0.27860901 0.39768600
v 0.24026026 0.27905747 0.38808417
v 0.22638963 0.27939555 0.38090447
v 0.21134992 0.27960601 0.37647596
v 0.24007262 0.26411813 0.52393812
v 0.25155732 0.26225260 0.51456779
v 0.26134905 0.26081705 0.50294960
v 0.26861191 0.25994992 0.49019888
v 0.27306089 0.25961629 0.47797349
v 0.27452081 0.26029825 0.45567399
v 0.27296135 0.26157671 0.43339387
v 0.26844972 0.26303902 0.42124954
v 0.26114708 0.26506883 0.40861750
v 0.25133756 0.26755494 0.39717880
v 0.23940839 0.27037117 0.38768318
v 0.22581233 0.27340984 0.38063568
v 0.21105756 0.27655810 0.37634334
v 0.23752676 0.25568178 0.52356464
v 0.24833837 0.25161219 0.51406550
v 0.25756523 0.24830155 0.50237465
v 0.26440173 0.24604180 0.48955899
v 0.26859081 0.24485008 0.47728121
v 0.26995885 0.24524707 0.45497143
v 0.26848948 0.24681650 0.43271104
v 0.26423958 0.24913676 0.42059916
v 0.25736135 0.25255924 0.40804198
v 0.24812487 0.25691721 0.39669034
v 0.23688807 0.26202577 0.38731068
v 0.22407052 0.26766393 0.38037959
v 0.21016754 0.27362409 0.37621668
v 0.23340355 0.24788307 0.52324665
v 0.24312790 0.24179338 0.51364380
v 0.25140420 0.23677203 0.50184679
v 0.25754315 0.23323458 0.48895961
v 0.26131347 0.23126058 0.47666124
v 0.26255152 0.23137371 0.45433271
v 0.26122379 0.23322992 0.43207511
v 0.25739822 0.23633350 0.42001316
v 0.25120962 0.24103671 0.40752038
v 0.24289939 0.24711657 0.39625338
v 0.23278140 0.25432363 0.38696238
v 0.22124588 0.26237312 0.38014147
v 0.20872353 0.27093077 0.37609825
v 0.22781579 0.24106021 0.52295756
v 0.23607382 0.23319776 0.51326382
v 0.24310705 0.22666122 0.50138277
v 0.24831852 0.22199540 0.48844233
v 0.25151539 0.21933188 0.47611669
v 0.25257245 0.21922658 0.45377597
v 0.25143865 0.22130612 0.43152919
v 0.24819148 0.22510339 0.41950950
v 0.24293001 0.23093726 0.40707225
v 0.23586117 0.23853062 0.39586323
v 0.22725374 0.24757810 0.38666326
v 0.21743344 0.25772268 0.37993687
v 0.20677684 0.26856989 0.37599811
v 0.22098231 0.23545864 0.52270609
v 0.22747064 0.22614203 0.51294363
v 0.23299059 0.21836859 0.50101155
v 0.23708628 0.21277469 0.48803198
v 0.23959672 0.20953226 0.47568011
v 0.24042384 0.20923610 0.45333412
v 0.23952715 0.21151339 0.43110240
v 0.23697640 0.21589498 0.41910258
v 0.23283881 0.22265783 0.40670377
v 0.22728051 0.23148850 0.39556116
v 0.22051014 0.24204817 0.38642207
v 0.21278946 0.25390992 0.37977222
v 0.20442006 0.26662469 0.37591547
v 0.19572428 0.27968159 0.37500072
v 0.21318290 0.23130161 0.52253073
v 0.21765015 0.22089633 0.51272190
v 0.22145580 0.21219242 0.50075108
v 0.22427323 0.20591159 0.48774964
v 0.22600663 0.20225085 0.47536367
v 0.22655952 0.20182113 0.45302132
v 0.22594301 0.20424061 0.43080699
v 0.22417459 0.20904858 0.41881147
v 0.22132365 0.21650065 0.40644142
v 0.21748529 0.22625899 0.39533538
v 0.21281600 0.23794346 0.38625053
v 0.20749789 0.25108340 0.37965557
v 0.20171811 0.26518765 0.37585756
v 0.20473456 0.22872695 0.52243739
v 0.20700419 0.21765850 0.51260668
v 0.20893398 0.20837905 0.50060624
v 0.21036814 0.20168002 0.48757932
v 0.21125086 0.19776915 0.47519711
v 0.21152021 0.19725826 0.45284995
v 0.21119675 0.19976318 0.43063310
v 0.21028496 0.20482628 0.41865751
v 0.20881933 0.21270435 0.40629408
v 0.20685090 0.22304261 0.39521003
v 0.20447102 0.23542073 0.38614431
v 0.20174308 0.24933960 0.37958384
v 0.19878758 0.26429829 0.37582156
v 0.19594729 0.22785069 0.52243775
v 0.19593483 0.21656017 0.51258844
v 0.19592214 0.20708719 0.50057995
v 0.19591042 0.20025335 0.48754868
v 0.19590068 0.19626404 0.47517341
v 0.19589053 0.19570825 0.45283824
v 0.19585519 0.19825983 0.43058890
v 0.19583865 0.20340796 0.41862270
v 0.19582181 0.21142478 0.40626985
v 0.19580454 0.22195952 0.39518225
v 0.19578475 0.23455556 0.38612658
v 0.19576260 0.24876291 0.37956956
v 0.19573835 0.26400512 0.37581411
v 0.18715477 0.22870703 0.52250826
v 0.18486579 0.21764408 0.51267344
v 0.18290959 0.20836695 0.50068957
v 0.18145341 0.20167501 0.48765528
v 0.18055381 0.19776708 0.47527918
v 0.18023753 0.19725902 0.45293179
v 0.18050779 0.19976905 0.43070358
v 0.18138890 0.20483607 0.41871983
v 0.18282029 0.21271493 0.40635139
v 0.18474950 0.22305259 0.39525405
v 0.18709524 0.23542747 0.38617513
v 0.18977842 0.24934448 0.37960351
v 0.19268714 0.26430294 0.37583059
v 0.17870411 0.23126511 0.52266890
v 0.17421830 0.22087033 0.51286596
v 0.17038651 0.21216747 0.50091100
v 0.16754802 0.20589909 0.48790303
v 0.16579178 0.20224719 0.47551712
v 0.16519342 0.20182295 0.45317426
v 0.16574794 0.20425111 0.43094730
v 0.16748813 0.20906445 0.41893813
v 0.17030659 0.21651997 0.40655303
v 0.17411160 0.22627686 0.39542225
v 0.17874387 0.23795754 0.38631195
v 0.18402115 0.25109312 0.37969214
v 0.18975592 0.26519698 0.37587422
v 0.17090662 0.23541236 0.52290213
v 0.16440129 0.22609699 0.51315069
v 0.15884981 0.21833117 0.50123882
v 0.15472536 0.21275224 0.48826224
v 0.15219103 0.20952369 0.47589940
v 0.15130988 0.20923690 0.45355353
v 0.15215401 0.21152468 0.43130422
v 0.15467441 0.21591562 0.41928521
v 0.15877824 0.22268265 0.40686077
v 0.16430138 0.23151225 0.39568627
v 0.17103623 0.24206594 0.38651180
v 0.17871927 0.25392428 0.37982684
v 0.18704881 0.26663783 0.37593955
v 0.16406772 0.24101023 0.52320695
v 0.15579605 0.23314716 0.51352531
v 0.14873831 0.22661714 0.50165796
v 0.14349227 0.22197023 0.48872879
v 0.14026543 0.21931460 0.47639811
v 0.13915256 0.21922302 0.45404845
v 0.14022991 0.22131419 0.43177974
v 0.14344524 0.22512354 0.41973585
v 0.14866932 0.23096316 0.40726894
v 0.15570447 0.23855729 0.39602080
v 0.16427860 0.24760017 0.38677621
v 0.17406575 0.25774056 0.38000652
v 0.18468305 0.26858690 0.37602907
v 0.15845177 0.24783064 0.52355081
v 0.14872916 0.24174230 0.51395440
v 0.14043392 0.23672673 0.50216198
v 0.13426377 0.23319837 0.48928207
v 0.13046370 0.23123845 0.47697940
v 0.12916389 0.23136491 0.45464221
v 0.13043112 0.23323317 0.43236530
v 0.13421933 0.23634772 0.42027447
v 0.14037158 0.24105895 0.40774354
v 0.14864714 0.24714202 0.39643279
v 0.15873340 0.25434753 0.38709292
v 0.17024140 0.26239371 0.38022292
v 0.18273635 0.27095109 0.37613413
v 0.15429311 0.25562334 0.52393848
v 0.14347620 0.25155568 0.51444590
v 0.13425751 0.24826202 0.50272703
v 0.12740503 0.24600264 0.48990819
v 0.12318531 0.24482068 0.47762272
v 0.12174422 0.24523288 0.45531046
v 0.12314636 0.24681041 0.43302339
v 0.12735742 0.24914347 0.42088276
v 0.13419610 0.25257576 0.40828517
v 0.14339992 0.25694019 0.39688542
v 0.15461074 0.26204959 0.38745213
v 0.16740620 0.26768667 0.38046661
v 0.18128914 0.27364701 0.37625498
v 0.15171461 0.26406929 0.52434689
v 0.14024113 0.26220563 0.51496583
v 0.13044901 0.26077357 0.50333017
v 0.12317166 0.25990719 0.49056700
v 0.11869673 0.25957429 0.47833812
v 0.11716897 0.26026702 0.45602423
v 0.11865859 0.26155970 0.43371576
v 0.12312742 0.26303607 0.42154023
v 0.13038805 0.26507801 0.40886790
v 0.14016725 0.26757351 0.39737877
v 0.15207152 0.27039385 0.38782999
v 0.16564915 0.27343348 0.38072824
v 0.18039273 0.27658248 0.37638366
v -0.21331389 0.27438086 0.53443372
v -0.22334300 0.27447069 0.53248608
v -0.23259722 0.27461135 0.52950537
v -0.24038176 0.27477434 0.52602035
v -0.21311080 0.27641273 0.53452718
v -0.22295682 0.27845731 0.53268260
v -0.23204429 0.28039542 0.52979988
v -0.23966132 0.28207999 0.52635962
v -0.21252488 0.27836791 0.53462547
v -0.22180451 0.28229335 0.53287780
v -0.23036443 0.28596276 0.53007108
v -0.23754041 0.28909251 0.52668309
v -0.21157198 0.28016692 0.53471470
v -0.21992490 0.28582221 0.53305024
v -0.22763123 0.29110262 0.53031635
v -0.23409081 0.29556566 0.52698702
v -0.21026982 0.28174412 0.53478712
v -0.21738344 0.28891611 0.53319275
v -0.22394599 0.29560116 0.53051955
v -0.22944288 0.30124068 0.52725369
v -0.20869660 0.28304538 0.53484559
v -0.21428333 0.29146329 0.53330523
v -0.21944691 0.29928610 0.53068137
v -0.22376448 0.30589676 0.52745306
v -0.20688874 0.28400180 0.53488815
v -0.21074875 0.29335004 0.53337860
v -0.21430200 0.30202881 0.53079247
v -0.21728490 0.30935067 0.52759945
v -0.20492983 0.28459886 0.53491384
v -0.20690884 0.29451418 0.53343248
v -0.20873618 0.30372190 0.53086555
v -0.21026249 0.31148386 0.52768183
v -0.20289308 0.28479934 0.53491503
v -0.20291294 0.29491189 0.53344065
v -0.20293361 0.30429548 0.53087986
v -0.20294926 0.31221369 0.52770412
v -0.20085746 0.28459671 0.53490388
v -0.19891852 0.29451632 0.53342372
v -0.19712992 0.30372399 0.53084987
v -0.19563390 0.31148580 0.52765661
v -0.19889569 0.28399858 0.53486663
v -0.19507307 0.29335216 0.53335035
v -0.19155033 0.30203363 0.53075570
v -0.18860620 0.30935651 0.52754623
v -0.19708493 0.28304201 0.53481853
v -0.19152935 0.29146433 0.53325921
v -0.18640527 0.29929155 0.53062087
v -0.18211702 0.30590498 0.52737868
v -0.19550785 0.28173986 0.53475356
v -0.18842657 0.28891608 0.53313464
v -0.18189453 0.29560536 0.53044564
v -0.17641865 0.30125028 0.52716833
v -0.19420046 0.28015959 0.53468549
v -0.18587330 0.28582263 0.53300005
v -0.17819464 0.29110977 0.53023994
v -0.17175303 0.29557922 0.52690065
v -0.19323850 0.27836156 0.53460538
v -0.18397868 0.28229588 0.53283155
v -0.17543939 0.28597271 0.53000253
v -0.16827486 0.28910753 0.52661061
v -0.19263078 0.27640617 0.53451574
v -0.18279839 0.27845949 0.53266382
v -0.17372994 0.28040636 0.52976304
v -0.16613278 0.28209603 0.52629733
v -0.19243194 0.27437350 0.53442687
v -0.18240125 0.27447161 0.53248107
v -0.17314707 0.27461901 0.52949864
v -0.16538866 0.27479142 0.52597773
v -0.19262627 0.27233723 0.53432834
v -0.18278651 0.27047822 0.53229815
v -0.17370884 0.26882350 0.52924055
v -0.16610937 0.26748833 0.52564162
v -0.19322947 0.27038080 0.53424299
v -0.18395595 0.26664793 0.53211570
v -0.17540477 0.26325879 0.52896726
v -0.16823192 0.26047015 0.52531588
v -0.19418722 0.26858273 0.53416085
v -0.18584372 0.26311240 0.53195381
v -0.17814903 0.25812352 0.52872604
v -0.17169717 0.25398836 0.52500129
v -0.19549164 0.26700488 0.53408664
v -0.18838742 0.26001820 0.53180838
v -0.18183826 0.25362456 0.52851099
v -0.17635600 0.24830768 0.52473879
v -0.19706659 0.26571047 0.53402394
v -0.19148511 0.25747722 0.53168321
v -0.18634067 0.24993211 0.52833170
v -0.18203761 0.24365567 0.52450347
v -0.19887485 0.26475003 0.53397524
v -0.19502357 0.25558618 0.53158557
v -0.19147764 0.24719596 0.52819890
v -0.18851751 0.24020252 0.52433527
v -0.20083374 0.26415473 0.53394222
v -0.19886412 0.25442299 0.53153074
v -0.19705006 0.24550128 0.52812248
v -0.19553663 0.23806712 0.52424002
v -0.20286733 0.26395342 0.53393590
v -0.20285484 0.25403559 0.53150505
v -0.20284691 0.24493358 0.52808350
v -0.20284578 0.23734182 0.52420861
v -0.20490028 0.26415965 0.53393453
v -0.20684497 0.25442752 0.53151816
v -0.20864429 0.24550793 0.52810657
v -0.21015455 0.23806809 0.52423501
v -0.20685835 0.26475704 0.53396511
v -0.21068469 0.25559211 0.53157109
v -0.21420844 0.24720132 0.52818072
v -0.21717526 0.24020122 0.52433485
v -0.20866410 0.26572207 0.53400373
v -0.21421458 0.25748795 0.53165370
v -0.21935156 0.24993923 0.52830648
v -0.22365285 0.24365830 0.52449018
v -0.21024081 0.26701477 0.53407323
v -0.21732391 0.26002473 0.53179139
v -0.22385305 0.25363430 0.52847886
v -0.22933091 0.24831672 0.52470464
v -0.21154666 0.26859179 0.53415287
v -0.21987680 0.26311180 0.53195494
v -0.22755186 0.25812384 0.52870750
v -0.23398516 0.25399661 0.52495682
v -0.20287600 0.27435672 0.53509849
v -0.21250685 0.27038872 0.53424215
v -0.22177014 0.26664603 0.53212416
v -0.23030022 0.26325732 0.52894515
v -0.23746030 0.26047066 0.52527410
v -0.21309958 0.27235159 0.53432995
v -0.22293286 0.27048060 0.53228474
v -0.23199840 0.26882505 0.52920389
v -0.23961271 0.26747891 0.52563059
v -0.24793671 0.27496374 0.52160680
v -0.25963867 0.27537304 0.51231980
v -0.26964509 0.27589065 0.50079679
v -0.27709275 0.27646554 0.48812667
v -0.28168324 0.27703062 0.47595736
v -0.28326330 0.27800715 0.45366919
v -0.28174439 0.27899817 0.43132794
v -0.27719599 0.27956980 0.41912118
v -0.26980552 0.28016019 0.40639150
v -0.25984862 0.28070033 0.39480510
v -0.24771903 0.28115430 0.38515413
v -0.23386365 0.28150007 0.37792340
v -0.21884152 0.28172070 0.37344810
v -0.24709223 0.28373876 0.52202940
v -0.25857329 0.28641975 0.51284730
v -0.26839334 0.28888670 0.50142151
v -0.27568850 0.29090443 0.48879001
v -0.28018722 0.29236323 0.47665209
v -0.28172979 0.29364038 0.45437133
v -0.28024766 0.29433146 0.43203771
v -0.27578861 0.29400313 0.41977972
v -0.26853511 0.29315302 0.40697822
v -0.25876495 0.29174227 0.39530820
v -0.24686638 0.28983766 0.38554323
v -0.23329069 0.28747842 0.37819365
v -0.21854809 0.28476921 0.37358278
v -0.24454278 0.29217407 0.52242577
v -0.25537157 0.29705593 0.51334417
v -0.26461333 0.30139080 0.50199586
v -0.27148572 0.30479556 0.48943189
v -0.27572432 0.30710569 0.47731149
v -0.27717906 0.30867389 0.45504701
v -0.27578479 0.30907565 0.43270856
v -0.27158391 0.30789769 0.42040157
v -0.26475269 0.30565649 0.40754414
v -0.25555369 0.30237815 0.39578995
v -0.24434552 0.29818323 0.38592678
v -0.23154773 0.29323331 0.37845320
v -0.21765694 0.28769919 0.37371171
v -0.24040234 0.29995632 0.52278322
v -0.25014740 0.30685613 0.51378697
v -0.25846240 0.31290883 0.50251627
v -0.26464731 0.31759751 0.49000719
v -0.26846430 0.32068771 0.47792974
v -0.26978192 0.32253158 0.45566922
v -0.26852962 0.32265601 0.43330696
v -0.26474974 0.32069752 0.42097929
v -0.25860435 0.31717348 0.40806383
v -0.25032908 0.31217775 0.39623779
v -0.24023834 0.30588269 0.38627174
v -0.22872180 0.29853049 0.37868822
v -0.21621242 0.29040429 0.37382844
v -0.23481306 0.30677074 0.52308905
v -0.24310531 0.31544325 0.51417679
v -0.25018027 0.32300574 0.50295866
v -0.25544152 0.32881480 0.49050510
v -0.25868818 0.33259642 0.47846782
v -0.25981683 0.33466727 0.45620915
v -0.25875351 0.33456671 0.43383142
v -0.25554755 0.33191526 0.42147923
v -0.25032640 0.32727212 0.40852034
v -0.24329101 0.32076702 0.39661509
v -0.23470959 0.31263509 0.38657424
v -0.22490847 0.30318281 0.37889665
v -0.21426496 0.29276422 0.37393254
v -0.22799040 0.31237561 0.52333069
v -0.23451553 0.32248804 0.51447761
v -0.24008249 0.33129060 0.50332451
v -0.24422634 0.33802617 0.49091101
v -0.24678151 0.34237933 0.47889599
v -0.24767853 0.34464657 0.45664781
v -0.24684903 0.34434950 0.43427169
v -0.24433619 0.34112814 0.42188576
v -0.24023579 0.33556134 0.40888131
v -0.23470949 0.32781765 0.39693385
v -0.22796513 0.31817615 0.38682052
v -0.22026414 0.30700347 0.37906608
v -0.21190797 0.29471594 0.37401721
v -0.22020070 0.31652269 0.52350736
v -0.22470787 0.32772604 0.51470542
v -0.22855988 0.33745182 0.50358707
v -0.23142233 0.34486347 0.49120811
v -0.23319975 0.34964713 0.47919849
v -0.23381391 0.35206026 0.45697019
v -0.23326831 0.35161954 0.43460059
v -0.23153673 0.34797126 0.42218617
v -0.22872134 0.34172615 0.40914926
v -0.22491352 0.33305746 0.39715779
v -0.22027016 0.32229641 0.38700220
v -0.21497180 0.30983904 0.37919134
v -0.20920563 0.29615879 0.37407988
v -0.21175481 0.31908870 0.52360129
v -0.21406613 0.33094621 0.51483452
v -0.21604551 0.34124795 0.50374091
v -0.21752398 0.34908962 0.49137574
v -0.21844868 0.35412401 0.47939003
v -0.21878342 0.35661876 0.45716295
v -0.21852264 0.35609713 0.43478367
v -0.21764703 0.35219827 0.42237100
v -0.21621624 0.34552708 0.40930998
v -0.21427833 0.33628693 0.39729583
v -0.21192518 0.32483289 0.38710457
v -0.20921753 0.31159326 0.37926635
v -0.20627537 0.29706088 0.37411863
v -0.20296876 0.31994867 0.52362806
v -0.20300193 0.33203703 0.51486391
v -0.20303576 0.34253547 0.50377387
v -0.20306943 0.35052285 0.49141729
v -0.20310013 0.35564116 0.47944850
v -0.20314990 0.35815632 0.45722759
v -0.20318080 0.35761529 0.43481991
v -0.20319992 0.35363582 0.42241773
v -0.20321773 0.34681955 0.40936199
v -0.20323168 0.33738449 0.39733461
v -0.20323811 0.32570261 0.38714203
v -0.20323648 0.31218332 0.37928852
v -0.20322543 0.29735842 0.37413120
v -0.19417755 0.31908995 0.52356929
v -0.19194099 0.33095917 0.51479381
v -0.19002140 0.34125736 0.50370365
v -0.18861179 0.34910157 0.49132940
v -0.18775129 0.35413828 0.47935271
v -0.18749891 0.35663411 0.45712373
v -0.18783182 0.35611573 0.43474320
v -0.18874879 0.35221890 0.42233390
v -0.19021487 0.34554756 0.40928328
v -0.19217548 0.33630657 0.39727318
v -0.19454889 0.32484892 0.38708931
v -0.19725306 0.31160423 0.37925810
v -0.20017524 0.29706475 0.37411740
v -0.18571797 0.31652763 0.52344644
v -0.18128328 0.32773766 0.51463228
v -0.17749542 0.33746970 0.50351149
v -0.17470263 0.34488815 0.49112242
v -0.17298695 0.34967536 0.47911698
v -0.17244694 0.35209188 0.45688897
v -0.17307043 0.35165572 0.43452179
v -0.17484619 0.34801069 0.42211652
v -0.17769971 0.34176642 0.40909547
v -0.18153699 0.33309576 0.39711583
v -0.18619706 0.32232690 0.38697264
v -0.19149542 0.30985966 0.37917468
v -0.19724381 0.29616791 0.37407658
v -0.17792535 0.31238446 0.52324694
v -0.17146347 0.32250795 0.51437747
v -0.16595548 0.33131900 0.50321478
v -0.16187611 0.33806086 0.49079341
v -0.15938345 0.34242201 0.47877643
v -0.15856746 0.34469485 0.45652980
v -0.15947418 0.34440231 0.43415704
v -0.16203010 0.34118414 0.42178726
v -0.16616960 0.33561850 0.40879992
v -0.17172621 0.32787091 0.39687249
v -0.17848954 0.31822005 0.38677862
v -0.18619376 0.30703369 0.37904316
v -0.19453718 0.29472965 0.37401229
v -0.17108689 0.30679062 0.52298796
v -0.16285324 0.31546921 0.51405501
v -0.15583846 0.32304183 0.50282043
v -0.15063722 0.32886145 0.49036050
v -0.14745225 0.33265567 0.47832197
v -0.14640573 0.33472806 0.45605734
v -0.14754608 0.33463141 0.43368819
v -0.15079822 0.33198547 0.42135134
v -0.15605879 0.32734293 0.40841553
v -0.16312750 0.32083410 0.39653519
v -0.17173027 0.31269073 0.38652024
v -0.18153957 0.30321956 0.37886751
v -0.19217087 0.29278174 0.37392554
v -0.16546813 0.29997453 0.52267641
v -0.15577887 0.30689117 0.51366597
v -0.14752449 0.31295741 0.50236541
v -0.14140269 0.31765619 0.48984218
v -0.13764748 0.32075027 0.47776231
v -0.13641343 0.32260394 0.45548981
v -0.13774301 0.32273245 0.43313882
v -0.14156981 0.32077813 0.42082715
v -0.14775819 0.31725493 0.40793696
v -0.15606804 0.31225401 0.39614236
v -0.16618459 0.30594674 0.38620731
v -0.17771509 0.29857451 0.37865415
v -0.19022450 0.29042447 0.37382171
v -0.16130304 0.29219699 0.52232707
v -0.15051748 0.29709721 0.51322806
v -0.14134210 0.30144715 0.50183904
v -0.13453916 0.30485812 0.48925215
v -0.13036178 0.30717555 0.47712186
v -0.12898754 0.30874527 0.45484751
v -0.13045566 0.30915734 0.43252221
v -0.13470495 0.30798325 0.42023379
v -0.14158292 0.30574396 0.40740213
v -0.15082161 0.30245855 0.39568081
v -0.16206180 0.29825062 0.38585114
v -0.17487949 0.29328114 0.37841177
v -0.18877678 0.28772160 0.37370107
v -0.15871662 0.28376400 0.52194738
v -0.14727664 0.28645989 0.51274723
v -0.13752630 0.28894350 0.50126851
v -0.13029328 0.29096675 0.48860943
v -0.12586527 0.29243374 0.47644973
v -0.12440630 0.29371929 0.45415634
v -0.12596470 0.29441541 0.43183497
v -0.13047236 0.29409146 0.41959614
v -0.13777298 0.29324189 0.40682402
v -0.14758772 0.29182509 0.39518872
v -0.15952222 0.28990686 0.38546121
v -0.17312276 0.28752762 0.37814969
v -0.18788065 0.28479186 0.37357190
v -0.15784046 0.27498737 0.52155995
v -0.14616980 0.27541590 0.51224339
v -0.13622375 0.27594572 0.50066280
v -0.12884837 0.27652934 0.48794255
v -0.12432776 0.27709723 0.47575402
v -0.12284986 0.27808371 0.45344746
v -0.12444280 0.27908096 0.43111256
v -0.12903209 0.27965674 0.41893029
v -0.13647355 0.28024691 0.40623069
v -0.14647895 0.28078070 0.39468068
v -0.15864995 0.28122184 0.38506973
v -0.17253265 0.28154698 0.37787732
v -0.18758374 0.28174251 0.37343678
v -0.15869255 0.26620302 0.52115399
v -0.14725423 0.26435685 0.51172662
v -0.13749783 0.26293635 0.50005782
v -0.13025835 0.26208180 0.48727027
v -0.12582509 0.26175740 0.47502881
v -0.12436470 0.26245284 0.45271283
v -0.12592314 0.26374394 0.43041843
v -0.13043475 0.26521370 0.41826561
v -0.13774033 0.26724517 0.40562564
v -0.14756073 0.26972938 0.39417410
v -0.15950190 0.27253556 0.38466597
v -0.17311005 0.27555999 0.37760633
v -0.18787621 0.27869308 0.37330145
v -0.16125734 0.25776109 0.52076072
v -0.15047121 0.25371194 0.51122177
v -0.14128254 0.25042874 0.49947104
v -0.13446337 0.24817760 0.48662722
v -0.13027965 0.24700087 0.47433016
v -0.12890562 0.24740906 0.45201671
v -0.13037695 0.24898984 0.42974108
v -0.13463248 0.25131595 0.41761926
v -0.14151955 0.25473866 0.40505177
v -0.15076882 0.25909075 0.39368796
v -0.16202165 0.26418746 0.38429296
v -0.17485435 0.26981109 0.37734389
v -0.18876815 0.27575612 0.37317184
v -0.16540550 0.24997273 0.52038938
v -0.15570495 0.24390121 0.51075447
v -0.14743498 0.23889625 0.49893346
v -0.14129722 0.23537526 0.48603141
v -0.13753062 0.23341888 0.47371739
v -0.13629639 0.23354520 0.45137480
v -0.13763149 0.23540951 0.42910394
v -0.14146572 0.23851615 0.41703308
v -0.14766698 0.24321668 0.40452713
v -0.15599184 0.24928749 0.39324895
v -0.16612682 0.25648016 0.38394397
v -0.17767869 0.26451382 0.37710831
v -0.19021204 0.27305791 0.37305358
v -0.17100757 0.24315262 0.52007443
v -0.16275483 0.23530912 0.51035833
v -0.15571979 0.22879127 0.49846378
v -0.15050359 0.22415031 0.48551568
v -0.14730778 0.22149518 0.47317693
v -0.14625955 0.22140139 0.45082203
v -0.14740451 0.22348775 0.42855915
v -0.15066770 0.22728640 0.41652593
v -0.15594332 0.23311444 0.40407804
v -0.16302980 0.24069680 0.39285558
v -0.17165650 0.24972805 0.38364011
v -0.18149295 0.25985789 0.37690023
v -0.19215493 0.27069280 0.37295124
v -0.17783430 0.23755336 0.51980388
v -0.17134415 0.22825685 0.51002485
v -0.16581325 0.22050412 0.49809131
v -0.16171728 0.21493164 0.48509869
v -0.15921494 0.21170373 0.47272581
v -0.15839779 0.21141487 0.45037287
v -0.15930961 0.21369566 0.42812699
v -0.16187730 0.21807525 0.41611490
v -0.16603363 0.22482890 0.40370318
v -0.17161222 0.23364636 0.39254761
v -0.17840277 0.24418853 0.38339370
v -0.18613909 0.25603753 0.37673110
v -0.19451833 0.26874316 0.37286630
v -0.20322436 0.28179166 0.37194219
v -0.18562162 0.23340259 0.51960778
v -0.18114816 0.22302590 0.50978661
v -0.17733584 0.21433665 0.49781382
v -0.17452540 0.20807581 0.48479137
v -0.17280088 0.20442645 0.47239625
v -0.17225951 0.20399898 0.45004800
v -0.17288943 0.20641880 0.42782086
v -0.17467739 0.21122162 0.41581392
v -0.17754965 0.21866259 0.40343377
v -0.18141113 0.22840630 0.39231157
v -0.18610111 0.24007680 0.38321415
v -0.19143473 0.25320399 0.37660792
v -0.19722290 0.26730189 0.37280461
v -0.19406490 0.23083958 0.51948291
v -0.19178772 0.21979348 0.50963879
v -0.18984966 0.21052916 0.49764559
v -0.18842231 0.20384623 0.48460159
v -0.18755443 0.19994210 0.47221458
v -0.18730149 0.19943248 0.44986165
v -0.18764143 0.20193593 0.42763028
v -0.18857178 0.20699053 0.41564471
v -0.19005750 0.21485564 0.40327439
v -0.19204345 0.22517909 0.39217603
v -0.19444829 0.23754358 0.38309994
v -0.19718924 0.25145307 0.37653279
v -0.20015338 0.26640818 0.37276566
v -0.20284985 0.22997265 0.51945090
v -0.20284912 0.21869782 0.50960022
v -0.20285721 0.20924042 0.49758866
v -0.20287564 0.20241591 0.48455358
v -0.20289899 0.19843093 0.47217232
v -0.20294967 0.19787836 0.44982296
v -0.20298830 0.20042261 0.42757040
v -0.20302142 0.20556040 0.41559875
v -0.20305914 0.21356399 0.40323639
v -0.20309892 0.22408447 0.39213958
v -0.20313680 0.23667000 0.38307667
v -0.20317270 0.25087100 0.37651250
v -0.20320451 0.26611179 0.37275121
v -0.21163103 0.23083696 0.51948583
v -0.21391293 0.21978174 0.50966150
v -0.21586743 0.21051887 0.49766570
v -0.21733366 0.20383045 0.48464006
v -0.21825226 0.19992687 0.47225377
v -0.21858825 0.19941777 0.44989961
v -0.21833538 0.20191917 0.42767236
v -0.21747395 0.20697421 0.41568458
v -0.21606302 0.21484110 0.40330556
v -0.21415026 0.22516610 0.39220297
v -0.21182759 0.23753341 0.38311920
v -0.20915577 0.25144637 0.37654340
v -0.20625484 0.26640549 0.37276953
v -0.22007501 0.23339787 0.51961118
v -0.22455655 0.22300257 0.50981677
v -0.22839068 0.21431418 0.49785876
v -0.23124297 0.20804700 0.48486149
v -0.23301540 0.20439488 0.47247601
v -0.23363121 0.20396891 0.45012906
v -0.23309311 0.20638748 0.42790225
v -0.23137508 0.21119094 0.41588917
v -0.22857870 0.21863425 0.40349609
v -0.22479512 0.22838108 0.39236292
v -0.22018035 0.24005660 0.38325128
v -0.21491487 0.25319064 0.37662962
v -0.20918660 0.26729649 0.37281138
v -0.22787037 0.23754629 0.51981133
v -0.23437813 0.22823203 0.51007301
v -0.23992886 0.22047123 0.49816331
v -0.24406290 0.21489185 0.48519212
v -0.24661602 0.21165945 0.47284356
v -0.24751493 0.21137021 0.45049259
v -0.24669194 0.21365000 0.42824692
v -0.24419236 0.21803071 0.41622424
v -0.24010979 0.22478704 0.40379608
v -0.23460540 0.23360880 0.39262116
v -0.22788604 0.24415895 0.38344595
v -0.22021437 0.25601727 0.37676081
v -0.21189161 0.26873484 0.37287554
v -0.23469844 0.24314860 0.52007198
v -0.24297836 0.23528087 0.51041043
v -0.25004628 0.22875093 0.49855924
v -0.25530255 0.22409521 0.48563921
v -0.25854760 0.22144189 0.47332314
v -0.25967780 0.22134602 0.45097786
v -0.25862044 0.22343102 0.42871329
v -0.25542626 0.22722989 0.41666698
v -0.25022006 0.23306043 0.40419722
v -0.24320270 0.24064882 0.39294782
v -0.23464303 0.24968863 0.38370481
v -0.22486722 0.25983089 0.37693810
v -0.21425153 0.27068192 0.37296298
v -0.24028912 0.24997488 0.52037120
v -0.25004593 0.24386793 0.51081955
v -0.25835606 0.23884736 0.49905226
v -0.26454160 0.23531677 0.48618621
v -0.26835766 0.23335668 0.47389451
v -0.26967266 0.23348130 0.45156276
v -0.26842558 0.23534358 0.42928907
v -0.26465526 0.23844939 0.41719931
v -0.25852114 0.24315163 0.40466774
v -0.25026047 0.24922864 0.39335662
v -0.24018751 0.25643247 0.38401863
v -0.22869022 0.26448041 0.37715119
v -0.21620239 0.27304372 0.37306690
v -0.24445193 0.25775787 0.52074564
v -0.25528657 0.25367796 0.51128060
v -0.26453906 0.25036776 0.49960324
v -0.27141815 0.24811266 0.48680490
v -0.27565274 0.24693362 0.47453719
v -0.27710316 0.24734728 0.45222381
v -0.27571556 0.24891721 0.42994422
v -0.27152044 0.25124049 0.41780144
v -0.26469693 0.25466463 0.40520665
v -0.25550798 0.25902247 0.39380774
v -0.24431099 0.26413020 0.38437709
v -0.23152661 0.26977074 0.37739521
v -0.21765035 0.27573827 0.37318724
v -0.24703908 0.26618779 0.52116394
v -0.25851738 0.26431909 0.51178807
v -0.26834130 0.26288185 0.50019014
v -0.27564794 0.26201773 0.48745340
v -0.28014943 0.26169062 0.47524127
v -0.28169221 0.26238111 0.45293245
v -0.28021356 0.26366550 0.43063104
v -0.27575630 0.26513103 0.41845682
v -0.26850703 0.26716375 0.40578660
v -0.25874174 0.26965332 0.39429978
v -0.24684879 0.27247217 0.38475338
v -0.23328008 0.27551535 0.37765425
v -0.21854465 0.27867243 0.37331572
f 4 2 1
f 8 6 5
f 13 15 14
f 17 19 18
f 32 30 29
f 36 34 33
f 37 39 38
f 21 23 20
f 25 27 24
f 41 43 42
f 48 46 45
f 52 50 49
f 53 55 54
f 60 58 57
f 29 62 61
f 66 64 63
f 67 6 68
f 72 70 69
f 76 74 73
f 77 79 78
f 81 83 82
f 59 86 85
f 88 90 89
f 96 94 93
f 100 98 97
f 101 103 102
f 106 34 87
f 108 115 107
f 117 36 118
f 124 126 125
f 131 129 128
f 132 134 133
f 142 140 139
f 148 60 147
f 144 127 124
f 149 151 150
f 156 154 153
f 159 158 157
f 116 164 105
f 171 169 168
f 174 173 172
f 179 181 180
f 186 188 187
f 194 196 195
f 199 139 198
f 206 208 207
f 213 211 210
f 202 214 201
f 96 216 54
f 92 43 44
f 97 246 100
f 250 229 228
f 252 58 253
f 258 256 255
f 260 229 259
f 110 112 113
f 114 263 109
f 265 267 266
f 56 270 269
f 274 249 250
f 185 63 64
f 280 278 276
f 285 283 157
f 288 211 212
f 141 92 46
f 289 175 176
f 148 105 106
f 312 170 171
f 238 42 43
f 318 160 317
f 310 308 307
f 241 325 324
f 160 240 317
f 47 307 308
f 108 315 164
f 345 86 119
f 348 350 349
f 356 358 357
f 355 353 352
f 363 32 362
f 149 150 176
f 364 253 365
f 366 368 367
f 183 371 63
f 163 161 160
f 209 101 208
f 378 165 166
f 379 381 380
f 383 3 4
f 284 386 385
f 387 389 388
f 391 229 249
f 73 397 396
f 405 407 406
f 203 411 410
f 414 413 412
f 1 357 4
f 277 131 275
f 254 57 58
f 358 415 351
f 417 386 408
f 401 192 420
f 419 127 143
f 421 182 422
f 103 302 409
f 428 368 174
f 380 359 356
f 62 266 323
f 140 431 430
f 357 351 348
f 356 379 380
f 415 403 434
f 437 436 435
f 438 440 439
f 188 450 449
f 452 454 453
f 265 181 421
f 224 64 225
f 237 213 427
f 275 128 458
f 281 460 459
f 50 79 461
f 73 282 281
f 468 466 465
f 390 352 359
f 482 484 483
f 489 487 486
f 493 495 494
f 472 470 469
f 502 500 499
f 220 222 223
f 512 143 66
f 518 511 80
f 513 230 286
f 205 31 244
f 189 451 188
f 163 532 8
f 533 225 251
f 446 447 412
f 335 540 334
f 544 546 545
f 329 291 292
f 199 262 238
f 385 416 550
f 532 191 247
f 363 118 243
f 236 237 250
f 578 580 579
f 573 571 570
f 561 562 272
f 241 259 240
f 590 592 591
f 545 595 594
f 503 155 504
f 606 624 623
f 478 480 479
f 646 648 647
f 590 689 684
f 564 651 650
f 728 184 727
f 714 716 715
f 692 575 693
f 541 581 578
f 346 248 400
f 161 230 160
f 128 94 95
f 698 704 703
f 574 576 575
f 290 401 328
f 630 725 726
f 733 735 734
f 755 496 493
f 759 481 760
f 757 762 761
f 764 466 467
f 768 3808 3809
f 759 488 489
f 492 475 771
f 474 769 473
f 773 465 772
f 771 486 483
f 484 775 491
f 774 489 486
f 495 764 756
f 495 761 494
f 137 784 136
f 325 797 547
f 165 51 52
f 369 29 370
f 730 568 569
f 90 301 89
f 243 516 242
f 800 806 805
f 817 808 816
f 816 823 822
f 306 447 807
f 815 809 808
f 829 828 825
f 726 501 502
f 274 424 423
f 879 881 880
f 884 879 885
f 219 217 211
f 906 904 897
f 455 205 542
f 898 830 829
f 903 880 881
f 906 897 898
f 377 519 165
f 923 948 946
f 946 951 950
f 3519 739 3517
f 900 886 880
f 225 65 144
f 182 442 422
f 809 947 824
f 954 962 961
f 927 965 966
f 885 880 886
f 925 966 967
f 343 341 340
f 965 971 968
f 968 970 969
f 972 969 973
f 963 981 978
f 336 338 339
f 992 827 828
f 810 996 959
f 1007 1002 1008
f 1012 827 1009
f 1011 1007 1008
f 294 292 291
f 907 920 919
f 1017 1019 1018
f 1020 1022 1021
f 1035 1020 1044
f 1061 1047 1046
f 1063 1046 1062
f 1044 1021 1045
f 1102 1097 1109
f 1116 1118 1117
f 1016 1014 1013
f 881 904 903
f 816 1127 817
f 1094 949 1097
f 514 167 515
f 146 81 82
f 1133 1130 1129
f 1102 1126 822
f 822 1116 816
f 1145 1148 1136
f 1076 1151 1069
f 1148 1086 1087
f 1109 1114 1136
f 1154 1156 1155
f 1153 967 1156
f 3464 463 3714
f 1144 1152 1151
f 1156 1163 1162
f 1164 1169 1165
f 1145 1176 1147
f 1114 1154 1171
f 1183 1164 1177
f 1184 1177 1185
f 1069 1062 1064
f 1023 1194 1022
f 1162 1170 1169
f 1195 1185 1191
f 1183 1176 1155
f 1201 1152 1196
f 1061 1201 1202
f 3825 843 3836
f 1203 1195 1034
f 1202 1184 1195
f 1218 1203 1217
f 1060 1202 1203
f 1225 1217 1219
f 671 694 670
f 1219 1024 1035
f 1217 1034 1024
f 1226 1015 1227
f 1243 1234 1233
f 1231 1229 1228
f 847 1233 843
f 843 1244 878
f 1233 1245 1244
f 1923 233 216
f 2100 499 500
f 3914 2135 3900
f 61 323 505
f 210 217 457
f 1299 1309 1300
f 3863 1231 3862
f 1066 1321 1322
f 1322 1228 1229
f 1060 1321 1047
f 1325 1323 1310
f 1244 1332 1330
f 1290 1242 1288
f 1337 1339 1338
f 1330 1340 1339
f 1341 1245 1294
f 1342 1332 1341
f 1343 1341 1344
f 1344 1294 1293
f 3857 1345 1346
f 1347 1342 1343
f 3856 1295 1345
f 1349 1348 1347
f 3861 1347 3853
f 3853 1343 3857
f 906 829 1353
f 905 1353 1354
f 865 1355 1357
f 1355 829 825
f 1357 825 826
f 1356 1353 1355
f 3834 1338 3833
f 866 1356 865
f 1358 1354 1356
f 3828 1337 3834
f 838 1012 841
f 1363 1338 1339
f 1368 1339 1340
f 1348 1340 1342
f 1371 3824 3829
f 524 526 523
f 528 530 527
f 1372 1369 1371
f 535 537 538
f 1367 1348 1350
f 1370 1359 1369
f 1369 3833 3824
f 1373 903 904
f 555 557 558
f 1374 910 1373
f 1373 905 1375
f 1374 1375 1376
f 1375 1354 1370
f 1378 908 1377
f 376 651 1387
f 1388 973 969
f 586 588 585
f 1390 1388 1391
f 1391 969 970
f 597 599 596
f 600 602 603
f 1392 970 979
f 608 610 607
f 612 523 611
f 614 616 613
f 617 25 24
f 620 622 619
f 1397 1391 1392
f 1398 1392 1399
f 1400 920 1378
f 1402 1165 1169
f 636 638 635
f 930 1402 929
f 641 643 644
f 929 1169 1170
f 1404 1403 1402
f 1411 1365 1406
f 1412 1415 1414
f 652 654 655
f 609 657 658
f 659 661 662
f 558 586 585
f 665 667 664
f 1413 1406 1412
f 1418 3810 3813
f 1417 1371 1416
f 1416 3829 3810
f 1419 1416 1418
f 1386 1374 1420
f 677 679 676
f 1385 1420 1421
f 1420 1376 1422
f 685 687 688
f 1421 1422 1423
f 528 691 658
f 1422 1372 1417
f 1018 747 1425
f 699 701 702
f 1424 579 1017
f 3663 1767 3660
f 700 711 712
f 1093 3754 1571
f 717 530 719
f 721 723 720
f 704 3543 3554
f 19 1426 1430
f 1429 1427 1426
f 1658 3542 3544
f 1439 1434 1438
f 1437 1435 1434
f 1426 1433 1432
f 1442 1432 1440
f 742 744 745
f 1432 1441 1440
f 751 753 750
f 1438 1403 1405
f 1446 1444 1443
f 1447 1446 1443
f 3860 1443 3848
f 1415 1445 1446
f 1414 1446 1448
f 2173 469 470
f 777 779 686
f 780 782 783
f 1676 1806 1675
f 3859 1349 3861
f 789 791 788
f 745 793 742
f 652 795 653
f 1455 1457 1456
f 1454 1350 1452
f 610 802 801
f 3831 698 703
f 1352 1045 1351
f 1015 1459 1460
f 811 813 814
f 2118 3817 2117
f 819 821 818
f 1466 1194 1190
f 1467 1465 1466
f 1182 1468 1467
f 832 833 831
f 835 837 834
f 1467 1190 1182
f 1469 1444 1445
f 840 712 690
f 1453 1469 1454
f 599 845 846
f 1226 3849 3855
f 851 853 850
f 855 856 854
f 858 860 857
f 861 863 864
f 1014 3855 3858
f 867 868 869
f 870 872 873
f 874 876 877
f 1310 1471 1309
f 1476 1427 1475
f 1461 1475 1460
f 887 889 890
f 788 892 891
f 894 896 893
f 1460 1227 1015
f 901 524 612
f 1465 1477 1464
f 1865 3500 1864
f 911 913 914
f 916 918 915
f 1850 3507 1851
f 921 895 894
f 1479 1436 1478
f 926 667 601
f 1481 563 1480
f 269 84 1482
f 931 933 916
f 934 614 869
f 936 688 937
f 938 662 939
f 1484 122 123
f 941 835 834
f 320 509 510
f 1849 3505 1850
f 84 1484 83
f 1487 1488 539
f 1757 3502 3509
f 365 1491 364
f 461 80 511
f 117 362 1496
f 1494 541 1495
f 926 957 958
f 1477 1433 1476
f 1709 1585 1700
f 119 1496 345
f 271 504 156
f 511 189 186
f 345 1492 365
f 255 344 254
f 57 299 132
f 1501 268 1500
f 267 1499 145
f 974 976 977
f 1678 1693 1676
f 3846 1807 3840
f 557 663 558
f 983 984 985
f 1443 3849 3848
f 421 268 265
f 989 991 988
f 1490 418 1504
f 279 309 310
f 997 676 679
f 998 999 875
f 1504 38 1505
f 1506 1507 1486
f 360 1508 1506
f 1506 207 360
f 939 1006 938
f 270 1483 269
f 66 546 512
f 1010 793 935
f 367 437 1509
f 244 363 243
f 1670 3534 1669
f 209 1510 226
f 235 1512 1511
f 1511 234 235
f 388 426 425
f 427 250 237
f 161 521 231
f 100 45 44
f 1025 608 1027
f 1029 1031 1028
f 939 1033 1032
f 41 594 99
f 1036 783 1037
f 702 1038 1039
f 1040 1042 1043
f 362 369 1493
f 187 477 186
f 70 539 198
f 1511 1521 234
f 1049 603 1048
f 613 869 614
f 860 1051 857
f 1005 1053 1006
f 753 1056 1054
f 1057 1059 1055
f 293 1522 292
f 288 1521 1522
f 292 1523 329
f 331 1508 1524
f 306 453 305
f 100 41 99
f 462 78 79
f 330 1524 462
f 635 1068 636
f 1485 1526 1528
f 206 1528 1510
f 1070 1072 831
f 942 1073 1074
f 916 1075 917
f 440 1530 439
f 157 1514 285
f 1529 5 1530
f 371 546 63
f 790 663 791
f 1077 857 1078
f 1403 1435 1165
f 1080 1082 1079
f 531 1529 440
f 21 1084 1085
f 272 1531 561
f 137 396 397
f 690 802 691
f 335 3567 581
f 1090 1029 1091
f 1092 794 1042
f 1533 137 138
f 661 1095 1096
f 69 445 72
f 1099 1101 1098
f 38 1536 1505
f 1104 1106 1103
f 852 1108 853
f 1377 909 1386
f 291 411 294
f 316 516 33
f 539 1533 534
f 1505 316 313
f 1110 1112 1113
f 1539 460 264
f 522 1537 1539
f 834 1120 1119
f 1122 1124 1121
f 612 1041 901
f 935 615 614
f 276 130 131
f 1686 3522 1685
f 193 1541 273
f 231 1540 287
f 556 982 557
f 365 85 345
f 190 318 1541
f 1810 3574 3528
f 3924 3512 3791
f 1132 985 1131
f 208 102 132
f 1134 662 661
f 1491 80 77
f 429 1542 147
f 1137 915 918
f 172 428 174
f 1139 1141 1142
f 549 54 55
f 1517 1518 296
f 976 1146 938
f 834 984 941
f 1543 286 115
f 1544 239 513
f 133 1544 1542
f 506 257 258
f 420 328 401
f 1158 1160 1157
f 587 1103 588
f 1513 1514 151
f 607 1027 608
f 304 1545 303
f 364 77 506
f 69 198 139
f 1006 976 938
f 700 1112 701
f 3877 3525 3787
f 1166 657 656
f 1167 858 1077
f 1300 3524 1299
f 1172 1174 1175
f 218 200 217
f 1179 1181 1178
f 372 97 98
f 89 227 88
f 1186 1188 1189
f 172 1517 1549
f 1482 81 1498
f 1090 1193 1030
f 394 353 1551
f 526 1198 1197
f 811 858 812
f 1199 1026 1025
f 606 697 696
f 1204 1206 743
f 1207 523 526
f 1209 867 613
f 914 685 936
f 1478 1441 1477
f 1029 1161 1091
f 1211 1213 1214
f 3858 1451 3859
f 844 1216 845
f 423 273 274
f 1220 1222 1083
f 22 1224 23
f 882 897 881
f 1519 173 387
f 1189 1232 1178
f 349 550 416
f 1071 1236 1072
f 1237 1239 745
f 1221 1189 1240
f 1510 1512 333
f 939 1241 1005
f 1556 5 67
f 1553 394 1551
f 404 67 347
f 1247 1249 1246
f 142 238 92
f 1251 635 1250
f 850 1253 851
f 1254 1077 1255
f 57 133 429
f 443 552 551
f 1187 1175 1188
f 1256 831 833
f 432 382 383
f 741 747 746
f 434 351 415
f 349 383 348
f 251 1481 1480
f 395 352 353
f 1518 1550 1551
f 1558 378 340
f 109 314 315
f 285 1513 407
f 395 393 392
f 202 410 1558
f 417 405 432
f 1246 1258 1247
f 3 297 2
f 1259 1261 1262
f 403 347 284
f 955 953 952
f 462 51 330
f 1096 687 1263
f 429 60 57
f 896 1265 932
f 1267 1268 1266
f 423 327 420
f 37 180 40
f 20 1187 1186
f 1256 1071 1070
f 155 156 504
f 1188 1269 1232
f 1236 1271 1262
f 1272 535 621
f 565 463 464
f 1273 745 1239
f 876 1255 1274
f 316 164 315
f 437 503 1509
f 194 1495 197
f 1275 864 863
f 624 631 630
f 1277 1137 1278
f 569 567 566
f 1481 125 366
f 324 547 326
f 1279 1107 1280
f 1525 329 1523
f 1281 1137 918
f 171 1553 1552
f 1488 396 1533
f 1557 1562 1559
f 1282 1206 1205
f 1053 1278 1281
f 778 607 1283
f 713 3566 3569
f 251 144 124
f 4 348 383
f 709 707 706
f 728 45 246
f 261 1563 544
f 789 1287 790
f 74 263 282
f 403 385 434
f 1178 1240 1189
f 1223 1289 1224
f 158 150 151
f 1220 1186 1221
f 296 354 433
f 784 1538 1566
f 1181 1291 1222
f 1269 1257 1246
f 1566 438 399
f 136 1566 1564
f 1563 169 1565
f 107 109 108
f 1297 1298 1296
f 1464 1476 1461
f 1520 507 508
f 1301 1303 1304
f 1306 1308 1305
f 175 1532 272
f 1532 200 201
f 1311 1312 1313
f 872 1315 1316
f 1317 1318 1319
f 3836 878 3828
f 1305 864 1276
f 1040 863 1320
f 1564 399 169
f 592 1575 591
f 591 1088 689
f 1581 1583 1582
f 1196 1147 1176
f 710 583 713
f 285 408 386
f 953 961 963
f 1594 1589 1593
f 1585 1587 1586
f 1592 1590 1589
f 3885 944 3899
f 1600 1598 1597
f 1604 1602 1601
f 1399 979 980
f 1589 1596 1595
f 1610 1608 1607
f 298 361 360
f 551 276 277
f 1627 3814 3819
f 859 818 860
f 1078 1328 1329
f 1555 1530 1556
f 572 680 681
f 772 776 774
f 977 918 917
f 404 392 393
f 1054 750 753
f 1644 1643 1642
f 932 1082 933
f 1067 1334 1068
f 1540 264 114
f 597 643 1336
f 471 762 470
f 1642 3831 3842
f 1644 3842 3843
f 923 950 927
f 96 548 95
f 520 522 521
f 445 443 442
f 849 848 842
f 480 755 493
f 1646 481 1639
f 311 1567 170
f 464 3497 3495
f 3497 1361 3495
f 234 236 235
f 190 192 191
f 153 152 149
f 231 286 230
f 1552 1551 1550
f 760 1648 488
f 3832 1649 3830
f 828 826 825
f 52 166 165
f 1663 1661 1660
f 287 115 286
f 668 670 669
f 634 640 639
f 553 559 554
f 118 33 516
f 492 491 490
f 3552 1651 3553
f 582 584 583
f 384 392 415
f 1381 1383 1380
f 1562 435 436
f 952 951 947
f 3529 583 584
f 1660 1667 1666
f 1394 1396 1393
f 1660 1664 1663
f 1671 1669 1668
f 1624 1673 1672
f 1407 1409 1410
f 1677 1675 1674
f 1613 1677 1625
f 1679 1676 1677
f 1626 3811 3814
f 534 198 539
f 176 150 159
f 803 734 800
f 400 191 192
f 65 143 144
f 3526 1656 3540
f 402 157 283
f 629 627 626
f 461 49 50
f 758 495 756
f 796 786 785
f 406 1513 1560
f 342 166 167
f 1694 1658 1695
f 1692 1694 1696
f 3557 1652 3552
f 3921 1703 3923
f 326 302 90
f 3916 1702 1706
f 3919 1698 1701
f 1699 3927 3918
f 1557 1560 1561
f 1127 1117 1128
f 400 289 346
f 1706 1707 1708
f 1707 1599 1600
f 1709 1708 1588
f 1714 1711 1713
f 3919 1709 1700
f 1704 1577 1703
f 1716 1713 1715
f 1559 1549 297
f 1722 1720 1719
f 1335 596 1489
f 410 377 378
f 973 1163 972
f 168 399 398
f 1571 1089 1093
f 1572 682 1571
f 749 647 754
f 1730 1723 1729
f 1594 1729 1592
f 1729 1591 1592
f 1731 1730 1583
f 1384 1377 1379
f 1732 1712 1714
f 1724 1731 1732
f 1712 1731 1580
f 1722 1732 1733
f 1721 1733 1734
f 1734 1716 1717
f 1735 1736 1697
f 1733 1714 1716
f 1663 1741 1668
f 1742 1740 1743
f 1738 1737 1735
f 1665 1666 1740
f 1665 1744 1664
f 1725 1746 1745
f 1591 1745 1590
f 1590 1747 1596
f 1745 1748 1747
f 1659 3538 3542
f 3287 3545 3282
f 1185 1182 1190
f 1664 1749 1741
f 1741 1739 1738
f 1746 1743 1748
f 1726 1742 1746
f 1153 924 925
f 1115 1153 1154
f 1654 3575 1655
f 1896 3549 1686
f 1720 1744 1726
f 1721 1749 1720
f 1750 1701 1698
f 1697 1750 1696
f 1151 1063 1062
f 1751 1670 1671
f 1695 1752 1751
f 961 986 981
f 1770 1768 1767
f 1766 1593 1765
f 1731 1579 1580
f 1579 1774 1578
f 3928 1771 3929
f 1764 3928 3917
f 1777 1775 1774
f 3762 1699 1700
f 1004 1128 1003
f 1774 1771 1772
f 987 1399 980
f 1578 1772 1764
f 1783 1781 1778
f 1597 1770 1767
f 639 3895 3884
f 3928 1769 1770
f 1793 1789 1788
f 3929 1798 1769
f 3508 3773 1806
f 1802 3924 3922
f 1788 1794 1793
f 1793 1795 1776
f 3773 1675 1806
f 1584 1783 1789
f 1771 3920 3929
f 1801 1798 1800
f 1768 1798 1799
f 1775 1797 1771
f 508 515 1520
f 1796 1802 1797
f 1800 3920 3922
f 1794 1804 1795
f 3532 1752 3547
f 485 1807 775
f 3809 1640 768
f 3837 1810 1653
f 485 1640 1808
f 1690 3770 3772
f 487 1648 1811
f 3839 1816 3822
f 3838 1648 3830
f 3839 1811 3838
f 1812 487 1811
f 1641 767 768
f 465 755 776
f 767 3823 3808
f 3822 3826 3847
f 1809 1815 767
f 3837 1651 3840
f 675 3541 3496
f 1814 1822 1821
f 1821 3821 3820
f 1824 1649 1825
f 1827 1850 1805
f 1668 1662 1663
f 1779 1848 1828
f 1790 1805 1794
f 1833 1853 1852
f 3521 693 575
f 1614 1616 1617
f 1852 3498 3501
f 1620 1622 1623
f 1855 1574 1861
f 1847 3501 3513
f 1766 1855 1782
f 1629 1631 1628
f 1633 1634 1632
f 1635 1637 1638
f 1848 1852 1847
f 1855 1863 1862
f 1803 1867 1802
f 1862 1831 1832
f 1782 1862 1781
f 3922 1865 1800
f 1873 1870 1869
f 1874 799 804
f 2045 3897 2044
f 1219 1295 1225
f 1615 1396 1395
f 3884 1877 1876
f 645 3786 3559
f 1345 1035 1346
f 634 3884 3880
f 15 1327 14
f 3910 1878 1893
f 1894 605 1893
f 3506 627 693
f 3560 645 3559
f 340 454 1558
f 1897 195 1898
f 1889 1877 1890
f 1901 129 1900
f 196 754 232
f 1705 3921 3916
f 340 166 343
f 1570 563 561
f 1904 194 1897
f 1781 1832 1780
f 1905 55 1906
f 1000 995 996
f 986 920 987
f 1191 1190 1194
f 2094 2075 2093
f 1920 1919 1915
f 453 1912 1911
f 1915 1918 1916
f 3882 2106 3901
f 1655 3531 1868
f 1916 1926 1925
f 704 3561 703
f 278 1925 1900
f 3565 1818 1820
f 1097 1115 1114
f 1927 727 1923
f 3578 3654 3758
f 1920 307 1929
f 1929 48 728
f 503 1497 1509
f 1902 787 796
f 1816 3820 3826
f 1925 1923 1924
f 1535 1568 1534
f 254 258 255
f 1509 366 367
f 119 35 36
f 219 293 294
f 141 47 431
f 542 244 245
f 1940 430 431
f 1779 1827 1790
f 1701 3915 3919
f 1661 3515 1667
f 270 754 647
f 197 749 196
f 1727 1212 1211
f 53 232 754
f 1465 1479 1478
f 1284 3854 1293
f 1951 412 413
f 168 1554 1553
f 1486 206 207
f 506 78 361
f 994 1007 993
f 951 963 964
f 1013 3861 1351
f 3826 1820 1818
f 1498 1954 1482
f 299 543 132
f 1754 1756 1753
f 1681 1683 1682
f 1696 1695 1697
f 13 738 737
f 473 475 474
f 482 768 1640
f 204 30 205
f 1761 820 819
f 611 1125 612
f 1501 1908 1909
f 1074 711 699
f 1960 82 83
f 120 1960 123
f 35 87 34
f 1773 1025 1031
f 1965 1569 1535
f 494 471 479
f 1966 1969 1968
f 446 1971 1967
f 174 125 126
f 1580 1578 1577
f 1785 1787 1784
f 1972 304 305
f 1254 875 999
f 1973 342 514
f 321 1973 509
f 1910 275 1907
f 509 514 508
f 1486 1527 1485
f 1974 804 1975
f 1977 1974 1978
f 1980 1966 1981
f 379 2 295
f 1718 1710 1701
f 884 992 883
f 1680 1678 1679
f 902 525 524
f 344 256 299
f 135 137 136
f 236 228 333
f 448 1967 1966
f 589 604 584
f 910 908 907
f 1981 1968 1987
f 1982 1987 1979
f 1988 1987 1989
f 1990 1989 1991
f 1991 1993 1992
f 322 320 319
f 992 830 883
f 1144 1086 1143
f 1995 1978 1994
f 1133 1118 1126
f 1997 1994 1996
f 870 1335 1489
f 805 1982 1998
f 727 2000 1999
f 1996 1988 1990
f 1994 1979 1988
f 1829 792 1273
f 1830 941 983
f 798 800 799
f 729 731 730
f 2011 2023 2022
f 1834 846 1159
f 402 284 347
f 2022 2024 2025
f 1838 989 988
f 810 952 809
f 1823 1840 644
f 1430 1432 1431
f 1215 1841 1079
f 149 176 177
f 1316 873 872
f 2112 1384 2106
f 1842 1844 1845
f 1159 845 1160
f 837 1846 1120
f 1971 2030 2027
f 517 370 189
f 858 833 812
f 1471 2027 1888
f 3551 626 627
f 2174 770 490
f 935 1854 1010
f 1613 1611 1618
f 1231 1225 1295
f 1856 891 892
f 1300 748 741
f 1150 1858 1859
f 1643 696 1642
f 1215 1264 1216
f 1320 902 901
f 1956 1944 1960
f 2031 669 1474
f 2034 1310 1299
f 1879 1656 1657
f 40 242 39
f 1992 2039 1456
f 888 957 889
f 1882 1996 1990
f 1078 1255 1077
f 1871 1192 1090
f 294 218 219
f 1323 2026 1471
f 123 83 1484
f 1324 2041 1323
f 384 359 352
f 1324 2038 2036
f 1883 1885 1829
f 287 114 107
f 1096 1134 661
f 915 931 916
f 806 1981 1982
f 3533 584 604
f 1425 2042 1018
f 1018 1948 1017
f 3562 740 3519
f 1948 649 646
f 1881 1990 1991
f 1900 130 278
f 992 994 993
f 923 925 924
f 3878 2047 3876
f 1643 625 606
f 2050 2051 2049
f 2045 1404 2047
f 3876 945 3885
f 1139 1079 1841
f 1037 892 982
f 2055 2057 2056
f 1198 718 717
f 1619 1612 1611
f 2058 1606 2059
f 2059 1607 2058
f 2058 1624 1605
f 71 179 37
f 405 1557 382
f 976 1006 977
f 322 1972 1911
f 2061 2063 2062
f 2066 2067 1825
f 2052 2064 2051
f 1609 2066 1647
f 1515 152 1516
f 1009 993 1007
f 1644 3815 2118
f 279 1916 278
f 1285 3862 1284
f 1647 1825 1649
f 2056 2067 2065
f 319 1953 1952
f 667 1913 1914
f 2070 625 2048
f 2052 2055 2063
f 2038 1655 1458
f 1606 2073 2072
f 1235 1270 1236
f 2072 2075 2074
f 2059 2072 2062
f 2074 2077 2076
f 1601 2078 2073
f 2049 1643 1645
f 1000 1001 994
f 1089 684 689
f 1931 1306 1930
f 1462 1021 1022
f 1932 1934 1935
f 875 1846 998
f 1936 1937 1938
f 44 46 92
f 1534 1956 120
f 1541 317 391
f 2081 2084 2083
f 146 1959 300
f 1360 1942 1361
f 985 1032 1033
f 1995 1892 2043
f 2079 2082 2081
f 2095 2076 2077
f 2081 2078 2079
f 2055 2054 2053
f 501 2095 500
f 2097 2099 2098
f 2098 2094 2083
f 2140 3893 3866
f 2141 3894 3893
f 2051 2048 2049
f 592 2101 1576
f 2071 2076 2096
f 2102 2098 2101
f 593 2102 592
f 1019 746 747
f 1950 12 1327
f 725 2096 501
f 1385 2104 1379
f 1379 2106 1384
f 2107 2100 2097
f 3908 502 3896
f 3896 499 3901
f 940 2109 944
f 928 1170 973
f 3868 684 3899
f 1962 1964 1961
f 3878 573 3897
f 2039 1968 1969
f 1389 2110 2109
f 1398 2113 1397
f 3757 3753 3743
f 3911 2107 2103
f 949 924 1115
f 260 324 326
f 1390 2113 2110
f 2070 2064 2071
f 3867 2103 593
f 2105 1421 2114
f 2114 1423 2115
f 3892 2115 3903
f 3908 2114 3892
f 554 1902 553
f 972 967 966
f 1765 1573 1574
f 1984 1986 1983
f 2053 2069 2057
f 3573 724 714
f 1625 1674 1673
f 3881 2119 2122
f 3903 2123 3904
f 56 1906 55
f 626 3879 629
f 2001 2003 2004
f 3912 2127 3907
f 2006 2008 2009
f 2127 1412 2128
f 2014 2016 2017
f 2018 2020 2021
f 1495 1947 197
f 1379 1386 1385
f 3814 1680 1618
f 2029 1884 2028
f 3902 2120 3887
f 629 3914 3872
f 682 943 1089
f 724 2121 716
f 1757 3821 3845
f 765 3844 3809
f 3851 715 3852
f 706 3870 3872
f 981 987 980
f 1457 1656 1880
f 2017 2032 2033
f 1458 1868 1457
f 1776 1792 1793
f 1959 1946 1958
f 3663 3725 3661
f 3913 2122 3850
f 1093 689 1088
f 966 968 972
f 3852 3881 3913
f 2172 2170 2171
f 670 2137 669
f 3761 1903 233
f 1429 28 1449
f 964 978 971
f 3841 1413 2127
f 1473 669 2137
f 3834 1359 1358
f 2138 1870 2137
f 1872 2137 1870
f 715 3888 3881
f 1881 1992 1880
f 3843 739 740
f 1837 3513 3514
f 253 59 85
f 1808 3840 1807
f 1647 3818 1609
f 3865 671 668
f 2112 3883 2111
f 1405 2044 1438
f 3829 1364 1366
f 273 391 249
f 576 3520 3555
f 3875 668 2031
f 1430 2140 2139
f 2136 3860 28
f 1430 18 19
f 3893 570 695
f 1442 2046 2141
f 1431 2141 2140
f 3869 3850 2136
f 3808 1817 766
f 3866 695 671
f 2142 798 2138
f 571 2142 694
f 3819 1618 1611
f 2143 2025 2142
f 694 2138 670
f 681 2144 572
f 2144 2022 2143
f 328 457 290
f 1572 2011 2144
f 630 3903 624
f 2085 2087 2088
f 2090 2092 2089
f 572 2143 571
f 1875 2153 2149
f 1873 2149 2154
f 2103 2097 2102
f 2157 2155 2156
f 2128 1414 2120
f 3874 589 582
f 3872 628 629
f 2149 2158 2159
f 2159 3905 3890
f 698 3902 705
f 3823 3827 1817
f 2158 3874 3905
f 1438 2046 1439
f 2035 2160 2161
f 2161 3889 3886
f 3871 605 589
f 3873 18 3875
f 370 61 451
f 649 413 648
f 2153 2156 2158
f 1428 1449 1450
f 1490 73 1488
f 3890 710 633
f 2155 3891 3871
f 1456 1880 1992
f 2125 2087 2124
f 2160 3890 3889
f 300 505 323
f 1064 1046 1065
f 2043 1891 2155
f 2129 2004 2003
f 2131 2133 2134
f 3848 1450 1449
f 1998 804 805
f 3879 3864 3914
f 474 490 770
f 1164 1182 1177
f 707 3909 3870
f 708 2162 707
f 2162 3886 3909
f 548 1905 458
f 1145 1114 1171
f 705 1650 704
f 2043 1977 1995
f 737 554 559
f 1034 1191 1023
f 458 1907 275
f 195 232 233
f 2040 1969 1970
f 2145 2147 2148
f 2054 2049 1645
f 3832 1639 3818
f 9 11 10
f 252 506 258
f 472 479 471
f 1865 3791 3503
f 900 910 907
f 1941 2151 1942
f 1921 1927 1919
f 2163 1898 2116
f 271 153 178
f 1904 12 9
f 282 264 460
f 1872 2154 2035
f 1326 1897 2163
f 628 693 627
f 1724 1719 1723
f 1549 436 172
f 1582 1730 1729
f 1921 1929 1928
f 3563 10 11
f 2152 1950 1949
f 475 774 771
f 769 2171 473
f 2171 476 473
f 476 772 475
f 1791 464 1760
f 2166 2168 2169
f 595 372 98
f 483 1641 482
f 762 2173 470
f 771 484 492
f 486 1809 483
f 297 1517 296
f 763 2174 762
f 776 759 489
f 184 2176 2000
f 412 303 414
f 2005 185 224
f 3811 1682 3846
f 2164 756 764
f 1472 2161 2162
f 950 964 965
f 2177 2179 2180
f 227 1510 333
f 764 467 2164
f 2182 2184 2181
f 2186 2018 2185
f 1985 2181 1986
f 214 729 1531
f 1545 1546 1569
f 865 842 866
f 849 1357 1362
f 452 1558 454
f 559 3188 737
f 16 737 3188
f 560 498 374
f 3193 3195 3194
f 3200 3198 3199
f 3211 3213 3212
f 3215 3217 3216
f 2187 2002 2001
f 2169 2189 2190
f 2192 2085 2191
f 2193 2195 2196
f 2198 2200 2197
f 1998 1979 1975
f 3664 3668 3671
f 2116 1903 1902
f 1859 2009 1150
f 3904 2126 3906
f 1135 1087 1130
f 2201 2015 2014
f 1149 110 1858
f 3221 3218 3215
f 2203 2205 2206
f 579 1895 1019
f 1755 2208 1756
f 3891 1893 605
f 1211 2150 1727
f 868 2210 2209
f 944 930 940
f 2130 2202 2201
f 233 1898 195
f 665 750 666
f 1167 999 618
f 2211 2213 2214
f 2215 2217 2218
f 3867 590 3868
f 2220 220 2219
f 823 948 1094
f 3225 3227 3226
f 266 455 265
f 3882 2107 3883
f 2221 3519 3517
f 2223 2225 2226
f 2207 2124 2208
f 673 3869 3864
f 817 996 815
f 2227 2146 2145
f 1947 646 749
f 3900 17 3873
f 2229 1638 1381
f 1679 1618 1680
f 1637 2232 2230
f 2233 1617 1616
f 2231 2236 2237
f 1381 2238 1382
f 3586 2242 3587
f 1630 2233 1631
f 1681 472 469
f 1408 2243 2244
f 3236 3238 3237
f 3232 3240 3235
f 1637 2238 1638
f 3237 3233 3234
f 1409 1634 2245
f 1380 2247 2246
f 1628 2245 1621
f 2249 1622 1633
f 1632 1408 2244
f 2248 1631 2250
f 2235 1637 1636
f 3245 3199 3198
f 631 2071 725
f 515 52 49
f 782 2251 1251
f 2253 2255 2252
f 397 459 784
f 1456 2040 1455
f 2040 2036 1455
f 1401 2111 1398
f 2041 1970 2026
f 1535 414 1965
f 1586 2080 2079
f 2256 1132 1886
f 1700 3918 3919
f 3815 1686 3817
f 1263 1886 1096
f 598 844 599
f 2257 2259 2260
f 2258 2262 2259
f 2259 2263 2216
f 2260 2216 2215
f 1967 1970 1969
f 2212 1963 2213
f 922 2218 2217
f 1312 1101 2264
f 1307 1286 789
f 1548 1546 1972
f 2266 2268 2265
f 2265 2270 2269
f 2272 2269 2271
f 2273 2265 2272
f 2275 2277 2274
f 2278 2277 2279
f 2284 3617 3639
f 2287 2286 2281
f 2288 2283 2287
f 2290 3639 3620
f 2291 2293 2294
f 2295 2294 2279
f 2296 2291 2295
f 2297 2292 2291
f 2294 2299 2300
f 2279 2300 2278
f 2298 2302 2292
f 2292 2303 2293
f 2293 2304 2299
f 2304 2306 2299
f 2306 2300 2299
f 2308 2310 2307
f 2302 2310 2303
f 2301 2307 2302
f 2312 2307 2311
f 2313 2315 2316
f 2318 2320 2317
f 3748 2322 2323
f 2324 2273 2326
f 2313 2326 2327
f 2328 2313 2316
f 2329 2324 2328
f 2331 2333 2330
f 2330 2267 2266
f 2325 2266 2273
f 2329 2330 2325
f 2333 2335 2267
f 2336 2333 2332
f 2338 2332 2337
f 2331 2337 2332
f 2329 2339 2331
f 2328 2340 2329
f 2316 2341 2328
f 2342 2315 2343
f 2344 2346 2347
f 2341 2347 2340
f 2342 2344 2341
f 2348 2345 2344
f 2350 2352 2353
f 2339 2353 2337
f 2340 2350 2339
f 2347 2351 2350
f 2337 2354 2338
f 2353 2355 2354
f 2356 2276 2357
f 2356 2358 2359
f 2356 2296 2295
f 2279 2356 2295
f 2360 2270 2268
f 2267 2360 2268
f 2362 2364 2365
f 2362 2361 2358
f 2366 2358 2357
f 2366 2363 2362
f 2357 2368 2366
f 2366 2369 2367
f 2276 2370 2368
f 2368 2282 2369
f 2372 2374 2371
f 2375 2377 2007
f 2378 2380 2381
f 2382 2381 2383
f 2384 2378 2382
f 2385 2379 2378
f 2388 2390 2387
f 2387 2392 2391
f 2393 2387 2391
f 2394 2388 2387
f 2186 2402 2400
f 2403 2327 2326
f 2272 2326 2273
f 2271 2403 2272
f 2405 2404 2403
f 2404 2408 2327
f 2409 2411 2412
f 2409 2271 2269
f 2413 2269 2270
f 2413 2410 2409
f 2417 2416 2418
f 2417 2406 2405
f 2412 2405 2271
f 2411 2417 2412
f 2406 2407 2404
f 3569 632 713
f 2420 2397 2421
f 2420 2423 2422
f 2424 2422 2419
f 2424 2398 2420
f 2425 2392 2426
f 2421 2426 2423
f 2397 2425 2421
f 2396 2391 2425
f 2427 2315 2314
f 2427 2408 2428
f 2430 2428 2429
f 2343 2427 2430
f 2432 2430 2431
f 2431 2429 2433
f 2435 2433 2434
f 2436 2431 2435
f 2428 2407 2437
f 2422 2407 2419
f 2438 2422 2423
f 2429 2437 2438
f 2440 2433 2439
f 2441 2433 2429
f 2442 2439 2441
f 2443 2440 2439
f 2445 2444 2443
f 2447 2443 2442
f 2383 2445 2447
f 2381 2446 2445
f 2448 2423 2426
f 2449 2426 2392
f 2441 2449 2442
f 2441 2438 2448
f 2449 2390 2450
f 2450 2389 2451
f 2447 2451 2383
f 2442 2450 2447
f 2451 2453 2452
f 2452 2455 2454
f 2382 2454 2384
f 2383 2452 2382
f 2456 2373 2372
f 2459 2461 2458
f 2463 2465 2462
f 2462 2285 2284
f 2466 2284 2290
f 2467 2462 2466
f 2461 3703 3701
f 2468 2470 2471
f 2472 2471 2473
f 2474 3701 3688
f 2475 2477 2478
f 2458 2453 2479
f 2479 2389 2388
f 2395 2479 2388
f 2480 2458 2479
f 2481 2483 2478
f 2484 2485 221
f 2471 2464 2463
f 2473 2463 2467
f 2487 2466 2486
f 2486 2290 2488
f 2490 2488 2489
f 2491 2486 2490
f 2492 2467 2487
f 2493 2487 2491
f 2494 2492 2493
f 2495 2473 2492
f 3690 2474 3688
f 3691 2496 3690
f 2498 2493 2499
f 2500 2499 2501
f 3700 2498 2500
f 3687 2494 2498
f 2306 2278 2300
f 2305 2504 2306
f 2504 2507 2506
f 2506 2288 2508
f 2274 2508 2275
f 2278 2506 2274
f 3633 2489 2488
f 3620 2488 2290
f 2507 2289 2288
f 2505 2509 2507
f 2508 2287 2511
f 2511 2281 2280
f 2370 2280 2282
f 2275 2511 2370
f 2512 2489 2513
f 2514 2513 2515
f 2517 2514 2516
f 2517 2490 2512
f 2499 2491 2517
f 2499 2516 2501
f 2510 2519 2518
f 2518 2521 2520
f 3616 2520 3621
f 3632 2518 3616
f 2522 2303 2310
f 2523 2310 2309
f 2305 2522 2524
f 2524 2523 2525
f 2519 2525 2521
f 2505 2524 2519
f 2308 2527 2526
f 2526 2529 2528
f 2531 2528 2530
f 2309 2526 2531
f 1214 2151 1211
f 2419 2418 2424
f 2533 2349 2317
f 2534 2317 2320
f 2535 2533 2534
f 2536 2345 2533
f 2537 2346 2536
f 2538 2536 2535
f 2539 2537 2538
f 2540 2351 2537
f 2312 2541 2527
f 2527 2542 2529
f 2543 2434 2544
f 2545 2544 2546
f 2319 2543 2545
f 2318 2435 2543
f 2514 2548 2547
f 2547 2550 2549
f 2552 2549 2551
f 2552 2514 2547
f 2520 2554 2553
f 2553 2556 2555
f 3590 2555 3593
f 3621 2553 3590
f 2523 2531 2557
f 2557 2530 2558
f 2525 2557 2559
f 2559 2558 2560
f 2554 2560 2556
f 2521 2559 2554
f 2561 2007 2006
f 2376 2225 2377
f 2564 2566 2563
f 2563 338 2567
f 2569 2567 2568
f 2570 2563 2569
f 2572 2574 2571
f 2571 2576 2575
f 2544 2575 2546
f 2544 2572 2571
f 2578 2569 2577
f 2579 2569 2568
f 2574 2579 2576
f 2573 2577 2574
f 2581 2583 2580
f 2584 2583 2585
f 3697 2580 2584
f 3676 2580 3675
f 2582 2552 2583
f 2583 2551 2585
f 2500 2589 2588
f 2590 2589 2591
f 3693 2588 2590
f 3695 2500 2588
f 2501 2591 2589
f 2592 2594 2595
f 2386 2503 2502
f 2596 2386 2374
f 2596 2373 2597
f 2599 2597 2598
f 2599 2379 2596
f 2600 2380 2599
f 2600 2598 2601
f 2603 2601 2602
f 2603 2446 2600
f 2604 2602 2605
f 2440 2605 2434
f 2444 2604 2440
f 2606 2581 2607
f 2606 2590 2591
f 2591 2582 2606
f 3676 2456 3689
f 3689 2372 3693
f 2478 2608 2481
f 2609 2611 2199
f 2564 2613 2612
f 2612 2598 2597
f 2457 2597 2373
f 2565 2612 2457
f 2614 2570 2578
f 2615 2578 2573
f 2602 2614 2615
f 2601 2613 2614
f 2572 2605 2616
f 2616 2602 2615
f 2573 2616 2615
f 1459 1045 1021
f 1265 1079 1082
f 1612 1609 1611
f 2067 2069 2068
f 1135 1136 1148
f 1938 2618 2617
f 95 458 128
f 2058 1608 1612
f 1454 1445 1367
f 655 1048 2619
f 722 2621 723
f 1131 1033 1134
f 562 366 1497
f 1723 1725 1591
f 1786 1122 1787
f 267 323 266
f 1325 1654 2038
f 1468 1435 1479
f 658 529 528
f 8 247 7
f 382 1559 3
f 788 1307 789
f 940 929 928
f 911 2623 912
f 2621 655 654
f 2624 2625 2626
f 998 27 26
f 635 2626 2625
f 2627 644 1840
f 2628 1840 2629
f 1200 2627 2628
f 1199 641 2627
f 1520 49 477
f 1452 1349 1451
f 2630 1859 1858
f 644 1335 1823
f 1197 717 2632
f 2632 719 1166
f 2628 1166 1200
f 2629 2632 2628
f 1762 1050 821
f 1823 873 1839
f 2634 794 652
f 1028 1027 1161
f 1042 2635 1043
f 93 1901 1924
f 2036 1458 1455
f 1527 1525 1526
f 877 1274 1277
f 134 797 1544
f 1328 931 1329
f 607 1091 1161
f 1043 2637 2636
f 2636 2639 2638
f 1275 2638 1276
f 1275 1043 2636
f 1272 2626 2640
f 2640 638 637
f 1110 2640 637
f 536 2640 2641
f 1472 1474 1473
f 2042 1951 649
f 1058 1105 1059
f 2642 2643 2644
f 1192 2644 1193
f 912 2642 1192
f 3898 3526 3786
f 1049 2620 2621
f 616 1885 613
f 1331 666 750
f 990 1198 525
f 1911 321 322
f 1298 1205 2645
f 76 1504 75
f 1502 421 422
f 610 658 691
f 1146 659 938
f 2646 914 936
f 1280 1238 1279
f 975 2647 2648
f 2647 975 974
f 1453 1452 1451
f 1514 158 151
f 835 1843 1842
f 1271 1173 1289
f 2649 813 2650
f 1893 1826 1894
f 1050 1937 1051
f 2651 814 813
f 1006 1281 977
f 2653 2654 2655
f 1001 1003 1002
f 585 679 558
f 2624 621 620
f 555 2028 556
f 1207 1197 2629
f 1626 478 472
f 426 419 1567
f 1030 1773 1031
f 3898 634 3880
f 534 138 262
f 1125 1042 1041
f 333 88 227
f 569 561 730
f 1489 871 870
f 1857 620 891
f 1673 3770 3763
f 622 864 1308
f 2647 974 2657
f 619 891 620
f 261 545 262
f 393 1556 404
f 2658 2647 2657
f 1075 2657 917
f 1081 2658 1075
f 1080 2659 2658
f 2644 1141 2660
f 2660 1140 1336
f 642 1336 643
f 1193 2660 642
f 679 555 558
f 1503 1500 1502
f 1318 1101 1100
f 2661 1139 1142
f 2661 2663 2662
f 2662 2659 2661
f 2662 2622 2664
f 2664 911 2646
f 2648 2646 1146
f 2648 2662 2664
f 2083 2093 2081
f 1442 1437 1439
f 519 330 51
f 1885 1209 613
f 799 805 804
f 1946 1952 1953
f 1302 1253 1252
f 566 224 533
f 1389 928 1388
f 683 681 680
f 836 1842 2665
f 2665 1845 1303
f 2666 1303 1302
f 24 2665 2666
f 831 2650 832
f 1845 1304 1303
f 2010 2012 2011
f 1051 2667 2668
f 1522 1511 1523
f 531 441 522
f 782 1251 1250
f 1250 2625 2669
f 2669 1857 1856
f 783 1856 1037
f 782 2669 783
f 720 2671 721
f 1055 1930 1056
f 1333 1251 2251
f 619 1308 1307
f 652 2619 2634
f 521 1539 1540
f 1838 537 2672
f 2672 536 2641
f 1113 2641 1110
f 1113 1838 2672
f 1016 1351 1045
f 3897 570 3894
f 226 104 101
f 3564 3827 1818
f 1036 1884 1883
f 2674 1304 2673
f 2673 1844 2675
f 1334 2675 1039
f 1333 2673 1334
f 2676 1039 2675
f 1843 2675 1844
f 942 2676 1843
f 1074 702 2676
f 811 859 858
f 752 1055 753
f 1200 656 1026
f 1120 874 2677
f 2677 877 1052
f 1241 1052 1005
f 1119 2677 1241
f 1560 151 1515
f 1208 611 523
f 215 736 214
f 1460 1462 1461
f 1208 1839 873
f 854 1282 1297
f 72 182 179
f 544 1565 512
f 217 456 457
f 2047 930 945
f 1204 1937 2633
f 913 686 685
f 840 1113 1112
f 1531 730 561
f 2678 1283 801
f 601 1914 602
f 1537 459 460
f 1819 3509 3527
f 991 862 538
f 2679 1073 1830
f 2680 983 2256
f 779 2256 1263
f 778 2680 779
f 2678 1830 2680
f 180 245 40
f 1886 1131 1134
f 1138 1274 1255
f 1841 1140 1139
f 75 314 74
f 193 420 192
f 2681 1099 1098
f 170 1565 169
f 349 417 432
f 1121 2684 2683
f 547 409 302
f 123 121 120
f 2643 1142 1141
f 1542 513 1543
f 899 907 919
f 1210 676 867
f 791 982 892
f 24 837 836
f 893 932 931
f 1860 863 862
f 535 862 861
f 832 813 812
f 2650 813 832
f 1569 1547 1568
f 181 542 180
f 660 937 688
f 2013 568 2012
f 887 2631 2630
f 1524 361 78
f 520 162 1529
f 2653 854 2685
f 1238 2655 2686
f 718 527 530
f 1492 518 1491
f 792 615 793
f 599 1835 596
f 290 456 175
f 312 1552 425
f 1248 1179 1249
f 153 177 178
f 1240 1222 1221
f 1257 1235 1071
f 1291 1083 1222
f 1052 1277 1053
f 743 2618 1204
f 444 430 443
f 23 1172 1187
f 2687 1180 1179
f 102 409 134
f 1283 610 801
f 373 650 651
f 1180 1084 1291
f 855 2655 1237
f 1173 1917 1174
f 2689 853 2688
f 2688 1108 1279
f 2686 1279 1238
f 2687 2688 2686
f 2691 1252 2690
f 2690 850 2689
f 1248 2689 2687
f 1248 2691 2690
f 2692 24 2666
f 2691 2666 1302
f 1247 2692 2691
f 1258 617 2692
f 394 1555 393
f 2693 1259 1223
f 1072 1262 1261
f 1257 1168 1258
f 398 1555 1554
f 871 1314 872
f 1178 1249 1179
f 1224 1173 1172
f 1010 2618 742
f 1175 1292 1269
f 2654 2686 2655
f 2694 1216 1264
f 71 1487 70
f 701 1111 1038
f 1072 2649 2650
f 1085 22 21
f 895 1264 896
f 1601 1605 1604
f 1259 1271 1289
f 21 1220 1083
f 988 538 537
f 598 1336 1140
f 820 1762 821
f 1050 818 821
f 1298 1761 2652
f 1168 618 617
f 858 1256 833
f 39 516 1536
f 2652 819 814
f 313 315 314
f 2026 1971 2027
f 2656 596 1835
f 814 818 811
f 2696 813 2649
f 1260 2649 1261
f 2693 2696 1260
f 2697 2651 2696
f 381 390 380
f 3818 1611 1609
f 1475 1428 1227
f 1292 1917 1235
f 1551 354 1518
f 1526 1523 1511
f 1593 1595 1573
f 1232 1246 1249
f 2695 1223 22
f 2698 1296 2697
f 2698 2693 2695
f 2685 2695 1085
f 2685 1297 2698
f 562 271 272
f 2652 1296 1298
f 1365 1364 1363
f 1958 1953 1957
f 585 2210 997
f 1561 1515 435
f 975 1146 976
f 347 68 346
f 1038 636 1068
f 2700 780 2699
f 2699 1036 1883
f 2701 1883 1829
f 851 2699 2701
f 2674 2251 2702
f 2702 781 2700
f 1253 2700 851
f 1301 2702 1253
f 1519 388 1550
f 1273 1280 2703
f 2703 1107 852
f 2701 852 851
f 1829 2703 2701
f 91 326 90
f 1784 2656 1785
f 2683 2705 2704
f 604 3499 3533
f 1669 3548 1662
f 2062 2060 2059
f 621 861 622
f 2023 732 2024
f 686 1263 687
f 857 2668 1328
f 883 882 879
f 637 1111 1110
f 2668 893 1328
f 2667 894 2668
f 1039 1068 1334
f 313 1504 1505
f 1911 305 453
f 1936 1964 2212
f 2707 2401 2183
f 2708 2183 2182
f 738 2116 554
f 2349 2432 2436
f 2711 2020 2019
f 2400 2019 2186
f 2714 2716 2713
f 2717 2719 2720
f 2721 2723 2724
f 2726 2728 2725
f 2725 2730 2729
f 2731 2729 2709
f 2732 2725 2731
f 2734 2736 2733
f 2738 2740 2737
f 2737 2741 2742
f 2744 2746 2743
f 2745 2748 2747
f 2749 2747 2751
f 2753 2751 2752
f 2250 2246 2248
f 2754 1614 2755
f 3598 2755 3609
f 3608 2747 3609
f 1617 2755 1614
f 2242 1620 2757
f 2191 2760 2759
f 2761 2760 2762
f 3648 2761 3649
f 3623 2759 3648
f 3209 3223 3224
f 1395 2236 2235
f 1395 1636 1615
f 1616 2229 2233
f 1617 2763 2756
f 2756 3628 3608
f 2765 2234 1630
f 2766 3628 3622
f 3202 3246 3247
f 1516 435 1515
f 2768 3552 3553
f 1495 578 1424
f 2135 28 17
f 3526 2773 2774
f 1690 3926 3925
f 2778 2780 2777
f 2777 2781 2782
f 2784 2777 2783
f 3555 575 576
f 1494 9 540
f 3529 2015 3566
f 451 505 450
f 2786 2788 2785
f 2779 2785 2780
f 2789 2741 2740
f 2790 2752 2789
f 2792 2794 2791
f 2793 2796 2794
f 2796 2750 2749
f 2794 2749 2753
f 2798 1396 2754
f 3591 2754 3598
f 2798 2800 1393
f 3591 2799 2798
f 2797 2795 2801
f 2791 2753 2790
f 216 232 54
f 3804 2807 3803
f 3805 2804 3803
f 2769 3557 3552
f 183 184 97
f 2811 2775 2776
f 2804 2776 2805
f 2809 2811 2804
f 2812 2813 2814
f 3805 2816 3795
f 3796 2815 3795
f 3798 2820 2821
f 3793 2819 3798
f 2824 2735 2819
f 2823 2824 2819
f 2825 2826 2724
f 3793 2827 3792
f 3796 2826 3792
f 2713 2829 2828
f 2828 2831 2830
f 2822 2828 2830
f 2821 2713 2828
f 2832 2822 2830
f 2833 2830 2831
f 2834 2832 2833
f 2835 2827 2832
f 2837 2839 2836
f 2836 2841 2840
f 2842 2840 2727
f 2843 2836 2842
f 2840 2845 2844
f 2718 2845 2719
f 2730 2844 2718
f 2727 2844 2728
f 2846 2719 2845
f 2846 2841 2847
f 2829 2847 2831
f 2829 2716 2846
f 2847 2839 2848
f 2848 2838 2849
f 2833 2849 2834
f 2831 2848 2833
f 2850 2851 2852
f 2853 2852 2854
f 2783 2782 2855
f 2785 2853 2856
f 2780 2856 2781
f 2857 2855 2782
f 2859 2782 2781
f 2861 2842 2860
f 2860 2727 2726
f 2862 2726 2732
f 2863 2860 2862
f 2861 2858 2857
f 2843 2857 2859
f 2856 2854 2864
f 2781 2864 2859
f 2837 2859 2864
f 2838 2864 2854
f 2852 2834 2849
f 2854 2849 2838
f 2865 2818 2835
f 2851 2835 2834
f 2813 2815 2865
f 2814 2865 2851
f 2866 2814 2850
f 2788 2850 2853
f 2866 2787 2867
f 2812 2867 2775
f 1892 1890 1891
f 2720 2846 2870
f 298 256 257
f 2872 2713 2820
f 3794 2735 2734
f 2729 2874 2873
f 2846 2715 2870
f 2876 2878 2875
f 2733 2878 2734
f 3806 2879 2880
f 3806 2872 3794
f 2882 2884 2881
f 2881 2715 2714
f 2880 2714 2872
f 2879 2881 2880
f 2885 2887 2888
f 2888 2890 2885
f 2885 2892 2891
f 2893 2885 2891
f 1942 2532 2894
f 2895 2720 2870
f 2884 2870 2715
f 2883 2895 2884
f 2896 2892 2895
f 2889 2717 2890
f 2890 2720 2892
f 2897 2891 2896
f 2898 2896 2883
f 2899 2883 2882
f 2900 2882 2879
f 3797 2879 3807
f 2876 2901 2877
f 2901 2904 2903
f 1785 1835 1834
f 2905 2899 2900
f 2907 2897 2898
f 3797 2903 3799
f 632 577 633
f 3532 2867 2787
f 434 550 350
f 2768 3640 3643
f 2910 1623 2249
f 2241 2758 2242
f 3640 2913 3652
f 1623 2757 1620
f 3587 2757 3652
f 2229 1380 2250
f 2765 1629 2914
f 2915 1629 2912
f 3642 2914 2915
f 3641 2765 2914
f 2919 3642 3613
f 2918 2912 2241
f 3614 2241 3586
f 3618 3613 3670
f 3541 2180 3496
f 3521 2188 3506
f 3705 714 3851
f 2925 2917 2924
f 2924 2916 2919
f 3610 2919 3618
f 3611 2924 3610
f 2926 2766 2925
f 3658 2925 3611
f 1715 1705 1710
f 785 498 796
f 1387 565 1791
f 374 1899 560
f 3573 2206 3556
f 2929 2886 2893
f 2932 2934 2931
f 1905 1908 1907
f 2930 2936 2937
f 2938 2930 2929
f 1493 517 518
f 1603 1586 1602
f 2939 2929 2908
f 2940 2908 2907
f 3665 1600 3661
f 2886 2937 2887
f 2906 2898 2899
f 2908 2893 2897
f 2942 2933 2941
f 2941 2937 2936
f 3501 2936 3513
f 3498 2941 3501
f 2943 2710 2873
f 2943 2874 2889
f 2945 2889 2888
f 2946 2943 2945
f 2932 2888 2887
f 2931 2945 2932
f 727 1929 728
f 2903 2947 2948
f 545 42 262
f 1480 533 251
f 2907 2949 2940
f 2906 2950 2949
f 1558 215 202
f 3799 2948 3801
f 2054 1644 2118
f 3705 2203 3573
f 1828 1849 1827
f 2953 2955 2952
f 2952 2957 2956
f 2956 2258 2952
f 2953 2258 2257
f 2454 2474 2496
f 3747 2959 3766
f 3747 2131 3737
f 2961 2963 2958
f 2958 2964 2959
f 222 2485 2965
f 2477 2966 2608
f 2631 2006 1859
f 2384 2496 2497
f 2967 2959 2964
f 2968 2970 2969
f 3759 2971 3784
f 3784 2960 3766
f 2972 2033 2032
f 2007 2973 2008
f 3560 2134 2133
f 1836 1832 1831
f 3506 2090 3551
f 955 959 956
f 672 674 673
f 633 713 632
f 2024 733 803
f 2025 803 798
f 425 1550 388
f 2975 888 887
f 1319 1157 2694
f 1212 2977 1213
f 889 2228 2227
f 1978 1975 1979
f 1138 1329 915
f 751 2979 2978
f 1619 1625 1624
f 2252 1728 1727
f 1157 845 1216
f 2706 1938 2617
f 2980 2254 2981
f 2982 887 2630
f 802 711 2679
f 678 2029 2028
f 527 690 528
f 1839 2629 1840
f 2983 602 1914
f 2983 1913 1331
f 2985 1331 1054
f 2986 2983 2985
f 2987 2635 2634
f 2985 2639 2986
f 2990 1318 2989
f 2991 2993 2994
f 2995 2994 2996
f 1106 2991 2995
f 1058 2992 2991
f 1415 1365 1367
f 1317 2217 2997
f 1932 2255 2980
f 926 2999 664
f 3001 2992 3000
f 3000 1057 2978
f 2999 2978 2979
f 2998 3000 2999
f 3002 2209 3003
f 3002 2996 2994
f 2993 3002 2994
f 3001 2998 3002
f 1103 2995 3004
f 3004 2996 3003
f 2209 3004 3003
f 588 3004 2210
f 295 433 381
f 2638 2988 3005
f 3005 1056 1930
f 1305 1930 1306
f 1276 3005 1305
f 1987 1993 1989
f 2633 1761 2645
f 1423 1417 1419
f 3561 739 703
f 2671 2704 2705
f 1473 2035 1472
f 922 2694 895
f 1401 1378 1384
f 556 1884 1037
f 842 3825 3836
f 1854 2617 1010
f 933 1081 1075
f 1440 1436 1437
f 529 719 530
f 1031 1027 1028
f 777 912 1871
f 2645 1204 2633
f 441 1538 1537
f 790 587 586
f 2065 1610 1607
f 1860 990 902
f 60 87 59
f 1424 1948 1947
f 332 1507 331
f 261 138 135
f 187 449 507
f 1719 1726 1725
f 1931 1059 3006
f 3006 1105 1104
f 1287 1104 587
f 1286 3006 1287
f 3007 3009 3010
f 3009 653 795
f 618 26 25
f 2029 1210 1209
f 957 600 2228
f 1049 2228 600
f 2631 3011 2561
f 890 2227 3011
f 3011 2145 3012
f 2561 3012 2375
f 1026 609 608
f 2706 1961 1964
f 3013 2485 3014
f 2148 1267 3015
f 3015 1266 1311
f 2997 1101 1317
f 642 1773 1193
f 186 461 511
f 1041 1320 901
f 1121 3017 1122
f 2984 2987 3018
f 3018 2634 2619
f 1048 3018 2619
f 603 2984 3018
f 2679 801 802
f 2062 2074 2061
f 2061 2076 2064
f 414 1545 1965
f 3016 2683 3019
f 3019 2704 2670
f 3020 2670 720
f 3007 3019 3020
f 1871 1091 777
f 3021 1122 3017
f 3022 3017 3010
f 1314 3022 1315
f 1784 3021 1314
f 1316 1763 611
f 3023 3010 3009
f 3023 795 1092
f 1763 1092 1125
f 1315 3023 1763
f 3016 3010 3017
f 752 2978 1057
f 2986 2637 2987
f 3024 653 3008
f 3020 3008 3007
f 720 3024 3020
f 723 654 3024
f 2681 1268 3025
f 2671 1268 721
f 2705 3025 2671
f 1313 3027 1311
f 3026 3029 3027
f 3027 3030 3031
f 1311 3031 3015
f 2012 731 2023
f 917 974 977
f 743 856 744
f 1888 2030 1425
f 2682 2684 3032
f 3032 1124 2989
f 1100 2989 1318
f 1099 3032 1100
f 1123 2989 1124
f 3033 1159 1158
f 2990 1158 1319
f 1123 3033 2990
f 1786 1834 3033
f 1054 2988 2985
f 2979 664 2999
f 2623 2663 2643
f 1095 688 687
f 3034 2261 2956
f 3036 2956 2957
f 3037 3034 3036
f 3038 3035 3034
f 3040 3026 1313
f 2263 3041 3040
f 3042 3043 3041
f 3041 3028 3026
f 3044 3043 3039
f 3046 3045 3044
f 3047 3049 3045
f 3043 3049 3028
f 3038 3051 3050
f 3050 3053 3052
f 3052 3044 3050
f 3039 3050 3044
f 3054 3039 3042
f 3042 2262 3054
f 2261 3054 2262
f 2216 2997 2217
f 2212 2667 1936
f 3056 2209 3055
f 934 1961 1854
f 2013 3757 567
f 3058 3060 3061
f 3059 3063 3060
f 3060 2213 1963
f 3061 1963 1962
f 3063 2214 2213
f 3062 3064 3063
f 3065 2260 3064
f 3064 2215 2214
f 3066 3031 3030
f 2608 3067 3066
f 2966 3068 3067
f 3031 3068 3015
f 2455 2461 2474
f 2476 2226 2477
f 3551 2089 3525
f 3526 3769 3786
f 433 355 381
f 2115 1419 2123
f 3509 2922 3527
f 3769 2131 2134
f 3069 2167 2166
f 2971 2928 2960
f 2961 2773 2962
f 3070 2478 2483
f 2610 3071 2954
f 2502 2374 2386
f 3072 2595 3073
f 2964 3052 2967
f 3048 3074 3049
f 2593 3075 3074
f 3075 3029 3074
f 3074 3028 3049
f 3072 3075 2592
f 3076 2482 2481
f 2481 3066 3076
f 3076 3030 3075
f 2967 3053 2970
f 2482 3073 2483
f 479 493 494
f 706 3873 709
f 3561 2221 3517
f 2013 3754 3755
f 3533 2016 3529
f 3562 2222 2974
f 1171 1155 1176
f 2586 2565 2587
f 2982 113 2484
f 2562 3077 3068
f 2376 3012 3077
f 3012 2148 3077
f 3077 3015 3068
f 2963 3046 2964
f 3051 2970 3053
f 1683 491 775
f 3850 1447 3860
f 1986 3734 3768
f 3079 2546 2575
f 3081 2575 2576
f 1983 3768 3765
f 3082 2319 2545
f 3080 2545 2546
f 3734 3082 3080
f 3732 2323 3082
f 1309 1888 748
f 3073 2772 2771
f 2760 3084 2762
f 2760 2088 3083
f 3085 3086 3087
f 3089 3090 3088
f 3089 3084 3085
f 3092 3090 3091
f 3093 2744 2743
f 2751 2748 3093
f 3093 2752 2751
f 2742 3093 3094
f 3094 2743 3095
f 3096 3098 3087
f 3099 3087 3086
f 3097 3095 3098
f 3100 2746 3101
f 3101 3102 3100
f 2764 2927 3101
f 2745 3101 2746
f 3102 3091 3100
f 3100 3095 2743
f 2869 3592 3634
f 3102 3104 3092
f 3658 2869 3634
f 2927 3103 3102
f 3098 3091 3090
f 3087 3090 3085
f 2088 3105 3083
f 3083 3086 3084
f 2483 2771 3070
f 2401 2185 2321
f 3099 3105 3106
f 2125 3106 3105
f 3108 2742 3107
f 3107 3094 3097
f 3110 3107 3109
f 3109 3097 3096
f 3111 3096 3099
f 3112 3109 3111
f 3113 2737 3108
f 3115 2722 3114
f 3117 3114 3116
f 3119 3116 3118
f 3118 3120 3121
f 3116 3113 3120
f 3122 3111 3123
f 3122 1755 1754
f 3124 3126 3127
f 3125 3121 3126
f 3128 3118 3125
f 3129 3125 3124
f 2020 3128 3129
f 3853 1346 1352
f 1065 1047 1066
f 1814 3830 1649
f 2021 3129 3130
f 3111 3106 3123
f 3123 2207 1755
f 2377 2224 2973
f 3014 113 112
f 1756 3782 3767
f 3131 2530 2528
f 3133 2528 2529
f 1753 3767 3775
f 3134 3127 3135
f 2327 2314 2313
f 2436 2317 2349
f 2018 3711 3712
f 2534 3137 2535
f 2320 3136 2534
f 2185 3712 3771
f 3138 2542 2539
f 3134 3744 3745
f 3785 3134 3745
f 3140 2539 2538
f 2535 3140 2538
f 3711 3130 3785
f 2558 3132 3141
f 3782 3141 3132
f 2560 3141 3142
f 3760 3142 3141
f 958 2976 2981
f 1933 2980 3143
f 2399 2418 2416
f 2348 2343 2432
f 2322 2319 2323
f 2718 2874 2730
f 2709 2873 2710
f 2894 1361 1942
f 346 176 347
f 1876 1882 1881
f 2802 3607 3592
f 3104 3088 3092
f 2974 3649 3603
f 3089 2761 2762
f 3088 3145 3089
f 2803 3603 3607
f 3870 692 628
f 2123 1418 2126
f 1365 1368 1367
f 1581 1782 1783
f 3569 2129 3520
f 3555 2002 3521
f 3146 2551 3147
f 3751 3147 3750
f 3742 3146 3751
f 3149 2585 3146
f 3196 3197 3195
f 3604 2191 3623
f 3142 2556 2560
f 3777 3150 3142
f 3646 2550 3593
f 3150 2555 2556
f 3778 3151 3150
f 3788 3152 3646
f 3153 2551 2549
f 3152 2549 2550
f 3781 3153 3152
f 3776 3147 3153
f 3148 2206 2205
f 2183 2321 2184
f 2132 2928 2133
f 3684 2204 2203
f 3719 2197 3721
f 2594 2773 2951
f 2595 2951 2772
f 1870 799 1869
f 3713 2178 3706
f 3706 3736 3790
f 336 3774 3722
f 339 3154 336
f 3789 3149 3742
f 3683 2584 3149
f 2963 3048 3047
f 3722 337 336
f 339 2566 2586
f 3156 2168 2167
f 2610 2167 2611
f 2954 3156 2610
f 3157 2953 2257
f 3707 2169 3709
f 2567 3159 2568
f 337 2567 338
f 3730 2166 3707
f 3764 1983 3765
f 2579 3081 2576
f 2568 3160 2579
f 3709 2190 3764
f 3065 3162 3161
f 3161 1984 2189
f 3157 2189 2168
f 2257 3161 3157
f 734 1922 806
f 3059 2708 3163
f 3163 2182 1985
f 3162 1985 1984
f 3062 3163 3162
f 3203 3205 3204
f 2122 1448 1447
f 3817 1685 3812
f 139 444 69
f 1570 566 533
f 2957 3165 3036
f 2955 3164 2957
f 1912 341 1973
f 3130 3124 3134
f 1548 319 1547
f 1949 1327 1887
f 2969 3078 3167
f 3167 3169 3168
f 3724 2017 3720
f 3720 2033 3759
f 3168 3165 3170
f 3170 3164 3171
f 3779 3171 3756
f 3724 3170 3779
f 3171 3166 3172
f 3172 3071 3173
f 3752 3173 3749
f 3756 3172 3752
f 3169 3036 3165
f 2593 2962 2594
f 3173 2609 3174
f 3174 2199 2198
f 3783 2198 3719
f 3749 3174 3783
f 2190 1984 1983
f 2196 2767 3148
f 2119 1414 1448
f 1464 1466 1465
f 2199 3069 2200
f 2457 2587 2565
f 2226 2562 2966
f 481 1627 1639
f 333 235 236
f 3078 3037 3169
f 3040 2997 2263
f 2219 1933 2220
f 2385 2497 2503
f 221 3175 2484
f 2220 3143 3175
f 3175 2976 2975
f 2484 2975 2982
f 2954 3166 2955
f 2630 110 2982
f 1547 1952 1955
f 2091 2188 2187
f 3733 2178 2177
f 1918 1927 1926
f 3563 111 3511
f 955 960 954
f 2037 112 3563
f 3143 2981 2976
f 2218 2214 2215
f 672 3787 3541
f 2152 3014 2037
f 1147 1143 1145
f 2248 1409 2245
f 1615 1635 1616
f 1410 2246 2247
f 3241 3242 3240
f 3177 1383 1382
f 2238 3176 1382
f 3176 2230 3178
f 1410 3179 1407
f 3179 2243 1407
f 1633 2800 2249
f 1621 2758 2912
f 1622 2245 1634
f 2236 3181 3182
f 2237 3182 3183
f 2250 2233 2229
f 2912 1628 1621
f 135 1564 1563
f 1567 512 1565
f 1085 2653 2685
f 3184 868 3056
f 869 3057 934
f 1266 1098 1312
f 1267 722 721
f 937 2646 936
f 2146 722 2147
f 2211 921 2667
f 1957 507 449
f 1313 2264 3040
f 1496 1493 1492
f 2681 2705 2682
f 2887 2933 2932
f 1687 1659 1694
f 145 1498 81
f 1317 1319 2694
f 37 418 71
f 1935 3185 2977
f 104 301 103
f 2101 2083 2084
f 543 360 207
f 1934 3186 3185
f 234 212 237
f 3845 1822 1824
f 1976 1874 1974
f 223 2219 220
f 3655 3605 3612
f 468 773 2165
f 1935 1728 1932
f 3240 3226 3235
f 3261 3250 3260
f 3215 3244 3264
f 3265 3215 3264
f 3267 3198 3196
f 3205 3269 3255
f 3214 3265 3270
f 3271 3214 3192
f 3251 3239 3236
f 3222 3266 3272
f 3232 3234 3233
f 3216 3243 3244
f 3196 3268 3267
f 3244 3254 3255
f 3238 3247 3246
f 3264 3255 3269
f 3253 3216 3217
f 3211 3221 3265
f 3257 3218 3256
f 3258 3272 3259
f 3274 3280 3273
f 3228 3262 3263
f 3275 3281 3280
f 3226 3273 3280
f 3236 3260 3251
f 3281 3236 3237
f 3287 3192 3189
f 3235 3280 3234
f 3234 3281 3237
f 3288 3259 3272
f 3260 3276 3251
f 3289 3278 3284
f 3210 3224 3283
f 3199 3201 3200
f 3228 3230 3229
f 3290 3285 3286
f 3282 3271 3287
f 3260 3262 3261
f 3243 3268 3254
f 3267 3241 3232
f 3194 3208 3193
f 3191 3269 3206
f 3270 3192 3214
f 3275 3230 3231
f 3264 3270 3265
f 3252 3276 3291
f 3248 3291 3223
f 3213 3279 3277
f 3272 3289 3288
f 3277 3212 3213
f 3228 3281 3231
f 3220 3253 3219
f 3219 3217 3257
f 3256 3222 3258
f 3247 3252 3248
f 3245 3232 3233
f 3266 3212 3289
f 3208 3255 3254
f 3288 3284 3285
f 3204 3208 3207
f 560 3187 559
f 3209 3201 3202
f 3189 3191 3190
f 448 807 447
f 647 122 270
f 1833 1780 1832
f 510 508 507
f 3210 1887 3201
f 1887 3200 3201
f 15 3197 3200
f 16 3195 3197
f 3195 3187 3194
f 3194 1899 3207
f 3207 375 3204
f 387 126 127
f 3189 1760 3287
f 3577 757 758
f 763 2172 2175
f 3583 3580 3581
f 3581 3579 3578
f 3594 3596 3595
f 3400 3602 3401
f 3626 3625 3627
f 3631 3599 3601
f 3636 3595 3596
f 3647 3588 3645
f 3650 3584 3647
f 3653 3580 3651
f 3653 3654 3579
f 1801 3656 3655
f 3651 3582 3650
f 3644 3595 3637
f 1767 3659 3660
f 1597 3661 1600
f 1708 3665 3664
f 3671 3667 3666
f 3666 3673 3672
f 1588 3664 1587
f 2080 3666 2082
f 2082 3672 2084
f 3674 3635 3631
f 3677 3636 3635
f 3682 3645 3681
f 3692 3650 3686
f 3681 3644 3680
f 786 3692 785
f 3694 3651 3692
f 785 3686 497
f 497 3682 650
f 650 3681 564
f 3696 3681 3680
f 3405 3605 3402
f 3702 3678 3677
f 3699 3679 3678
f 3645 3638 3644
f 1799 3659 1768
f 3708 3458 3460
f 3462 3708 3460
f 3714 564 3696
f 3615 3602 3600
f 3710 3696 3698
f 3635 3596 3599
f 3629 3627 3630
f 3597 3599 3596
f 3630 3715 3629
f 3627 3597 3594
f 3717 3723 3718
f 3715 3660 3629
f 3716 3725 3715
f 3668 3661 3725
f 3668 3717 3667
f 3667 3718 3673
f 3727 3673 3718
f 3728 3672 3673
f 3726 3718 3723
f 1576 2084 3672
f 3727 3731 3729
f 3203 1387 3190
f 3190 1791 3189
f 3283 1949 3210
f 317 259 391
f 2000 3653 3694
f 3601 3600 3602
f 3589 3584 3585
f 3577 756 2170
f 3585 3582 3583
f 3678 3637 3636
f 3204 376 3203
f 1801 3657 1799
f 3729 3728 3727
f 1575 3738 1088
f 3735 1576 3728
f 1776 1796 1775
f 1293 1290 1284
f 1326 1327 12
f 1294 1234 1290
f 878 1330 1337
f 497 374 498
f 122 413 121
f 3699 3704 3708
f 3606 3401 3602
f 3708 3698 3699
f 3464 3710 3462
f 3704 3443 3458
f 439 399 438
f 1512 1526 1511
f 1668 1738 1671
f 839 1362 838
f 1362 826 1012
f 3843 1896 3815
f 2053 2118 2117
f 3888 2120 2119
f 696 3816 3831
f 1826 639 640
f 3740 3729 3731
f 956 886 960
f 1980 1922 807
f 33 105 164
f 1343 3856 3857
f 3907 2128 3902
f 1766 1582 1594
f 14 2163 738
f 595 99 594
f 3233 3246 3245
f 1346 1044 1352
f 748 1425 747
f 3193 3254 3268
f 3190 3206 3203
f 3612 3606 3615
f 3624 3615 3625
f 3631 3443 3674
f 3679 3644 3637
f 3686 3647 3682
f 3702 3674 3704
f 3625 3600 3597
f 3601 3415 3631
f 3739 3735 3729
f 3630 3594 3741
f 3741 3716 3630
f 1284 1288 1285
f 3698 3680 3679
f 1778 1780 1779
f 1792 1584 1789
f 695 571 694
f 3638 3594 3595
f 3741 3588 3589
f 3247 3209 3202
f 3292 3294 3295
f 3296 3298 3299
f 3299 3300 3301
f 3302 3304 3305
f 3306 3308 3309
f 3307 3311 3308
f 3303 3301 3300
f 3312 3304 3313
f 3314 3316 3317
f 3318 3320 3321
f 3324 3321 3325
f 3326 3328 3323
f 3329 3331 3332
f 3333 3335 3336
f 3337 3339 3340
f 3333 3341 3342
f 3342 3343 3344
f 3319 3344 3343
f 3338 3334 3339
f 3346 3302 3347
f 3305 3347 3302
f 3312 3223 3349
f 3350 3340 3351
f 3312 3348 3305
f 3352 3341 3326
f 3311 3354 3308
f 3341 3327 3326
f 3359 3361 3362
f 3360 3250 3249
f 3318 3345 3319
f 3364 3318 3324
f 3314 3324 3365
f 3366 3301 3346
f 3299 3367 3296
f 3308 3368 3309
f 3369 3295 3294
f 3317 3364 3314
f 3370 3317 3316
f 3325 3365 3324
f 3352 3319 3343
f 3296 3353 3311
f 3297 3311 3310
f 3363 3354 3345
f 3345 3353 3344
f 3344 3367 3342
f 3366 3342 3367
f 3347 3334 3346
f 3339 3348 3340
f 3348 3351 3340
f 3363 3369 3368
f 3294 3368 3369
f 3293 3309 3294
f 3331 3374 3332
f 3346 3333 3366
f 3323 3352 3326
f 3356 3321 3320
f 3355 3325 3321
f 3357 3371 3325
f 3322 3320 3352
f 3361 3329 3362
f 3373 3375 3374
f 3374 3376 3332
f 3329 3376 3362
f 3327 3372 3328
f 3336 3375 3327
f 3335 3376 3375
f 3376 3337 3362
f 3337 3359 3362
f 3359 3276 3250
f 3377 3295 3370
f 3277 3315 3278
f 3371 3379 3365
f 3378 3358 3380
f 3365 3315 3314
f 3316 3279 3370
f 3282 3370 3279
f 3313 3224 3312
f 3378 3284 3379
f 3380 3285 3378
f 3379 3278 3315
f 3276 3351 3291
f 3291 3349 3223
f 3313 2965 3013
f 2965 3303 222
f 222 3300 223
f 223 3298 3186
f 3298 3185 3186
f 3297 2977 3185
f 3310 1213 2977
f 3307 1214 1213
f 2532 3306 3293
f 2894 3293 3292
f 2871 3292 3377
f 3253 3240 3242
f 3283 3013 2152
f 1997 1889 1892
f 1237 744 855
f 1535 120 121
f 1531 201 214
f 1119 1032 984
f 946 824 947
f 163 5 162
f 3589 3723 3741
f 1155 1162 1164
f 427 327 424
f 553 796 498
f 3381 2231 2237
f 3381 2230 2232
f 2237 3180 3381
f 3383 3385 3382
f 3384 3387 3385
f 3386 3389 3387
f 3388 3391 3389
f 3392 3394 3395
f 3395 3396 3397
f 3398 3397 3396
f 3400 3399 3398
f 3403 3405 3402
f 3406 3404 3403
f 3408 3407 3406
f 3410 3409 3408
f 3412 3411 3410
f 3415 3398 3414
f 3414 3396 3416
f 3416 3394 3417
f 3417 3393 3418
f 3393 3420 3418
f 3419 3421 3420
f 3390 3422 3421
f 3388 3423 3422
f 3386 3424 3423
f 3384 3425 3424
f 3425 3426 3184
f 2904 3428 2947
f 3429 2904 2902
f 3430 2902 2876
f 2875 3430 2876
f 3432 2733 2736
f 2825 3435 2824
f 3437 3439 3436
f 3441 3436 3440
f 2724 3434 2825
f 3436 3115 3117
f 3440 3117 3119
f 3443 3414 3442
f 3442 3416 3444
f 3444 3417 3445
f 3445 3418 3446
f 3446 3420 3447
f 3420 3448 3447
f 3421 3449 3448
f 3422 3450 3449
f 3423 3451 3450
f 3424 3452 3451
f 3425 3056 3452
f 3451 2253 2252
f 3450 2252 1727
f 3449 1727 2150
f 3448 2150 1941
f 3453 3448 1941
f 3454 3447 3453
f 3455 3446 3454
f 3456 3445 3455
f 3442 3456 3457
f 3443 3457 3458
f 3459 3458 3457
f 3457 3455 3459
f 3459 3454 3461
f 3462 3459 3461
f 3461 3453 3463
f 3464 3461 3463
f 3463 1941 1360
f 3404 3401 3405
f 3407 3399 3404
f 3409 3397 3407
f 3411 3395 3409
f 3465 3413 3412
f 3467 3469 3466
f 3465 3431 3433
f 3470 3466 3465
f 3438 3432 3435
f 3467 3438 3437
f 3468 3437 3441
f 3471 3468 3472
f 3472 3441 3473
f 3473 3440 2712
f 2712 3119 3128
f 3475 3472 3474
f 3474 3473 3476
f 3476 2712 2711
f 3477 2711 2400
f 3478 3476 3477
f 3479 3474 3478
f 3392 3413 3480
f 3466 3480 3413
f 3419 3392 3480
f 3390 3480 3391
f 3469 3391 3480
f 3389 3471 3475
f 3387 3475 3479
f 3385 3479 3481
f 3482 2400 2402
f 3483 3477 3482
f 3481 3478 3483
f 3484 2402 2707
f 3058 2707 2708
f 3061 3484 3058
f 3485 3482 3484
f 3382 3481 3486
f 3486 3483 3485
f 3426 3382 3487
f 3487 3486 1962
f 3486 3061 1962
f 1961 3487 1962
f 3057 3426 3487
f 3428 3402 3488
f 3427 3403 3428
f 3429 3406 3427
f 3430 3408 3429
f 3431 3410 3430
f 3470 3433 3432
f 3434 3438 3435
f 2723 3439 3434
f 2875 3433 3431
f 2736 3435 3432
f 2947 3488 3500
f 3464 1360 3497
f 1900 1924 1901
f 1736 1718 1750
f 1955 1943 1956
f 1671 1735 1751
f 1696 1698 1692
f 1800 1864 1801
f 2063 2056 2060
f 1737 1717 1736
f 1751 1697 1695
f 943 3899 684
f 3656 3402 3605
f 1577 1764 1703
f 3917 1599 3923
f 1945 82 1944
f 68 7 248
f 147 1543 148
f 1109 1133 1102
f 1503 1907 1908
f 1499 1909 1498
f 452 735 215
f 1824 3835 3845
f 1825 2068 1824
f 1463 1022 1194
f 841 1009 1011
f 1568 1955 1534
f 1926 1927 1923
f 1910 1502 1939
f 1939 422 442
f 309 1940 308
f 1804 1866 1803
f 269 1954 56
f 2065 2060 2056
f 3812 1758 3835
f 280 552 1940
f 1875 1869 1874
f 1739 1734 1737
f 1778 1790 1788
f 310 1915 279
f 1909 1906 1954
f 1789 1778 1788
f 978 980 979
f 1584 1731 1583
f 425 311 312
f 148 115 116
f 2044 3894 2046
f 277 1939 551
f 1943 1945 1944
f 1461 1463 1464
f 2253 3056 3055
f 2981 3489 958
f 2209 3489 3055
f 2254 3055 3489
f 2998 958 3489
f 2826 2721 2724
f 3490 2721 2817
f 2816 3490 2817
f 2334 2296 2335
f 2298 2334 2336
f 2301 2336 2338
f 2311 2338 2354
f 2312 2354 2355
f 2359 2361 2360
f 2335 2359 2360
f 2414 2365 2364
f 2413 2361 2365
f 2355 2540 2541
f 2541 2539 2542
f 2722 2739 2738
f 3114 2738 3113
f 3110 3121 3120
f 3108 3120 3113
f 3122 3127 3126
f 3112 3126 3121
f 3127 1753 3135
f 3139 2529 2542
f 3744 3133 3139
f 3490 2740 2739
f 3491 2789 3490
f 228 91 88
f 245 243 242
f 248 247 191
f 2 296 295
f 145 300 267
f 327 210 328
f 329 331 330
f 250 228 236
f 239 240 230
f 373 375 374
f 178 176 175
f 1218 1228 1321
f 3862 1295 3854
f 808 824 823
f 3858 1013 1014
f 3813 1411 1413
f 2154 2159 2160
f 3845 1758 1757
f 306 1922 452
f 2157 1976 1977
f 708 2031 1474
f 1450 1227 1428
f 1672 1605 1624
f 1813 1821 1816
f 1717 1715 1718
f 176 402 347
f 1710 3916 3915
f 1712 1577 1711
f 1705 1711 1704
f 971 979 970
f 822 1094 1102
f 2909 2793 2792
f 2810 2795 2793
f 2799 2249 2800
f 3662 2910 2799
f 2769 2801 2795
f 3177 3178 3179
f 3178 3180 3179
f 3181 1393 2800
f 3181 1632 3182
f 3182 2244 3183
f 3183 2243 3180
f 3492 2790 3491
f 2808 3491 2816
f 2239 3572 2240
f 1149 3571 3570
f 1150 3567 3571
f 2202 3566 2015
f 2921 3565 2923
f 3568 2133 2928
f 1777 1759 1792
f 1201 1183 1184
f 3561 2195 2194
f 3553 2770 2768
f 3927 1687 1692
f 1516 154 503
f 3549 2974 2803
f 3550 2779 2778
f 2771 3575 3546
f 3070 3546 3558
f 3547 2775 2867
f 1376 1370 1372
f 2767 3556 2206
f 2195 3543 2767
f 2775 3542 2776
f 3377 3545 2871
f 3804 3539 2806
f 2776 3538 2805
f 2240 3535 2920
f 2920 3669 3619
f 3548 2786 2779
f 1805 1851 1804
f 3534 2787 2786
f 2951 3540 3531
f 2772 3531 3575
f 2973 3530 3536
f 2224 3537 3530
f 1957 320 510
f 306 304 303
f 2770 3528 2913
f 2913 3574 2239
f 2923 3527 2922
f 308 431 47
f 207 132 543
f 1879 1881 1880
f 3733 3525 2089
f 2475 3558 3524
f 2476 3524 3523
f 2223 3523 3537
f 3522 2803 2802
f 2037 11 1950
f 1959 450 505
f 2003 3520 2129
f 9 334 540
f 2009 3518 3567
f 2008 3536 3518
f 3877 673 3879
f 3515 2778 2784
f 2935 3513 2936
f 111 3570 3511
f 3510 2935 2938
f 683 3885 943
f 3508 2810 2909
f 736 732 729
f 1795 1803 1796
f 3505 2938 2939
f 3507 2939 2940
f 2950 3504 2949
f 2940 3504 3507
f 3801 3512 2950
f 2868 3502 2869
f 2869 3522 2802
f 1024 1023 1020
f 3500 2948 2947
f 551 442 443
f 2972 3568 2928
f 2032 3499 2972
f 216 1924 1923
f 203 201 200
f 1828 1847 1837
f 1958 449 450
f 272 178 175
f 2871 3495 1361
f 3619 3564 2921
f 2801 3643 3662
f 2005 3654 2176
f 960 899 962
f 3657 3612 3624
f 3780 3646 3151
f 3151 3593 2555
f 2193 3623 2194
f 3607 3145 3144
f 3603 2761 3145
f 3592 3144 3104
f 2926 3634 3103
f 3634 3104 3103
f 3755 3746 3753
f 566 3758 2005
f 3488 1864 3500
f 1602 2079 2078
f 2868 3611 2922
f 2922 3610 2923
f 2923 3618 2921
f 3670 2918 3614
f 3619 3614 2920
f 2921 3670 3619
f 2920 3586 2240
f 3613 2915 2918
f 2917 3622 3641
f 2916 3641 3642
f 2239 3652 2913
f 2911 3652 2757
f 3643 2911 2910
f 2797 3662 3591
f 2797 3598 2750
f 3622 2763 2765
f 3608 2764 2745
f 2194 3648 2221
f 2221 3649 2222
f 2756 3609 2755
f 2750 3609 2747
f 3669 1817 3827
f 3763 1691 1699
f 2515 3590 2548
f 2548 3593 2550
f 2513 3632 3616
f 2513 3621 2515
f 2509 3620 2289
f 2510 3633 2509
f 2289 3639 2283
f 2283 3617 2286
f 2240 3587 2239
f 3659 3624 3626
f 716 3887 3888
f 727 3761 1923
f 2165 2170 2164
f 3660 3626 3629
f 3743 3578 3757
f 2175 769 770
f 2100 2095 2099
f 3758 3757 3578
f 640 3568 1826
f 1653 3553 1651
f 1895 3530 746
f 746 3537 741
f 1653 3528 3576
f 3762 1604 1672
f 2093 2073 2078
f 959 995 884
f 962 919 986
f 1400 1398 1399
f 1000 1127 1004
f 956 884 885
f 1662 3550 1661
f 2034 3546 1654
f 3926 3539 3802
f 3535 766 1817
f 3572 765 766
f 334 3571 335
f 1868 3540 1656
f 1684 1652 1678
f 1682 775 1807
f 1585 3762 1700
f 3763 1672 1673
f 2173 490 491
f 1658 3547 1752
f 3556 1650 724
f 1571 2010 1572
f 1587 3671 2080
f 2099 2077 2094
f 787 1999 786
f 2000 786 1999
f 3155 3697 3683
f 3713 3683 3789
f 2180 3685 3684
f 3496 3684 3705
f 1684 3840 1651
f 1760 3495 3545
f 2607 3693 2590
f 2581 3689 2607
f 2371 3700 3695
f 2371 3693 2372
f 2587 3675 2586
f 2586 3697 339
f 2497 3687 2503
f 2502 3687 3700
f 2494 3690 2495
f 3690 2472 2495
f 3688 2468 2472
f 3701 2469 2468
f 726 3892 630
f 581 3518 580
f 10 3570 334
f 1837 3510 1849
f 741 3523 1300
f 1299 3558 2034
f 1851 3504 1866
f 3527 1820 1819
f 580 3536 1895
f 1758 3522 3502
f 1693 3508 1806
f 3504 1867 1866
f 1894 3568 3499
f 2126 3813 3841
f 3906 3841 3912
f 2113 3867 2110
f 2179 3789 3685
f 624 3904 623
f 2192 3788 3780
f 2177 3787 3733
f 1364 3833 1338
f 3858 1470 1453
f 3135 3775 3744
f 2069 3835 2068
f 1351 3853 1352
f 2108 3901 499
f 2089 3736 3733
f 3828 1358 866
f 2001 3783 2187
f 2187 3719 2091
f 2130 3752 2004
f 2004 3749 2001
f 2014 3779 2201
f 2201 3756 2130
f 3167 3759 2969
f 3168 3720 3167
f 3159 3764 3160
f 3160 3765 3081
f 3730 3158 337
f 3158 3709 3159
f 2200 3730 3722
f 3685 3742 2204
f 3722 2197 2200
f 3790 2092 3721
f 3774 3721 2197
f 3154 3790 3774
f 3155 3706 3154
f 2091 3721 2092
f 2196 3750 3776
f 2193 3776 3781
f 3604 3781 3788
f 2086 3780 3778
f 2087 3778 3777
f 2204 3751 2205
f 2205 3750 3148
f 3909 574 692
f 2124 3777 3760
f 2208 3760 3782
f 3711 3140 3137
f 3785 3138 3140
f 3745 3139 3138
f 3771 3136 2322
f 3712 3137 3136
f 3775 3131 3133
f 3767 3132 3131
f 1813 3838 1814
f 1293 3856 1344
f 2184 3748 3732
f 2181 3732 3734
f 3765 3079 3081
f 3768 3080 3079
f 709 3875 2031
f 2774 3737 3769
f 3786 2134 3559
f 3809 766 765
f 2968 3766 2959
f 2969 3784 2968
f 2958 3737 2961
f 2132 3766 2960
f 2321 3771 3748
f 3860 1449 28
f 3905 582 710
f 3886 577 574
f 3847 1818 3827
f 705 3887 2121
f 3816 3907 698
f 2111 3911 2113
f 3810 1366 1411
f 1812 3822 1815
f 675 3852 674
f 3496 3851 675
f 2110 3868 2109
f 2104 3901 2106
f 2109 3899 944
f 3842 703 739
f 1680 3846 1684
f 1639 3819 3818
f 623 3906 697
f 2139 3866 3865
f 1808 3844 3837
f 3820 1819 1820
f 3872 3900 706
f 1646 3830 1648
f 3889 633 577
f 2139 3875 18
f 2156 3871 3874
f 674 3913 3869
f 2117 3812 2069
f 1815 3847 3823
f 3855 1444 1470
f 697 3912 3816
f 866 3836 3828
f 3864 2136 2135
f 3585 3726 3589
f 3583 3731 3585
f 3753 3738 3739
f 3740 3581 3743
f 1088 3746 1093
f 3739 3743 3753
f 2791 3493 2792
f 3492 2807 3493
f 2792 3494 2909
f 3493 2806 3494
f 3508 3494 3516
f 3516 2806 3539
f 2948 3791 3801
f 2105 3896 2104
f 3538 3804 2805
f 680 3876 683
f 1891 3910 3891
f 2905 3801 2950
f 2900 3799 2905
f 2901 3807 2877
f 2734 3806 3794
f 2877 3806 2878
f 2820 3794 2872
f 2818 3792 2827
f 2823 3792 2826
f 2822 3798 2821
f 2819 3800 3798
f 2817 3795 2816
f 2809 3795 2815
f 2808 3803 2807
f 2805 3803 2804
f 1702 3923 1599
f 3922 1797 1802
f 3915 1706 1709
f 3918 1692 1698
f 1657 3880 1879
f 1890 3895 3910
f 3772 1674 1675
f 1689 3772 3773
f 3926 3538 1688
f 3516 1689 3773
f 3917 1703 1764
f 1598 3928 1770
f 3880 1876 1879
f 1691 3925 3927
f 3925 1688 1687
f 1117 1118 3930
f 1066 1322 3930
f 1243 847 3930
f 3825 848 3930
f 1128 1117 3930
f 1129 1130 3930
f 841 1011 3930
f 1230 3863 3930
f 1242 1243 3930
f 1322 1229 3930
f 1064 1065 3930
f 1003 1128 3930
f 1229 1230 3930
f 3863 1285 3930
f 1285 1288 3930
f 848 839 3930
f 847 3825 3930
f 1118 1129 3930
f 1065 1066 3930
f 1087 1086 3930
f 1008 1002 3930
f 1011 1008 3930
f 1002 1003 3930
f 1076 1069 3930
f 838 841 3930
f 839 838 3930
f 1288 1242 3930
f 1130 1087 3930
f 1086 1076 3930
f 1069 1064 3930
f 2410 2414 3931
f 2411 2410 3931
f 3617 2285 3931
f 2394 2393 3931
f 2393 2396 3931
f 2281 2286 3931
f 2282 2280 3931
f 2398 2399 3931
f 2465 2464 3931
f 2396 2397 3931
f 2470 2469 3931
f 2399 2416 3931
f 2480 2395 3931
f 2459 2480 3931
f 2369 2282 3931
f 2460 2459 3931
f 2415 2411 3931
f 2416 2415 3931
f 2364 2363 3931
f 2286 3617 3931
f 2464 2470 3931
f 2469 3703 3931
f 2285 2465 3931
f 2414 2364 3931
f 2395 2394 3931
f 2363 2367 3931
f 2397 2398 3931
f 2280 2281 3931
f 3703 2460 3931
f 2367 2369 3931
f 3934 3937 3938
f 3934 3939 3935
f 3932 3937 3933
f 3938 3943 3939
f 3937 3940 3941
f 3937 3942 3938
f 3942 3947 3943
f 3941 3944 3945
f 3942 3945 3946
f 3947 3950 3951
f 3944 3949 3945
f 3945 3950 3946
f 3950 3955 3951
f 3949 3952 3953
f 3950 3953 3954
f 3955 3958 3959
f 3953 3956 3957
f 3953 3958 3954
f 3959 3962 3963
f 3957 3960 3961
f 3958 3961 3962
f 3962 3967 3963
f 3960 3965 3961
f 3961 3966 3962
f 3966 3971 3967
f 3965 3968 3969
f 3966 3969 3970
f 3970 3975 3971
f 3968 3973 3969
f 3969 3974 3970
f 3974 3979 3975
f 3973 3976 3977
f 3974 3977 3978
f 3979 3982 3983
f 3976 3981 3977
f 3977 3982 3978
f 3982 3987 3983
f 3981 3984 3985
f 3982 3985 3986
f 3987 3990 3991
f 3984 3989 3985
f 3985 3990 3986
f 3991 3994 3995
f 3989 3992 3993
f 3990 3993 3994
f 3995 3998 3999
f 3992 3997 3993
f 3993 3998 3994
f 3998 4003 3999
f 3997 4000 4001
f 3998 4001 4002
f 4002 4007 4003
f 4000 4005 4001
f 4001 4006 4002
f 4006 4011 4007
f 4005 4008 4009
f 4006 4009 4010
f 4011 4014 4015
f 4008 4013 4009
f 4009 4014 4010
f 4014 4019 4015
f 4013 4016 4017
f 4014 4017 4018
f 4019 4022 4023
f 4016 4021 4017
f 4017 4022 4018
f 4023 4026 4027
f 4021 4024 4025
f 4022 4025 4026
f 4027 4030 4031
f 4024 4029 4025
f 4025 4030 4026
f 4031 4034 4035
f 4029 4032 4033
f 4030 4033 4034
f 4034 4039 4035
f 4032 4037 4033
f 4033 4038 4034
f 4038 4043 4039
f 4037 4040 4041
f 4038 4041 4042
f 4043 4046 4047
f 4040 4045 4041
f 4041 4046 4042
f 4046 4051 4047
f 4045 4048 4049
f 4046 4049 4050
f 4051 4055 4056
f 4048 4054 4049
f 4049 4055 4050
f 4056 4059 4060
f 4053 4058 4054
f 4055 4058 4059
f 3932 4052 3936
f 3936 4052 3940
f 3940 4052 3944
f 3944 4052 3948
f 3948 4052 3952
f 3952 4052 3956
f 3956 4052 3960
f 3960 4052 3964
f 3964 4052 3968
f 3968 4052 3972
f 3972 4052 3976
f 3976 4052 3980
f 3980 4052 3984
f 3984 4052 3988
f 3988 4052 3992
f 3992 4052 3996
f 3996 4052 4000
f 4000 4052 4004
f 4004 4052 4008
f 4008 4052 4012
f 4012 4052 4016
f 4016 4052 4020
f 4020 4052 4024
f 4024 4052 4028
f 4028 4052 4032
f 4032 4052 4036
f 4036 4052 4040
f 4040 4052 4044
f 4044 4052 4048
f 4048 4052 4053
f 4053 4052 4057
f 4060 3934 3935
f 4058 3932 3933
f 4058 3934 4059
f 4057 4052 3932
f 4069 4081 4082
f 4066 4080 4067
f 4065 4077 4078
f 4063 4075 4076
f 4071 4085 4072
f 4069 4083 4070
f 4067 4081 4068
f 4066 4078 4079
f 4063 4077 4064
f 4061 4075 4062
f 4072 4086 4073
f 4071 4083 4084
f 4076 4090 4077
f 4074 4088 4075
f 4086 4098 4099
f 4083 4097 4084
f 4082 4094 4095
f 4079 4093 4080
f 4078 4090 4091
f 4076 4088 4089
f 4085 4097 4098
f 4082 4096 4083
f 4080 4094 4081
f 4079 4091 4092
f 4089 4103 4090
f 4088 4100 4101
f 4098 4112 4099
f 4096 4110 4097
f 4095 4107 4108
f 4092 4106 4093
f 4090 4104 4091
f 4089 4101 4102
f 4097 4111 4098
f 4095 4109 4096
f 4094 4106 4107
f 4092 4104 4105
f 4103 4115 4116
f 4100 4114 4101
f 4112 4124 4125
f 4110 4122 4123
f 4107 4121 4108
f 4105 4119 4106
f 4103 4117 4104
f 4101 4115 4102
f 4110 4124 4111
f 4109 4121 4122
f 4107 4119 4120
f 4105 4117 4118
f 4115 4129 4116
f 4114 4126 4127
f 4124 4138 4125
f 4123 4135 4136
f 4120 4134 4121
f 4119 4131 4132
f 4117 4129 4130
f 4114 4128 4115
f 4124 4136 4137
f 4122 4134 4135
f 4119 4133 4120
f 4117 4131 4118
f 4129 4141 4142
f 4126 4140 4127
f 4138 4150 4151
f 4136 4148 4149
f 4133 4147 4134
f 4131 4145 4132
f 4130 4142 4143
f 4127 4141 4128
f 4137 4149 4150
f 4135 4147 4148
f 4132 4146 4133
f 4131 4143 4144
f 4142 4154 4155
f 4140 4152 4153
f 4150 4164 4151
f 4149 4161 4162
f 4146 4160 4147
f 4144 4158 4145
f 4142 4156 4143
f 4140 4154 4141
f 4149 4163 4150
f 4148 4160 4161
f 4146 4158 4159
f 4144 4156 4157
f 4155 4167 4168
f 4153 4165 4166
f 4163 4177 4164
f 4161 4175 4162
f 4159 4173 4160
f 4158 4170 4171
f 4155 4169 4156
f 4153 4167 4154
f 4163 4175 4176
f 4161 4173 4174
f 4159 4171 4172
f 4156 4170 4157
f 4167 4181 4168
f 4165 4179 4166
f 4176 4190 4177
f 4175 4187 4188
f 4173 4185 4186
f 4170 4184 4171
f 4169 4181 4182
f 4167 4179 4180
f 4175 4189 4176
f 4173 4187 4174
f 4171 4185 4172
f 4170 4182 4183
f 4180 4194 4181
f 4178 4192 4179
f 4190 4202 4203
f 4187 4201 4188
f 4186 4198 4199
f 4183 4197 4184
f 4182 4194 4195
f 4180 4192 4193
f 4189 4201 4202
f 4186 4200 4187
f 4184 4198 4185
f 4183 4195 4196
f 4193 4207 4194
f 4192 4204 4205
f 4202 4216 4203
f 4200 4214 4201
f 4199 4211 4212
f 4196 4210 4197
f 4194 4208 4195
f 4193 4205 4206
f 4201 4215 4202
f 4199 4213 4200
f 4198 4210 4211
f 4196 4208 4209
f 4207 4219 4220
f 4204 4218 4205
f 4216 4228 4229
f 4213 4227 4214
f 4211 4225 4212
f 4209 4223 4210
f 4207 4221 4208
f 4205 4219 4206
f 4214 4228 4215
f 4213 4225 4226
f 4211 4223 4224
f 4209 4221 4222
f 4219 4233 4220
f 4218 4230 4231
f 4228 4242 4229
f 4226 4240 4227
f 4225 4237 4238
f 4223 4235 4236
f 4221 4233 4234
f 4218 4232 4219
f 4228 4240 4241
f 4226 4238 4239
f 4223 4237 4224
f 4221 4235 4222
f 4233 4245 4246
f 4230 4244 4231
f 4242 4254 4255
f 4240 4252 4253
f 4237 4251 4238
f 4235 4249 4236
f 4234 4246 4247
f 4231 4245 4232
f 4241 4253 4254
f 4239 4251 4252
f 4236 4250 4237
f 4235 4247 4248
f 4246 4258 4259
f 4244 4256 4257
f 4254 4268 4255
f 4253 4265 4266
f 4250 4264 4251
f 4248 4262 4249
f 4246 4260 4247
f 4244 4258 4245
f 4253 4267 4254
f 4252 4264 4265
f 4250 4262 4263
f 4248 4260 4261
f 4259 4271 4272
f 4257 4269 4270
f 4267 4281 4268
f 4265 4279 4266
f 4263 4277 4264
f 4262 4274 4275
f 4259 4273 4260
f 4257 4271 4258
f 4266 4280 4267
f 4265 4277 4278
f 4263 4275 4276
f 4260 4274 4261
f 4271 4285 4272
f 4269 4283 4270
f 4281 4293 4294
f 4279 4291 4292
f 4277 4289 4290
f 4274 4288 4275
f 4273 4285 4286
f 4271 4283 4284
f 4280 4292 4293
f 4277 4291 4278
f 4275 4289 4276
f 4274 4286 4287
f 4284 4298 4285
f 4282 4296 4283
f 4294 4306 4307
f 4291 4305 4292
f 4290 4302 4303
f 4287 4301 4288
f 4286 4298 4299
f 4284 4296 4297
f 4293 4305 4306
f 4290 4304 4291
f 4288 4302 4289
f 4287 4299 4300
f 4297 4311 4298
f 4296 4308 4309
f 4306 4320 4307
f 4304 4318 4305
f 4303 4315 4316
f 4300 4314 4301
f 4298 4312 4299
f 4297 4309 4310
f 4305 4319 4306
f 4304 4316 4317
f 4302 4314 4315
f 4300 4312 4313
f 4310 4324 4311
f 4308 4322 4309
f 4320 4332 4333
f 4318 4330 4331
f 4316 4328 4329
f 4313 4327 4314
f 4311 4325 4312
f 4310 4322 4323
f 4318 4332 4319
f 4316 4330 4317
f 4315 4327 4328
f 4312 4326 4313
f 4323 4337 4324
f 4322 4334 4335
f 4332 4346 4333
f 4330 4344 4331
f 4329 4341 4342
f 4327 4339 4340
f 4325 4337 4338
f 4322 4336 4323
f 4332 4344 4345
f 4330 4342 4343
f 4327 4341 4328
f 4325 4339 4326
f 4337 4350 4351
f 4334 4349 4335
f 4346 4359 4360
f 4344 4357 4358
f 4341 4356 4342
f 4340 4353 4354
f 4338 4351 4352
f 4335 4350 4336
f 4345 4358 4359
f 4343 4356 4357
f 4340 4355 4341
f 4338 4353 4339
f 4351 4363 4364
f 4349 4361 4362
f 4359 4373 4360
f 4358 4370 4371
f 4355 4369 4356
f 4354 4366 4367
f 4351 4365 4352
f 4349 4363 4350
f 4358 4372 4359
f 4357 4369 4370
f 4355 4367 4368
f 4352 4366 4353
f 4364 4376 4377
f 4362 4374 4375
f 4373 4385 4386
f 4370 4384 4371
f 4368 4382 4369
f 4367 4379 4380
f 4364 4378 4365
f 4362 4376 4363
f 4372 4384 4385
f 4370 4382 4383
f 4368 4380 4381
f 4365 4379 4366
f 4376 4390 4377
f 4374 4388 4375
f 4385 4399 4386
f 4384 4396 4397
f 4382 4394 4395
f 4379 4393 4380
f 4378 4390 4391
f 4376 4388 4389
f 4384 4398 4385
f 4382 4396 4383
f 4380 4394 4381
f 4379 4391 4392
f 4389 4403 4390
f 4387 4401 4388
f 4399 4411 4412
f 4396 4410 4397
f 4395 4407 4408
f 4393 4405 4406
f 4391 4403 4404
f 4389 4401 4402
f 4398 4410 4411
f 4395 4409 4396
f 4393 4407 4394
f 4391 4405 4392
f 4402 4416 4403
f 4401 4413 4414
f 4411 4425 4412
f 4409 4423 4410
f 4408 4420 4421
f 4406 4418 4419
f 4403 4417 4404
f 4402 4414 4415
f 4410 4424 4411
f 4408 4422 4409
f 4407 4419 4420
f 4404 4418 4405
f 4416 4428 4429
f 4413 4427 4414
f 4425 4437 4438
f 4423 4435 4436
f 4421 4433 4434
f 4418 4432 4419
f 4416 4430 4417
f 4415 4427 4428
f 4423 4437 4424
f 4421 4435 4422
f 4420 4432 4433
f 4418 4430 4431
f 4428 4442 4429
f 4426 4440 4427
f 4437 4451 4438
f 4435 4449 4436
f 4434 4446 4447
f 4432 4444 4445
f 4430 4442 4443
f 4427 4441 4428
f 4437 4449 4450
f 4435 4447 4448
f 4432 4446 4433
f 4430 4444 4431
f 4442 4454 4455
f 4439 4453 4440
f 4451 4463 4464
f 4449 4461 4462
f 4446 4460 4447
f 4444 4458 4445
f 4443 4455 4456
f 4440 4454 4441
f 4450 4462 4463
f 4447 4461 4448
f 4445 4459 4446
f 4444 4456 4457
f 4455 4467 4468
f 4453 4465 4466
f 4463 4477 4464
f 4462 4474 4475
f 4459 4473 4460
f 4457 4471 4458
f 4455 4469 4456
f 4453 4467 4454
f 4462 4476 4463
f 4461 4473 4474
f 4459 4471 4472
f 4457 4469 4470
f 4347 4073 4086
f 4347 4086 4099
f 4347 4099 4112
f 4347 4112 4125
f 4347 4125 4138
f 4347 4138 4151
f 4347 4151 4164
f 4347 4164 4177
f 4347 4177 4190
f 4347 4190 4203
f 4347 4203 4216
f 4347 4216 4229
f 4347 4229 4242
f 4347 4242 4255
f 4347 4255 4268
f 4347 4268 4281
f 4347 4281 4294
f 4347 4294 4307
f 4347 4307 4320
f 4347 4320 4333
f 4347 4333 4346
f 4347 4346 4360
f 4347 4360 4373
f 4347 4373 4386
f 4347 4386 4399
f 4347 4399 4412
f 4347 4412 4425
f 4347 4425 4438
f 4347 4438 4451
f 4347 4451 4464
f 4347 4464 4477
f 4468 4063 4064
f 4466 4061 4062
f 4477 4072 4073
f 4474 4071 4475
f 4472 4069 4473
f 4471 4066 4067
f 4468 4065 4469
f 4466 4063 4467
f 4347 4477 4073
f 4476 4071 4072
f 4474 4069 4070
f 4472 4067 4068
f 4469 4066 4470
f 3935 4465 4060
f 4465 4056 4060
f 4452 4051 4056
f 4439 4047 4051
f 4047 4413 4043
f 4043 4400 4039
f 4039 4387 4035
f 4387 4031 4035
f 4031 4361 4027
f 4361 4023 4027
f 4348 4019 4023
f 4334 4015 4019
f 4015 4308 4011
f 4011 4295 4007
f 4007 4282 4003
f 4282 3999 4003
f 3999 4256 3995
f 4256 3991 3995
f 4243 3987 3991
f 4230 3983 3987
f 3983 4204 3979
f 3979 4191 3975
f 3975 4178 3971
f 4178 3967 3971
f 3967 4152 3963
f 4152 3959 3963
f 4139 3955 3959
f 4126 3951 3955
f 3951 4100 3947
f 3947 4087 3943
f 3943 4074 3939
f 4074 3935 3939
f 4480 4483 4484
f 4480 4485 4481
f 4479 4482 4483
f 4484 4489 4485
f 4482 4487 4483
f 4483 4488 4484
f 4488 4493 4489
f 4487 4490 4491
f 4488 4491 4492
f 4493 4496 4497
f 4490 4495 4491
f 4491 4496 4492
f 4496 4501 4497
f 4495 4498 4499
f 4496 4499 4500
f 4501 4504 4505
f 4498 4503 4499
f 4499 4504 4500
f 4505 4508 4509
f 4503 4506 4507
f 4504 4507 4508
f 4509 4512 4513
f 4506 4511 4507
f 4507 4512 4508
f 4513 4516 4517
f 4511 4514 4515
f 4512 4515 4516
f 4516 4521 4517
f 4514 4519 4515
f 4515 4520 4516
f 4520 4525 4521
f 4518 4523 4519
f 4520 4523 4524
f 4525 4528 4529
f 4522 4527 4523
f 4523 4528 4524
f 4528 4533 4529
f 4527 4530 4531
f 4528 4531 4532
f 4533 4536 4537
f 4530 4535 4531
f 4531 4536 4532
f 4537 4540 4541
f 4534 4539 4535
f 4536 4539 4540
f 4541 4544 4545
f 4539 4542 4543
f 4539 4544 4540
f 4544 4549 4545
f 4542 4547 4543
f 4544 4547 4548
f 4548 4553 4549
f 4547 4550 4551
f 4547 4552 4548
f 4552 4557 4553
f 4551 4554 4555
f 4552 4555 4556
f 4557 4560 4561
f 4554 4559 4555
f 4555 4560 4556
f 4560 4565 4561
f 4559 4562 4563
f 4560 4563 4564
f 4565 4568 4569
f 4562 4567 4563
f 4563 4568 4564
f 4569 4572 4573
f 4567 4570 4571
f 4568 4571 4572
f 4572 4577 4573
f 4570 4575 4571
f 4571 4576 4572
f 4576 4581 4577
f 4575 4578 4579
f 4576 4579 4580
f 4580 4585 4581
f 4578 4583 4579
f 4579 4584 4580
f 4584 4589 4585
f 4583 4586 4587
f 4584 4587 4588
f 4589 4592 4593
f 4586 4591 4587
f 4587 4592 4588
f 4592 4597 4593
f 4591 4594 4595
f 4592 4595 4596
f 4597 4601 4602
f 4594 4600 4595
f 4595 4601 4596
f 4602 4605 4606
f 4600 4603 4604
f 4601 4604 4605
f 4478 4598 4482
f 4482 4598 4486
f 4486 4598 4490
f 4490 4598 4494
f 4494 4598 4498
f 4498 4598 4502
f 4502 4598 4506
f 4506 4598 4510
f 4510 4598 4514
f 4514 4598 4518
f 4518 4598 4522
f 4522 4598 4526
f 4526 4598 4530
f 4530 4598 4534
f 4534 4598 4538
f 4538 4598 4542
f 4542 4598 4546
f 4546 4598 4550
f 4550 4598 4554
f 4554 4598 4558
f 4558 4598 4562
f 4562 4598 4566
f 4566 4598 4570
f 4570 4598 4574
f 4574 4598 4578
f 4578 4598 4582
f 4582 4598 4586
f 4586 4598 4590
f 4590 4598 4594
f 4594 4598 4599
f 4599 4598 4603
f 4606 4480 4481
f 4603 4479 4604
f 4604 4480 4605
f 4603 4598 4478
f 4615 4627 4628
f 4612 4626 4613
f 4611 4623 4624
f 4609 4621 4622
f 4618 4630 4631
f 4615 4629 4616
f 4613 4627 4614
f 4612 4624 4625
f 4609 4623 4610
f 4607 4621 4608
f 4619 4631 4632
f 4617 4629 4630
f 4622 4636 4623
f 4620 4634 4621
f 4632 4644 4645
f 4629 4643 4630
f 4628 4640 4641
f 4626 4638 4639
f 4624 4636 4637
f 4622 4634 4635
f 4631 4643 4644
f 4628 4642 4629
f 4626 4640 4627
f 4624 4638 4625
f 4635 4649 4636
f 4634 4646 4647
f 4644 4658 4645
f 4642 4656 4643
f 4641 4653 4654
f 4639 4651 4652
f 4636 4650 4637
f 4635 4647 4648
f 4643 4657 4644
f 4642 4654 4655
f 4640 4652 4653
f 4637 4651 4638
f 4648 4662 4649
f 4646 4660 4647
f 4658 4670 4671
f 4656 4668 4669
f 4653 4667 4654
f 4651 4665 4652
f 4649 4663 4650
f 4648 4660 4661
f 4656 4670 4657
f 4654 4668 4655
f 4653 4665 4666
f 4651 4663 4664
f 4661 4675 4662
f 4660 4672 4673
f 4670 4684 4671
f 4668 4682 4669
f 4667 4679 4680
f 4665 4677 4678
f 4663 4675 4676
f 4661 4673 4674
f 4670 4682 4683
f 4667 4681 4668
f 4665 4679 4666
f 4663 4677 4664
f 4675 4687 4688
f 4672 4686 4673
f 4684 4696 4697
f 4682 4694 4695
f 4679 4693 4680
f 4678 4690 4691
f 4676 4688 4689
f 4673 4687 4674
f 4683 4695 4696
f 4681 4693 4694
f 4678 4692 4679
f 4676 4690 4677
f 4688 4700 4701
f 4686 4698 4699
f 4696 4710 4697
f 4695 4707 4708
f 4692 4706 4693
f 4691 4703 4704
f 4688 4702 4689
f 4686 4700 4687
f 4695 4709 4696
f 4694 4706 4707
f 4692 4704 4705
f 4689 4703 4690
f 4701 4713 4714
f 4699 4711 4712
f 4710 4722 4723
f 4707 4721 4708
f 4705 4719 4706
f 4704 4716 4717
f 4701 4715 4702
f 4699 4713 4700
f 4709 4721 4722
f 4707 4719 4720
f 4705 4717 4718
f 4702 4716 4703
f 4713 4727 4714
f 4711 4725 4712
f 4723 4735 4736
f 4721 4733 4734
f 4719 4731 4732
f 4716 4730 4717
f 4715 4727 4728
f 4713 4725 4726
f 4721 4735 4722
f 4719 4733 4720
f 4717 4731 4718
f 4716 4728 4729
f 4726 4740 4727
f 4724 4738 4725
f 4736 4748 4749
f 4733 4747 4734
f 4732 4744 4745
f 4730 4742 4743
f 4728 4740 4741
f 4726 4738 4739
f 4735 4747 4748
f 4732 4746 4733
f 4730 4744 4731
f 4728 4742 4729
f 4739 4753 4740
f 4738 4750 4751
f 4748 4762 4749
f 4746 4760 4747
f 4745 4757 4758
f 4743 4755 4756
f 4740 4754 4741
f 4739 4751 4752
f 4747 4761 4748
f 4745 4759 4746
f 4744 4756 4757
f 4741 4755 4742
f 4753 4765 4766
f 4750 4764 4751
f 4762 4774 4775
f 4759 4773 4760
f 4758 4770 4771
f 4755 4769 4756
f 4753 4767 4754
f 4752 4764 4765
f 4760 4774 4761
f 4758 4772 4759
f 4757 4769 4770
f 4755 4767 4768
f 4765 4779 4766
f 4764 4776 4777
f 4774 4788 4775
f 4772 4786 4773
f 4771 4783 4784
f 4769 4781 4782
f 4767 4779 4780
f 4765 4777 4778
f 4774 4786 4787
f 4771 4785 4772
f 4769 4783 4770
f 4767 4781 4768
f 4779 4791 4792
f 4776 4790 4777
f 4788 4800 4801
f 4786 4798 4799
f 4783 4797 4784
f 4782 4794 4795
f 4780 4792 4793
f 4777 4791 4778
f 4787 4799 4800
f 4785 4797 4798
f 4782 4796 4783
f 4780 4794 4781
f 4792 4804 4805
f 4790 4802 4803
f 4800 4814 4801
f 4799 4811 4812
f 4796 4810 4797
f 4795 4807 4808
f 4792 4806 4793
f 4790 4804 4791
f 4799 4813 4800
f 4798 4810 4811
f 4796 4808 4809
f 4793 4807 4794
f 4805 4817 4818
f 4803 4815 4816
f 4814 4826 4827
f 4811 4825 4812
f 4809 4823 4810
f 4808 4820 4821
f 4805 4819 4806
f 4803 4817 4804
f 4813 4825 4826
f 4811 4823 4824
f 4809 4821 4822
f 4806 4820 4807
f 4817 4831 4818
f 4815 4829 4816
f 4826 4840 4827
f 4825 4837 4838
f 4823 4835 4836
f 4820 4834 4821
f 4819 4831 4832
f 4817 4829 4830
f 4825 4839 4826
f 4823 4837 4824
f 4821 4835 4822
f 4820 4832 4833
f 4830 4844 4831
f 4828 4842 4829
f 4840 4852 4853
f 4837 4851 4838
f 4836 4848 4849
f 4834 4846 4847
f 4832 4844 4845
f 4830 4842 4843
f 4839 4851 4852
f 4836 4850 4837
f 4834 4848 4835
f 4832 4846 4833
f 4843 4857 4844
f 4842 4854 4855
f 4852 4866 4853
f 4850 4864 4851
f 4849 4861 4862
f 4847 4859 4860
f 4844 4858 4845
f 4843 4855 4856
f 4851 4865 4852
f 4849 4863 4850
f 4848 4860 4861
f 4845 4859 4846
f 4857 4869 4870
f 4855 4867 4868
f 4866 4878 4879
f 4864 4876 4877
f 4862 4874 4875
f 4859 4873 4860
f 4857 4871 4858
f 4856 4868 4869
f 4864 4878 4865
f 4862 4876 4863
f 4861 4873 4874
f 4859 4871 4872
f 4869 4883 4870
f 4868 4880 4881
f 4878 4892 4879
f 4877 4889 4890
f 4874 4888 4875
f 4873 4885 4886
f 4871 4883 4884
f 4868 4882 4869
f 4878 4890 4891
f 4876 4888 4889
f 4873 4887 4874
f 4871 4885 4872
f 4883 4896 4897
f 4880 4895 4881
f 4892 4905 4906
f 4890 4903 4904
f 4887 4902 4888
f 4885 4900 4886
f 4884 4897 4898
f 4881 4896 4882
f 4891 4904 4905
f 4889 4902 4903
f 4886 4901 4887
f 4885 4898 4899
f 4897 4909 4910
f 4895 4907 4908
f 4905 4919 4906
f 4904 4916 4917
f 4901 4915 4902
f 4899 4913 4900
f 4897 4911 4898
f 4895 4909 4896
f 4904 4918 4905
f 4903 4915 4916
f 4901 4913 4914
f 4899 4911 4912
f 4910 4922 4923
f 4908 4920 4921
f 4919 4931 4932
f 4916 4930 4917
f 4914 4928 4915
f 4913 4925 4926
f 4910 4924 4911
f 4908 4922 4909
f 4918 4930 4931
f 4916 4928 4929
f 4914 4926 4927
f 4911 4925 4912
f 4922 4936 4923
f 4920 4934 4921
f 4931 4945 4932
f 4930 4942 4943
f 4928 4940 4941
f 4925 4939 4926
f 4924 4936 4937
f 4922 4934 4935
f 4930 4944 4931
f 4928 4942 4929
f 4926 4940 4927
f 4925 4937 4938
f 4935 4949 4936
f 4933 4947 4934
f 4945 4957 4958
f 4942 4956 4943
f 4941 4953 4954
f 4938 4952 4939
f 4937 4949 4950
f 4935 4947 4948
f 4944 4956 4957
f 4941 4955 4942
f 4939 4953 4940
f 4938 4950 4951
f 4948 4962 4949
f 4947 4959 4960
f 4957 4971 4958
f 4955 4969 4956
f 4954 4966 4967
f 4951 4965 4952
f 4949 4963 4950
f 4948 4960 4961
f 4956 4970 4957
f 4954 4968 4955
f 4953 4965 4966
f 4951 4963 4964
f 4962 4974 4975
f 4959 4973 4960
f 4971 4983 4984
f 4968 4982 4969
f 4966 4980 4967
f 4964 4978 4965
f 4962 4976 4963
f 4960 4974 4961
f 4969 4983 4970
f 4967 4981 4968
f 4966 4978 4979
f 4964 4976 4977
f 4975 4987 4988
f 4973 4985 4986
f 4983 4997 4984
f 4981 4995 4982
f 4979 4993 4980
f 4978 4990 4991
f 4976 4988 4989
f 4973 4987 4974
f 4983 4995 4996
f 4981 4993 4994
f 4978 4992 4979
f 4976 4990 4977
f 4988 5000 5001
f 4985 4999 4986
f 4997 5009 5010
f 4995 5007 5008
f 4992 5006 4993
f 4991 5003 5004
f 4989 5001 5002
f 4986 5000 4987
f 4996 5008 5009
f 4994 5006 5007
f 4991 5005 4992
f 4989 5003 4990
f 5001 5013 5014
f 4999 5011 5012
f 5009 5023 5010
f 5008 5020 5021
f 5005 5019 5006
f 5004 5016 5017
f 5001 5015 5002
f 4999 5013 5000
f 5008 5022 5009
f 5007 5019 5020
f 5005 5017 5018
f 5002 5016 5003
f 4893 4619 4632
f 4893 4632 4645
f 4893 4645 4658
f 4893 4658 4671
f 4893 4671 4684
f 4893 4684 4697
f 4893 4697 4710
f 4893 4710 4723
f 4893 4723 4736
f 4893 4736 4749
f 4893 4749 4762
f 4893 4762 4775
f 4893 4775 4788
f 4893 4788 4801
f 4893 4801 4814
f 4893 4814 4827
f 4893 4827 4840
f 4893 4840 4853
f 4893 4853 4866
f 4893 4866 4879
f 4893 4879 4892
f 4893 4892 4906
f 4893 4906 4919
f 4893 4919 4932
f 4893 4932 4945
f 4893 4945 4958
f 4893 4958 4971
f 4893 4971 4984
f 4893 4984 4997
f 4893 4997 5010
f 4893 5010 5023
f 5014 4609 4610
f 5012 4607 4608
f 5022 4619 5023
f 5020 4617 5021
f 5018 4615 5019
f 5017 4612 4613
f 5014 4611 5015
f 5012 4609 5013
f 4893 5023 4619
f 5021 4618 5022
f 5020 4615 4616
f 5018 4613 4614
f 5015 4612 5016
f 4481 5011 4606
f 5011 4602 4606
f 4998 4597 4602
f 4985 4593 4597
f 4593 4959 4589
f 4589 4946 4585
f 4585 4933 4581
f 4933 4577 4581
f 4577 4907 4573
f 4907 4569 4573
f 4894 4565 4569
f 4880 4561 4565
f 4561 4854 4557
f 4557 4841 4553
f 4553 4828 4549
f 4828 4545 4549
f 4545 4802 4541
f 4802 4537 4541
f 4789 4533 4537
f 4776 4529 4533
f 4529 4750 4525
f 4525 4737 4521
f 4521 4724 4517
f 4724 4513 4517
f 4513 4698 4509
f 4698 4505 4509
f 4685 4501 4505
f 4672 4497 4501
f 4497 4646 4493
f 4493 4633 4489
f 4489 4620 4485
f 4620 4481 4485
f 4 3 2
f 8 7 6
f 13 16 15
f 17 28 19
f 32 31 30
f 36 35 34
f 37 40 39
f 21 22 23
f 25 26 27
f 41 44 43
f 48 47 46
f 52 51 50
f 53 56 55
f 60 59 58
f 29 30 62
f 66 65 64
f 67 5 6
f 72 71 70
f 76 75 74
f 77 80 79
f 81 84 83
f 59 87 86
f 88 91 90
f 96 95 94
f 100 99 98
f 101 104 103
f 106 105 34
f 108 116 115
f 117 119 36
f 124 127 126
f 131 130 129
f 132 102 134
f 142 141 140
f 148 106 60
f 144 143 127
f 149 152 151
f 156 155 154
f 159 150 158
f 116 108 164
f 171 170 169
f 174 126 173
f 179 182 181
f 186 189 188
f 194 197 196
f 199 142 139
f 206 209 208
f 213 212 211
f 202 215 214
f 96 93 216
f 92 238 43
f 97 184 246
f 250 249 229
f 252 254 58
f 258 257 256
f 260 91 229
f 110 111 112
f 114 264 263
f 265 268 267
f 56 53 270
f 274 273 249
f 185 183 63
f 280 279 278
f 285 284 283
f 288 219 211
f 141 142 92
f 289 290 175
f 148 116 105
f 312 311 170
f 238 262 42
f 318 163 160
f 310 309 308
f 241 239 325
f 160 230 240
f 47 48 307
f 108 109 315
f 345 85 86
f 348 351 350
f 356 359 358
f 355 354 353
f 363 31 32
f 364 252 253
f 366 125 368
f 183 372 371
f 163 162 161
f 209 226 101
f 378 377 165
f 379 295 381
f 383 382 3
f 284 285 386
f 387 127 389
f 391 259 229
f 73 281 397
f 405 408 407
f 203 218 411
f 414 121 413
f 1 356 357
f 277 276 131
f 254 344 57
f 358 384 415
f 417 416 386
f 401 400 192
f 419 389 127
f 421 181 182
f 103 301 302
f 428 367 368
f 380 390 359
f 62 204 266
f 140 141 431
f 357 358 351
f 356 1 379
f 415 392 403
f 437 428 436
f 438 441 440
f 188 451 450
f 265 455 181
f 224 185 64
f 237 212 213
f 275 131 128
f 281 282 460
f 50 462 79
f 73 74 282
f 468 467 466
f 390 355 352
f 482 485 484
f 489 488 487
f 493 496 495
f 472 471 470
f 502 501 500
f 220 221 222
f 512 419 143
f 518 517 511
f 513 239 230
f 205 30 31
f 189 370 451
f 163 318 532
f 533 224 225
f 446 448 447
f 335 541 540
f 544 512 546
f 329 519 291
f 199 534 262
f 385 386 416
f 532 190 191
f 363 117 118
f 578 581 580
f 573 572 571
f 561 563 562
f 241 260 259
f 590 593 592
f 545 546 595
f 503 154 155
f 606 625 624
f 478 481 480
f 646 649 648
f 590 591 689
f 564 565 651
f 728 246 184
f 714 724 716
f 692 574 575
f 541 335 581
f 346 68 248
f 161 231 230
f 128 129 94
f 698 705 704
f 574 577 576
f 290 289 401
f 630 631 725
f 733 736 735
f 755 466 496
f 759 480 481
f 757 763 762
f 764 496 466
f 768 767 3808
f 759 760 488
f 492 474 475
f 474 770 769
f 773 468 465
f 771 774 486
f 484 485 775
f 774 776 489
f 495 496 764
f 495 757 761
f 137 397 784
f 325 239 797
f 165 519 51
f 369 32 29
f 730 731 568
f 90 302 301
f 243 118 516
f 800 734 806
f 817 815 808
f 816 808 823
f 306 303 447
f 815 810 809
f 829 830 828
f 726 725 501
f 274 427 424
f 879 882 881
f 884 883 879
f 219 218 217
f 906 905 904
f 455 204 205
f 898 882 830
f 903 900 880
f 377 291 519
f 923 949 948
f 946 947 951
f 3519 740 739
f 900 899 886
f 225 64 65
f 182 445 442
f 809 952 947
f 954 960 962
f 927 950 965
f 885 879 880
f 925 927 966
f 343 342 341
f 965 964 971
f 968 971 970
f 972 968 969
f 963 961 981
f 336 337 338
f 992 993 827
f 810 815 996
f 1007 1001 1002
f 1012 826 827
f 1011 1009 1007
f 294 293 292
f 907 908 920
f 1017 579 1019
f 1020 1023 1022
f 1035 1024 1020
f 1061 1060 1047
f 1063 1061 1046
f 1044 1020 1021
f 1102 1094 1097
f 1116 1126 1118
f 1016 1015 1014
f 881 897 904
f 816 1116 1127
f 1094 948 949
f 514 342 167
f 146 145 81
f 1133 1135 1130
f 1102 1133 1126
f 822 1126 1116
f 1145 1143 1148
f 1076 1144 1151
f 1148 1143 1086
f 1109 1097 1114
f 1154 1153 1156
f 1153 925 967
f 3464 3497 463
f 1144 1147 1152
f 1156 967 1163
f 1164 1162 1169
f 1145 1171 1176
f 1114 1115 1154
f 1183 1155 1164
f 1184 1183 1177
f 1069 1151 1062
f 1023 1191 1194
f 1162 1163 1170
f 1195 1184 1185
f 1183 1196 1176
f 1201 1063 1152
f 1061 1063 1201
f 3825 847 843
f 1203 1202 1195
f 1202 1201 1184
f 1218 1060 1203
f 1060 1061 1202
f 1225 1218 1217
f 671 695 694
f 1219 1217 1024
f 1217 1203 1034
f 1226 1014 1015
f 1243 1242 1234
f 1231 1230 1229
f 847 1243 1233
f 843 1233 1244
f 1233 1234 1245
f 1923 3761 233
f 2100 2108 499
f 3914 3864 2135
f 61 62 323
f 210 211 217
f 1299 1310 1309
f 3863 1230 1231
f 1066 1047 1321
f 1322 1321 1228
f 1060 1218 1321
f 1325 1324 1323
f 1244 1245 1332
f 1290 1234 1242
f 1337 1330 1339
f 1330 1332 1340
f 1341 1332 1245
f 1342 1340 1332
f 1343 1342 1341
f 1344 1341 1294
f 3857 3856 1345
f 1347 1348 1342
f 3856 3854 1295
f 1349 1350 1348
f 3861 1349 1347
f 3853 1347 1343
f 906 898 829
f 905 906 1353
f 865 1356 1355
f 1355 1353 829
f 1357 1355 825
f 1356 1354 1353
f 3834 1337 1338
f 866 1358 1356
f 1358 1359 1354
f 3828 878 1337
f 838 1362 1012
f 1363 1364 1338
f 1368 1363 1339
f 1348 1368 1340
f 1371 1369 3824
f 524 525 526
f 528 529 530
f 1372 1370 1369
f 535 536 537
f 1367 1368 1348
f 1370 1354 1359
f 1369 1359 3833
f 1373 910 903
f 555 556 557
f 1374 909 910
f 1373 904 905
f 1374 1373 1375
f 1375 905 1354
f 1378 920 908
f 376 373 651
f 1388 928 973
f 586 587 588
f 1390 1389 1388
f 1391 1388 969
f 597 598 599
f 600 601 602
f 1392 1391 970
f 608 609 610
f 612 524 523
f 614 615 616
f 617 618 25
f 620 621 622
f 1397 1390 1391
f 1398 1397 1392
f 1400 987 920
f 1402 1403 1165
f 636 637 638
f 930 1404 1402
f 641 642 643
f 929 1402 1169
f 1404 1405 1403
f 1411 1366 1365
f 1412 1406 1415
f 652 653 654
f 609 656 657
f 659 660 661
f 558 663 586
f 665 666 667
f 1413 1411 1406
f 1418 1416 3810
f 1417 1372 1371
f 1416 1371 3829
f 1419 1417 1416
f 1386 909 1374
f 677 678 679
f 1385 1386 1420
f 1420 1374 1376
f 685 686 687
f 1421 1420 1422
f 528 690 691
f 1422 1376 1372
f 1018 1019 747
f 699 700 701
f 1424 578 579
f 3663 1597 1767
f 700 699 711
f 1093 3746 3754
f 717 718 530
f 721 722 723
f 704 1650 3543
f 19 1429 1426
f 1429 1428 1427
f 1658 1659 3542
f 1439 1437 1434
f 1437 1436 1435
f 1426 1427 1433
f 1442 1431 1432
f 742 743 744
f 1432 1433 1441
f 751 752 753
f 1438 1434 1403
f 1446 1445 1444
f 1447 1448 1446
f 3860 1447 1443
f 1415 1367 1445
f 1414 1415 1446
f 2173 1683 469
f 777 778 779
f 780 781 782
f 1676 1693 1806
f 3859 1451 1349
f 789 790 791
f 745 792 793
f 652 794 795
f 1455 1458 1457
f 1454 1367 1350
f 610 691 802
f 3831 3816 698
f 1352 1044 1045
f 1015 1016 1459
f 811 812 813
f 2118 3815 3817
f 819 820 821
f 1466 1463 1194
f 1467 1468 1465
f 1182 1165 1468
f 832 812 833
f 835 836 837
f 1467 1466 1190
f 1469 1470 1444
f 840 700 712
f 1453 1470 1469
f 599 844 845
f 1226 1450 3849
f 851 852 853
f 855 744 856
f 858 859 860
f 861 862 863
f 1014 1226 3855
f 867 676 868
f 870 871 872
f 874 875 876
f 1310 1323 1471
f 1476 1433 1427
f 1461 1476 1475
f 887 888 889
f 788 791 892
f 894 895 896
f 1460 1475 1227
f 901 902 524
f 1465 1478 1477
f 1865 3503 3500
f 911 912 913
f 916 917 918
f 1850 3505 3507
f 921 922 895
f 1479 1435 1436
f 926 664 667
f 1481 562 563
f 269 1483 84
f 931 932 933
f 934 935 614
f 936 685 688
f 938 659 662
f 1484 270 122
f 941 942 835
f 320 321 509
f 1849 3510 3505
f 84 1483 1484
f 1487 1490 1488
f 1757 1758 3502
f 365 1492 1491
f 461 79 80
f 117 363 362
f 1494 540 541
f 926 601 957
f 1477 1441 1433
f 1709 1588 1585
f 119 117 1496
f 271 1497 504
f 511 517 189
f 345 1496 1492
f 57 344 299
f 1501 1499 268
f 267 268 1499
f 974 975 976
f 1678 1652 1693
f 3846 1682 1807
f 557 982 663
f 983 941 984
f 1443 1444 3849
f 421 1500 268
f 989 990 991
f 1490 1487 418
f 279 280 309
f 997 868 676
f 998 26 999
f 1504 418 38
f 1506 1508 1507
f 360 361 1508
f 1506 1486 207
f 939 1005 1006
f 270 1484 1483
f 66 63 546
f 1010 742 793
f 367 428 437
f 244 31 363
f 1670 3532 3534
f 209 206 1510
f 388 389 426
f 427 274 250
f 161 520 521
f 100 246 45
f 1025 1026 608
f 1029 1030 1031
f 939 662 1033
f 41 42 594
f 1036 780 783
f 702 701 1038
f 1040 1041 1042
f 362 32 369
f 187 1520 477
f 70 1487 539
f 1049 600 603
f 613 867 869
f 860 1050 1051
f 1005 1052 1053
f 753 1055 1056
f 1057 1058 1059
f 293 288 1522
f 288 212 1521
f 292 1522 1523
f 331 1507 1508
f 306 452 453
f 100 44 41
f 462 1524 78
f 330 331 1524
f 635 1067 1068
f 1485 1527 1526
f 206 1485 1528
f 1070 1071 1072
f 942 941 1073
f 916 933 1075
f 440 1529 1530
f 157 158 1514
f 1529 162 5
f 371 595 546
f 790 586 663
f 1077 858 857
f 1403 1434 1435
f 1080 1081 1082
f 531 520 1529
f 21 1083 1084
f 272 1532 1531
f 690 712 802
f 335 3571 3567
f 1090 1030 1029
f 1092 795 794
f 1533 396 137
f 661 660 1095
f 69 444 445
f 1099 1100 1101
f 38 39 1536
f 1104 1105 1106
f 852 1107 1108
f 1377 908 909
f 291 377 411
f 316 1536 516
f 539 1488 1533
f 1505 1536 316
f 1110 1111 1112
f 1539 1537 460
f 522 441 1537
f 834 837 1120
f 1122 1123 1124
f 612 1125 1041
f 935 793 615
f 276 278 130
f 1686 3549 3522
f 193 190 1541
f 231 521 1540
f 556 1037 982
f 365 253 85
f 190 532 318
f 1810 765 3574
f 3924 1867 3512
f 1132 983 985
f 208 101 102
f 1134 1033 662
f 1491 518 80
f 429 133 1542
f 1137 1138 915
f 172 436 428
f 1139 1140 1141
f 549 96 54
f 1517 1519 1518
f 834 1119 984
f 1543 513 286
f 1544 797 239
f 133 134 1544
f 506 361 257
f 420 327 328
f 1158 1159 1160
f 587 1104 1103
f 607 1161 1027
f 304 1546 1545
f 364 1491 77
f 69 70 198
f 700 840 1112
f 3877 626 3525
f 1166 719 657
f 1167 1168 858
f 1300 3523 3524
f 1172 1173 1174
f 218 203 200
f 1179 1180 1181
f 372 183 97
f 89 104 227
f 1186 1187 1188
f 172 173 1517
f 1482 84 81
f 1090 1192 1193
f 394 395 353
f 526 525 1198
f 1199 1200 1026
f 606 623 697
f 1204 1205 1206
f 1207 1208 523
f 1209 1210 867
f 914 913 685
f 1478 1436 1441
f 1029 1028 1161
f 1211 1212 1213
f 3858 1453 1451
f 844 1215 1216
f 423 193 273
f 1220 1221 1222
f 22 1223 1224
f 882 898 897
f 1519 1517 173
f 1189 1188 1232
f 349 350 550
f 1071 1235 1236
f 1237 1238 1239
f 1221 1186 1189
f 1510 1528 1512
f 939 1032 1241
f 1556 1530 5
f 1553 1554 394
f 404 1556 67
f 1247 1248 1249
f 142 199 238
f 1251 1067 635
f 850 1252 1253
f 1254 1167 1077
f 57 132 133
f 443 430 552
f 1187 1172 1175
f 1256 1070 831
f 432 405 382
f 741 748 747
f 434 350 351
f 349 432 383
f 251 124 1481
f 395 384 352
f 1518 1519 1550
f 1558 410 378
f 109 263 314
f 285 1514 1513
f 395 394 393
f 202 203 410
f 417 408 405
f 1246 1257 1258
f 3 1559 297
f 1259 1260 1261
f 403 404 347
f 955 954 953
f 462 50 51
f 1096 1095 687
f 429 147 60
f 896 1264 1265
f 1267 721 1268
f 423 424 327
f 37 179 180
f 20 23 1187
f 1256 1168 1071
f 1188 1175 1269
f 1236 1270 1271
f 1272 536 535
f 565 564 463
f 1273 792 745
f 876 1254 1255
f 316 33 164
f 437 1516 503
f 194 1494 1495
f 1275 1276 864
f 624 625 631
f 1277 1274 1137
f 569 568 567
f 1481 124 125
f 324 325 547
f 1279 1108 1107
f 1525 332 329
f 1281 1278 1137
f 171 168 1553
f 1488 73 396
f 1557 1561 1562
f 1282 856 1206
f 1053 1277 1278
f 778 777 607
f 713 583 3566
f 251 225 144
f 4 357 348
f 709 708 707
f 728 48 45
f 261 135 1563
f 789 1286 1287
f 74 314 263
f 403 284 385
f 1178 1181 1240
f 1223 1259 1289
f 1220 20 1186
f 296 1518 354
f 784 459 1538
f 1181 1180 1291
f 1269 1292 1257
f 1566 1538 438
f 136 784 1566
f 1563 1564 169
f 107 114 109
f 1297 1282 1298
f 1464 1477 1476
f 1520 187 507
f 1301 1302 1303
f 1306 1307 1308
f 175 456 1532
f 1532 456 200
f 1311 1266 1312
f 872 1314 1315
f 3836 843 878
f 1305 1308 864
f 1040 1275 863
f 1564 1566 399
f 592 1576 1575
f 591 1575 1088
f 1581 1584 1583
f 1196 1152 1147
f 710 582 583
f 285 407 408
f 953 954 961
f 1594 1592 1589
f 1585 1588 1587
f 1592 1591 1590
f 3885 945 944
f 1600 1599 1598
f 1604 1603 1602
f 1399 1392 979
f 1589 1590 1596
f 1610 1609 1608
f 298 257 361
f 551 552 276
f 1627 1626 3814
f 859 811 818
f 1078 857 1328
f 1555 439 1530
f 572 573 680
f 772 465 776
f 977 1281 918
f 404 403 392
f 1054 1331 750
f 1644 1645 1643
f 932 1265 1082
f 1067 1333 1334
f 1540 1539 264
f 597 1335 643
f 471 761 762
f 1642 696 3831
f 1644 1642 3842
f 923 946 950
f 96 549 548
f 520 531 522
f 445 444 443
f 849 839 848
f 480 759 755
f 1646 760 481
f 311 426 1567
f 464 463 3497
f 3497 1360 1361
f 234 237 236
f 190 193 192
f 153 154 152
f 231 287 286
f 1552 1553 1551
f 760 1646 1648
f 3832 1647 1649
f 828 827 826
f 52 167 166
f 1663 1662 1661
f 287 107 115
f 668 671 670
f 634 645 640
f 553 560 559
f 118 36 33
f 492 484 491
f 3552 1652 1651
f 582 589 584
f 384 395 392
f 1381 1382 1383
f 1562 1561 435
f 952 953 951
f 3529 3566 583
f 1660 1661 1667
f 1394 1395 1396
f 1660 1665 1664
f 1671 1670 1669
f 1624 1625 1673
f 1407 1408 1409
f 1677 1676 1675
f 1613 1679 1677
f 1679 1678 1676
f 1626 1681 3811
f 534 199 198
f 803 733 734
f 400 248 191
f 65 66 143
f 3526 1657 1656
f 402 159 157
f 629 628 627
f 461 477 49
f 758 757 495
f 796 787 786
f 406 407 1513
f 342 343 166
f 1694 1659 1658
f 1692 1687 1694
f 3557 1693 1652
f 3921 1704 1703
f 326 547 302
f 3916 3921 1702
f 3919 3918 1698
f 1699 1691 3927
f 1557 406 1560
f 1127 1116 1117
f 400 401 289
f 1706 1702 1707
f 1707 1702 1599
f 1709 1706 1708
f 1714 1712 1711
f 3919 3915 1709
f 1704 1711 1577
f 1716 1714 1713
f 1559 1562 1549
f 1722 1721 1720
f 1335 597 596
f 410 411 377
f 973 1170 1163
f 168 169 399
f 1571 682 1089
f 1572 681 682
f 749 646 647
f 1730 1724 1723
f 1594 1582 1729
f 1729 1723 1591
f 1384 1378 1377
f 1732 1731 1712
f 1724 1730 1731
f 1722 1724 1732
f 1721 1722 1733
f 1734 1733 1716
f 1735 1737 1736
f 1733 1732 1714
f 1663 1664 1741
f 1742 1665 1740
f 1738 1739 1737
f 1665 1660 1666
f 1665 1742 1744
f 1725 1726 1746
f 1591 1725 1745
f 1590 1745 1747
f 1745 1746 1748
f 1659 1688 3538
f 3287 1760 3545
f 1185 1177 1182
f 1664 1744 1749
f 1741 1749 1739
f 1746 1742 1743
f 1726 1744 1742
f 1115 924 1153
f 1654 3546 3575
f 1896 3562 3549
f 1720 1749 1744
f 1721 1739 1749
f 1750 1718 1701
f 1697 1736 1750
f 1151 1152 1063
f 1751 1752 1670
f 1695 1658 1752
f 961 962 986
f 1770 1769 1768
f 1766 1594 1593
f 1731 1759 1579
f 1579 1777 1774
f 3928 1772 1771
f 1764 1772 3928
f 1777 1776 1775
f 3762 3763 1699
f 1004 1127 1128
f 1774 1775 1771
f 987 1400 1399
f 1578 1774 1772
f 1783 1782 1781
f 1597 1598 1770
f 639 1878 3895
f 3928 3929 1769
f 1793 1792 1789
f 3929 3920 1798
f 3508 3516 3773
f 1802 1867 3924
f 1788 1790 1794
f 1793 1794 1795
f 3773 3772 1675
f 1584 1581 1783
f 1771 1797 3920
f 1801 1799 1798
f 1768 1769 1798
f 1775 1796 1797
f 508 514 515
f 1796 1803 1802
f 1800 1798 3920
f 1794 1805 1804
f 3532 1670 1752
f 485 1808 1807
f 3809 3844 1640
f 3837 3844 1810
f 485 482 1640
f 1690 1691 3770
f 487 488 1648
f 3839 1813 1816
f 3838 1811 1648
f 3839 1812 1811
f 1812 1809 487
f 1641 1809 767
f 465 466 755
f 767 1815 3823
f 3822 1816 3826
f 1809 1812 1815
f 3837 1653 1651
f 675 672 3541
f 1814 1649 1822
f 1821 1822 3821
f 1824 1822 1649
f 1827 1849 1850
f 1668 1669 1662
f 1779 1780 1848
f 1790 1827 1805
f 1833 1836 1853
f 3521 3506 693
f 1614 1615 1616
f 1852 1853 3498
f 1620 1621 1622
f 1855 1765 1574
f 1847 1852 3501
f 1766 1765 1855
f 1629 1630 1631
f 1633 1622 1634
f 1635 1636 1637
f 1848 1833 1852
f 1855 1861 1863
f 1803 1866 1867
f 1862 1863 1831
f 1782 1855 1862
f 3922 3924 1865
f 1873 1872 1870
f 1874 1869 799
f 2045 3878 3897
f 1219 1345 1295
f 1615 1614 1396
f 3884 3895 1877
f 645 3898 3786
f 1345 1219 1035
f 634 639 3884
f 15 1887 1327
f 3910 3895 1878
f 1894 604 605
f 3506 3551 627
f 3560 640 645
f 340 341 454
f 1897 194 195
f 1889 1882 1877
f 1901 94 129
f 196 749 754
f 1705 1704 3921
f 340 378 166
f 1570 1480 563
f 1904 1494 194
f 1781 1862 1832
f 1905 549 55
f 1000 994 995
f 986 919 920
f 1191 1185 1190
f 2094 2077 2075
f 1920 1921 1919
f 453 454 1912
f 1915 1919 1918
f 3882 2112 2106
f 1655 3575 3531
f 1916 1918 1926
f 704 3554 3561
f 278 1916 1925
f 3565 3564 1818
f 1097 949 1115
f 1927 1928 727
f 3578 3579 3654
f 1920 310 307
f 1929 307 48
f 503 504 1497
f 1902 1903 787
f 1816 1821 3820
f 1925 1926 1923
f 1535 1569 1568
f 254 252 258
f 1509 1497 366
f 119 86 35
f 219 288 293
f 141 46 47
f 542 205 244
f 1940 552 430
f 1779 1828 1827
f 1701 1710 3915
f 1661 3550 3515
f 270 53 754
f 197 1947 749
f 1727 1728 1212
f 53 54 232
f 1465 1468 1479
f 1284 3862 3854
f 1951 446 412
f 168 398 1554
f 1486 1485 206
f 506 77 78
f 994 1001 1007
f 951 953 963
f 1013 3859 3861
f 3826 3820 1820
f 1498 1909 1954
f 299 298 543
f 1754 1755 1756
f 1681 469 1683
f 1696 1694 1695
f 13 14 738
f 473 476 475
f 482 1641 768
f 204 62 30
f 1761 1762 820
f 611 1763 1125
f 1501 1503 1908
f 1074 1073 711
f 1960 1944 82
f 120 1956 1960
f 35 86 87
f 1773 1199 1025
f 1965 1545 1569
f 494 761 471
f 1966 1967 1969
f 446 1951 1971
f 174 368 125
f 1580 1579 1578
f 1785 1786 1787
f 1972 1546 304
f 1254 876 875
f 1973 341 342
f 321 1912 1973
f 1910 277 275
f 509 1973 514
f 1486 1507 1527
f 1974 1874 804
f 1977 1976 1974
f 1980 448 1966
f 379 1 2
f 1718 1715 1710
f 884 995 992
f 1680 1684 1678
f 902 990 525
f 344 255 256
f 135 138 137
f 448 446 1967
f 589 605 604
f 910 909 908
f 1981 1966 1968
f 1982 1981 1987
f 1988 1979 1987
f 1990 1988 1989
f 1991 1989 1993
f 322 321 320
f 992 828 830
f 1144 1076 1086
f 1995 1977 1978
f 1133 1129 1118
f 1997 1995 1994
f 870 1823 1335
f 805 806 1982
f 727 184 2000
f 1996 1994 1988
f 1994 1978 1979
f 1829 616 792
f 1830 1073 941
f 798 803 800
f 729 732 731
f 2011 2012 2023
f 1834 1835 846
f 402 283 284
f 2022 2023 2024
f 1838 718 989
f 810 955 952
f 1823 1839 1840
f 1430 1426 1432
f 1215 844 1841
f 1316 1208 873
f 2112 1401 1384
f 1842 1843 1844
f 1159 846 845
f 837 27 1846
f 1971 1951 2030
f 517 369 370
f 1471 2026 2027
f 3551 3525 626
f 2174 2175 770
f 935 934 1854
f 1613 1619 1611
f 1231 1228 1225
f 1856 1857 891
f 1300 1309 748
f 1150 1149 1858
f 1643 606 696
f 1215 1265 1264
f 1320 1860 902
f 1956 1943 1944
f 2031 668 669
f 2034 1325 1310
f 1879 1880 1656
f 40 245 242
f 1992 1993 2039
f 888 958 957
f 1882 1889 1996
f 1078 1138 1255
f 1871 912 1192
f 294 411 218
f 1323 2041 2026
f 123 1960 83
f 1324 2036 2041
f 384 358 359
f 1324 1325 2038
f 1883 1884 1885
f 287 1540 114
f 1096 1886 1134
f 915 1329 931
f 806 1980 1981
f 3533 3529 584
f 1425 2030 2042
f 1018 2042 1948
f 3562 1896 740
f 1948 2042 649
f 1881 1882 1990
f 1900 129 130
f 992 995 994
f 923 927 925
f 3878 2045 2047
f 1643 2048 625
f 2050 2052 2051
f 2045 1405 1404
f 3876 2047 945
f 1139 1080 1079
f 1037 1856 892
f 2055 2053 2057
f 1198 989 718
f 1619 2058 1612
f 2058 1605 1606
f 2059 2060 1607
f 2058 1619 1624
f 71 72 179
f 405 406 1557
f 322 1548 1972
f 2061 2052 2063
f 2066 2065 2067
f 2052 2061 2064
f 1609 1610 2066
f 1515 151 152
f 1009 827 993
f 1644 3843 3815
f 279 1915 1916
f 1285 3863 3862
f 1647 2066 1825
f 2056 2057 2067
f 319 320 1953
f 667 666 1913
f 2070 631 625
f 2052 2050 2055
f 2038 1654 1655
f 1606 1601 2073
f 1235 1917 1270
f 2072 2073 2075
f 2059 1606 2072
f 2074 2075 2077
f 1601 1602 2078
f 2049 2048 1643
f 1000 1004 1001
f 1089 943 684
f 1931 1286 1306
f 1462 1459 1021
f 1932 1933 1934
f 875 874 1846
f 1936 1051 1937
f 44 45 46
f 1534 1955 1956
f 1541 318 317
f 2081 2082 2084
f 146 1945 1959
f 1360 1941 1942
f 985 984 1032
f 1995 1997 1892
f 2079 2080 2082
f 2095 2096 2076
f 2081 2093 2078
f 2055 2050 2054
f 501 2096 2095
f 2097 2100 2099
f 2098 2099 2094
f 2140 2141 3893
f 2141 2046 3894
f 2051 2070 2048
f 592 2102 2101
f 2071 2064 2076
f 2102 2097 2098
f 593 2103 2102
f 1019 1895 746
f 1950 11 12
f 725 2071 2096
f 1385 2105 2104
f 1379 2104 2106
f 2107 2108 2100
f 3908 726 502
f 3896 502 499
f 940 1389 2109
f 928 929 1170
f 3868 590 684
f 1962 1963 1964
f 3878 680 573
f 2039 1993 1968
f 1389 1390 2110
f 1398 2111 2113
f 3757 3755 3753
f 3911 3883 2107
f 949 923 924
f 260 241 324
f 1390 1397 2113
f 2070 2051 2064
f 3867 3911 2103
f 2105 1385 1421
f 2114 1421 1423
f 3892 2114 2115
f 3908 2105 2114
f 554 2116 1902
f 972 1163 967
f 1765 1593 1573
f 1984 1985 1986
f 2053 2117 2069
f 3573 3556 724
f 1625 1677 1674
f 3881 3888 2119
f 3903 2115 2123
f 56 1954 1906
f 626 3877 3879
f 2001 2002 2003
f 3912 3841 2127
f 2006 2007 2008
f 2127 1413 1412
f 2014 2015 2016
f 2018 2019 2020
f 1495 1424 1947
f 1379 1377 1386
f 3814 3811 1680
f 2029 1885 1884
f 3902 2128 2120
f 629 3879 3914
f 682 683 943
f 724 1650 2121
f 1757 1819 3821
f 765 1810 3844
f 3851 714 715
f 706 707 3870
f 981 986 987
f 1457 1868 1656
f 2017 2016 2032
f 1458 1655 1868
f 1776 1777 1792
f 1959 1945 1946
f 3663 3715 3725
f 3913 3881 2122
f 1093 1089 689
f 966 965 968
f 3852 715 3881
f 2172 3577 2170
f 670 2138 2137
f 3761 787 1903
f 1429 19 28
f 964 963 978
f 3841 3813 1413
f 1473 1474 669
f 3834 3833 1359
f 2138 798 1870
f 1872 1473 2137
f 715 716 3888
f 1881 1991 1992
f 3843 3842 739
f 1837 1847 3513
f 253 58 59
f 1808 3837 3840
f 1647 3832 3818
f 3865 3866 671
f 2112 3882 3883
f 1405 2045 2044
f 3829 3824 1364
f 273 1541 391
f 576 632 3520
f 3875 3865 668
f 1430 1431 2140
f 2136 3850 3860
f 1430 2139 18
f 3893 3894 570
f 1442 1439 2046
f 1431 1442 2141
f 3869 3913 3850
f 3808 3823 1817
f 3866 3893 695
f 2142 2025 798
f 571 2143 2142
f 3819 3814 1618
f 2143 2022 2025
f 694 2142 2138
f 681 1572 2144
f 2144 2011 2022
f 328 210 457
f 1572 2010 2011
f 630 3892 3903
f 2085 2086 2087
f 2090 2091 2092
f 572 2144 2143
f 1875 1976 2153
f 1873 1875 2149
f 2103 2107 2097
f 2157 2043 2155
f 2128 1412 1414
f 3874 3871 589
f 3872 3870 628
f 2149 2153 2158
f 2159 2158 3905
f 698 3907 3902
f 3823 3847 3827
f 2158 2156 3874
f 1438 2044 2046
f 2035 2154 2160
f 2161 2160 3889
f 3871 3891 605
f 3873 17 18
f 370 29 61
f 649 1951 413
f 2153 2157 2156
f 1428 1429 1449
f 1490 76 73
f 3890 3905 710
f 2155 1891 3891
f 1456 1457 1880
f 2125 2088 2087
f 2160 2159 3890
f 300 1959 505
f 1064 1062 1046
f 2043 1892 1891
f 2129 2130 2004
f 2131 2132 2133
f 3848 3849 1450
f 1998 1975 804
f 3879 673 3864
f 474 492 490
f 1164 1165 1182
f 707 2162 3909
f 708 1472 2162
f 2162 2161 3886
f 548 549 1905
f 1145 1136 1114
f 705 2121 1650
f 2043 2157 1977
f 737 738 554
f 1034 1195 1191
f 458 1905 1907
f 195 196 232
f 2040 2039 1969
f 2145 2146 2147
f 2054 2050 2049
f 3832 1646 1639
f 9 12 11
f 252 364 506
f 472 478 479
f 1865 3924 3791
f 900 903 910
f 1941 2150 2151
f 1921 1928 1927
f 2163 1897 1898
f 271 156 153
f 1904 1326 12
f 282 263 264
f 1872 1873 2154
f 1326 1904 1897
f 628 692 693
f 1724 1722 1719
f 1549 1562 436
f 1582 1583 1730
f 1921 1920 1929
f 3563 3511 10
f 2152 2037 1950
f 475 772 774
f 769 2172 2171
f 2171 2165 476
f 476 773 772
f 1791 565 464
f 2166 2167 2168
f 595 371 372
f 483 1809 1641
f 762 2174 2173
f 771 483 484
f 486 487 1809
f 297 1549 1517
f 763 2175 2174
f 776 755 759
f 184 185 2176
f 412 447 303
f 2005 2176 185
f 3811 1681 1682
f 2164 2170 756
f 1472 2035 2161
f 950 951 964
f 2177 2178 2179
f 227 226 1510
f 2182 2183 2184
f 2186 2019 2018
f 1985 2182 2181
f 214 736 729
f 865 849 842
f 849 865 1357
f 559 3187 3188
f 16 13 737
f 560 553 498
f 3193 3196 3195
f 3200 3197 3198
f 3211 3214 3213
f 3215 3218 3217
f 2187 2188 2002
f 2169 2168 2189
f 2192 2086 2085
f 2193 2194 2195
f 2198 2199 2200
f 1998 1982 1979
f 3664 3665 3668
f 2116 1898 1903
f 1859 2006 2009
f 3904 2123 2126
f 1135 1148 1087
f 2201 2202 2015
f 1149 111 110
f 3221 3222 3218
f 2203 2204 2205
f 579 580 1895
f 1755 2207 2208
f 3891 3910 1893
f 1211 2151 2150
f 868 997 2210
f 944 945 930
f 2130 2129 2202
f 233 1903 1898
f 665 751 750
f 1167 1254 999
f 2211 2212 2213
f 2215 2216 2217
f 3867 593 590
f 2220 221 220
f 823 824 948
f 3225 3220 3227
f 266 204 455
f 3882 2108 2107
f 2221 2222 3519
f 2223 2224 2225
f 2207 2125 2124
f 673 674 3869
f 817 1000 996
f 2227 2228 2146
f 1947 1948 646
f 3900 2135 17
f 2229 1635 1638
f 1679 1613 1618
f 1637 2231 2232
f 2233 2234 1617
f 2231 2235 2236
f 1381 1638 2238
f 3586 2241 2242
f 1630 2234 2233
f 1681 1626 472
f 1408 1407 2243
f 3236 3239 3238
f 3232 3241 3240
f 1637 2230 2238
f 3237 3238 3233
f 1409 1408 1634
f 1380 1383 2247
f 1628 2248 2245
f 2249 1623 1622
f 1632 1634 1408
f 2248 1628 1631
f 2235 2231 1637
f 3245 3246 3199
f 631 2070 2071
f 515 167 52
f 782 781 2251
f 2253 2254 2255
f 397 281 459
f 1456 2039 2040
f 2040 2041 2036
f 1401 2112 2111
f 2041 2040 1970
f 1535 121 414
f 1586 1587 2080
f 2256 983 1132
f 1700 1699 3918
f 3815 1896 1686
f 1263 2256 1886
f 598 1841 844
f 2257 2258 2259
f 2258 2261 2262
f 2259 2262 2263
f 2260 2259 2216
f 1967 1971 1970
f 2212 1964 1963
f 922 921 2218
f 1312 1098 1101
f 1307 1306 1286
f 1548 1569 1546
f 2266 2267 2268
f 2265 2268 2270
f 2272 2265 2269
f 2273 2266 2265
f 2275 2276 2277
f 2278 2274 2277
f 2284 2285 3617
f 2287 2283 2286
f 2288 2289 2283
f 2290 2284 3639
f 2291 2292 2293
f 2295 2291 2294
f 2296 2297 2291
f 2297 2298 2292
f 2294 2293 2299
f 2279 2294 2300
f 2298 2301 2302
f 2292 2302 2303
f 2293 2303 2304
f 2304 2305 2306
f 2308 2309 2310
f 2302 2307 2310
f 2301 2311 2307
f 2312 2308 2307
f 2313 2314 2315
f 2318 2319 2320
f 3748 3771 2322
f 2324 2325 2273
f 2313 2324 2326
f 2328 2324 2313
f 2329 2325 2324
f 2331 2332 2333
f 2330 2333 2267
f 2325 2330 2266
f 2329 2331 2330
f 2333 2334 2335
f 2336 2334 2333
f 2338 2336 2332
f 2331 2339 2337
f 2329 2340 2339
f 2328 2341 2340
f 2316 2342 2341
f 2342 2316 2315
f 2344 2345 2346
f 2341 2344 2347
f 2342 2348 2344
f 2348 2349 2345
f 2350 2351 2352
f 2339 2350 2353
f 2340 2347 2350
f 2347 2346 2351
f 2337 2353 2354
f 2353 2352 2355
f 2356 2277 2276
f 2356 2357 2358
f 2356 2359 2296
f 2279 2277 2356
f 2360 2361 2270
f 2267 2335 2360
f 2362 2363 2364
f 2362 2365 2361
f 2366 2362 2358
f 2366 2367 2363
f 2357 2276 2368
f 2366 2368 2369
f 2276 2275 2370
f 2368 2370 2282
f 2372 2373 2374
f 2375 2376 2377
f 2378 2379 2380
f 2382 2378 2381
f 2384 2385 2378
f 2385 2386 2379
f 2388 2389 2390
f 2387 2390 2392
f 2393 2394 2387
f 2394 2395 2388
f 2186 2401 2402
f 2403 2404 2327
f 2272 2403 2326
f 2271 2405 2403
f 2405 2406 2404
f 2404 2407 2408
f 2409 2410 2411
f 2409 2412 2271
f 2413 2409 2269
f 2413 2414 2410
f 2417 2415 2416
f 2417 2418 2406
f 2412 2417 2405
f 2411 2415 2417
f 2406 2419 2407
f 3569 3520 632
f 2420 2398 2397
f 2420 2421 2423
f 2424 2420 2422
f 2424 2399 2398
f 2425 2391 2392
f 2421 2425 2426
f 2397 2396 2425
f 2396 2393 2391
f 2427 2314 2408
f 2430 2427 2428
f 2343 2315 2427
f 2432 2343 2430
f 2431 2430 2429
f 2435 2431 2433
f 2436 2432 2431
f 2428 2408 2407
f 2422 2437 2407
f 2438 2437 2422
f 2429 2428 2437
f 2440 2434 2433
f 2441 2439 2433
f 2442 2443 2439
f 2443 2444 2440
f 2445 2446 2444
f 2447 2445 2443
f 2383 2381 2445
f 2381 2380 2446
f 2448 2438 2423
f 2449 2448 2426
f 2441 2448 2449
f 2441 2429 2438
f 2449 2392 2390
f 2450 2390 2389
f 2447 2450 2451
f 2442 2449 2450
f 2451 2389 2453
f 2452 2453 2455
f 2382 2452 2454
f 2383 2451 2452
f 2456 2457 2373
f 2459 2460 2461
f 2463 2464 2465
f 2462 2465 2285
f 2466 2462 2284
f 2467 2463 2462
f 2461 2460 3703
f 2468 2469 2470
f 2472 2468 2471
f 2474 2461 3701
f 2475 2476 2477
f 2458 2455 2453
f 2479 2453 2389
f 2395 2480 2479
f 2480 2459 2458
f 2481 2482 2483
f 2484 113 2485
f 2471 2470 2464
f 2473 2471 2463
f 2487 2467 2466
f 2486 2466 2290
f 2490 2486 2488
f 2491 2487 2486
f 2492 2473 2467
f 2493 2492 2487
f 2494 2495 2492
f 2495 2472 2473
f 3690 2496 2474
f 3691 2497 2496
f 2498 2494 2493
f 2500 2498 2499
f 3700 3687 2498
f 3687 3691 2494
f 2306 2504 2278
f 2305 2505 2504
f 2504 2505 2507
f 2506 2507 2288
f 2274 2506 2508
f 2278 2504 2506
f 3633 3632 2489
f 3620 3633 2488
f 2507 2509 2289
f 2505 2510 2509
f 2508 2288 2287
f 2511 2287 2281
f 2370 2511 2280
f 2275 2508 2511
f 2512 2490 2489
f 2514 2512 2513
f 2517 2512 2514
f 2517 2491 2490
f 2499 2493 2491
f 2499 2517 2516
f 2510 2505 2519
f 2518 2519 2521
f 3616 2518 2520
f 3632 2510 2518
f 2522 2304 2303
f 2523 2522 2310
f 2305 2304 2522
f 2524 2522 2523
f 2519 2524 2525
f 2505 2305 2524
f 2308 2312 2527
f 2526 2527 2529
f 2531 2526 2528
f 2309 2308 2526
f 1214 2532 2151
f 2419 2406 2418
f 2533 2345 2349
f 2534 2533 2317
f 2535 2536 2533
f 2536 2346 2345
f 2537 2351 2346
f 2538 2537 2536
f 2539 2540 2537
f 2540 2352 2351
f 2312 2355 2541
f 2527 2541 2542
f 2543 2435 2434
f 2545 2543 2544
f 2319 2318 2543
f 2318 2436 2435
f 2514 2515 2548
f 2547 2548 2550
f 2552 2547 2549
f 2552 2516 2514
f 2520 2521 2554
f 2553 2554 2556
f 3590 2553 2555
f 3621 2520 2553
f 2523 2309 2531
f 2557 2531 2530
f 2525 2523 2557
f 2559 2557 2558
f 2554 2559 2560
f 2521 2525 2559
f 2561 2375 2007
f 2376 2562 2225
f 2564 2565 2566
f 2563 2566 338
f 2569 2563 2567
f 2570 2564 2563
f 2572 2573 2574
f 2571 2574 2576
f 2544 2571 2575
f 2544 2434 2572
f 2578 2570 2569
f 2579 2577 2569
f 2574 2577 2579
f 2573 2578 2577
f 2581 2582 2583
f 2584 2580 2583
f 3697 3675 2580
f 3676 2581 2580
f 2582 2516 2552
f 2583 2552 2551
f 2500 2501 2589
f 2590 2588 2589
f 3693 3695 2588
f 3695 3700 2500
f 2501 2516 2591
f 2592 2593 2594
f 2386 2385 2503
f 2596 2379 2386
f 2596 2374 2373
f 2599 2596 2597
f 2599 2380 2379
f 2600 2446 2380
f 2600 2599 2598
f 2603 2600 2601
f 2603 2444 2446
f 2604 2603 2602
f 2440 2604 2605
f 2444 2603 2604
f 2606 2582 2581
f 2606 2607 2590
f 2591 2516 2582
f 3676 2587 2456
f 3689 2456 2372
f 2478 2477 2608
f 2609 2610 2611
f 2564 2570 2613
f 2612 2613 2598
f 2457 2612 2597
f 2565 2564 2612
f 2614 2613 2570
f 2615 2614 2578
f 2602 2601 2614
f 2601 2598 2613
f 2572 2434 2605
f 2616 2605 2602
f 2573 2572 2616
f 1459 1016 1045
f 1265 1215 1079
f 1612 1608 1609
f 2067 2057 2069
f 1135 1109 1136
f 1938 1937 2618
f 95 548 458
f 2058 1607 1608
f 1454 1469 1445
f 655 2620 1048
f 722 1049 2621
f 1131 985 1033
f 562 1481 366
f 1723 1719 1725
f 1786 1123 1122
f 267 300 323
f 1325 2034 1654
f 1468 1165 1435
f 658 657 529
f 8 532 247
f 382 1557 1559
f 788 619 1307
f 940 930 929
f 911 2622 2623
f 2621 2620 655
f 2624 1857 2625
f 998 1846 27
f 635 638 2626
f 2627 641 644
f 2628 2627 1840
f 1200 1199 2627
f 1199 1773 641
f 1520 515 49
f 1452 1350 1349
f 2630 2631 1859
f 644 643 1335
f 1197 1198 717
f 2632 717 719
f 2628 2632 1166
f 2629 1197 2632
f 1762 2633 1050
f 1823 870 873
f 2634 2635 794
f 1042 794 2635
f 93 94 1901
f 2036 2038 1458
f 1527 332 1525
f 877 876 1274
f 134 409 797
f 1328 893 931
f 607 777 1091
f 1043 2635 2637
f 2636 2637 2639
f 1275 2636 2638
f 1275 1040 1043
f 1272 2624 2626
f 2640 2626 638
f 1110 2641 2640
f 536 1272 2640
f 1472 708 1474
f 2042 2030 1951
f 1058 1106 1105
f 2642 2623 2643
f 1192 2642 2644
f 912 2623 2642
f 3898 1657 3526
f 1049 1048 2620
f 616 1829 1885
f 1331 1913 666
f 990 989 1198
f 1911 1912 321
f 1298 1282 1205
f 76 1490 1504
f 1502 1500 421
f 610 609 658
f 1146 937 659
f 2646 911 914
f 1280 1239 1238
f 1453 1454 1452
f 835 942 1843
f 1271 1270 1173
f 1893 1878 1826
f 1050 2633 1937
f 2651 2652 814
f 1006 1053 1281
f 2653 1084 2654
f 1001 1004 1003
f 585 997 679
f 2624 1272 621
f 555 678 2028
f 1207 526 1197
f 1626 1627 478
f 426 389 419
f 1030 1193 1773
f 3898 645 634
f 534 1533 138
f 1125 1092 1042
f 333 228 88
f 569 1570 561
f 1489 2656 871
f 1857 2624 620
f 1673 1674 3770
f 622 861 864
f 619 788 891
f 261 544 545
f 393 1555 1556
f 2658 2659 2647
f 1075 2658 2657
f 1081 1080 2658
f 1080 1139 2659
f 2644 2643 1141
f 2660 1141 1140
f 642 2660 1336
f 1193 2644 2660
f 679 678 555
f 1503 1501 1500
f 1318 1317 1101
f 2661 2659 1139
f 2661 1142 2663
f 2662 2647 2659
f 2662 2663 2622
f 2664 2622 911
f 2648 2664 2646
f 2648 2647 2662
f 2083 2094 2093
f 1442 1440 1437
f 519 329 330
f 1885 2029 1209
f 799 800 805
f 1946 1943 1952
f 1302 1301 1253
f 566 2005 224
f 1389 940 928
f 683 682 681
f 836 835 1842
f 2665 1842 1845
f 2666 2665 1303
f 24 836 2665
f 831 1072 2650
f 1845 1844 1304
f 2010 2013 2012
f 1051 1936 2667
f 1522 1521 1511
f 531 440 441
f 1250 635 2625
f 2669 2625 1857
f 783 2669 1856
f 782 1250 2669
f 720 2670 2671
f 1055 1931 1930
f 1333 1067 1251
f 619 622 1308
f 652 655 2619
f 521 522 1539
f 1838 988 537
f 2672 537 536
f 1113 2672 2641
f 1113 527 1838
f 1016 1013 1351
f 3897 573 570
f 226 227 104
f 3564 3669 3827
f 1036 1037 1884
f 2674 1301 1304
f 2673 1304 1844
f 1334 2673 2675
f 1333 2674 2673
f 2676 702 1039
f 1843 2676 2675
f 942 1074 2676
f 1074 699 702
f 752 1057 1055
f 1200 1166 656
f 1120 1846 874
f 2677 874 877
f 1241 2677 1052
f 1119 1120 2677
f 1560 1513 151
f 1208 1316 611
f 215 735 736
f 1460 1459 1462
f 1208 1207 1839
f 854 856 1282
f 72 445 182
f 544 1563 1565
f 217 200 456
f 2047 1404 930
f 1204 2618 1937
f 913 777 686
f 840 527 1113
f 1531 729 730
f 2678 778 1283
f 601 667 1914
f 1537 1538 459
f 1819 1757 3509
f 991 1860 862
f 2679 711 1073
f 2680 1830 983
f 779 2680 2256
f 778 2678 2680
f 2678 2679 1830
f 180 542 245
f 1886 1132 1131
f 1138 1137 1274
f 1841 598 1140
f 75 313 314
f 193 423 420
f 2681 2682 1099
f 170 1567 1565
f 349 416 417
f 1121 1124 2684
f 547 797 409
f 123 122 121
f 2643 2663 1142
f 1542 1544 513
f 899 900 907
f 1210 677 676
f 791 663 982
f 24 27 837
f 893 896 932
f 1860 1320 863
f 535 538 862
f 1569 1548 1547
f 181 455 542
f 660 659 937
f 2013 567 568
f 887 890 2631
f 1524 1508 361
f 520 161 162
f 2653 855 854
f 1238 1237 2655
f 718 1838 527
f 1492 1493 518
f 792 616 615
f 599 846 1835
f 290 457 456
f 312 171 1552
f 1248 2687 1179
f 153 149 177
f 1240 1181 1222
f 1257 1292 1235
f 1291 1084 1083
f 1052 877 1277
f 743 742 2618
f 444 140 430
f 23 1224 1172
f 2687 2654 1180
f 102 103 409
f 1283 607 610
f 373 497 650
f 1180 2654 1084
f 855 2653 2655
f 1173 1270 1917
f 2689 850 853
f 2688 853 1108
f 2686 2688 1279
f 2687 2689 2688
f 2691 1302 1252
f 2690 1252 850
f 1248 2690 2689
f 1248 1247 2691
f 2692 617 24
f 2691 2692 2666
f 1247 1258 2692
f 1258 1168 617
f 394 1554 1555
f 2693 1260 1259
f 1072 1236 1262
f 1257 1071 1168
f 398 439 1555
f 871 1784 1314
f 1178 1232 1249
f 1224 1289 1173
f 1010 2617 2618
f 1175 1174 1292
f 2654 2687 2686
f 2694 1157 1216
f 71 418 1487
f 701 1112 1111
f 1072 1261 2649
f 1085 2695 22
f 895 2694 1264
f 1601 1606 1605
f 1259 1262 1271
f 21 20 1220
f 988 991 538
f 598 597 1336
f 1050 860 818
f 1298 2645 1761
f 1168 1167 618
f 858 1168 1256
f 39 242 516
f 2652 1761 819
f 313 316 315
f 2026 1970 1971
f 2656 1489 596
f 814 819 818
f 2696 2651 813
f 1260 2696 2649
f 2693 2697 2696
f 2697 1296 2651
f 381 355 390
f 3818 3819 1611
f 1475 1427 1428
f 1292 1174 1917
f 1551 353 354
f 1526 1525 1523
f 1593 1589 1595
f 1232 1269 1246
f 2695 2693 1223
f 2698 1297 1296
f 2698 2697 2693
f 2685 2698 2695
f 2685 854 1297
f 562 1497 271
f 2652 2651 1296
f 1365 1366 1364
f 1958 1946 1953
f 585 588 2210
f 1561 1560 1515
f 975 2648 1146
f 347 67 68
f 1038 1111 636
f 2700 781 780
f 2699 780 1036
f 2701 2699 1883
f 851 2700 2699
f 2674 1333 2251
f 2702 2251 781
f 1253 2702 2700
f 1301 2674 2702
f 1519 387 388
f 1273 1239 1280
f 2703 1280 1107
f 2701 2703 852
f 1829 1273 2703
f 91 260 326
f 1784 871 2656
f 2683 2684 2705
f 604 1894 3499
f 1669 3534 3548
f 2062 2063 2060
f 621 535 861
f 2023 731 732
f 686 779 1263
f 857 1051 2668
f 883 830 882
f 637 636 1111
f 2668 894 893
f 2667 921 894
f 1039 1038 1068
f 313 75 1504
f 1911 1972 305
f 1936 2706 1964
f 2707 2402 2401
f 2708 2707 2183
f 738 2163 2116
f 2349 2348 2432
f 2711 2712 2020
f 2400 2711 2019
f 2714 2715 2716
f 2717 2718 2719
f 2721 2722 2723
f 2726 2727 2728
f 2725 2728 2730
f 2731 2725 2729
f 2732 2726 2725
f 2734 2735 2736
f 2738 2739 2740
f 2737 2740 2741
f 2744 2745 2746
f 2745 2744 2748
f 2749 2750 2747
f 2753 2749 2751
f 2250 1380 2246
f 2754 1396 1614
f 3598 2754 2755
f 3608 2745 2747
f 1617 2756 2755
f 2242 2758 1620
f 2191 2085 2760
f 2761 2759 2760
f 3648 2759 2761
f 3623 2191 2759
f 3209 3248 3223
f 1395 1394 2236
f 1395 2235 1636
f 1616 1635 2229
f 1617 2234 2763
f 2756 2763 3628
f 2765 2763 2234
f 2766 2764 3628
f 3202 3199 3246
f 1516 437 435
f 2768 2769 3552
f 1495 541 578
f 2135 2136 28
f 3526 3540 2773
f 1690 1689 3926
f 2778 2779 2780
f 2777 2780 2781
f 2784 2778 2777
f 3555 3521 575
f 1494 1904 9
f 3529 2016 2015
f 451 61 505
f 2786 2787 2788
f 2779 2786 2785
f 2789 2752 2741
f 2790 2753 2752
f 2792 2793 2794
f 2793 2795 2796
f 2796 2797 2750
f 2794 2796 2749
f 2798 1393 1396
f 3591 2798 2754
f 2798 2799 2800
f 3591 3662 2799
f 2797 2796 2795
f 2791 2794 2753
f 216 233 232
f 3804 2806 2807
f 3805 2809 2804
f 2769 2810 3557
f 183 185 184
f 2811 2812 2775
f 2804 2811 2776
f 2809 2813 2811
f 2812 2811 2813
f 3805 2808 2816
f 3796 2818 2815
f 3798 3800 2820
f 3793 2823 2819
f 2824 2736 2735
f 2823 2825 2824
f 2825 2823 2826
f 3793 2822 2827
f 3796 2817 2826
f 2713 2716 2829
f 2828 2829 2831
f 2822 2821 2828
f 2821 2820 2713
f 2832 2827 2822
f 2833 2832 2830
f 2834 2835 2832
f 2835 2818 2827
f 2837 2838 2839
f 2836 2839 2841
f 2842 2836 2840
f 2843 2837 2836
f 2840 2841 2845
f 2718 2844 2845
f 2730 2728 2844
f 2727 2840 2844
f 2846 2845 2841
f 2829 2846 2847
f 2847 2841 2839
f 2848 2839 2838
f 2833 2848 2849
f 2831 2847 2848
f 2850 2814 2851
f 2853 2850 2852
f 2783 2777 2782
f 2785 2788 2853
f 2780 2785 2856
f 2857 2858 2855
f 2859 2857 2782
f 2861 2843 2842
f 2860 2842 2727
f 2862 2860 2726
f 2863 2861 2860
f 2861 2863 2858
f 2843 2861 2857
f 2856 2853 2854
f 2781 2856 2864
f 2837 2843 2859
f 2838 2837 2864
f 2852 2851 2834
f 2854 2852 2849
f 2865 2815 2818
f 2851 2865 2835
f 2813 2809 2815
f 2814 2813 2865
f 2866 2812 2814
f 2788 2866 2850
f 2866 2788 2787
f 2812 2866 2867
f 1892 1889 1890
f 2720 2719 2846
f 298 299 256
f 2872 2714 2713
f 3794 3800 2735
f 2729 2730 2874
f 2846 2716 2715
f 2876 2877 2878
f 2733 2875 2878
f 3806 3807 2879
f 3806 2880 2872
f 2882 2883 2884
f 2881 2884 2715
f 2880 2881 2714
f 2879 2882 2881
f 2885 2886 2887
f 2888 2889 2890
f 2885 2890 2892
f 2893 2886 2885
f 1942 2151 2532
f 2895 2892 2720
f 2884 2895 2870
f 2883 2896 2895
f 2896 2891 2892
f 2889 2874 2717
f 2890 2717 2720
f 2897 2893 2891
f 2898 2897 2896
f 2899 2898 2883
f 2900 2899 2882
f 3797 2900 2879
f 2876 2902 2901
f 2901 2902 2904
f 1785 2656 1835
f 2905 2906 2899
f 2907 2908 2897
f 3797 2901 2903
f 632 576 577
f 3532 3547 2867
f 434 385 550
f 2768 2770 3640
f 2910 2911 1623
f 2241 2912 2758
f 3640 2770 2913
f 1623 2911 2757
f 3587 2242 2757
f 2229 1381 1380
f 2765 1630 1629
f 2915 2914 1629
f 3642 3641 2914
f 3641 3622 2765
f 2919 2916 3642
f 2918 2915 2912
f 3614 2918 2241
f 3618 2919 3613
f 3541 2177 2180
f 3521 2002 2188
f 3705 3573 714
f 2925 2766 2917
f 2924 2917 2916
f 3610 2924 2919
f 3611 2925 2924
f 2926 2927 2766
f 3658 2926 2925
f 1715 1713 1705
f 785 497 498
f 1387 651 565
f 374 375 1899
f 3573 2203 2206
f 2929 2930 2886
f 2932 2933 2934
f 1905 1906 1908
f 2930 2935 2936
f 2938 2935 2930
f 1493 369 517
f 1603 1585 1586
f 2939 2938 2929
f 2940 2939 2908
f 3665 1707 1600
f 2886 2930 2937
f 2906 2907 2898
f 2908 2929 2893
f 2942 2934 2933
f 2941 2933 2937
f 3501 2941 2936
f 3498 2942 2941
f 2943 2944 2710
f 2943 2873 2874
f 2945 2943 2889
f 2946 2944 2943
f 2932 2945 2888
f 2931 2946 2945
f 727 1928 1929
f 2903 2904 2947
f 545 594 42
f 1480 1570 533
f 2907 2906 2949
f 2906 2905 2950
f 1558 452 215
f 3799 2903 2948
f 2054 1645 1644
f 3705 3684 2203
f 1828 1837 1849
f 2953 2954 2955
f 2952 2955 2957
f 2956 2261 2258
f 2953 2952 2258
f 2454 2455 2474
f 3747 2958 2959
f 3747 2132 2131
f 2961 2962 2963
f 2958 2963 2964
f 222 221 2485
f 2477 2226 2966
f 2631 2561 2006
f 2384 2454 2496
f 2967 2968 2959
f 2968 2967 2970
f 3759 2033 2971
f 3784 2971 2960
f 2972 2971 2033
f 2007 2377 2973
f 3560 3559 2134
f 1836 1833 1832
f 3506 2188 2090
f 955 810 959
f 672 675 674
f 633 710 713
f 2024 732 733
f 2025 2024 803
f 425 1552 1550
f 2975 2976 888
f 1319 1158 1157
f 1212 1935 2977
f 889 957 2228
f 1978 1974 1975
f 1138 1078 1329
f 751 665 2979
f 1619 1613 1625
f 2252 2255 1728
f 1157 1160 845
f 2706 1936 1938
f 2980 2255 2254
f 2982 2975 887
f 802 712 711
f 678 677 2029
f 527 840 690
f 1839 1207 2629
f 2983 2984 602
f 2983 1914 1913
f 2985 2983 1331
f 2986 2984 2983
f 2987 2637 2635
f 2985 2988 2639
f 2990 1319 1318
f 2991 2992 2993
f 2995 2991 2994
f 1106 1058 2991
f 1058 1057 2992
f 1415 1406 1365
f 1317 922 2217
f 1932 1728 2255
f 926 2998 2999
f 3001 2993 2992
f 3000 2992 1057
f 2999 3000 2978
f 2998 3001 3000
f 3002 2998 2209
f 3002 3003 2996
f 2993 3001 3002
f 1103 1106 2995
f 3004 2995 2996
f 2209 2210 3004
f 588 1103 3004
f 295 296 433
f 2638 2639 2988
f 3005 2988 1056
f 1305 3005 1930
f 1276 2638 3005
f 1987 1968 1993
f 2633 1762 1761
f 1423 1422 1417
f 3561 3517 739
f 2671 2670 2704
f 1473 1872 2035
f 922 1317 2694
f 1401 1400 1378
f 556 2028 1884
f 842 848 3825
f 1854 2706 2617
f 933 1082 1081
f 1440 1441 1436
f 529 657 719
f 1031 1025 1027
f 777 913 912
f 2645 1205 1204
f 441 438 1538
f 790 1287 587
f 2065 2066 1610
f 1860 991 990
f 60 106 87
f 1424 1017 1948
f 332 1527 1507
f 261 262 138
f 187 188 449
f 1719 1720 1726
f 1931 1055 1059
f 3006 1059 1105
f 1287 3006 1104
f 1286 1931 3006
f 3007 3008 3009
f 3009 3008 653
f 618 999 26
f 2029 677 1210
f 957 601 600
f 1049 2146 2228
f 2631 890 3011
f 890 889 2227
f 3011 2227 2145
f 2561 3011 3012
f 1026 656 609
f 2706 1854 1961
f 3013 2965 2485
f 2148 2147 1267
f 3015 1267 1266
f 2997 2264 1101
f 642 641 1773
f 186 477 461
f 1041 1040 1320
f 1121 3016 3017
f 2984 2986 2987
f 3018 2987 2634
f 1048 603 3018
f 603 602 2984
f 2679 2678 801
f 2062 2072 2074
f 2061 2074 2076
f 414 303 1545
f 3016 1121 2683
f 3019 2683 2704
f 3020 3019 2670
f 3007 3016 3019
f 1871 1090 1091
f 3021 1787 1122
f 3022 3021 3017
f 1314 3021 3022
f 1784 1787 3021
f 1316 1315 1763
f 3023 3022 3010
f 3023 3009 795
f 1763 3023 1092
f 1315 3022 3023
f 3016 3007 3010
f 752 751 2978
f 2986 2639 2637
f 3024 654 653
f 3020 3024 3008
f 720 723 3024
f 723 2621 654
f 2681 1098 1268
f 2671 3025 1268
f 2705 2681 3025
f 1313 3026 3027
f 3026 3028 3029
f 3027 3029 3030
f 1311 3027 3031
f 2012 568 731
f 917 2657 974
f 743 1206 856
f 1888 2027 2030
f 2682 2705 2684
f 3032 2684 1124
f 1100 3032 2989
f 1099 2682 3032
f 1123 2990 2989
f 3033 1834 1159
f 2990 3033 1158
f 1123 1786 3033
f 1786 1785 1834
f 1054 1056 2988
f 2979 665 664
f 2623 2622 2663
f 1095 660 688
f 3034 3035 2261
f 3036 3034 2956
f 3037 3038 3034
f 3038 3039 3035
f 3040 3041 3026
f 2263 3042 3041
f 3042 3039 3043
f 3041 3043 3028
f 3044 3045 3043
f 3046 3047 3045
f 3047 3048 3049
f 3043 3045 3049
f 3038 3037 3051
f 3050 3051 3053
f 3052 3046 3044
f 3039 3038 3050
f 3054 3035 3039
f 3042 2263 2262
f 2261 3035 3054
f 2216 2263 2997
f 2212 2211 2667
f 3056 868 2209
f 934 3057 1961
f 2013 3755 3757
f 3058 3059 3060
f 3059 3062 3063
f 3060 3063 2213
f 3061 3060 1963
f 3063 3064 2214
f 3062 3065 3064
f 3065 2257 2260
f 3064 2260 2215
f 3066 3067 3031
f 2608 2966 3067
f 2966 2562 3068
f 3031 3067 3068
f 2455 2458 2461
f 2476 2223 2226
f 3551 2090 2089
f 3526 2774 3769
f 433 354 355
f 2115 1423 1419
f 3509 2868 2922
f 3769 3737 2131
f 3069 2611 2167
f 2971 2972 2928
f 2961 2774 2773
f 3070 2475 2478
f 2610 2609 3071
f 2502 2371 2374
f 3072 2592 2595
f 2964 3046 3052
f 3048 2593 3074
f 2593 2592 3075
f 3075 3030 3029
f 3074 3029 3028
f 3072 3076 3075
f 3076 3072 2482
f 2481 2608 3066
f 3076 3066 3030
f 2967 3052 3053
f 2482 3072 3073
f 479 480 493
f 706 3900 3873
f 3561 2194 2221
f 2013 2010 3754
f 3533 2032 2016
f 3562 3519 2222
f 1171 1154 1155
f 2586 2566 2565
f 2982 110 113
f 2562 2376 3077
f 2376 2375 3012
f 3012 2145 2148
f 3077 2148 3015
f 2963 3047 3046
f 3051 3078 2970
f 1683 2173 491
f 3850 2122 1447
f 1986 2181 3734
f 3079 3080 2546
f 3081 3079 2575
f 1983 1986 3768
f 3082 2323 2319
f 3080 3082 2545
f 3734 3732 3082
f 3732 3748 2323
f 1309 1471 1888
f 3073 2595 2772
f 2760 3083 3084
f 2760 2085 2088
f 3085 3084 3086
f 3089 3085 3090
f 3089 2762 3084
f 3092 3088 3090
f 3093 2748 2744
f 2751 2747 2748
f 3093 2741 2752
f 2742 2741 3093
f 3094 3093 2743
f 3096 3097 3098
f 3099 3096 3087
f 3097 3094 3095
f 3100 2743 2746
f 3101 2927 3102
f 2764 2766 2927
f 2745 2764 3101
f 3102 3092 3091
f 3100 3091 3095
f 2869 2802 3592
f 3102 3103 3104
f 3658 2868 2869
f 2927 2926 3103
f 3098 3095 3091
f 3087 3098 3090
f 2088 2125 3105
f 3083 3105 3086
f 2483 3073 2771
f 2401 2186 2185
f 3099 3086 3105
f 2125 2207 3106
f 3108 2737 2742
f 3107 2742 3094
f 3110 3108 3107
f 3109 3107 3097
f 3111 3109 3096
f 3112 3110 3109
f 3113 2738 2737
f 3115 2723 2722
f 3117 3115 3114
f 3119 3117 3116
f 3118 3116 3120
f 3116 3114 3113
f 3122 3112 3111
f 3122 3123 1755
f 3124 3125 3126
f 3125 3118 3121
f 3128 3119 3118
f 3129 3128 3125
f 2020 2712 3128
f 3853 3857 1346
f 1065 1046 1047
f 1814 3838 3830
f 2021 2020 3129
f 3111 3099 3106
f 3123 3106 2207
f 2377 2225 2224
f 3014 2485 113
f 1756 2208 3782
f 3131 3132 2530
f 3133 3131 2528
f 1753 1756 3767
f 3134 3124 3127
f 2327 2408 2314
f 2436 2318 2317
f 2018 2021 3711
f 2534 3136 3137
f 2320 2322 3136
f 2185 2018 3712
f 3138 3139 2542
f 3134 3135 3744
f 3785 3130 3134
f 3140 3138 2539
f 2535 3137 3140
f 3711 2021 3130
f 2558 2530 3132
f 3782 3760 3141
f 2560 2558 3141
f 3760 3777 3142
f 958 888 2976
f 1933 1932 2980
f 2399 2424 2418
f 2348 2342 2343
f 2322 2320 2319
f 2718 2717 2874
f 2709 2729 2873
f 2894 2871 1361
f 346 289 176
f 1876 1877 1882
f 2802 2803 3607
f 3104 3144 3088
f 2974 2222 3649
f 3089 3145 2761
f 3088 3144 3145
f 2803 2974 3603
f 3870 3909 692
f 2123 1419 1418
f 1365 1363 1368
f 1581 1766 1782
f 3569 2202 2129
f 3555 2003 2002
f 3146 2585 2551
f 3751 3146 3147
f 3742 3149 3146
f 3149 2584 2585
f 3196 3198 3197
f 3604 2192 2191
f 3142 3150 2556
f 3777 3778 3150
f 3646 3152 2550
f 3150 3151 2555
f 3778 3780 3151
f 3788 3781 3152
f 3153 3147 2551
f 3152 3153 2549
f 3781 3776 3153
f 3776 3750 3147
f 3148 2767 2206
f 2183 2401 2321
f 2132 2960 2928
f 3684 3685 2204
f 3719 2198 2197
f 2594 2962 2773
f 2595 2594 2951
f 1870 798 799
f 3713 2179 2178
f 3706 2178 3736
f 336 3154 3774
f 339 3155 3154
f 3789 3683 3149
f 3683 3697 2584
f 2963 2962 3048
f 3722 3730 337
f 339 338 2566
f 3156 3157 2168
f 2610 3156 2167
f 2954 2953 3156
f 3157 3156 2953
f 3707 2166 2169
f 2567 3158 3159
f 337 3158 2567
f 3730 3069 2166
f 3764 2190 1983
f 2579 3160 3081
f 2568 3159 3160
f 3709 2169 2190
f 3065 3062 3162
f 3161 3162 1984
f 3157 3161 2189
f 2257 3065 3161
f 734 735 1922
f 3059 3058 2708
f 3163 2708 2182
f 3162 3163 1985
f 3062 3059 3163
f 3203 3206 3205
f 2122 2119 1448
f 3817 1686 1685
f 139 140 444
f 1570 569 566
f 2957 3164 3165
f 2955 3166 3164
f 1912 454 341
f 3130 3129 3124
f 1548 322 319
f 1949 1950 1327
f 2969 2970 3078
f 3167 3078 3169
f 3724 2014 2017
f 3720 2017 2033
f 3168 3169 3165
f 3170 3165 3164
f 3779 3170 3171
f 3724 3168 3170
f 3171 3164 3166
f 3172 3166 3071
f 3752 3172 3173
f 3756 3171 3172
f 3169 3037 3036
f 2593 3048 2962
f 3173 3071 2609
f 3174 2609 2199
f 3783 3174 2198
f 3749 3173 3174
f 2190 2189 1984
f 2196 2195 2767
f 2119 2120 1414
f 1464 1463 1466
f 2199 2611 3069
f 2457 2456 2587
f 2226 2225 2562
f 481 478 1627
f 333 1512 235
f 3078 3051 3037
f 3040 2264 2997
f 2219 1934 1933
f 2385 2384 2497
f 221 2220 3175
f 2220 1933 3143
f 3175 3143 2976
f 2484 3175 2975
f 2954 3071 3166
f 2630 1858 110
f 1547 319 1952
f 2091 2090 2188
f 3733 3736 2178
f 1918 1919 1927
f 3563 112 111
f 955 956 960
f 2037 3014 112
f 3143 2980 2981
f 2218 2211 2214
f 672 3877 3787
f 2152 3013 3014
f 1147 1144 1143
f 2248 2246 1409
f 1615 1636 1635
f 1410 1409 2246
f 3241 3243 3242
f 1382 3176 3177
f 3177 1410 2247
f 2247 1383 3177
f 3176 2238 2230
f 1410 3177 3179
f 3179 3180 2243
f 1633 3181 2800
f 1621 1620 2758
f 1622 1621 2245
f 2236 1394 3181
f 2237 2236 3182
f 2250 1631 2233
f 2912 1629 1628
f 135 136 1564
f 1567 419 512
f 1085 1084 2653
f 3184 869 868
f 869 3184 3057
f 1266 1268 1098
f 1267 2147 722
f 937 1146 2646
f 2146 1049 722
f 2211 2218 921
f 1957 510 507
f 1313 1312 2264
f 1496 362 1493
f 2887 2937 2933
f 1687 1688 1659
f 145 1499 1498
f 37 38 418
f 1935 1934 3185
f 104 89 301
f 2101 2098 2083
f 543 298 360
f 1934 2219 3186
f 234 1521 212
f 3845 3821 1822
f 1976 1875 1874
f 223 3186 2219
f 3655 3656 3605
f 2165 2164 467
f 467 468 2165
f 773 476 2165
f 1935 1212 1728
f 3240 3225 3226
f 3261 3249 3250
f 3215 3216 3244
f 3265 3221 3215
f 3267 3245 3198
f 3205 3206 3269
f 3214 3211 3265
f 3271 3213 3214
f 3251 3252 3239
f 3222 3221 3266
f 3232 3235 3234
f 3216 3242 3243
f 3196 3193 3268
f 3244 3243 3254
f 3238 3239 3247
f 3264 3244 3255
f 3253 3242 3216
f 3211 3266 3221
f 3257 3217 3218
f 3258 3222 3272
f 3274 3275 3280
f 3228 3229 3262
f 3275 3231 3281
f 3226 3227 3273
f 3236 3263 3260
f 3281 3263 3236
f 3287 3271 3192
f 3235 3226 3280
f 3234 3280 3281
f 3288 3290 3259
f 3260 3250 3276
f 3289 3212 3278
f 3210 3209 3224
f 3199 3202 3201
f 3228 3231 3230
f 3290 3288 3285
f 3282 3279 3271
f 3260 3263 3262
f 3243 3241 3268
f 3267 3268 3241
f 3194 3207 3208
f 3191 3270 3269
f 3270 3191 3192
f 3275 3274 3230
f 3264 3269 3270
f 3252 3251 3276
f 3248 3252 3291
f 3213 3271 3279
f 3272 3266 3289
f 3277 3278 3212
f 3228 3263 3281
f 3220 3225 3253
f 3219 3253 3217
f 3256 3218 3222
f 3247 3239 3252
f 3245 3267 3232
f 3266 3211 3212
f 3208 3205 3255
f 3288 3289 3284
f 3204 3205 3208
f 560 1899 3187
f 3209 3210 3201
f 3189 3192 3191
f 448 1980 807
f 647 648 122
f 1833 1848 1780
f 510 509 508
f 3210 1949 1887
f 1887 15 3200
f 15 16 3197
f 16 3188 3195
f 3195 3188 3187
f 3194 3187 1899
f 3207 1899 375
f 387 173 126
f 3189 1791 1760
f 3577 763 757
f 763 3577 2172
f 3583 3582 3580
f 3581 3580 3579
f 3594 3597 3596
f 3400 3601 3602
f 3626 3624 3625
f 3631 3635 3599
f 3636 3637 3595
f 3647 3584 3588
f 3650 3582 3584
f 3653 3579 3580
f 3653 2176 3654
f 1801 1864 3656
f 3651 3580 3582
f 3644 3638 3595
f 1767 1768 3659
f 1597 3663 3661
f 1708 1707 3665
f 3671 3668 3667
f 3666 3667 3673
f 1588 1708 3664
f 2080 3671 3666
f 2082 3666 3672
f 3674 3677 3635
f 3677 3678 3636
f 3682 3647 3645
f 3692 3651 3650
f 3681 3645 3644
f 786 3694 3692
f 3694 3653 3651
f 785 3692 3686
f 497 3686 3682
f 650 3682 3681
f 3696 564 3681
f 3405 3606 3605
f 3702 3699 3678
f 3699 3698 3679
f 3645 3588 3638
f 1799 3657 3659
f 3708 3704 3458
f 3462 3710 3708
f 3714 463 564
f 3615 3606 3602
f 3710 3714 3696
f 3635 3636 3596
f 3629 3626 3627
f 3597 3600 3599
f 3630 3716 3715
f 3627 3625 3597
f 3717 3716 3723
f 3715 3663 3660
f 3716 3717 3725
f 3668 3665 3661
f 3668 3725 3717
f 3667 3717 3718
f 3727 3728 3673
f 3728 1576 3672
f 3726 3727 3718
f 1576 2101 2084
f 3727 3726 3731
f 3203 376 1387
f 3190 1387 1791
f 3283 2152 1949
f 317 240 259
f 2000 2176 3653
f 3601 3599 3600
f 3589 3588 3584
f 3577 758 756
f 3585 3584 3582
f 3678 3679 3637
f 3204 375 376
f 1801 3655 3657
f 3729 3735 3728
f 1575 3735 3738
f 3735 1575 1576
f 1776 1795 1796
f 1293 1294 1290
f 1326 14 1327
f 1294 1245 1234
f 878 1244 1330
f 497 373 374
f 122 648 413
f 3699 3702 3704
f 3606 3405 3401
f 3708 3710 3698
f 3464 3714 3710
f 3704 3674 3443
f 439 398 399
f 1512 1528 1526
f 1668 1741 1738
f 839 849 1362
f 1362 1357 826
f 3843 740 1896
f 2053 2054 2118
f 3888 3887 2120
f 696 697 3816
f 1826 1878 639
f 3740 3739 3729
f 956 885 886
f 1980 806 1922
f 33 34 105
f 1343 1344 3856
f 3907 2127 2128
f 1766 1581 1582
f 14 1326 2163
f 595 98 99
f 3233 3238 3246
f 1346 1035 1044
f 748 1888 1425
f 3193 3208 3254
f 3190 3191 3206
f 3612 3605 3606
f 3624 3612 3615
f 3631 3415 3443
f 3679 3680 3644
f 3686 3650 3647
f 3702 3677 3674
f 3625 3615 3600
f 3601 3400 3415
f 3739 3738 3735
f 3630 3627 3594
f 3741 3723 3716
f 1284 1290 1288
f 3698 3696 3680
f 1778 1781 1780
f 1792 1759 1584
f 695 570 571
f 3638 3741 3594
f 3741 3638 3588
f 3247 3248 3209
f 3292 3293 3294
f 3296 3297 3298
f 3299 3298 3300
f 3302 3303 3304
f 3306 3307 3308
f 3307 3310 3311
f 3303 3302 3301
f 3312 3305 3304
f 3314 3315 3316
f 3318 3319 3320
f 3324 3318 3321
f 3326 3327 3328
f 3329 3330 3331
f 3333 3334 3335
f 3337 3338 3339
f 3333 3336 3341
f 3342 3341 3343
f 3319 3345 3344
f 3338 3335 3334
f 3346 3301 3302
f 3305 3348 3347
f 3312 3224 3223
f 3350 3337 3340
f 3312 3349 3348
f 3352 3343 3341
f 3311 3353 3354
f 3341 3336 3327
f 3359 3360 3361
f 3360 3359 3250
f 3318 3363 3345
f 3364 3363 3318
f 3314 3364 3324
f 3366 3299 3301
f 3299 3366 3367
f 3308 3354 3368
f 3369 3317 3295
f 3317 3369 3364
f 3370 3295 3317
f 3325 3371 3365
f 3352 3320 3319
f 3296 3367 3353
f 3297 3296 3311
f 3363 3368 3354
f 3345 3354 3353
f 3344 3353 3367
f 3366 3333 3342
f 3347 3339 3334
f 3339 3347 3348
f 3348 3349 3351
f 3363 3364 3369
f 3294 3309 3368
f 3293 3306 3309
f 3331 3373 3374
f 3346 3334 3333
f 3323 3322 3352
f 3356 3355 3321
f 3355 3357 3325
f 3357 3358 3371
f 3322 3356 3320
f 3361 3330 3329
f 3373 3372 3375
f 3374 3375 3376
f 3329 3332 3376
f 3327 3375 3372
f 3336 3335 3375
f 3335 3338 3376
f 3376 3338 3337
f 3337 3350 3359
f 3359 3350 3276
f 3377 3292 3295
f 3277 3316 3315
f 3371 3378 3379
f 3378 3371 3358
f 3365 3379 3315
f 3316 3277 3279
f 3282 3377 3370
f 3313 3283 3224
f 3378 3285 3284
f 3380 3286 3285
f 3379 3284 3278
f 3276 3350 3351
f 3291 3351 3349
f 3313 3304 2965
f 2965 3304 3303
f 222 3303 3300
f 223 3300 3298
f 3298 3297 3185
f 3297 3310 2977
f 3310 3307 1213
f 3307 3306 1214
f 2532 1214 3306
f 2894 2532 3293
f 2871 2894 3292
f 3253 3225 3240
f 3283 3313 3013
f 1997 1996 1889
f 1237 745 744
f 1535 1534 120
f 1531 1532 201
f 1119 1241 1032
f 946 948 824
f 163 8 5
f 3589 3726 3723
f 1155 1156 1162
f 427 213 327
f 553 1902 796
f 3381 2232 2231
f 3381 3178 2230
f 2237 3183 3180
f 3383 3384 3385
f 3384 3386 3387
f 3386 3388 3389
f 3388 3390 3391
f 3392 3393 3394
f 3395 3394 3396
f 3398 3399 3397
f 3400 3401 3399
f 3403 3404 3405
f 3406 3407 3404
f 3408 3409 3407
f 3410 3411 3409
f 3412 3413 3411
f 3415 3400 3398
f 3414 3398 3396
f 3416 3396 3394
f 3417 3394 3393
f 3393 3419 3420
f 3419 3390 3421
f 3390 3388 3422
f 3388 3386 3423
f 3386 3384 3424
f 3384 3383 3425
f 3425 3383 3426
f 2904 3427 3428
f 3429 3427 2904
f 3430 3429 2902
f 2875 3431 3430
f 3432 3433 2733
f 2825 3434 3435
f 3437 3438 3439
f 3441 3437 3436
f 2724 2723 3434
f 3436 3439 3115
f 3440 3436 3117
f 3443 3415 3414
f 3442 3414 3416
f 3444 3416 3417
f 3445 3417 3418
f 3446 3418 3420
f 3420 3421 3448
f 3421 3422 3449
f 3422 3423 3450
f 3423 3424 3451
f 3424 3425 3452
f 3425 3184 3056
f 3451 3452 2253
f 3450 3451 2252
f 3449 3450 1727
f 3448 3449 2150
f 3453 3447 3448
f 3454 3446 3447
f 3455 3445 3446
f 3456 3444 3445
f 3442 3444 3456
f 3443 3442 3457
f 3459 3460 3458
f 3457 3456 3455
f 3459 3455 3454
f 3462 3460 3459
f 3461 3454 3453
f 3464 3462 3461
f 3463 3453 1941
f 3404 3399 3401
f 3407 3397 3399
f 3409 3395 3397
f 3411 3392 3395
f 3465 3466 3413
f 3467 3468 3469
f 3465 3412 3431
f 3470 3467 3466
f 3438 3470 3432
f 3467 3470 3438
f 3468 3467 3437
f 3471 3469 3468
f 3472 3468 3441
f 3473 3441 3440
f 2712 3440 3119
f 3475 3471 3472
f 3474 3472 3473
f 3476 3473 2712
f 3477 3476 2711
f 3478 3474 3476
f 3479 3475 3474
f 3392 3411 3413
f 3466 3469 3480
f 3419 3393 3392
f 3390 3419 3480
f 3469 3471 3391
f 3389 3391 3471
f 3387 3389 3475
f 3385 3387 3479
f 3482 3477 2400
f 3483 3478 3477
f 3481 3479 3478
f 3484 3482 2402
f 3058 3484 2707
f 3061 3485 3484
f 3485 3483 3482
f 3382 3385 3481
f 3486 3481 3483
f 3426 3383 3382
f 3487 3382 3486
f 3486 3485 3061
f 1961 3057 3487
f 3057 3184 3426
f 3428 3403 3402
f 3427 3406 3403
f 3429 3408 3406
f 3430 3410 3408
f 3431 3412 3410
f 3470 3465 3433
f 3434 3439 3438
f 2723 3115 3439
f 2875 2733 3433
f 2736 2824 3435
f 2947 3428 3488
f 3464 3463 1360
f 1900 1925 1924
f 1736 1717 1718
f 1955 1952 1943
f 1671 1738 1735
f 1696 1750 1698
f 1800 1865 1864
f 2063 2055 2056
f 1737 1734 1717
f 1751 1735 1697
f 943 3885 3899
f 3656 3488 3402
f 1577 1578 1764
f 3917 1598 1599
f 1945 146 82
f 68 6 7
f 147 1542 1543
f 1109 1135 1133
f 1503 1910 1907
f 1499 1501 1909
f 452 1922 735
f 1824 2068 3835
f 1825 2067 2068
f 1463 1462 1022
f 841 1012 1009
f 1568 1547 1955
f 1910 1503 1502
f 1939 1502 422
f 309 280 1940
f 1804 1851 1866
f 269 1482 1954
f 2065 1607 2060
f 3812 1685 1758
f 280 276 552
f 1875 1873 1869
f 1739 1721 1734
f 1778 1779 1790
f 310 1920 1915
f 1909 1908 1906
f 1789 1783 1778
f 978 981 980
f 1584 1759 1731
f 425 426 311
f 148 1543 115
f 2044 3897 3894
f 277 1910 1939
f 1943 1946 1945
f 1461 1462 1463
f 2253 3452 3056
f 2981 2254 3489
f 2209 2998 3489
f 2254 2253 3055
f 2998 926 958
f 2826 2817 2721
f 3490 2739 2721
f 2816 3491 3490
f 2334 2297 2296
f 2298 2297 2334
f 2301 2298 2336
f 2311 2301 2338
f 2312 2311 2354
f 2359 2358 2361
f 2335 2296 2359
f 2414 2413 2365
f 2413 2270 2361
f 2355 2352 2540
f 2541 2540 2539
f 2722 2721 2739
f 3114 2722 2738
f 3110 3112 3121
f 3108 3110 3120
f 3122 1754 3127
f 3112 3122 3126
f 3127 1754 1753
f 3139 3133 2529
f 3744 3775 3133
f 3490 2789 2740
f 3491 2790 2789
f 228 229 91
f 245 244 243
f 248 7 247
f 2 297 296
f 145 146 300
f 327 213 210
f 329 332 331
f 239 241 240
f 373 376 375
f 178 177 176
f 1218 1225 1228
f 3862 1231 1295
f 808 809 824
f 3858 3859 1013
f 3813 3810 1411
f 2154 2149 2159
f 3845 3835 1758
f 306 807 1922
f 2157 2153 1976
f 708 709 2031
f 1450 1226 1227
f 1672 1604 1605
f 1813 1814 1821
f 1717 1716 1715
f 176 159 402
f 1710 1705 3916
f 1712 1580 1577
f 1705 1713 1711
f 971 978 979
f 822 823 1094
f 2909 2810 2793
f 2810 2769 2795
f 2799 2910 2249
f 3662 3643 2910
f 2769 2768 2801
f 3177 3176 3178
f 3178 3381 3180
f 3181 1394 1393
f 3181 1633 1632
f 3182 1632 2244
f 3183 2244 2243
f 3492 2791 2790
f 2808 3492 3491
f 2239 3574 3572
f 1149 1150 3571
f 1150 2009 3567
f 2202 3569 3566
f 2921 3564 3565
f 3568 3560 2133
f 1777 1579 1759
f 1201 1196 1183
f 3561 3554 2195
f 3553 3576 2770
f 3927 3925 1687
f 1516 152 154
f 3549 3562 2974
f 3550 3548 2779
f 2771 2772 3575
f 3070 2771 3546
f 3547 3544 2775
f 1376 1375 1370
f 2767 3543 3556
f 2195 3554 3543
f 2775 3544 3542
f 3377 3282 3545
f 3804 3802 3539
f 2776 3542 3538
f 2240 3572 3535
f 2920 3535 3669
f 3548 3534 2786
f 1805 1850 1851
f 3534 3532 2787
f 2951 2773 3540
f 2772 2951 3531
f 2973 2224 3530
f 2224 2223 3537
f 1957 1953 320
f 306 305 304
f 2770 3576 3528
f 2913 3528 3574
f 2923 3565 3527
f 308 1940 431
f 207 208 132
f 1879 1876 1881
f 3733 3787 3525
f 2475 3070 3558
f 2476 2475 3524
f 2223 2476 3523
f 3522 3549 2803
f 2037 3563 11
f 1959 1958 450
f 2003 3555 3520
f 9 10 334
f 2009 2008 3518
f 2008 2973 3536
f 3877 672 673
f 3515 3550 2778
f 2935 3514 3513
f 111 1149 3570
f 3510 3514 2935
f 683 3876 3885
f 3508 3557 2810
f 736 733 732
f 1795 1804 1803
f 3505 3510 2938
f 3507 3505 2939
f 2950 3512 3504
f 2940 2949 3504
f 3801 3791 3512
f 2868 3509 3502
f 2869 3502 3522
f 1024 1034 1023
f 3500 3503 2948
f 551 1939 442
f 2972 3499 3568
f 2032 3533 3499
f 216 93 1924
f 203 202 201
f 1828 1848 1847
f 1958 1957 449
f 272 271 178
f 2871 3545 3495
f 3619 3669 3564
f 2801 2768 3643
f 2005 3758 3654
f 960 886 899
f 3657 3655 3612
f 3780 3788 3646
f 3151 3646 3593
f 2193 3604 3623
f 3607 3603 3145
f 3603 3649 2761
f 3592 3607 3144
f 2926 3658 3634
f 3634 3592 3104
f 3755 3754 3746
f 566 567 3758
f 3488 3656 1864
f 1602 1586 2079
f 2868 3658 3611
f 2922 3611 3610
f 2923 3610 3618
f 3670 3613 2918
f 3619 3670 3614
f 2921 3618 3670
f 2920 3614 3586
f 3613 3642 2915
f 2917 2766 3622
f 2916 2917 3641
f 2239 3587 3652
f 2911 3640 3652
f 3643 3640 2911
f 2797 2801 3662
f 2797 3591 3598
f 3622 3628 2763
f 3608 3628 2764
f 2194 3623 3648
f 2221 3648 3649
f 2756 3608 3609
f 2750 3598 3609
f 3669 3535 1817
f 3763 3770 1691
f 2515 3621 3590
f 2548 3590 3593
f 2513 2489 3632
f 2513 3616 3621
f 2509 3633 3620
f 2510 3632 3633
f 2289 3620 3639
f 2283 3639 3617
f 2240 3586 3587
f 3659 3657 3624
f 716 2121 3887
f 727 1999 3761
f 2165 2171 2170
f 3660 3659 3626
f 3743 3581 3578
f 2175 2172 769
f 2100 500 2095
f 3758 567 3757
f 640 3560 3568
f 1653 3576 3553
f 1895 3536 3530
f 746 3530 3537
f 1653 1810 3528
f 3762 1603 1604
f 2093 2075 2073
f 959 996 995
f 962 899 919
f 1400 1401 1398
f 1000 817 1127
f 956 959 884
f 1662 3548 3550
f 2034 3558 3546
f 3926 1689 3539
f 3535 3572 766
f 3572 3574 765
f 334 3570 3571
f 1868 3531 3540
f 1684 1651 1652
f 1682 1683 775
f 1585 1603 3762
f 3763 3762 1672
f 2173 2174 490
f 1658 3544 3547
f 3556 3543 1650
f 1571 3754 2010
f 1587 3664 3671
f 2099 2095 2077
f 787 3761 1999
f 2000 3694 786
f 3155 339 3697
f 3713 3155 3683
f 2180 2179 3685
f 3496 2180 3684
f 1684 3846 3840
f 1760 464 3495
f 2607 3689 3693
f 2581 3676 3689
f 2371 2502 3700
f 2371 3695 3693
f 2587 3676 3675
f 2586 3675 3697
f 2497 3691 3687
f 2502 2503 3687
f 2494 3691 3690
f 3690 3688 2472
f 3688 3701 2468
f 3701 3703 2469
f 726 3908 3892
f 581 3567 3518
f 10 3511 3570
f 1837 3514 3510
f 741 3537 3523
f 1299 3524 3558
f 1851 3507 3504
f 3527 3565 1820
f 580 3518 3536
f 1758 1685 3522
f 1693 3557 3508
f 3504 3512 1867
f 1894 1826 3568
f 2126 1418 3813
f 3906 2126 3841
f 2113 3911 3867
f 2179 3713 3789
f 624 3903 3904
f 2192 3604 3788
f 2177 3541 3787
f 1364 3824 3833
f 3858 3855 1470
f 3135 1753 3775
f 2069 3812 3835
f 1351 3861 3853
f 2108 3882 3901
f 2089 2092 3736
f 3828 3834 1358
f 2001 3749 3783
f 2187 3783 3719
f 2130 3756 3752
f 2004 3752 3749
f 2014 3724 3779
f 2201 3779 3756
f 3167 3720 3759
f 3168 3724 3720
f 3159 3709 3764
f 3160 3764 3765
f 3730 3707 3158
f 3158 3707 3709
f 2200 3069 3730
f 3685 3789 3742
f 3722 3774 2197
f 3790 3736 2092
f 3774 3790 3721
f 3154 3706 3790
f 3155 3713 3706
f 2091 3719 3721
f 2196 3148 3750
f 2193 2196 3776
f 3604 2193 3781
f 2086 2192 3780
f 2087 2086 3778
f 2204 3742 3751
f 2205 3751 3750
f 3909 3886 574
f 2124 2087 3777
f 2208 2124 3760
f 3711 3785 3140
f 3785 3745 3138
f 3745 3744 3139
f 3771 3712 3136
f 3712 3711 3137
f 3775 3767 3131
f 3767 3782 3132
f 1813 3839 3838
f 1293 3854 3856
f 2184 2321 3748
f 2181 2184 3732
f 3765 3768 3079
f 3768 3734 3080
f 709 3873 3875
f 2774 2961 3737
f 3786 3769 2134
f 3809 3808 766
f 2968 3784 3766
f 2969 3759 3784
f 2958 3747 3737
f 2132 3747 3766
f 2321 2185 3771
f 3860 3848 1449
f 3905 3874 582
f 3886 3889 577
f 3847 3826 1818
f 705 3902 3887
f 3816 3912 3907
f 2111 3883 3911
f 3810 3829 1366
f 1812 3839 3822
f 675 3851 3852
f 3496 3705 3851
f 2110 3867 3868
f 2104 3896 3901
f 2109 3868 3899
f 3842 3831 703
f 1680 3811 3846
f 1639 1627 3819
f 623 3904 3906
f 2139 2140 3866
f 1808 1640 3844
f 3820 3821 1819
f 3872 3914 3900
f 1646 3832 3830
f 3889 3890 633
f 2139 3865 3875
f 2156 2155 3871
f 674 3852 3913
f 2117 3817 3812
f 1815 3822 3847
f 3855 3849 1444
f 697 3906 3912
f 866 842 3836
f 3864 3869 2136
f 3585 3731 3726
f 3583 3740 3731
f 3753 3746 3738
f 3740 3583 3581
f 1088 3738 3746
f 3739 3740 3743
f 2791 3492 3493
f 3492 2808 2807
f 2792 3493 3494
f 3493 2807 2806
f 3508 2909 3494
f 3516 3494 2806
f 2948 3503 3791
f 2105 3908 3896
f 3538 3802 3804
f 680 3878 3876
f 1891 1890 3910
f 2905 3799 3801
f 2900 3797 3799
f 2901 3797 3807
f 2734 2878 3806
f 2877 3807 3806
f 2820 3800 3794
f 2818 3796 3792
f 2823 3793 3792
f 2822 3793 3798
f 2819 2735 3800
f 2817 3796 3795
f 2809 3805 3795
f 2808 3805 3803
f 2805 3804 3803
f 1702 3921 3923
f 3922 3920 1797
f 3915 3916 1706
f 3918 3927 1692
f 1657 3898 3880
f 1890 1877 3895
f 3772 3770 1674
f 1689 1690 3772
f 3926 3802 3538
f 3516 3539 1689
f 3917 3923 1703
f 1598 3917 3928
f 3880 3884 1876
f 1691 1690 3925
f 3925 3926 1688
f 3934 3933 3937
f 3934 3938 3939
f 3932 3936 3937
f 3938 3942 3943
f 3937 3936 3940
f 3937 3941 3942
f 3942 3946 3947
f 3941 3940 3944
f 3942 3941 3945
f 3947 3946 3950
f 3944 3948 3949
f 3945 3949 3950
f 3950 3954 3955
f 3949 3948 3952
f 3950 3949 3953
f 3955 3954 3958
f 3953 3952 3956
f 3953 3957 3958
f 3959 3958 3962
f 3957 3956 3960
f 3958 3957 3961
f 3962 3966 3967
f 3960 3964 3965
f 3961 3965 3966
f 3966 3970 3971
f 3965 3964 3968
f 3966 3965 3969
f 3970 3974 3975
f 3968 3972 3973
f 3969 3973 3974
f 3974 3978 3979
f 3973 3972 3976
f 3974 3973 3977
f 3979 3978 3982
f 3976 3980 3981
f 3977 3981 3982
f 3982 3986 3987
f 3981 3980 3984
f 3982 3981 3985
f 3987 3986 3990
f 3984 3988 3989
f 3985 3989 3990
f 3991 3990 3994
f 3989 3988 3992
f 3990 3989 3993
f 3995 3994 3998
f 3992 3996 3997
f 3993 3997 3998
f 3998 4002 4003
f 3997 3996 4000
f 3998 3997 4001
f 4002 4006 4007
f 4000 4004 4005
f 4001 4005 4006
f 4006 4010 4011
f 4005 4004 4008
f 4006 4005 4009
f 4011 4010 4014
f 4008 4012 4013
f 4009 4013 4014
f 4014 4018 4019
f 4013 4012 4016
f 4014 4013 4017
f 4019 4018 4022
f 4016 4020 4021
f 4017 4021 4022
f 4023 4022 4026
f 4021 4020 4024
f 4022 4021 4025
f 4027 4026 4030
f 4024 4028 4029
f 4025 4029 4030
f 4031 4030 4034
f 4029 4028 4032
f 4030 4029 4033
f 4034 4038 4039
f 4032 4036 4037
f 4033 4037 4038
f 4038 4042 4043
f 4037 4036 4040
f 4038 4037 4041
f 4043 4042 4046
f 4040 4044 4045
f 4041 4045 4046
f 4046 4050 4051
f 4045 4044 4048
f 4046 4045 4049
f 4051 4050 4055
f 4048 4053 4054
f 4049 4054 4055
f 4056 4055 4059
f 4053 4057 4058
f 4055 4054 4058
f 4060 4059 3934
f 4058 4057 3932
f 4058 3933 3934
f 4069 4068 4081
f 4066 4079 4080
f 4065 4064 4077
f 4063 4062 4075
f 4071 4084 4085
f 4069 4082 4083
f 4067 4080 4081
f 4066 4065 4078
f 4063 4076 4077
f 4061 4074 4075
f 4072 4085 4086
f 4071 4070 4083
f 4076 4089 4090
f 4074 4087 4088
f 4086 4085 4098
f 4083 4096 4097
f 4082 4081 4094
f 4079 4092 4093
f 4078 4077 4090
f 4076 4075 4088
f 4085 4084 4097
f 4082 4095 4096
f 4080 4093 4094
f 4079 4078 4091
f 4089 4102 4103
f 4088 4087 4100
f 4098 4111 4112
f 4096 4109 4110
f 4095 4094 4107
f 4092 4105 4106
f 4090 4103 4104
f 4089 4088 4101
f 4097 4110 4111
f 4095 4108 4109
f 4094 4093 4106
f 4092 4091 4104
f 4103 4102 4115
f 4100 4113 4114
f 4112 4111 4124
f 4110 4109 4122
f 4107 4120 4121
f 4105 4118 4119
f 4103 4116 4117
f 4101 4114 4115
f 4110 4123 4124
f 4109 4108 4121
f 4107 4106 4119
f 4105 4104 4117
f 4115 4128 4129
f 4114 4113 4126
f 4124 4137 4138
f 4123 4122 4135
f 4120 4133 4134
f 4119 4118 4131
f 4117 4116 4129
f 4114 4127 4128
f 4124 4123 4136
f 4122 4121 4134
f 4119 4132 4133
f 4117 4130 4131
f 4129 4128 4141
f 4126 4139 4140
f 4138 4137 4150
f 4136 4135 4148
f 4133 4146 4147
f 4131 4144 4145
f 4130 4129 4142
f 4127 4140 4141
f 4137 4136 4149
f 4135 4134 4147
f 4132 4145 4146
f 4131 4130 4143
f 4142 4141 4154
f 4140 4139 4152
f 4150 4163 4164
f 4149 4148 4161
f 4146 4159 4160
f 4144 4157 4158
f 4142 4155 4156
f 4140 4153 4154
f 4149 4162 4163
f 4148 4147 4160
f 4146 4145 4158
f 4144 4143 4156
f 4155 4154 4167
f 4153 4152 4165
f 4163 4176 4177
f 4161 4174 4175
f 4159 4172 4173
f 4158 4157 4170
f 4155 4168 4169
f 4153 4166 4167
f 4163 4162 4175
f 4161 4160 4173
f 4159 4158 4171
f 4156 4169 4170
f 4167 4180 4181
f 4165 4178 4179
f 4176 4189 4190
f 4175 4174 4187
f 4173 4172 4185
f 4170 4183 4184
f 4169 4168 4181
f 4167 4166 4179
f 4175 4188 4189
f 4173 4186 4187
f 4171 4184 4185
f 4170 4169 4182
f 4180 4193 4194
f 4178 4191 4192
f 4190 4189 4202
f 4187 4200 4201
f 4186 4185 4198
f 4183 4196 4197
f 4182 4181 4194
f 4180 4179 4192
f 4189 4188 4201
f 4186 4199 4200
f 4184 4197 4198
f 4183 4182 4195
f 4193 4206 4207
f 4192 4191 4204
f 4202 4215 4216
f 4200 4213 4214
f 4199 4198 4211
f 4196 4209 4210
f 4194 4207 4208
f 4193 4192 4205
f 4201 4214 4215
f 4199 4212 4213
f 4198 4197 4210
f 4196 4195 4208
f 4207 4206 4219
f 4204 4217 4218
f 4216 4215 4228
f 4213 4226 4227
f 4211 4224 4225
f 4209 4222 4223
f 4207 4220 4221
f 4205 4218 4219
f 4214 4227 4228
f 4213 4212 4225
f 4211 4210 4223
f 4209 4208 4221
f 4219 4232 4233
f 4218 4217 4230
f 4228 4241 4242
f 4226 4239 4240
f 4225 4224 4237
f 4223 4222 4235
f 4221 4220 4233
f 4218 4231 4232
f 4228 4227 4240
f 4226 4225 4238
f 4223 4236 4237
f 4221 4234 4235
f 4233 4232 4245
f 4230 4243 4244
f 4242 4241 4254
f 4240 4239 4252
f 4237 4250 4251
f 4235 4248 4249
f 4234 4233 4246
f 4231 4244 4245
f 4241 4240 4253
f 4239 4238 4251
f 4236 4249 4250
f 4235 4234 4247
f 4246 4245 4258
f 4244 4243 4256
f 4254 4267 4268
f 4253 4252 4265
f 4250 4263 4264
f 4248 4261 4262
f 4246 4259 4260
f 4244 4257 4258
f 4253 4266 4267
f 4252 4251 4264
f 4250 4249 4262
f 4248 4247 4260
f 4259 4258 4271
f 4257 4256 4269
f 4267 4280 4281
f 4265 4278 4279
f 4263 4276 4277
f 4262 4261 4274
f 4259 4272 4273
f 4257 4270 4271
f 4266 4279 4280
f 4265 4264 4277
f 4263 4262 4275
f 4260 4273 4274
f 4271 4284 4285
f 4269 4282 4283
f 4281 4280 4293
f 4279 4278 4291
f 4277 4276 4289
f 4274 4287 4288
f 4273 4272 4285
f 4271 4270 4283
f 4280 4279 4292
f 4277 4290 4291
f 4275 4288 4289
f 4274 4273 4286
f 4284 4297 4298
f 4282 4295 4296
f 4294 4293 4306
f 4291 4304 4305
f 4290 4289 4302
f 4287 4300 4301
f 4286 4285 4298
f 4284 4283 4296
f 4293 4292 4305
f 4290 4303 4304
f 4288 4301 4302
f 4287 4286 4299
f 4297 4310 4311
f 4296 4295 4308
f 4306 4319 4320
f 4304 4317 4318
f 4303 4302 4315
f 4300 4313 4314
f 4298 4311 4312
f 4297 4296 4309
f 4305 4318 4319
f 4304 4303 4316
f 4302 4301 4314
f 4300 4299 4312
f 4310 4323 4324
f 4308 4321 4322
f 4320 4319 4332
f 4318 4317 4330
f 4316 4315 4328
f 4313 4326 4327
f 4311 4324 4325
f 4310 4309 4322
f 4318 4331 4332
f 4316 4329 4330
f 4315 4314 4327
f 4312 4325 4326
f 4323 4336 4337
f 4322 4321 4334
f 4332 4345 4346
f 4330 4343 4344
f 4329 4328 4341
f 4327 4326 4339
f 4325 4324 4337
f 4322 4335 4336
f 4332 4331 4344
f 4330 4329 4342
f 4327 4340 4341
f 4325 4338 4339
f 4337 4336 4350
f 4334 4348 4349
f 4346 4345 4359
f 4344 4343 4357
f 4341 4355 4356
f 4340 4339 4353
f 4338 4337 4351
f 4335 4349 4350
f 4345 4344 4358
f 4343 4342 4356
f 4340 4354 4355
f 4338 4352 4353
f 4351 4350 4363
f 4349 4348 4361
f 4359 4372 4373
f 4358 4357 4370
f 4355 4368 4369
f 4354 4353 4366
f 4351 4364 4365
f 4349 4362 4363
f 4358 4371 4372
f 4357 4356 4369
f 4355 4354 4367
f 4352 4365 4366
f 4364 4363 4376
f 4362 4361 4374
f 4373 4372 4385
f 4370 4383 4384
f 4368 4381 4382
f 4367 4366 4379
f 4364 4377 4378
f 4362 4375 4376
f 4372 4371 4384
f 4370 4369 4382
f 4368 4367 4380
f 4365 4378 4379
f 4376 4389 4390
f 4374 4387 4388
f 4385 4398 4399
f 4384 4383 4396
f 4382 4381 4394
f 4379 4392 4393
f 4378 4377 4390
f 4376 4375 4388
f 4384 4397 4398
f 4382 4395 4396
f 4380 4393 4394
f 4379 4378 4391
f 4389 4402 4403
f 4387 4400 4401
f 4399 4398 4411
f 4396 4409 4410
f 4395 4394 4407
f 4393 4392 4405
f 4391 4390 4403
f 4389 4388 4401
f 4398 4397 4410
f 4395 4408 4409
f 4393 4406 4407
f 4391 4404 4405
f 4402 4415 4416
f 4401 4400 4413
f 4411 4424 4425
f 4409 4422 4423
f 4408 4407 4420
f 4406 4405 4418
f 4403 4416 4417
f 4402 4401 4414
f 4410 4423 4424
f 4408 4421 4422
f 4407 4406 4419
f 4404 4417 4418
f 4416 4415 4428
f 4413 4426 4427
f 4425 4424 4437
f 4423 4422 4435
f 4421 4420 4433
f 4418 4431 4432
f 4416 4429 4430
f 4415 4414 4427
f 4423 4436 4437
f 4421 4434 4435
f 4420 4419 4432
f 4418 4417 4430
f 4428 4441 4442
f 4426 4439 4440
f 4437 4450 4451
f 4435 4448 4449
f 4434 4433 4446
f 4432 4431 4444
f 4430 4429 4442
f 4427 4440 4441
f 4437 4436 4449
f 4435 4434 4447
f 4432 4445 4446
f 4430 4443 4444
f 4442 4441 4454
f 4439 4452 4453
f 4451 4450 4463
f 4449 4448 4461
f 4446 4459 4460
f 4444 4457 4458
f 4443 4442 4455
f 4440 4453 4454
f 4450 4449 4462
f 4447 4460 4461
f 4445 4458 4459
f 4444 4443 4456
f 4455 4454 4467
f 4453 4452 4465
f 4463 4476 4477
f 4462 4461 4474
f 4459 4472 4473
f 4457 4470 4471
f 4455 4468 4469
f 4453 4466 4467
f 4462 4475 4476
f 4461 4460 4473
f 4459 4458 4471
f 4457 4456 4469
f 4468 4467 4063
f 4466 4465 4061
f 4477 4476 4072
f 4474 4070 4071
f 4472 4068 4069
f 4471 4470 4066
f 4468 4064 4065
f 4466 4062 4063
f 4476 4475 4071
f 4474 4473 4069
f 4472 4471 4067
f 4469 4065 4066
f 3935 4061 4465
f 4465 4452 4056
f 4452 4439 4051
f 4439 4426 4047
f 4047 4426 4413
f 4043 4413 4400
f 4039 4400 4387
f 4387 4374 4031
f 4031 4374 4361
f 4361 4348 4023
f 4348 4334 4019
f 4334 4321 4015
f 4015 4321 4308
f 4011 4308 4295
f 4007 4295 4282
f 4282 4269 3999
f 3999 4269 4256
f 4256 4243 3991
f 4243 4230 3987
f 4230 4217 3983
f 3983 4217 4204
f 3979 4204 4191
f 3975 4191 4178
f 4178 4165 3967
f 3967 4165 4152
f 4152 4139 3959
f 4139 4126 3955
f 4126 4113 3951
f 3951 4113 4100
f 3947 4100 4087
f 3943 4087 4074
f 4074 4061 3935
f 4480 4479 4483
f 4480 4484 4485
f 4479 4478 4482
f 4484 4488 4489
f 4482 4486 4487
f 4483 4487 4488
f 4488 4492 4493
f 4487 4486 4490
f 4488 4487 4491
f 4493 4492 4496
f 4490 4494 4495
f 4491 4495 4496
f 4496 4500 4501
f 4495 4494 4498
f 4496 4495 4499
f 4501 4500 4504
f 4498 4502 4503
f 4499 4503 4504
f 4505 4504 4508
f 4503 4502 4506
f 4504 4503 4507
f 4509 4508 4512
f 4506 4510 4511
f 4507 4511 4512
f 4513 4512 4516
f 4511 4510 4514
f 4512 4511 4515
f 4516 4520 4521
f 4514 4518 4519
f 4515 4519 4520
f 4520 4524 4525
f 4518 4522 4523
f 4520 4519 4523
f 4525 4524 4528
f 4522 4526 4527
f 4523 4527 4528
f 4528 4532 4533
f 4527 4526 4530
f 4528 4527 4531
f 4533 4532 4536
f 4530 4534 4535
f 4531 4535 4536
f 4537 4536 4540
f 4534 4538 4539
f 4536 4535 4539
f 4541 4540 4544
f 4539 4538 4542
f 4539 4543 4544
f 4544 4548 4549
f 4542 4546 4547
f 4544 4543 4547
f 4548 4552 4553
f 4547 4546 4550
f 4547 4551 4552
f 4552 4556 4557
f 4551 4550 4554
f 4552 4551 4555
f 4557 4556 4560
f 4554 4558 4559
f 4555 4559 4560
f 4560 4564 4565
f 4559 4558 4562
f 4560 4559 4563
f 4565 4564 4568
f 4562 4566 4567
f 4563 4567 4568
f 4569 4568 4572
f 4567 4566 4570
f 4568 4567 4571
f 4572 4576 4577
f 4570 4574 4575
f 4571 4575 4576
f 4576 4580 4581
f 4575 4574 4578
f 4576 4575 4579
f 4580 4584 4585
f 4578 4582 4583
f 4579 4583 4584
f 4584 4588 4589
f 4583 4582 4586
f 4584 4583 4587
f 4589 4588 4592
f 4586 4590 4591
f 4587 4591 4592
f 4592 4596 4597
f 4591 4590 4594
f 4592 4591 4595
f 4597 4596 4601
f 4594 4599 4600
f 4595 4600 4601
f 4602 4601 4605
f 4600 4599 4603
f 4601 4600 4604
f 4606 4605 4480
f 4603 4478 4479
f 4604 4479 4480
f 4615 4614 4627
f 4612 4625 4626
f 4611 4610 4623
f 4609 4608 4621
f 4618 4617 4630
f 4615 4628 4629
f 4613 4626 4627
f 4612 4611 4624
f 4609 4622 4623
f 4607 4620 4621
f 4619 4618 4631
f 4617 4616 4629
f 4622 4635 4636
f 4620 4633 4634
f 4632 4631 4644
f 4629 4642 4643
f 4628 4627 4640
f 4626 4625 4638
f 4624 4623 4636
f 4622 4621 4634
f 4631 4630 4643
f 4628 4641 4642
f 4626 4639 4640
f 4624 4637 4638
f 4635 4648 4649
f 4634 4633 4646
f 4644 4657 4658
f 4642 4655 4656
f 4641 4640 4653
f 4639 4638 4651
f 4636 4649 4650
f 4635 4634 4647
f 4643 4656 4657
f 4642 4641 4654
f 4640 4639 4652
f 4637 4650 4651
f 4648 4661 4662
f 4646 4659 4660
f 4658 4657 4670
f 4656 4655 4668
f 4653 4666 4667
f 4651 4664 4665
f 4649 4662 4663
f 4648 4647 4660
f 4656 4669 4670
f 4654 4667 4668
f 4653 4652 4665
f 4651 4650 4663
f 4661 4674 4675
f 4660 4659 4672
f 4670 4683 4684
f 4668 4681 4682
f 4667 4666 4679
f 4665 4664 4677
f 4663 4662 4675
f 4661 4660 4673
f 4670 4669 4682
f 4667 4680 4681
f 4665 4678 4679
f 4663 4676 4677
f 4675 4674 4687
f 4672 4685 4686
f 4684 4683 4696
f 4682 4681 4694
f 4679 4692 4693
f 4678 4677 4690
f 4676 4675 4688
f 4673 4686 4687
f 4683 4682 4695
f 4681 4680 4693
f 4678 4691 4692
f 4676 4689 4690
f 4688 4687 4700
f 4686 4685 4698
f 4696 4709 4710
f 4695 4694 4707
f 4692 4705 4706
f 4691 4690 4703
f 4688 4701 4702
f 4686 4699 4700
f 4695 4708 4709
f 4694 4693 4706
f 4692 4691 4704
f 4689 4702 4703
f 4701 4700 4713
f 4699 4698 4711
f 4710 4709 4722
f 4707 4720 4721
f 4705 4718 4719
f 4704 4703 4716
f 4701 4714 4715
f 4699 4712 4713
f 4709 4708 4721
f 4707 4706 4719
f 4705 4704 4717
f 4702 4715 4716
f 4713 4726 4727
f 4711 4724 4725
f 4723 4722 4735
f 4721 4720 4733
f 4719 4718 4731
f 4716 4729 4730
f 4715 4714 4727
f 4713 4712 4725
f 4721 4734 4735
f 4719 4732 4733
f 4717 4730 4731
f 4716 4715 4728
f 4726 4739 4740
f 4724 4737 4738
f 4736 4735 4748
f 4733 4746 4747
f 4732 4731 4744
f 4730 4729 4742
f 4728 4727 4740
f 4726 4725 4738
f 4735 4734 4747
f 4732 4745 4746
f 4730 4743 4744
f 4728 4741 4742
f 4739 4752 4753
f 4738 4737 4750
f 4748 4761 4762
f 4746 4759 4760
f 4745 4744 4757
f 4743 4742 4755
f 4740 4753 4754
f 4739 4738 4751
f 4747 4760 4761
f 4745 4758 4759
f 4744 4743 4756
f 4741 4754 4755
f 4753 4752 4765
f 4750 4763 4764
f 4762 4761 4774
f 4759 4772 4773
f 4758 4757 4770
f 4755 4768 4769
f 4753 4766 4767
f 4752 4751 4764
f 4760 4773 4774
f 4758 4771 4772
f 4757 4756 4769
f 4755 4754 4767
f 4765 4778 4779
f 4764 4763 4776
f 4774 4787 4788
f 4772 4785 4786
f 4771 4770 4783
f 4769 4768 4781
f 4767 4766 4779
f 4765 4764 4777
f 4774 4773 4786
f 4771 4784 4785
f 4769 4782 4783
f 4767 4780 4781
f 4779 4778 4791
f 4776 4789 4790
f 4788 4787 4800
f 4786 4785 4798
f 4783 4796 4797
f 4782 4781 4794
f 4780 4779 4792
f 4777 4790 4791
f 4787 4786 4799
f 4785 4784 4797
f 4782 4795 4796
f 4780 4793 4794
f 4792 4791 4804
f 4790 4789 4802
f 4800 4813 4814
f 4799 4798 4811
f 4796 4809 4810
f 4795 4794 4807
f 4792 4805 4806
f 4790 4803 4804
f 4799 4812 4813
f 4798 4797 4810
f 4796 4795 4808
f 4793 4806 4807
f 4805 4804 4817
f 4803 4802 4815
f 4814 4813 4826
f 4811 4824 4825
f 4809 4822 4823
f 4808 4807 4820
f 4805 4818 4819
f 4803 4816 4817
f 4813 4812 4825
f 4811 4810 4823
f 4809 4808 4821
f 4806 4819 4820
f 4817 4830 4831
f 4815 4828 4829
f 4826 4839 4840
f 4825 4824 4837
f 4823 4822 4835
f 4820 4833 4834
f 4819 4818 4831
f 4817 4816 4829
f 4825 4838 4839
f 4823 4836 4837
f 4821 4834 4835
f 4820 4819 4832
f 4830 4843 4844
f 4828 4841 4842
f 4840 4839 4852
f 4837 4850 4851
f 4836 4835 4848
f 4834 4833 4846
f 4832 4831 4844
f 4830 4829 4842
f 4839 4838 4851
f 4836 4849 4850
f 4834 4847 4848
f 4832 4845 4846
f 4843 4856 4857
f 4842 4841 4854
f 4852 4865 4866
f 4850 4863 4864
f 4849 4848 4861
f 4847 4846 4859
f 4844 4857 4858
f 4843 4842 4855
f 4851 4864 4865
f 4849 4862 4863
f 4848 4847 4860
f 4845 4858 4859
f 4857 4856 4869
f 4855 4854 4867
f 4866 4865 4878
f 4864 4863 4876
f 4862 4861 4874
f 4859 4872 4873
f 4857 4870 4871
f 4856 4855 4868
f 4864 4877 4878
f 4862 4875 4876
f 4861 4860 4873
f 4859 4858 4871
f 4869 4882 4883
f 4868 4867 4880
f 4878 4891 4892
f 4877 4876 4889
f 4874 4887 4888
f 4873 4872 4885
f 4871 4870 4883
f 4868 4881 4882
f 4878 4877 4890
f 4876 4875 4888
f 4873 4886 4887
f 4871 4884 4885
f 4883 4882 4896
f 4880 4894 4895
f 4892 4891 4905
f 4890 4889 4903
f 4887 4901 4902
f 4885 4899 4900
f 4884 4883 4897
f 4881 4895 4896
f 4891 4890 4904
f 4889 4888 4902
f 4886 4900 4901
f 4885 4884 4898
f 4897 4896 4909
f 4895 4894 4907
f 4905 4918 4919
f 4904 4903 4916
f 4901 4914 4915
f 4899 4912 4913
f 4897 4910 4911
f 4895 4908 4909
f 4904 4917 4918
f 4903 4902 4915
f 4901 4900 4913
f 4899 4898 4911
f 4910 4909 4922
f 4908 4907 4920
f 4919 4918 4931
f 4916 4929 4930
f 4914 4927 4928
f 4913 4912 4925
f 4910 4923 4924
f 4908 4921 4922
f 4918 4917 4930
f 4916 4915 4928
f 4914 4913 4926
f 4911 4924 4925
f 4922 4935 4936
f 4920 4933 4934
f 4931 4944 4945
f 4930 4929 4942
f 4928 4927 4940
f 4925 4938 4939
f 4924 4923 4936
f 4922 4921 4934
f 4930 4943 4944
f 4928 4941 4942
f 4926 4939 4940
f 4925 4924 4937
f 4935 4948 4949
f 4933 4946 4947
f 4945 4944 4957
f 4942 4955 4956
f 4941 4940 4953
f 4938 4951 4952
f 4937 4936 4949
f 4935 4934 4947
f 4944 4943 4956
f 4941 4954 4955
f 4939 4952 4953
f 4938 4937 4950
f 4948 4961 4962
f 4947 4946 4959
f 4957 4970 4971
f 4955 4968 4969
f 4954 4953 4966
f 4951 4964 4965
f 4949 4962 4963
f 4948 4947 4960
f 4956 4969 4970
f 4954 4967 4968
f 4953 4952 4965
f 4951 4950 4963
f 4962 4961 4974
f 4959 4972 4973
f 4971 4970 4983
f 4968 4981 4982
f 4966 4979 4980
f 4964 4977 4978
f 4962 4975 4976
f 4960 4973 4974
f 4969 4982 4983
f 4967 4980 4981
f 4966 4965 4978
f 4964 4963 4976
f 4975 4974 4987
f 4973 4972 4985
f 4983 4996 4997
f 4981 4994 4995
f 4979 4992 4993
f 4978 4977 4990
f 4976 4975 4988
f 4973 4986 4987
f 4983 4982 4995
f 4981 4980 4993
f 4978 4991 4992
f 4976 4989 4990
f 4988 4987 5000
f 4985 4998 4999
f 4997 4996 5009
f 4995 4994 5007
f 4992 5005 5006
f 4991 4990 5003
f 4989 4988 5001
f 4986 4999 5000
f 4996 4995 5008
f 4994 4993 5006
f 4991 5004 5005
f 4989 5002 5003
f 5001 5000 5013
f 4999 4998 5011
f 5009 5022 5023
f 5008 5007 5020
f 5005 5018 5019
f 5004 5003 5016
f 5001 5014 5015
f 4999 5012 5013
f 5008 5021 5022
f 5007 5006 5019
f 5005 5004 5017
f 5002 5015 5016
f 5014 5013 4609
f 5012 5011 4607
f 5022 4618 4619
f 5020 4616 4617
f 5018 4614 4615
f 5017 5016 4612
f 5014 4610 4611
f 5012 4608 4609
f 5021 4617 4618
f 5020 5019 4615
f 5018 5017 4613
f 5015 4611 4612
f 4481 4607 5011
f 5011 4998 4602
f 4998 4985 4597
f 4985 4972 4593
f 4593 4972 4959
f 4589 4959 4946
f 4585 4946 4933
f 4933 4920 4577
f 4577 4920 4907
f 4907 4894 4569
f 4894 4880 4565
f 4880 4867 4561
f 4561 4867 4854
f 4557 4854 4841
f 4553 4841 4828
f 4828 4815 4545
f 4545 4815 4802
f 4802 4789 4537
f 4789 4776 4533
f 4776 4763 4529
f 4529 4763 4750
f 4525 4750 4737
f 4521 4737 4724
f 4724 4711 4513
f 4513 4711 4698
f 4698 4685 4505
f 4685 4672 4501
f 4672 4659 4497
f 4497 4659 4646
f 4493 4646 4633
f 4489 4633 4620
f 4620 4607 4481
