# Face Semantic ICP Wrap export
v 0.40400746 0.08541021 -0.03946887
v 0.42687270 0.07986252 -0.03109699
v 0.42976442 0.09014808 -0.02890002
v 0.40736160 0.09376127 -0.03658181
v 0.46014935 0.09418286 -0.08832761
v 0.44836459 0.11623795 -0.06802367
v 0.44637257 0.13542095 -0.06756326
v 0.44855604 0.13547726 -0.08836092
v 0.16326769 -0.11877376 -0.41247728
v 0.07507314 -0.11736733 -0.43745229
v 0.07301830 -0.19268343 -0.42736587
v 0.15437680 -0.20367749 -0.39775667
v 0.26744765 -0.34174076 -0.29400188
v 0.23846050 -0.29249954 -0.32209870
v 0.22660422 -0.36841124 -0.35589534
v 0.27650800 -0.38732070 -0.29812086
v 0.27474764 0.44210857 0.54692858
v 0.31957150 0.43659803 0.50925899
v 0.31736225 0.39788872 0.53387082
v -0.38760298 0.09208364 -0.01562799
v -0.41009155 0.08684415 -0.00594653
v -0.41244867 0.09661090 -0.00346054
v -0.38745624 0.10155639 -0.01279072
v -0.44759238 0.10393761 -0.06576351
v -0.43574360 0.12506355 -0.04608517
v -0.43215322 0.14236921 -0.04553967
v -0.43455946 0.14342953 -0.06585124
v 0.27263811 0.39818147 0.56524050
v 0.58069617 0.22334190 -0.15675296
v 0.57778901 0.20743272 -0.16377340
v 0.58065599 0.19844015 -0.15176789
v 0.58020598 0.21324620 -0.14728548
v 0.55264854 0.11111891 -0.14853777
v 0.55100369 0.15782158 -0.15826264
v 0.56221938 0.17323028 -0.16117699
v 0.56127471 0.16035113 -0.15812895
v 0.54457319 0.04947095 -0.12366520
v 0.54115325 0.05361244 -0.12036922
v 0.54957420 0.08116490 -0.13331580
v 0.55393314 0.07908647 -0.13800991
v 0.46146572 -0.06654014 0.02416902
v 0.47812891 -0.05206064 0.01275091
v 0.47874406 -0.06726963 0.00413016
v 0.45250034 -0.07743965 0.01450895
v 0.43421641 -0.06994740 0.00895071
v 0.46121168 -0.07528859 -0.01618278
v 0.45695853 -0.05690633 -0.02184301
v 0.43485034 -0.05572664 -0.00210463
v 0.56480777 0.28602427 -0.06291978
v 0.56401473 0.26975274 -0.06103242
v 0.55296916 0.26670250 -0.04413984
v 0.55589265 0.28282735 -0.04309390
v 0.46092743 0.09044665 -0.12327819
v 0.44852033 0.04925080 -0.10746840
v 0.48645589 0.07503700 -0.12364483
v 0.48908919 0.09216487 -0.12798727
v 0.53939778 0.22135848 -0.11627884
v 0.54575104 0.22655657 -0.13517480
v 0.54583448 0.21360695 -0.14236918
v 0.53876489 0.20385870 -0.12687513
v 0.55872315 0.23489837 -0.16261007
v 0.55571955 0.21707663 -0.17221673
v 0.45264262 -0.01084492 0.03511445
v 0.45093784 0.01122857 0.04105938
v 0.45464295 0.02116927 0.03345035
v 0.45688170 0.01542051 0.02638161
v 0.44800276 0.09116895 -0.06886625
v 0.45203587 0.12145323 -0.05691260
v 0.52149993 -0.01238454 -0.08646654
v 0.52149600 -0.00064874 -0.08245941
v 0.53311473 0.02271093 -0.10502438
v 0.53309286 0.01461632 -0.11055334
v 0.51200312 0.01542248 -0.07065699
v 0.52528733 0.02869296 -0.09408436
v 0.53080344 0.03228148 -0.10543811
v 0.52331662 0.02011614 -0.09225581
v 0.56585526 0.24520835 -0.11209811
v 0.55587053 0.26060084 -0.08232227
v 0.56041765 0.25789008 -0.07997969
v 0.56860960 0.24232002 -0.11174321
v 0.50812155 0.15978675 -0.12230192
v 0.50416279 0.18986483 -0.10975693
v 0.49457476 0.18874899 -0.10887128
v 0.49809846 0.16262704 -0.11955711
v 0.56011331 0.22011100 -0.15118480
v 0.56110561 0.20400819 -0.15729100
v 0.54632896 0.19750398 -0.15044075
v 0.48209101 0.20801032 -0.05056385
v 0.48529127 0.21296130 -0.05859050
v 0.48658225 0.20241106 -0.06208201
v 0.48565724 0.19476433 -0.05424860
v 0.47753376 -0.07583115 -0.01527152
v 0.43648836 -0.00806047 -0.06630140
v 0.44674554 -0.00550228 -0.07434293
v 0.46400881 0.01805056 -0.09364865
v 0.45478356 0.02868576 -0.09548747
v 0.43570212 -0.05716104 0.03630692
v 0.45364252 -0.05543166 0.03678553
v 0.45804214 -0.06243429 0.02991804
v 0.43908989 -0.06835806 0.02774881
v 0.50142384 0.23443061 -0.05821194
v 0.51438594 0.23055863 -0.07193976
v 0.50365579 0.22431616 -0.06733326
v 0.49330726 0.22713110 -0.05783122
v 0.54375339 0.14623030 -0.14720158
v 0.53913438 0.18677844 -0.13608962
v 0.54991066 0.08987487 -0.10969117
v 0.54916185 0.09031836 -0.12885252
v 0.54324222 0.06551329 -0.11790229
v -0.16989945 -0.11775687 -0.40017572
v -0.08321572 -0.11671718 -0.43245232
v -0.08147137 -0.19247134 -0.42180791
v -0.16207421 -0.20348586 -0.38529211
v 0.54497766 0.06654821 -0.09992669
v 0.54753357 0.13958204 -0.11050183
v 0.54574287 0.13962811 -0.13258590
v 0.56516796 0.19494303 -0.14722173
v 0.56223601 0.15765302 -0.14908649
v 0.56560528 0.19779287 -0.15291233
v 0.48616159 0.21565560 -0.09509623
v 0.48480657 0.24292400 -0.12095658
v 0.47560650 0.20598356 -0.13353366
v 0.48550549 0.20299603 -0.10453862
v 0.46087551 0.04612353 0.02955029
v 0.46887106 0.05968434 0.02060155
v 0.46001703 0.04564839 0.01173136
v 0.45696989 0.03169766 0.01511842
v 0.46824563 0.00441616 -0.08615678
v 0.45226130 -0.01289941 -0.06904068
v 0.45516366 -0.01641943 -0.06495374
v 0.47125992 -0.00650033 -0.07696074
v 0.52809221 0.23765050 -0.08372517
v 0.52706444 0.20526035 -0.08893052
v 0.51873428 0.20538729 -0.08104552
v 0.49761984 0.03048318 -0.01345919
v 0.50138408 0.03904924 -0.02734316
v 0.50571334 0.01810404 -0.03838194
v 0.49947640 0.00570740 -0.02663055
v 0.50254387 -0.05094944 -0.04798424
v 0.48671898 -0.05412923 -0.05241981
v 0.47339314 -0.06721736 -0.03291688
v 0.49059641 -0.06659308 -0.03052099
v 0.45682228 0.02531172 0.02193170
v 0.45696706 0.02986448 0.03118215
v 0.52143246 0.16083020 -0.13459329
v 0.51848471 0.19768086 -0.11923953
v 0.53720021 0.19373786 -0.11187886
v 0.53878909 0.17914928 -0.11902899
v 0.47162327 0.12348568 -0.01031712
v 0.45782655 0.12741444 -0.01915877
v 0.45915338 0.12246027 -0.01924022
v 0.47575960 0.11347517 -0.00817515
v 0.47572660 0.12291635 -0.00031838
v 0.47926632 0.11296189 0.00114862
v 0.47810516 0.11147302 0.00918987
v 0.47564030 0.11714175 0.00962586
v 0.45454848 0.12855643 -0.02522090
v 0.45588058 0.12693836 -0.02173190
v 0.45709381 0.13023728 -0.02362876
v 0.47474948 0.14385433 -0.09741563
v 0.48098606 0.09803986 -0.11040191
v 0.47218683 0.09423900 -0.10111172
v 0.46082482 0.13877100 -0.09665282
v 0.54829383 0.09682134 -0.14042611
v 0.53408247 0.26265895 -0.01596080
v 0.52366424 0.27220649 -0.01731331
v 0.53846240 0.29107255 -0.04541562
v 0.45944759 0.04328501 -0.04619293
v 0.48018962 0.04747735 -0.02613301
v 0.47240025 0.04548053 -0.01663850
v 0.46048906 0.03963697 -0.03529499
v 0.45876288 0.07121401 -0.00772560
v 0.44642848 0.05039077 -0.00316040
v 0.47007316 0.06221942 0.00338947
v 0.47428301 0.15960540 0.00011276
v 0.46445772 0.13571663 -0.01900821
v 0.47026494 0.13013074 -0.00851122
v 0.47205329 0.13267440 0.00067284
v 0.54496568 0.04495975 -0.12991790
v 0.55418891 0.07664999 -0.14618330
v 0.54401058 0.07478762 -0.15460750
v 0.53457779 0.04098940 -0.13775757
v 0.44229484 -0.03453586 0.04452059
v 0.41987324 -0.04926601 0.02497309
v 0.44258201 -0.01464576 0.04943851
v 0.58282965 0.26548713 -0.12178040
v 0.56216729 0.27875721 -0.12229679
v 0.56173289 0.26590815 -0.13829485
v 0.58308709 0.25247169 -0.13594213
v 0.45272091 0.16874425 -0.06248454
v 0.45024469 0.15726189 -0.05952064
v 0.45668888 0.16415972 -0.04917427
v 0.45880783 0.17501646 -0.05024716
v 0.31490004 -0.03828172 -0.31201586
v 0.37435558 -0.04474872 -0.19889729
v 0.39411867 0.04351067 -0.24738312
v 0.34405705 0.04651574 -0.34418535
v 0.51000589 -0.03291338 -0.04527113
v 0.50418907 -0.04546258 -0.02822100
v 0.48978961 0.20633814 0.01005269
v 0.48775202 0.22022814 0.01924567
v 0.49654275 0.25291798 0.01093687
v 0.50015152 0.23141050 0.00897708
v 0.55551040 0.16759227 -0.17823011
v 0.57336569 0.16294467 -0.16689628
v 0.50175917 0.23759533 -0.04476790
v 0.52421373 0.25785252 -0.06156467
v 0.50958622 0.24251954 -0.05899309
v 0.49843740 0.23404984 -0.04971064
v 0.49350828 0.19094974 -0.02747050
v 0.49859530 0.19838752 -0.02539380
v 0.49046132 0.20264725 -0.02931764
v 0.48341095 0.19452065 -0.02996592
v 0.49246809 0.25221035 0.02929791
v 0.49724779 0.28346726 0.00884389
v 0.42679256 -0.00781471 -0.06732544
v 0.49838093 0.19849747 -0.00808772
v 0.50532323 0.21492726 -0.00422189
v 0.50570792 0.20884256 -0.02175219
v -0.26954877 -0.34513250 -0.27230090
v -0.24175277 -0.29426020 -0.30255294
v -0.23368117 -0.37043226 -0.33995265
v -0.27735838 -0.39254245 -0.27771229
v 0.45067641 0.01611561 0.05346765
v 0.45439231 0.02716811 0.04135025
v 0.49342301 0.22842997 -0.04915331
v 0.48829651 0.22153609 -0.04920676
v 0.48021522 0.19917469 -0.04336426
v 0.48024708 0.18817912 -0.05116586
v 0.51909220 0.14569645 -0.08796462
v 0.52831823 0.09737422 -0.10036258
v 0.42434776 0.04125491 -0.16399382
v 0.41067660 -0.04770485 -0.07478145
v 0.48416772 0.20382336 -0.03103883
v 0.48453245 0.20499088 -0.03402860
v 0.47954240 0.19962706 -0.03688249
v 0.47801226 0.19707434 -0.03268788
v 0.49536753 -0.05646855 -0.01381341
v 0.51384759 0.18312341 -0.07495314
v 0.49128371 0.17414795 -0.06341850
v 0.49587986 0.18651718 -0.06393964
v 0.55663723 0.10829250 -0.14095089
v 0.56543523 0.15764721 -0.14727712
v 0.57384551 0.15938120 -0.15616600
v 0.56261647 0.10739510 -0.14775597
v 0.42572290 -0.06045929 0.01780625
v 0.44420129 0.15295348 -0.06653094
v 0.45296550 0.14230093 -0.05777796
v 0.46770829 0.17900017 -0.05113621
v 0.47122285 0.19000283 -0.04126051
v 0.45759583 0.04567387 0.04272890
v 0.55700696 0.24556059 -0.13419880
v 0.55905908 0.23356085 -0.14307834
v 0.54524171 0.23708448 -0.12767063
v 0.54456580 0.24456804 -0.11791818
v 0.54357374 0.25436899 -0.09962515
v 0.54614860 0.26277784 -0.09547043
v 0.55314517 0.25460988 -0.12182628
v 0.48361158 0.18185207 -0.05797181
v 0.49035627 0.18952745 -0.05886973
v 0.49008229 0.02136709 -0.00386226
v 0.49095079 -0.01574172 -0.01051325
v 0.53522122 0.04530907 -0.10230949
v 0.53439373 0.05171979 -0.08463439
v 0.53250635 0.10823055 -0.16143501
v 0.53147441 0.16517368 -0.16897248
v 0.52759755 0.16212578 -0.14901133
v 0.52741003 0.10858776 -0.14898200
v 0.49201444 0.12576210 -0.12539771
v 0.46837059 0.14016964 -0.12817101
v 0.47620797 0.12454803 0.01402138
v 0.46918914 0.14893652 0.02584507
v 0.46332183 0.17782798 -0.05200596
v 0.46732947 0.18723875 -0.04063419
v 0.49329340 0.01929201 -0.10291968
v 0.46835333 -0.02418199 -0.05597871
v 0.49264294 0.00557421 -0.09259549
v 0.44411522 -0.02595648 -0.04161832
v 0.44215059 -0.03160796 -0.02673890
v 0.45722538 -0.03294129 -0.03750276
v 0.51438963 0.02801019 -0.06543944
v 0.52538806 0.03325101 -0.08342327
v 0.45337141 0.12600756 -0.02987242
v 0.44554040 0.11598095 -0.03918575
v 0.44926345 0.12307267 -0.02760325
v 0.54034454 0.14075309 -0.09554887
v 0.54465789 0.09295456 -0.09891719
v 0.49938124 0.21101689 -0.02792502
v 0.47457880 0.15400332 -0.03095275
v 0.48708734 0.17315149 -0.01781532
v 0.51966584 0.23444974 -0.02085805
v 0.50811517 0.22375876 -0.02773532
v 0.50540388 0.21717483 -0.02685953
v 0.51260900 0.22105962 -0.01958331
v 0.41983369 0.06188891 -0.03565486
v 0.43737411 0.05308852 -0.02342706
v 0.44635749 0.07472622 -0.02028790
v 0.53899008 0.26278633 -0.08425835
v 0.53770870 0.24986196 -0.09370226
v 0.52639157 0.20255341 -0.13262974
v 0.48956409 0.21469289 -0.06497873
v 0.49341673 0.20483206 -0.06909926
v 0.49625471 0.29860285 -0.08647045
v 0.49312946 0.27951011 -0.06456684
v 0.49554622 0.27906361 -0.05756676
v 0.49980262 0.31437328 -0.05685219
v 0.43795872 -0.04704478 -0.00767447
v 0.45378980 -0.04546348 -0.02412220
v 0.45253050 -0.03861319 -0.02675972
v 0.44016600 -0.03918197 -0.01487403
v 0.46881196 0.04375336 -0.01315986
v 0.46056625 0.03761461 -0.02888954
v 0.53898382 0.05320614 -0.12080804
v 0.53696513 0.04801713 -0.11414658
v 0.54489702 0.07151079 -0.12878011
v 0.54658300 0.07929166 -0.13523018
v 0.46393138 0.16866371 -0.07347600
v 0.45228428 0.16750544 -0.07678385
v 0.50661898 0.23406479 -0.07443310
v 0.52139246 0.24795073 -0.08399776
v 0.51398784 0.26604554 -0.06222813
v 0.50321662 0.25410390 -0.06161165
v 0.53170145 0.20922336 -0.15150231
v 0.49218178 0.19629535 -0.06604262
v 0.49754816 0.19730256 -0.07079168
v 0.49019495 0.19860668 -0.06430531
v 0.47735032 0.18921703 -0.03149521
v 0.48670992 0.18380184 -0.03099347
v 0.51446217 0.23612048 -0.03230258
v 0.53932762 0.25753835 -0.05068935
v 0.53386158 0.25553593 -0.05384089
v 0.51303041 0.23883364 -0.03613807
v 0.48685324 0.21358651 -0.04115184
v 0.08234775 -0.04260485 -0.47044161
v 0.09392290 0.01546429 -0.51959378
v -0.21882981 0.44497806 0.55638099
v -0.26539579 0.43970573 0.52056867
v -0.26237738 0.40004337 0.54615837
v -0.21661076 0.40071610 0.57543814
v 0.50702757 0.27361062 -0.01636389
v 0.51165730 0.28271168 -0.04035991
v 0.51996136 0.28677532 -0.04335935
v 0.51206523 0.27746251 -0.02223833
v 0.54279953 0.23691905 -0.11509806
v 0.56740260 0.21359681 -0.14632702
v 0.46038604 0.13344473 -0.04531125
v 0.44942153 0.11098291 -0.04586649
v 0.40373161 0.10345709 -0.04480244
v 0.40422335 0.11135142 -0.04285793
v 0.40947542 0.10857853 -0.05115496
v 0.40871251 0.10033202 -0.05424417
v 0.42498216 0.06817631 -0.06194845
v 0.43816382 0.06248887 -0.04845904
v 0.43363082 0.05076650 -0.03689897
v 0.41939181 0.05345345 -0.05447109
v 0.40240419 0.08206917 -0.04965677
v 0.40333331 0.09348584 -0.04649911
v 0.40826997 0.08853567 -0.05687734
v 0.40682891 0.07644462 -0.06218278
v 0.53620946 0.26300657 -0.07116666
v 0.54932660 0.26378128 -0.08236344
v 0.57045734 0.20826289 -0.14075346
v 0.56925106 0.19455563 -0.14556073
v 0.56685930 0.23979543 -0.12903067
v 0.56775224 0.22746441 -0.13800754
v 0.47432715 0.07540910 0.02175824
v 0.47710323 0.07650230 0.00943186
v 0.47497913 0.06685617 0.01002164
v 0.58026725 0.22661585 -0.13951467
v 0.58242589 0.23781587 -0.14725626
v 0.45557714 -0.03282434 0.03675245
v 0.44984147 -0.04235730 0.04251483
v 0.29391769 -0.45777771 0.08278683
v 0.34479502 -0.42649713 0.00950078
v 0.34165424 -0.48476985 0.00889008
v 0.28952771 -0.51724172 0.07667555
v 0.52265024 0.24858797 -0.00819235
v 0.51502061 0.26231021 -0.00592523
v 0.40249699 0.07142322 -0.04404335
v 0.40282744 0.06696656 -0.05337532
v 0.41641048 0.05266757 -0.04612404
v 0.43052587 0.10030094 -0.02753201
v 0.40654474 0.10332846 -0.03463074
v 0.42772013 0.07972782 -0.06039238
v 0.42776909 0.11301178 -0.04584075
v 0.42791623 0.12026856 -0.03617661
v 0.44212779 0.03794815 -0.00785776
v 0.45111451 0.03299499 -0.02143872
v 0.46031210 0.03171524 -0.00012634
v 0.40695640 0.06195517 -0.06293540
v 0.46555281 0.17443384 -0.06191520
v 0.44175693 0.08500543 -0.05373575
v 0.45241758 0.07117029 -0.06049245
v 0.45274386 0.05867688 -0.05278553
v 0.44152829 0.07273167 -0.05345910
v 0.50479984 0.01275008 -0.05073560
v 0.50871938 0.02417672 -0.05044058
v 0.45823586 0.04762258 -0.05984857
v 0.48402607 0.04804823 -0.04634237
v 0.45989698 0.15087005 -0.04978625
v 0.47526622 0.16954367 -0.03864708
v 0.45346248 0.12815337 -0.02956456
v 0.44234422 0.09942052 -0.04919691
v 0.45042303 0.08534587 -0.05914046
v 0.43029881 0.10872050 -0.02775928
v 0.45190656 0.10922056 -0.02192892
v 0.45065302 0.11557942 -0.02434092
v 0.42927453 0.11479567 -0.02954717
v 0.50837511 0.20520796 -0.07622419
v 0.50767595 0.25041008 0.00231900
v 0.51550692 0.23217215 -0.00486199
v 0.51094884 0.32563442 -0.16180567
v 0.49482948 0.27488053 -0.19393222
v 0.49305022 0.27703333 -0.11032911
v 0.42804021 0.09172919 -0.05752519
v 0.40760887 0.11636199 -0.04129656
v 0.40878013 0.11459312 -0.03330399
v 0.53077579 0.02998703 -0.10382127
v 0.46516043 0.03104177 0.00397477
v 0.46647859 0.17902610 -0.03693615
v 0.52689922 0.07624216 -0.14944124
v 0.51854348 0.04432178 -0.13460915
v 0.46516284 0.18477163 -0.03904946
v 0.47045135 0.19083239 -0.03420028
v 0.45676559 0.03442892 -0.02632250
v 0.46587482 0.03806356 -0.00705488
v 0.47333932 0.19307958 -0.03367938
v 0.47410387 0.07359961 0.00096102
v 0.53515351 0.20334530 -0.10625137
v 0.47545844 -0.04134521 -0.05626294
v 0.46524873 -0.04958510 -0.03725589
v 0.40783232 0.10982269 -0.03333160
v 0.42993170 0.04829561 -0.03557857
v 0.42879370 0.10361782 -0.05257098
v 0.46433681 0.09711924 -0.01109201
v 0.46235773 0.08372273 -0.00894134
v 0.47644588 0.08714148 -0.00034071
v 0.48960927 0.04922149 -0.05931541
v 0.46112201 0.05774391 -0.07331437
v 0.46845686 0.06206816 -0.08853763
v 0.49974146 0.05250344 -0.07186329
v 0.50869817 0.01513242 -0.11888304
v 0.49833953 -0.01040652 -0.09633569
v 0.51234633 -0.01647082 -0.09280208
v 0.52434462 0.00963532 -0.11732765
v 0.51710302 0.42223290 -0.21111569
v 0.51898360 0.36200753 -0.11586256
v 0.52978182 0.46322155 -0.13660380
v 0.53483248 0.25769576 -0.11929913
v 0.53345817 0.24298652 -0.12973276
v 0.56188583 0.25035959 -0.15119302
v 0.49725592 0.30245152 -0.02226200
v 0.49522519 0.27881962 -0.04676727
v 0.50239027 0.28260875 -0.03609505
v 0.54897946 0.10762212 -0.16979183
v 0.48312628 0.18180574 0.00614697
v 0.49248540 0.18494719 -0.01263519
v 0.48785129 0.02783977 -0.10729349
v 0.51000178 0.04396796 -0.05379492
v 0.52140039 0.04481070 -0.06899981
v 0.57196707 0.26675078 -0.07996826
v 0.55215532 0.26087248 -0.06373724
v 0.08887839 -0.53845656 0.25220871
v 0.08613081 -0.57918197 0.22281316
v 0.07864591 0.07043879 0.64593673
v 0.08735938 0.06904320 0.63691944
v 0.08020166 0.08045726 0.63074309
v 0.07630964 0.08095372 0.63526326
v 0.08087795 0.01627526 0.63784540
v 0.07785171 0.02540595 0.63221002
v 0.08470143 0.02403852 0.62672246
v 0.08968479 0.01674386 0.63205248
v 0.06234501 0.07991505 0.63159323
v 0.05406167 0.06360739 0.64827186
v 0.06186397 0.06935289 0.65594620
v 0.06823057 0.08320881 0.63570184
v 0.57094085 0.28343493 -0.08441173
v 0.10406609 0.01704878 0.63438964
v 0.09720112 0.02618054 0.62823474
v 0.10152666 0.03019557 0.63991737
v 0.11316331 0.02301312 0.64715463
v 0.05405403 0.02292176 0.68796188
v 0.06269559 0.03481108 0.68849224
v 0.05374610 0.02944644 0.67357904
v 0.05312359 0.01859463 0.67134607
v 0.07494050 0.03846840 0.68490332
v 0.08786557 0.03722464 0.69615942
v 0.09866755 0.03808002 0.68484259
v 0.08452731 0.03847971 0.67485666
v 0.05732431 0.04223115 0.64478815
v 0.06148119 0.03020821 0.65150064
v 0.05185093 0.04331923 0.66575396
v 0.10002668 0.04225019 0.62883991
v 0.09388273 0.03615618 0.62093174
v 0.08697630 0.05827378 0.61699247
v 0.09217276 0.06231023 0.62198621
v 0.31556267 -0.36578545 0.09389082
v 0.35265738 -0.34857798 0.01047549
v 0.24253483 0.16680788 0.52362430
v 0.23778646 0.14898759 0.52955276
v 0.21103737 0.15513295 0.53389955
v 0.21654287 0.17108724 0.52881336
v 0.48124465 0.10083175 0.00498974
v 0.47829145 0.10546479 0.01196453
v 0.53251302 0.22622503 -0.14024560
v 0.56509173 0.24948029 -0.11620602
v 0.53576165 0.26919416 -0.10568883
v 0.52892399 0.28260484 -0.07538052
v 0.52183056 0.27261806 -0.06829209
v 0.52817339 0.25754797 -0.09388532
v 0.58101529 0.24962647 -0.11574695
v 0.47168955 0.02339529 0.00814497
v 0.52829063 0.17838331 -0.08298085
v 0.52384722 0.28683501 -0.05928064
v 0.54634762 0.29563707 -0.06368306
v 0.55320704 0.10930527 -0.14161897
v 0.58088380 0.23894228 -0.12858498
v 0.56950176 0.23210284 -0.12326474
v 0.53091639 0.24757159 -0.02417638
v 0.47719729 0.07768649 -0.10396577
v 0.52116680 0.07570931 -0.09409754
v 0.51118511 0.06007141 -0.08267528
v -0.55963486 0.23596670 -0.13577044
v -0.55808234 0.21902709 -0.14279437
v -0.55945724 0.20945956 -0.12904747
v -0.55923730 0.22409154 -0.12417455
v -0.53382683 0.12182277 -0.12410550
v -0.53352165 0.16786483 -0.13431670
v -0.54384130 0.18366499 -0.13779502
v -0.54400080 0.17041475 -0.13415514
v 0.47400191 0.06533272 -0.09743174
v 0.44546309 0.16281632 -0.07692289
v 0.45693636 0.04943806 0.05705255
v 0.50259018 -0.01371262 -0.03225601
v -0.52842408 0.05755960 -0.10023466
v -0.52566636 0.06184244 -0.09708653
v -0.53325361 0.09010430 -0.10960108
v -0.53800601 0.08713894 -0.11464497
v 0.50647396 -0.00856259 -0.04906622
v 0.18138844 -0.04044361 -0.43877497
v 0.20434913 0.02438830 -0.48233280
v 0.56278789 0.10712416 -0.15827382
v 0.53512371 0.25831872 -0.08015855
v 0.48294368 0.02210830 0.00244472
v 0.47472897 -0.01415897 0.00574164
v 0.46623665 -0.01191732 0.01641987
v 0.49590334 0.19978090 -0.07072186
v 0.48309678 0.03628736 -0.10922334
v 0.48324883 0.05245926 -0.11578052
v 0.40985870 0.11390458 -0.04934706
v 0.49421990 -0.00176229 -0.09301161
v 0.47252682 -0.03274141 -0.05588562
v 0.36803436 -0.32802862 -0.07004043
v 0.34724835 -0.30494663 -0.15951431
v -0.44073394 -0.05455167 0.04508542
v -0.45821887 -0.04069041 0.03523547
v -0.45875758 -0.05494746 0.02752117
v -0.43260077 -0.06568237 0.03636967
v 0.35013574 -0.37292877 -0.15413854
v 0.36496058 -0.39942545 -0.06914560
v 0.46734166 0.13803761 0.05057346
v 0.47328174 0.09261631 0.03435964
v 0.46706361 0.08535076 0.04633226
v 0.17518833 -0.48111439 0.22593428
v 0.15291165 -0.54788673 0.19321395
v 0.46300998 0.05239512 0.08079247
v 0.46563849 0.04646308 0.14554326
v 0.47573680 0.14590760 0.14759982
v 0.47092593 0.11375695 0.08550718
v 0.40757960 0.33662418 0.38446462
v 0.41821969 0.34472823 0.35386950
v 0.42247215 0.28186199 0.35164797
v 0.40969667 0.28762576 0.37815231
v 0.15300800 0.70456183 0.50358665
v 0.09008805 0.70914680 0.51853561
v 0.08892208 0.75744218 0.48593244
v 0.15358360 0.75131887 0.46920946
v 0.22118254 0.06947233 -0.51722497
v 0.23500280 0.13451464 -0.54833657
v 0.11100694 0.11687471 -0.58903885
v 0.10260816 0.05628225 -0.55552572
v 0.15572394 0.87286097 0.33558947
v 0.08861557 0.88201588 0.35414055
v 0.08835047 0.91515708 0.29039028
v -0.41571644 -0.06064654 0.03224971
v -0.44116315 -0.06289091 0.00864705
v -0.43725455 -0.04629942 0.00421994
v -0.41727898 -0.04737492 0.02344636
v 0.15607975 0.90357304 0.27323401
v 0.36687392 0.15340467 0.46471199
v 0.38082412 0.11576006 0.46469519
v 0.35660785 0.11198678 0.48858082
v 0.34487617 0.15014222 0.48395786
v 0.47108296 -0.04415525 0.01976477
v 0.46448383 -0.03934886 0.02679847
v -0.54121947 0.29861662 -0.04082009
v -0.54069203 0.28177470 -0.03917480
v -0.52856493 0.27826148 -0.02357822
v -0.53157055 0.29569727 -0.02089601
v -0.44677249 0.09609951 -0.09719155
v -0.43402421 0.05371935 -0.08259907
v -0.47170222 0.08042950 -0.09938068
v -0.47227231 0.09917527 -0.10448614
v 0.08771933 0.94253153 0.21478559
v 0.15628365 0.92938501 0.19990343
v 0.10226679 0.21226887 0.57227725
v -0.51807952 0.23266840 -0.09465940
v -0.52434671 0.23793256 -0.11352443
v -0.52613533 0.22418177 -0.12003364
v -0.51971358 0.21441466 -0.10432214
v -0.53791416 0.24716450 -0.14214833
v -0.53573453 0.22883427 -0.15248549
v -0.43160683 -0.00364748 0.05718268
v -0.42893037 0.01816834 0.06336423
v -0.43377626 0.02889057 0.05606759
v -0.43663350 0.02340638 0.04875337
v -0.43487763 0.10014779 -0.04672613
v -0.43846923 0.12885942 -0.03544512
v -0.50561631 -0.00315424 -0.06060688
v -0.50629181 0.00828781 -0.05718480
v -0.51732719 0.03103731 -0.08103357
v -0.51726806 0.02313814 -0.08577558
v 0.10403983 0.22465263 0.55654842
v 0.12692194 0.20221031 0.54793781
v 0.12551697 0.18918334 0.56121230
v 0.07816052 0.52464485 0.59413499
v 0.08379993 0.57970536 0.57884002
v 0.14078335 0.58138442 0.56632251
v 0.13210791 0.52759546 0.58442080
v 0.15578035 0.18504111 0.53892314
v 0.15231055 0.17279039 0.54843414
v 0.08854258 0.80257654 0.44697034
v 0.15448271 0.79580712 0.42865151
v 0.14366604 0.97274899 -0.12198914
v -0.49621874 0.02414427 -0.04689610
v -0.50939643 0.03791175 -0.07090708
v -0.51535612 0.04107367 -0.08172842
v -0.50781691 0.02894607 -0.06842677
v 0.14756010 0.97269022 -0.06691418
v 0.07781764 0.98766476 -0.06798451
v -0.54281896 0.25714868 -0.09070426
v -0.53181165 0.27212387 -0.06143219
v -0.53576571 0.26971957 -0.05935331
v -0.54528236 0.25433388 -0.09019898
v 0.08295451 0.98491973 -0.14882500
v 0.43033332 0.15672018 -0.29764077
v 0.45026010 0.14865410 -0.20050497
v 0.47416130 0.22155589 -0.20921648
v 0.46541584 0.25617111 -0.31363758
v 0.24126241 -0.43634194 0.16925029
v 0.22329769 -0.50388384 0.14383724
v -0.49034947 0.16899163 -0.09737444
v -0.48337817 0.20051695 -0.08519827
v -0.47411346 0.19914985 -0.08430121
v -0.47924492 0.17236617 -0.09574315
v -0.54022515 0.23059979 -0.12831363
v -0.54209119 0.21439204 -0.13399975
v -0.52738559 0.20798720 -0.12773329
v -0.46190226 0.21875477 -0.03225777
v -0.46673831 0.22177495 -0.03932268
v -0.46883571 0.21203616 -0.04280934
v -0.46497235 0.20448157 -0.03583502
v -0.45876011 -0.06447083 0.00934502
v -0.42250803 -0.00477637 -0.04005682
v -0.43291980 -0.00324432 -0.04921722
v -0.44874978 0.02106263 -0.06955603
v -0.44088989 0.03147704 -0.07100712
v 0.36362615 0.48093009 0.43560460
v 0.37298045 0.51651692 0.40907213
v 0.39649293 0.47179294 0.38399556
v 0.38440621 0.44214207 0.41275215
v 0.06967884 0.43770310 0.61759025
v 0.11835924 0.43934637 0.61451459
v 0.10683364 0.39791569 0.61667168
v 0.06497496 0.39709350 0.61839980
v -0.41561881 -0.04933921 0.05708864
v -0.43300083 -0.04499757 0.05648058
v -0.43762568 -0.05120641 0.04990260
v -0.41902694 -0.05856955 0.04805002
v 0.40845251 0.24011020 0.38036135
v 0.42476201 0.22237752 0.36068866
v 0.42009631 0.16884595 0.39046773
v 0.40170971 0.19457608 0.40409452
v 0.38275504 0.16215675 0.44403681
v -0.48320618 0.24349964 -0.03775917
v -0.49611542 0.24070922 -0.05128022
v -0.48566639 0.23399708 -0.04718288
v -0.47564167 0.23611768 -0.03788163
v 0.39810374 0.12623225 0.44123423
v -0.52762312 0.15606943 -0.12258896
v -0.52068657 0.19730303 -0.11252984
v 0.14856222 0.64276081 0.54072982
v 0.08782902 0.64528960 0.55454069
v 0.41189134 0.41236272 0.36341178
v 0.39924386 0.39192462 0.39465633
v 0.08492811 0.23241989 0.58713055
v 0.08909494 0.24274135 0.56691849
v 0.07388817 0.27461669 0.58535659
v -0.53369194 0.10045361 -0.08638857
v -0.53271276 0.10062846 -0.10514504
v -0.52723944 0.07599773 -0.09486689
v -0.52874202 0.07675955 -0.07631628
v 0.05595064 0.26748055 0.61741322
v 0.05401731 0.29189453 0.60743034
v 0.07195469 0.29355836 0.58848065
v 0.24125686 0.52862871 0.53621823
v 0.25094271 0.57740879 0.51487082
v 0.29735845 0.56916082 0.47854266
v 0.28891522 0.52425438 0.50210512
v 0.15508597 0.83582807 0.38555288
v -0.53104490 0.14979176 -0.08741175
v -0.52931643 0.14960638 -0.10846944
v 0.08834048 0.84359258 0.40423310
v 0.05741116 0.34936008 0.60968560
v 0.08681491 0.35015643 0.60171562
v 0.07773517 0.32963637 0.59400433
v -0.54693329 0.20524043 -0.12317350
v -0.54543573 0.16752613 -0.12436551
v -0.54674524 0.20852418 -0.12937643
v -0.46626243 0.22502689 -0.06903075
v -0.46383524 0.25053060 -0.09317376
v -0.45756996 0.21269087 -0.10476408
v -0.46680686 0.21153700 -0.07777932
v 0.05556366 0.32911900 0.60514402
v 0.17973015 0.16243774 0.53985888
v 0.18453945 0.17660905 0.53348202
v 0.42059362 -0.04277791 -0.00542756
v 0.42799434 -0.05083207 0.00116184
v 0.49088395 0.24933746 0.07053685
v 0.47347128 0.18221764 0.08074883
v 0.48289678 0.23118189 0.14358702
v 0.48396286 0.31537849 0.12983046
v 0.49360982 0.39030904 0.10835824
v 0.50410622 0.44620660 0.07855239
v 0.50233305 0.34934890 0.02928417
v 0.49607521 0.30768660 0.05524914
v 0.31088483 -0.35313329 -0.22793968
v 0.29693225 -0.29054505 -0.24135844
v 0.05494675 0.24695918 0.63373452
v 0.05511665 0.22762553 0.64967394
v 0.12799622 0.38543439 -0.65917933
v -0.43927908 0.05400163 0.05180172
v -0.44680226 0.06816146 0.04319498
v -0.44000718 0.05476978 0.03443579
v -0.43763956 0.04080072 0.03761602
v 0.12401891 0.29758132 -0.64881897
v 0.25323057 0.32147372 -0.59896857
v 0.25446332 0.40543979 -0.60657901
v 0.40637454 0.09227516 -0.27211899
v -0.45262274 0.00780587 -0.06132718
v -0.43699610 -0.00940775 -0.04327050
v -0.43982244 -0.01196131 -0.03847682
v -0.45663553 -0.00253918 -0.05102549
v 0.43717179 0.09147343 -0.18448353
v 0.09201362 0.05046637 0.64838469
v 0.07348445 0.07787891 0.62029231
v 0.07548401 0.05639352 0.61874264
v 0.07280377 0.07301573 0.61966151
v 0.09482288 0.03661257 0.66065919
v 0.10995430 0.03378810 0.66967589
v 0.08013220 0.03391460 0.62046856
v 0.07504427 0.03540193 0.62354606
v 0.07131749 0.05831965 0.62055653
v 0.07975368 0.08013185 0.62385744
v 0.03944755 0.01101616 0.70399201
v 0.04415803 0.01948604 0.72314817
v 0.06732011 0.02944131 0.71514982
v 0.05591422 0.02092306 0.70159674
v 0.06112297 0.07489066 0.62953454
v 0.05641885 0.06078469 0.63528270
v 0.05868340 0.04859114 0.67696494
v 0.07036211 0.07058550 0.65285146
v 0.07236595 0.08237699 0.63585943
v 0.06979836 0.05212732 0.67226404
v 0.06168039 0.01773879 0.65487778
v 0.08057044 0.05256919 0.66166359
v -0.50647396 0.24829735 -0.06347217
v -0.50888574 0.21609956 -0.06684811
v -0.50048393 0.21578433 -0.05951381
v -0.48051384 0.03989718 0.01017383
v -0.48609361 0.04875809 -0.00311602
v -0.48926756 0.02730357 -0.01443449
v -0.48244932 0.01511521 -0.00278871
v 0.50500691 0.04277683 -0.03996498
v 0.36979854 -0.25083908 0.04664110
v 0.39530084 -0.15937445 0.01289715
v 0.38516456 -0.16062042 -0.01995262
v -0.48488837 -0.04071804 -0.02173571
v -0.46954116 -0.04536999 -0.02632258
v -0.45642340 -0.05742528 -0.00723893
v -0.47238183 -0.05638508 -0.00487273
v -0.43787894 0.03416179 0.04461497
v -0.43572769 0.03789397 0.05386088
v -0.50243336 0.17060357 -0.11100081
v -0.49714535 0.20895512 -0.09641349
v 0.36881375 -0.25513870 -0.00477683
v 0.51041496 0.19534743 -0.07743043
v 0.44494393 0.51581168 0.26699769
v 0.45296150 0.58881503 0.21116303
v 0.48930368 0.51831967 0.13657829
v -0.51870638 0.20474580 -0.08923481
v -0.52084589 0.18986629 -0.09586918
v 0.48290399 0.45095366 0.16624109
v 0.45527428 0.65073800 0.16128485
v 0.49461275 0.58728600 0.09306669
v 0.51918322 0.51182002 0.03061019
v 0.52117455 0.38343295 -0.06121898
v 0.28757846 0.25157458 0.50505573
v 0.28963593 0.24981152 0.50456947
v 0.28043404 0.24731435 0.51226050
v -0.45237732 0.12988268 0.01246751
v -0.43922487 0.13388561 0.00344492
v -0.44081700 0.12896116 0.00393954
v -0.45679715 0.12003283 0.01522016
v 0.27884242 0.24938031 0.51284814
v 0.28486097 0.25206995 0.50352341
v 0.27684632 0.25077096 0.50954378
v -0.45575163 0.12896685 0.02240060
v -0.45938498 0.11925405 0.02430354
v -0.45774475 0.11790217 0.03219436
v -0.45547062 0.12340298 0.03234890
v 0.29179233 0.25326267 0.49795058
v 0.29419401 0.25340435 0.49976578
v 0.29567754 0.25162029 0.49894568
v 0.18326434 0.25285828 0.52845484
v 0.18553719 0.25441208 0.52356362
v 0.20081069 0.25083393 0.53015691
v 0.20002730 0.24965480 0.53489679
v 0.18282041 0.25063303 0.52966368
v 0.20151478 0.24661718 0.53485441
v -0.43716571 0.13516577 -0.00252491
v -0.43781820 0.13357185 0.00104795
v -0.43913928 0.13705693 -0.00132643
v -0.46092069 0.15135507 -0.07674389
v -0.47023705 0.10633042 -0.08805531
v -0.45999905 0.10361470 -0.07805177
v -0.44488996 0.14722419 -0.07528074
v 0.17635608 0.26034173 0.49072582
v 0.17490225 0.26373523 0.49082354
v -0.53026903 0.10739192 -0.11640404
v 0.18275207 0.25481281 0.49259549
v 0.16886875 0.26367530 0.50765461
v 0.16746101 0.26974675 0.50846970
v -0.51045787 0.27334249 0.00479507
v -0.50029439 0.28308576 0.00467951
v -0.51485538 0.30375317 -0.02271970
v 0.17163238 0.27431479 0.49247518
v 0.17350136 0.26700819 0.49092117
v 0.17030054 0.26064435 0.50854337
v -0.44680017 0.05389929 -0.02298947
v -0.46712750 0.05931989 -0.00169268
v -0.45840076 0.05675989 0.00778256
v -0.44734788 0.05084913 -0.01163702
v -0.44012627 0.07976225 0.01687823
v -0.42816523 0.05943017 0.02042179
v -0.44978684 0.07142657 0.02735564
v -0.45184427 0.16621970 0.02010963
v -0.44477877 0.14287746 0.00249474
v -0.45043769 0.13601518 0.01375057
v -0.45168445 0.13889995 0.02237235
v -0.52864563 0.05303351 -0.10614637
v -0.53728974 0.08485631 -0.12246036
v -0.52761585 0.08283447 -0.13219462
v -0.51849091 0.04873814 -0.11450522
v 0.16082978 0.25984693 0.51185471
v 0.15832017 0.26258934 0.51060754
v -0.42088801 -0.02716113 0.06628251
v -0.40131566 -0.04457049 0.04713229
v -0.42065722 -0.00913956 0.07233250
v -0.56051511 0.27865967 -0.09990945
v -0.53987038 0.29160723 -0.10042997
v -0.54036117 0.27896032 -0.11675121
v -0.56147397 0.26572078 -0.11457185
v -0.43564904 0.17596920 -0.04093926
v -0.43182296 0.16470580 -0.03796538
v -0.43720049 0.17279144 -0.02836534
v -0.44048518 0.18260801 -0.02933431
v 0.15859789 0.26592249 0.51203060
v 0.23202069 0.24048769 0.53424710
v 0.23429614 0.23623699 0.53217649
v 0.20502405 0.23866341 0.53348351
v 0.20358813 0.24302536 0.53427100
v 0.23009230 0.24391139 0.53548765
v 0.25078756 0.24435832 0.53083140
v 0.25332859 0.24104187 0.52875841
v 0.25490043 0.23705858 0.52612883
v -0.31330296 -0.03657365 -0.28834412
v -0.36648917 -0.04259550 -0.17024502
v -0.38789633 0.04619356 -0.22006752
v -0.34245518 0.04857735 -0.32062522
v -0.49414441 -0.02305866 -0.01901169
v -0.48673600 -0.03497565 -0.00229516
v -0.46747041 0.21247585 0.02906053
v -0.46392280 0.22595896 0.03966289
v -0.47311369 0.26025572 0.03282475
v -0.47695923 0.23861411 0.03034559
v 0.18293345 0.24409556 0.53018206
v 0.18250020 0.24798760 0.53008240
v 0.25614938 0.23271245 0.52301502
v 0.23590355 0.23164132 0.52914160
v -0.53639734 0.17890292 -0.15859351
v -0.55315089 0.17417881 -0.14498185
v 0.20625995 0.23352118 0.53190601
v 0.18293519 0.24025518 0.53060138
v 0.16299051 0.24877870 0.52710277
v 0.16724773 0.25086945 0.52653998
v 0.23638645 0.22672229 0.52653342
v 0.23666818 0.22092776 0.52630216
v 0.20544656 0.22289884 0.53014094
v 0.20597519 0.22819908 0.53000802
v -0.48124757 0.24765702 -0.02556822
v -0.50209588 0.26770836 -0.04194234
v -0.48986191 0.25288647 -0.03871553
v -0.47911242 0.24413545 -0.02947664
v -0.47203293 0.19948350 -0.00685085
v -0.47664851 0.20773162 -0.00524961
v -0.46887481 0.21152383 -0.00866253
v -0.46233907 0.20316720 -0.00928087
v 0.25649917 0.22751182 0.51964426
v 0.25660419 0.22137630 0.51882982
v -0.46796262 0.25797951 0.04898653
v -0.47302783 0.29034200 0.02990161
v 0.30643162 0.25190118 0.48643824
v 0.30985609 0.25412357 0.48168635
v 0.31109515 0.25008115 0.48027998
v -0.40987235 -0.00232180 -0.03890564
v 0.30941427 0.24784406 0.48288915
v 0.33081514 0.23178951 0.45632058
v 0.33614242 0.24063942 0.45139357
v 0.34920567 0.23411646 0.43999526
v -0.47508645 0.20645545 0.01093047
v -0.48252386 0.22282939 0.01484193
v -0.48256111 0.21819237 -0.00264953
v -0.42754254 0.02196775 0.07622461
v -0.43180549 0.03419192 0.06404435
v -0.47400025 0.23802739 -0.02966968
v -0.46884611 0.23118193 -0.03036126
v -0.45964921 0.20882723 -0.02468949
v -0.46070191 0.19642328 -0.03242514
v 0.34159818 0.22464453 0.44813284
v -0.50285262 0.15665618 -0.06709021
v -0.51362002 0.10758689 -0.07798176
v 0.39475673 0.17461205 0.42329916
v 0.35445812 0.20931740 0.44272801
v 0.36370823 0.21960583 0.42990214
v 0.30226809 0.24996889 0.49158752
v 0.29724914 0.24854116 0.49744883
v 0.30074325 0.25314394 0.49327865
v 0.30481562 0.25499913 0.48828217
v 0.30552641 0.24587148 0.48810810
v 0.29970202 0.24427031 0.49477229
v 0.29159173 0.24683346 0.50330883
v 0.29408509 0.24237359 0.50101846
v 0.28463545 0.24003130 0.50926536
v 0.28269133 0.24414963 0.51082045
v 0.26970664 0.24231879 0.52002084
v -0.41328081 0.04470431 -0.13510965
v -0.39312074 -0.04343709 -0.04394397
v 0.26735914 0.24540387 0.52172846
v 0.27121952 0.23808730 0.51794225
v 0.28629488 0.23526675 0.50735122
v 0.27335504 0.23368281 0.51554400
v 0.29658586 0.23744836 0.49777907
v 0.30313715 0.23968281 0.49035496
v 0.30866447 0.24182938 0.48337409
v 0.31290302 0.24409859 0.47821873
v 0.31543908 0.24790756 0.47511578
v 0.31233981 0.23704761 0.47684556
v 0.31713524 0.23216416 0.47076768
v 0.30901998 0.22898379 0.47984815
v 0.30615371 0.23458624 0.48479098
v 0.31772262 0.24019200 0.47091234
v 0.32338262 0.23626523 0.46359694
v -0.46265414 0.21291716 -0.01100574
v -0.46330988 0.21491390 -0.01435825
v -0.45883271 0.20860812 -0.01688050
v -0.45718324 0.20578508 -0.01263239
v 0.29843748 0.23268850 0.49387890
v 0.30015972 0.22720066 0.48980862
v 0.28805202 0.22478445 0.50094140
v 0.28737968 0.23088652 0.50457340
v -0.47685835 -0.04507222 0.01081107
v -0.49607489 0.19380289 -0.05384972
v -0.47512352 0.18291718 -0.04281344
v -0.48053908 0.19518226 -0.04342576
v 0.27573928 0.22889169 0.51260120
v 0.27607307 0.22266948 0.50931418
v -0.53811646 0.11816177 -0.11660428
v -0.54967797 0.16712666 -0.12139414
v -0.55552936 0.16928580 -0.13070007
v -0.54389209 0.11726262 -0.12349094
v 0.22829711 0.24637948 0.53614068
v 0.22752115 0.24747288 0.53303605
v 0.24785338 0.24762346 0.52899206
v 0.24849659 0.24667501 0.53190261
v 0.26500228 0.24776459 0.52216965
v -0.40701750 -0.05309913 0.04084271
v -0.42768952 0.15996593 -0.04523645
v -0.43568063 0.14893696 -0.03605217
v 0.26460412 0.24926022 0.51909697
v 0.24710543 0.24009514 0.51295793
v 0.24094996 0.24322706 0.48824799
v 0.25899547 0.24375807 0.48280132
v 0.26780277 0.24177273 0.50595677
v -0.44749126 0.18630508 -0.03220617
v -0.45146865 0.19826701 -0.02130783
v 0.22354600 0.23869704 0.51634622
v 0.21995699 0.24522468 0.49225327
v 0.20035431 0.24220312 0.51749682
v -0.43502972 0.05246418 0.06502905
v 0.19919482 0.24953569 0.49321303
v 0.18434049 0.25208122 0.51564962
v 0.24377489 0.31946641 0.54380262
v 0.24585301 0.32413876 0.54447442
v 0.27276558 0.32009169 0.53754324
v 0.26985773 0.31505051 0.53720540
v 0.32070279 0.15259017 -0.48798117
v 0.32858124 0.24844906 -0.51878178
v 0.24677965 0.22126748 -0.57707208
v 0.28981215 0.29450205 0.52927244
v 0.29083434 0.30196223 0.52872074
v 0.30521297 0.29454404 0.51721382
v 0.30290395 0.28780577 0.51742649
v 0.28779235 0.28690562 0.52797544
v -0.53615844 0.25570342 -0.11228278
v -0.53829086 0.24409607 -0.12059037
v -0.52543426 0.24754077 -0.10606568
v -0.52470458 0.25478935 -0.09649409
v -0.52167416 0.26421344 -0.07801749
v -0.52355558 0.27351356 -0.07418739
v -0.53236163 0.26452744 -0.10044913
v -0.46661508 0.18953583 -0.03833056
v -0.47341388 0.19810694 -0.03931179
v 0.29991499 0.28136846 0.51491135
v 0.26873392 0.29320270 0.53967375
v -0.47177923 0.03075520 0.01844502
v -0.47287256 -0.00550261 0.01333495
v -0.51962543 0.05511362 -0.07932693
v -0.51815039 0.06131243 -0.06101476
v -0.51214749 0.11764231 -0.13886082
v -0.51258850 0.17492652 -0.14715700
v -0.50801462 0.17167477 -0.12611508
v -0.50688517 0.11793189 -0.12600343
v 0.27013209 0.30198351 0.54100436
v 0.27010933 0.30910683 0.53888112
v 0.29926574 0.27921641 0.47988868
v 0.29337969 0.28910255 0.48530769
v -0.47422731 0.13408698 -0.10193714
v -0.45233247 0.14709812 -0.10207722
v -0.45581970 0.13079761 0.03661080
v -0.44663945 0.15507314 0.04717678
v -0.44539952 0.18599086 -0.03131507
v -0.44813445 0.19500242 -0.02019401
v -0.47762406 0.02411901 -0.07810418
v -0.45245111 -0.01867456 -0.02959748
v -0.47679508 0.01094877 -0.06732221
v -0.42849377 -0.02117308 -0.01443832
v -0.42637575 -0.02622799 0.00063424
v -0.44123232 -0.02696634 -0.01049092
v 0.29213002 0.27699137 0.50247353
v 0.29701602 0.27184430 0.49487928
v 0.30256054 0.27486253 0.47489312
v 0.30029911 0.26873857 0.48841810
v 0.29776755 0.27944070 0.45312288
v 0.29290485 0.28462055 0.45782506
v 0.28568333 0.29143602 0.46453211
v -0.49803996 0.03707318 -0.04161372
v -0.50893068 0.04275175 -0.05976611
v 0.30078498 0.27519253 0.45036775
v -0.43627334 0.13291378 -0.00786558
v -0.42656332 0.12449874 -0.01787776
v -0.43240136 0.13005373 -0.00471486
v -0.52204895 0.15263882 -0.07446412
v -0.52849668 0.10339343 -0.07632779
v -0.47710639 0.22081588 -0.00793728
v 0.30261123 0.27124259 0.44917518
v -0.45424759 0.16105211 -0.01057312
v -0.46461272 0.18078871 0.00198133
v -0.49703801 0.24438991 -0.00207271
v -0.48684928 0.23336987 -0.00826260
v -0.48266208 0.22727385 -0.00722324
v -0.48934463 0.23081703 -0.00057062
v -0.40284130 0.06859850 -0.01023939
v -0.42066628 0.06059510 0.00193902
v -0.42904773 0.08213641 0.00514558
v 0.30212745 0.26660755 0.44842800
v 0.29995599 0.26206094 0.45016864
v 0.41074273 0.07526799 0.42447454
v 0.41115531 0.14257008 0.41655090
v -0.51561981 0.27304518 -0.06434847
v -0.51589531 0.25995255 -0.07279491
v -0.50485879 0.21383861 -0.11119672
v 0.42615923 0.09402062 0.39610285
v 0.29865095 0.25513670 0.49441251
v -0.47231618 0.22330943 -0.04484978
v -0.47683844 0.21378747 -0.04889051
v 0.30266887 0.25720650 0.48940703
v -0.47292787 0.30486619 -0.05836870
v -0.47180140 0.28702229 -0.03913216
v -0.47372687 0.28716505 -0.03298336
v -0.47687161 0.32017228 -0.03126479
v 0.29577854 0.25560197 0.49299723
v -0.42069829 -0.03974101 0.01886103
v -0.43750435 -0.03834077 0.00275760
v -0.43647030 -0.03233144 0.00040129
v -0.42337370 -0.03266188 0.01229699
v -0.45410347 0.05484771 0.01117675
v -0.44675612 0.04895316 -0.00506945
v 0.29826725 0.25737172 0.48905733
v -0.52326787 0.06218183 -0.09728777
v -0.52156991 0.05733386 -0.09052692
v -0.52820897 0.08153152 -0.10521515
v -0.52996433 0.08890070 -0.11143036
v 0.30577952 0.25945324 0.48422882
v 0.30882296 0.25742549 0.48265091
v 0.28840509 0.24524809 0.48946881
v 0.28362960 0.24864291 0.46967164
v 0.29049289 0.25168306 0.46339878
v -0.44521758 0.17693190 -0.05498447
v -0.43736330 0.17399079 -0.05539588
v -0.48478115 0.24571064 -0.05160744
v -0.49780703 0.26076427 -0.06187385
v -0.49020621 0.27815485 -0.04003048
v -0.48016310 0.26488033 -0.03856488
v -0.51066810 0.22005592 -0.13053320
v 0.29442790 0.25037858 0.48132789
v 0.28083023 0.24312070 0.49691007
v 0.27322915 0.24539463 0.47623196
v 0.29431158 0.25491869 0.45889360
v 0.29756269 0.25846961 0.45373440
v -0.47712034 0.20497082 -0.04621388
v -0.48249680 0.20616065 -0.05034310
v 0.29770166 0.25372845 0.47784171
v -0.47345489 0.20780845 -0.04477854
v 0.30035129 0.25716144 0.47248450
v 0.30049935 0.25995928 0.48455426
v -0.45695120 0.19773185 -0.01094886
v -0.46580109 0.19247669 -0.01028306
v -0.49249232 0.24595171 -0.01334773
v -0.51542431 0.26870728 -0.03127246
v -0.51027066 0.26594457 -0.03516451
v -0.49092045 0.24840477 -0.01744486
v 0.30397901 0.26404855 0.46830553
v 0.30479389 0.26731175 0.46940646
v 0.30230609 0.26162359 0.48079517
v -0.46561885 0.22378898 -0.02175538
v 0.30492157 0.26445752 0.47761202
v 0.30254290 0.26135027 0.46894538
v -0.08895013 -0.04163798 -0.46407813
v -0.10007500 0.01716806 -0.51205730
v 0.30429983 0.27115059 0.47143385
v 0.30320150 0.26632470 0.48207572
v 0.31254670 0.25402409 0.47814453
v 0.31215748 0.25991791 0.47843418
v 0.31807911 0.26546064 0.47341010
v 0.31699365 0.25325006 0.47344568
v -0.48392180 0.28389418 0.00601027
v -0.48795325 0.29370484 -0.01763003
v -0.49566457 0.29867697 -0.02085958
v -0.48815551 0.28836146 0.00012608
v -0.52042758 0.24814233 -0.09398115
v 0.32416672 0.25284359 0.46642479
v 0.32138354 0.24510260 0.46718502
v 0.32779312 0.26818398 0.46930930
v 0.33774903 0.27211660 0.46450111
v -0.54750276 0.22490010 -0.12383888
v -0.44294551 0.14095996 -0.02484221
v -0.43190771 0.11959282 -0.02457133
v 0.33243141 0.25321195 0.45909280
v 0.32770890 0.24348816 0.45986059
v 0.30882561 0.26165682 0.48018259
v -0.38408384 0.10994282 -0.02130366
v -0.38469037 0.11795429 -0.02042877
v -0.39004970 0.11459647 -0.02822148
v -0.38882390 0.10595305 -0.03003577
v 0.31089053 0.26407936 0.47760588
v 0.32394519 0.27328873 0.47941241
v -0.40896314 0.07598586 -0.03803273
v -0.42371702 0.07094406 -0.02426733
v -0.41871938 0.05903288 -0.01253804
v -0.40487736 0.06135696 -0.02996689
v 0.33080623 0.27893728 0.47760153
v 0.31507060 0.26941705 0.48198655
v 0.31186920 0.27213416 0.49202299
v 0.31920058 0.27735245 0.49207383
v -0.38297278 0.08938280 -0.02601632
v -0.38373864 0.10011748 -0.02310472
v -0.38898227 0.09548185 -0.03350930
v -0.38995945 0.08287112 -0.03750485
v 0.32427618 0.28310266 0.49192697
v 0.31243339 0.28178844 0.50438660
v -0.51393443 0.27436793 -0.05093342
v -0.52424133 0.27532461 -0.06181807
v 0.31638607 0.28819051 0.50464267
v 0.30695558 0.27627686 0.50269669
v 0.30794552 0.26689774 0.48349571
v -0.55153018 0.21865731 -0.11637386
v -0.55145913 0.20464817 -0.12035218
v -0.54545200 0.25123718 -0.10740713
v -0.54719877 0.23905051 -0.11620962
v 0.30478063 0.26918438 0.49061888
v 0.30089211 0.27223819 0.49940801
v 0.29585084 0.27601820 0.50956970
v -0.45269030 0.08275584 0.04441140
v -0.45655021 0.08434723 0.03291947
v -0.45401636 0.07513641 0.03343080
v -0.55892813 0.23776901 -0.11605252
v -0.56087649 0.25089052 -0.12623420
v -0.43492502 -0.02420687 0.05828810
v -0.42869496 -0.03329188 0.06326552
v -0.26161006 -0.46585456 0.09951583
v -0.32078117 -0.43511254 0.03260452
v -0.31898418 -0.49496514 0.03032730
v -0.25957033 -0.52595770 0.09251773
v -0.49980104 0.25825113 0.01200283
v -0.49280789 0.27188376 0.01574437
v 0.28555328 0.28186789 0.52345419
v 0.28212404 0.28359428 0.51564556
v 0.26727873 0.28684434 0.53542638
v -0.38646376 0.07840061 -0.01971859
v -0.38677350 0.07296824 -0.02907090
v -0.40107352 0.06055812 -0.02146956
v -0.41344851 0.10637661 -0.00331529
v -0.38958919 0.10941017 -0.01099414
v 0.26439330 0.28739759 0.52738798
v 0.25042319 0.33074662 0.54748392
v 0.28128839 0.32852408 0.53973168
v 0.26449707 0.30385408 0.50729418
v 0.25418955 0.30261394 0.48583525
v 0.23788142 0.30394325 0.49514320
v 0.24271923 0.30625027 0.51934958
v -0.40916255 0.08833089 -0.03697745
v 0.16795774 0.27412188 0.51164228
v 0.17055814 0.28060415 0.51707411
v -0.40954939 0.12148388 -0.02547198
v -0.41187686 0.12699765 -0.01403833
v -0.42437923 0.04671343 0.01405480
v -0.43508032 0.04405362 0.00151360
v -0.44316146 0.04194035 0.02305256
v -0.39057362 0.07015198 -0.03678425
v -0.44676483 0.18263724 -0.04385043
v 0.17429763 0.28682685 0.49860078
v 0.17076294 0.27980673 0.49445587
v 0.16349325 0.27057397 0.51698488
v 0.17022657 0.27634862 0.52338183
v -0.42404824 0.09410392 -0.03006837
v -0.43813115 0.07986359 -0.03668955
v -0.43833143 0.06796335 -0.02871911
v -0.42406207 0.08198968 -0.02949264
v -0.48953688 0.02176474 -0.02631527
v -0.49217400 0.03320980 -0.02654928
v -0.44337898 0.05812116 -0.03737149
v -0.47013381 0.05974216 -0.02259915
v -0.44109219 0.15863341 -0.02893324
v -0.45521170 0.17808351 -0.01789979
v -0.43627939 0.13475938 -0.00768675
v -0.42472246 0.10845082 -0.02713580
v -0.43421108 0.09485668 -0.03651693
v -0.41357973 0.11481583 -0.00474259
v -0.43466038 0.11557649 0.00189227
v -0.43373141 0.12215690 -0.00097656
v -0.41282076 0.12105107 -0.00724332
v -0.49232963 0.21472843 -0.05519088
v -0.48486766 0.25955647 0.02512002
v -0.49049312 0.24143150 0.01505203
v -0.48738980 0.33224702 -0.13290238
v -0.47418723 0.28136680 -0.16428532
v -0.46983683 0.28445977 -0.08212274
v -0.40904912 0.09991867 -0.03327320
v -0.38856164 0.12368465 -0.01895756
v -0.39232689 0.12065755 -0.01105714
v -0.51549381 0.03824420 -0.08015939
v -0.44779477 0.04102800 0.02737580
v -0.44677985 0.18742618 -0.01620661
v -0.51027274 0.08359747 -0.12623207
v -0.50194407 0.05090391 -0.11163009
v -0.44619212 0.19286971 -0.01869074
v -0.45061997 0.19918486 -0.01388227
v -0.44171274 0.04596731 -0.00272270
v -0.45039693 0.04869315 0.01688050
v -0.45302686 0.20152108 -0.01361319
v -0.45437092 0.08212364 0.02500156
v -0.51671100 0.21419901 -0.08392606
v 0.19388053 0.29875445 0.52839303
v 0.19777000 0.29967970 0.50299722
v -0.45914224 -0.03379224 -0.03003428
v -0.44880068 -0.04145178 -0.01075709
v 0.18118724 0.29530400 0.50206333
v -0.39094368 0.11581196 -0.01045031
v 0.17872511 0.29007304 0.52404773
v -0.41371310 0.05519137 -0.01025473
v -0.41020986 0.11070472 -0.02860624
v 0.19984603 0.28693721 0.53739333
v 0.18198730 0.28084999 0.53045452
v 0.24269331 0.29021969 0.53555191
v -0.44594905 0.10417692 0.01319517
v -0.44380027 0.09147730 0.01541945
v -0.45712295 0.09467161 0.02373533
v 0.13590819 0.61574924 -0.63225865
v 0.13349609 0.51440871 -0.65434957
v -0.47649902 0.06052043 -0.03551563
v -0.44878030 0.06766303 -0.05257654
v -0.45748264 0.07166594 -0.06630559
v -0.48690355 0.06396353 -0.04696322
v -0.49281737 0.02147858 -0.09514462
v -0.48235422 -0.00344096 -0.07104890
v -0.49687451 -0.00878601 -0.06723515
v -0.50885808 0.01775067 -0.09258386
v 0.25397879 0.52448839 -0.60007721
v 0.25192374 0.61199647 -0.57991475
v -0.49363956 0.42935148 -0.18352152
v -0.49410790 0.36798966 -0.08832915
v -0.50326294 0.47000331 -0.10996671
v -0.51268774 0.27036071 -0.09786818
v -0.51192510 0.25529903 -0.10853103
v -0.53849733 0.26394522 -0.13062817
v -0.47438762 0.30958524 0.00061661
v -0.47431028 0.28759855 -0.02384806
v -0.47947678 0.29275423 -0.01274118
v -0.52974153 0.11756900 -0.14850919
v 0.28380024 0.29827106 0.49474528
v 0.27195442 0.29801655 0.47516388
v 0.31222710 0.61757219 -0.52910066
v 0.30557215 0.67331171 -0.50821716
v 0.25293466 0.68629724 -0.54354244
v 0.21691397 -0.21780163 -0.34823862
v 0.15348126 -0.27937585 -0.39464420
v -0.45939794 0.18864745 0.02461630
v -0.46964738 0.19256920 0.00686742
v 0.15952036 0.26899171 0.52572429
v -0.47221246 0.03195895 -0.08312051
v 0.16903570 0.27461916 0.53033334
v -0.49393195 0.05377913 -0.02955839
v -0.50451219 0.05481740 -0.04506136
v -0.54798716 0.27939466 -0.05807692
v -0.52640647 0.27266294 -0.04388393
v 0.15306082 0.26510841 0.52174807
v 0.14646696 0.26540518 0.52374703
v 0.15258445 0.27111235 0.52701241
v 0.16237800 0.27827284 0.53234196
v 0.18078163 0.28059512 0.53557044
v 0.17554362 0.28573477 0.53916532
v 0.19536611 0.29326999 0.54551834
v 0.19945747 0.28710756 0.54209375
v 0.24273767 0.28980851 0.54392964
v 0.24184561 0.29638404 0.54693252
v 0.19233842 0.30104840 0.54572541
v 0.17186503 0.29256549 0.53899944
v 0.19000740 0.30869776 0.54500234
v 0.17016490 0.30120578 0.53825998
v 0.24116699 0.31252801 0.54531932
v 0.24121985 0.30438960 0.54763955
v 0.16684395 0.25319377 0.52561557
v 0.14945194 0.25725126 0.52354395
v 0.16832146 0.25556651 0.52340090
v 0.15474246 0.25915703 0.52116930
v 0.17413519 0.25651932 0.51706737
v 0.15078022 0.26151666 0.52022070
v 0.14472096 0.26037070 0.52276438
v -0.04907267 -0.54095191 0.25787050
v -0.04834409 -0.58197612 0.22783314
v 0.17354307 0.25739548 0.51028430
v 0.14639834 0.27539375 0.52442354
v 0.13979132 0.26667416 0.52313131
v 0.13869132 0.27946404 0.52180952
v 0.13231024 0.26802114 0.52138925
v 0.15121853 0.29273230 0.52815670
v 0.15701023 0.28464583 0.52924633
v 0.13813299 0.25918710 0.52292722
v 0.14181150 0.25552109 0.52419418
v 0.13182460 0.25872031 0.52209604
v 0.13565031 0.25374782 0.52301317
v 0.18165638 0.23606430 0.53076756
v 0.17952318 0.23144861 0.52993530
v 0.15892591 0.24512875 0.52823526
v 0.15514478 0.24129012 0.52713829
v 0.23492831 0.21360086 0.52426583
v 0.25578514 0.21449317 0.51767480
v 0.23145658 0.20527953 0.52254927
v -0.02460983 0.07318714 0.64749306
v -0.03326604 0.07170816 0.63887411
v -0.02633177 0.08299720 0.63237745
v -0.02249800 0.08360253 0.63681281
v 0.25307608 0.20495874 0.51564962
v 0.19934772 0.20857796 0.52765721
v 0.20327996 0.21606535 0.52877802
v 0.21925186 -0.55316001 0.13058591
v 0.32296082 0.22622569 0.46536809
v 0.33133832 0.21696074 0.46025336
v 0.32051295 0.21156263 0.47171175
v 0.31338167 0.22283378 0.47521782
v 0.30286965 0.22005433 0.48563737
v -0.02723709 0.01836500 0.63943022
v -0.02394362 0.02735182 0.63359153
v -0.03081846 0.02610933 0.62828225
v -0.03581173 0.01901141 0.63402545
v 0.30610323 0.20805718 0.48448250
v 0.28983465 0.20654932 0.49617714
v 0.28934890 0.21759292 0.49728504
v 0.27598912 0.21571086 0.50705141
v 0.27367288 0.20554674 0.50596952
v 0.34267932 0.25113231 0.44880310
v 0.35297909 0.27213317 0.44958252
v 0.35607588 0.24606673 0.43625361
v 0.36753356 0.27023801 0.43368277
v 0.12897591 0.28584421 0.52376491
v -0.00899281 0.08231752 0.63235354
v -0.00008396 0.06559064 0.64809203
v -0.00775772 0.07146846 0.65652782
v -0.01495802 0.08577206 0.63690364
v 0.12362999 0.27101570 0.52140218
v 0.11527599 0.29152483 0.53053063
v 0.11213812 0.27475366 0.52625090
v 0.12594914 0.30990240 0.53968567
v 0.13940604 0.30501023 0.53211921
v 0.12629126 0.25881749 0.52179801
v 0.13006252 0.25152102 0.52199364
v 0.11747143 0.25778809 0.52398306
v 0.12367852 0.24814594 0.52395016
v 0.17620046 0.22501123 0.52859843
v 0.17180502 0.21800405 0.52829832
v 0.15072219 0.23660423 0.52616102
v 0.14405501 0.23104113 0.52711469
v 0.30621594 0.08445896 -0.45606670
v 0.33607396 0.34838954 -0.53731823
v 0.33442986 0.35735762 0.51925325
v 0.31787848 0.33801726 0.52565420
v 0.29357547 0.34449452 0.54142052
v 0.30779737 0.36716568 0.54064691
v 0.34753627 0.38628352 0.50462508
v 0.36419508 0.36528653 0.48570395
v 0.35075581 0.34332788 0.49989465
v 0.33478075 0.32739189 0.50865936
v 0.35923737 0.29073754 0.45721573
v 0.34811932 0.28953591 0.46865582
v 0.34908998 0.30179590 0.47844142
v 0.36034980 0.30664933 0.46807384
v 0.37380189 0.29213825 0.44061965
v 0.37682965 0.31497350 0.45217118
v 0.35734636 0.32329878 0.48282269
v 0.34350812 0.31393814 0.49285910
v 0.37244973 0.33808392 0.46951991
v 0.17901784 0.34017906 0.55693674
v 0.18516998 0.33236623 0.54839820
v 0.16301411 0.31969860 0.53903967
v 0.15236345 0.32282585 0.54484284
v 0.17153589 0.34773782 0.56480855
v 0.14023454 0.32657510 0.55054271
v 0.26713270 0.37238520 0.56212837
v 0.25778723 0.34780383 0.55475056
v 0.18793932 0.31458503 0.54315162
v 0.17234328 0.30702552 0.53968698
v 0.18815461 0.31966543 0.54249918
v 0.17106290 0.31047505 0.53753299
v 0.36070737 0.74210370 -0.39350331
v 0.37977272 0.78051406 -0.31495926
v 0.27881432 0.85416311 -0.35378882
v 0.26968920 0.80582714 -0.43212861
v 0.29150054 0.30699298 0.52679217
v 0.29342613 0.31324568 0.52723163
v 0.30923000 0.30658686 0.51489019
v 0.30619073 0.30020314 0.51512516
v 0.31768137 0.29434496 0.50270307
v 0.32206619 0.30045909 0.50106692
v 0.33184233 0.29355034 0.48799562
v 0.32682657 0.28880388 0.49002603
v 0.33188435 0.28599697 0.48106816
v 0.33657357 0.28659520 0.47724432
v 0.17014053 0.31614599 0.53965837
v 0.18719879 0.32394591 0.54420614
v 0.32532352 0.54121995 -0.54269648
v 0.30715114 0.61642450 0.44695863
v 0.35116091 0.59459007 0.40507004
v 0.33969367 0.55322224 0.44012702
v 0.30286184 0.32229200 0.52803493
v 0.31942257 0.31493676 0.51338625
v 0.33164054 0.30690098 0.49859706
v 0.33953375 0.29782525 0.48570794
v 0.34209073 0.29119518 0.47714731
v 0.46233970 0.06707164 0.04664088
v 0.46687025 0.06704457 0.03564086
v 0.50484496 0.11853304 -0.12659888
v 0.49080554 0.16431557 -0.11883301
v 0.48284304 0.18788658 -0.11100809
v 0.50516272 0.23909076 -0.04109345
v 0.52683538 0.25788924 -0.05747392
v 0.51996148 0.01167710 -0.08382592
v 0.50541526 0.00289023 -0.05750116
v -0.54785061 0.29649115 -0.06224018
v 0.52164131 0.01689227 -0.08747593
v 0.56597495 0.23481433 -0.12513769
v 0.56598634 0.22270264 -0.13379921
v 0.57003838 0.22071455 -0.13239266
v 0.25477576 -0.03984074 -0.38285825
v 0.28308770 0.03599287 -0.42262515
v 0.56602174 0.20956852 -0.14201728
v 0.47859219 0.09597652 0.01834427
v 0.51244837 0.11350609 -0.12896989
v 0.52311075 0.10948019 -0.14038914
v 0.52340621 0.07823956 -0.14115539
v 0.52057773 0.08111215 -0.13582012
v 0.51578295 0.04809543 -0.12945917
v 0.51358461 0.05303864 -0.12578900
v 0.53106511 0.03133678 -0.10585783
v 0.53925818 0.05354731 -0.12274265
v 0.53490549 0.26156473 -0.06472109
v 0.53056496 0.25674748 -0.05521419
v 0.54141998 0.26147482 -0.06593753
v 0.48009473 0.08867838 0.00936544
v 0.49292850 0.22646628 -0.04267154
v 0.49173516 0.21444833 -0.03156018
v 0.48993450 0.21538678 -0.03631164
v 0.45729467 0.11863303 -0.02197456
v 0.45576909 0.12443632 -0.02218433
v 0.46300921 0.11024240 -0.01541525
v 0.47705981 0.10121862 -0.00460766
v 0.44366074 0.05184883 -0.01141406
v 0.44055864 0.04455471 -0.02402774
v 0.43942526 0.03972366 -0.01587906
v 0.55286837 0.29380208 -0.08359611
v 0.49174210 0.20927599 -0.02894146
v 0.49972403 0.21678787 -0.02830020
v 0.50175494 0.22454271 -0.03025796
v 0.54703188 0.26109943 -0.06626481
v 0.50436592 0.23081078 -0.03193639
v 0.49923256 0.22802073 -0.03429488
v 0.50949711 0.23951720 -0.03835041
v 0.49583608 0.22655813 -0.03787230
v 0.46940717 0.07506524 -0.09655599
v 0.46110579 0.07489085 -0.08340607
v 0.47312364 0.19941083 0.04083780
v 0.47449312 0.18342614 0.02410668
v 0.50211227 0.00149768 -0.04159267
v 0.48839897 0.22497749 -0.08479422
v 0.48734543 0.24665900 -0.09370992
v 0.54706258 0.08161338 -0.13308150
v 0.51259750 0.05189138 -0.06766767
v 0.50093478 0.04995554 -0.05457147
v 0.52481866 0.05808054 -0.07893367
v 0.53703368 0.07247807 -0.08971889
v 0.45841381 0.17342602 -0.06256776
v 0.53039312 0.19166604 -0.09121174
v 0.53682482 0.17753865 -0.09578168
v 0.52169359 0.19260615 -0.08209831
v 0.48988786 0.27173603 -0.08324766
v 0.49274826 0.26697364 -0.06953404
v 0.49353135 0.23462045 -0.07400820
v 0.49466297 0.25296423 -0.06722812
v 0.45495856 0.07399479 -0.01286713
v 0.44944191 0.03715740 -0.03159058
v 0.45139566 0.04661308 -0.04083373
v 0.45662114 0.03708288 -0.03571260
v 0.45670453 0.04221798 -0.04642574
v 0.45613170 0.05187339 -0.05692879
v 0.45589265 0.06415877 -0.06713475
v 0.45632079 0.07661819 -0.07279152
v 0.45244992 0.09929495 -0.02000595
v 0.49821204 0.26968494 -0.00806717
v 0.45094156 0.08751726 -0.01980188
v 0.45928681 0.11023474 -0.01902466
v 0.45998284 0.09930124 -0.01527924
v 0.45889810 0.08690636 -0.01345985
v 0.48741019 0.03700634 -0.00778818
v 0.49135214 0.04673475 -0.02535462
v 0.47767240 0.03892368 -0.00502211
v 0.49524167 0.04942883 -0.04080243
v 0.47058889 0.03938963 -0.00401714
v 0.49024859 0.23226222 -0.07841830
v 0.49046814 0.25387776 -0.07833607
v 0.46512473 0.08844336 0.05900013
v 0.43846345 0.12800442 0.36355296
v 0.44599989 0.18980166 0.32885149
v 0.18050234 -0.19506718 0.49445072
v 0.17328788 -0.21529438 0.49744922
v 0.39057839 0.05800274 0.45215973
v 0.36327368 0.03868569 0.48165563
v 0.18233739 -0.16106087 0.55675441
v 0.17742701 -0.16563900 0.55778193
v 0.17048395 -0.16180283 0.56013781
v 0.17558277 -0.15948236 0.55748725
v 0.15903680 -0.15965562 0.55346495
v 0.16407934 -0.15934496 0.54834241
v 0.16623728 -0.15845242 0.55370861
v 0.16158818 -0.15760434 0.55823594
v 0.21291253 -0.06412816 0.57157385
v 0.23695563 -0.03645805 0.56392914
v 0.25150767 -0.06469125 0.55485183
v 0.23018658 -0.08754689 0.56373447
v 0.17441228 -0.16545874 0.50853181
v 0.17345801 -0.15502429 0.50951141
v 0.16617496 -0.15616454 0.52919352
v 0.16870189 -0.16112114 0.52862680
v 0.17248270 -0.18379630 0.50978094
v 0.16707231 -0.17025533 0.52898562
v 0.18474418 -0.17002615 0.49367982
v 0.18103808 -0.15288188 0.49530655
v 0.24202220 -0.20322746 0.53013796
v 0.21885173 -0.18926343 0.54109502
v 0.22501247 -0.16931692 0.54627335
v 0.24806529 -0.17394499 0.53595173
v 0.18636079 0.01376968 0.57292992
v 0.21299097 -0.00958954 0.57075846
v 0.19413829 -0.03778288 0.57409191
v 0.16881023 -0.00892664 0.57486898
v 0.14376850 0.01861522 0.57559741
v 0.15936150 0.03941673 0.57369655
v 0.13371718 0.06803996 0.59889787
v 0.14026204 0.04372209 0.60719943
v 0.14042696 0.03529398 0.63011533
v 0.14070353 0.05205492 0.62174004
v 0.12750272 0.00954093 0.62011451
v 0.14105409 0.02847974 0.59934223
v 0.10051352 0.00149582 0.62229669
v -0.04998719 0.01987131 0.63718152
v -0.04316127 0.02874147 0.63064986
v -0.04737622 0.03314007 0.64224041
v -0.05872505 0.02628613 0.64986461
v 0.09843628 0.00611923 0.62762803
v 0.12562081 0.00710234 0.60833514
v 0.00000241 0.02379800 0.68801314
v -0.00806591 0.03566132 0.68863457
v -0.00045469 0.03100006 0.67380303
v 0.00091225 0.02013048 0.67136860
v 0.12528899 0.00209620 0.59346294
v 0.10382525 -0.00286418 0.61496562
v 0.09329487 0.01244985 0.63229883
v 0.11196691 0.01367134 0.63284802
v -0.01937155 0.03986226 0.68536842
v -0.03109170 0.03939385 0.69717938
v -0.04246864 0.04046109 0.68646628
v -0.02915105 0.04065581 0.67593539
v -0.00294766 0.04382852 0.64491034
v -0.00808207 0.03208859 0.65212572
v 0.00201111 0.04521885 0.66586965
v -0.04571711 0.04501179 0.63136619
v -0.03993745 0.03864824 0.62326956
v -0.03335935 0.06092668 0.61889964
v -0.03832230 0.06509537 0.62409759
v 0.12470922 0.02366752 0.64571631
v 0.05050053 0.01651930 0.68653107
v 0.06009036 0.02407432 0.69921023
v 0.08436842 0.21789421 0.60491782
v 0.10320035 0.19639128 0.58729577
v 0.08614202 0.20009317 0.61846435
v 0.10373686 0.18093641 0.59997338
v 0.11885993 0.03755075 0.66852778
v 0.13076569 0.05128040 0.65876186
v 0.10354640 0.04519989 0.69157475
v 0.11076525 0.06329029 0.69003230
v 0.05369014 0.31179872 0.60434651
v 0.04013231 -0.00470965 0.66098535
v 0.04273340 -0.00788511 0.65793258
v 0.03790787 0.00184667 0.67142344
v 0.14111665 0.76571065 -0.55162585
v 0.14621431 0.84394622 -0.47698537
v 0.14675936 0.93404812 -0.32843021
v 0.13467252 0.95969504 -0.24879524
v 0.06256572 -0.10597864 0.66195357
v 0.06095267 -0.08936597 0.66053957
v 0.10108275 -0.11145183 0.57701468
v 0.06633423 -0.11072809 0.58703518
v 0.06437358 -0.13425836 0.60217065
v 0.09627855 -0.13503543 0.59170955
v 0.12202679 -0.13618127 0.57688046
v 0.12742680 -0.11306490 0.56363535
v 0.10525359 -0.08791561 0.56801730
v 0.06968885 -0.08706814 0.57854939
v 0.09625066 -0.14988011 0.61408705
v 0.06541805 -0.14860398 0.62828010
v 0.06565419 -0.13620564 0.64506501
v 0.09785541 -0.14082228 0.62770069
v 0.14323160 -0.02027459 0.58984715
v 0.11724230 -0.01864570 0.60501224
v 0.09126286 -0.01925850 0.62680322
v 0.07113780 -0.02023655 0.64493525
v 0.06711096 -0.00849451 0.64660400
v 0.08379416 -0.00530623 0.63213301
v 0.06367317 -0.00379546 0.64835280
v 0.07986976 -0.00076505 0.63544309
v 0.07763657 0.00334524 0.63810551
v 0.08031175 0.01123985 0.63867098
v 0.06788498 0.01055129 0.64701033
v 0.07104716 0.01692335 0.64496225
v 0.06177912 0.00030054 0.64998984
v 0.05762234 0.16404542 0.69661123
v 0.05641345 0.18662672 0.68022603
v 0.08963804 -0.08060542 0.64738625
v 0.05936987 -0.07568596 0.65694243
v 0.05533534 -0.05050099 0.65335715
v 0.08265119 -0.05262154 0.64449054
v 0.11141843 -0.05869515 0.62786567
v 0.12119947 -0.09321327 0.63055384
v 0.04594119 -0.01227133 0.65585428
v 0.09185121 -0.09478138 0.64939183
v 0.09343551 -0.11112642 0.64841461
v 0.12341747 -0.10821506 0.63110775
v 0.12416035 -0.12290572 0.62889725
v 0.15135950 -0.11012233 0.61038995
v 0.14565112 -0.07117017 0.60991883
v 0.18220198 -0.08456702 0.59033561
v 0.17546420 -0.12738673 0.58905238
v 0.22342122 -0.15001714 0.55517060
v 0.19253246 -0.16280825 0.55455780
v 0.19282100 -0.15500601 0.56001717
v 0.19138479 -0.14749707 0.56710279
v 0.22039309 -0.12971580 0.56412613
v 0.24450420 -0.14503573 0.54516304
v 0.24032781 -0.11536118 0.55437064
v 0.20873858 -0.10734241 0.57558393
v 0.18722469 -0.13885103 0.57582021
v 0.18321893 -0.15657036 0.56089032
v 0.17636371 -0.15751177 0.55961889
v 0.18163297 -0.15188822 0.56644922
v 0.17473316 -0.15548387 0.56414682
v 0.17815349 -0.14710175 0.57359648
v 0.17160228 -0.15288289 0.56993246
v 0.16522937 -0.14867678 0.57954580
v 0.17075373 -0.14011979 0.58493751
v 0.16115914 -0.15698814 0.55190307
v 0.15485044 -0.15542248 0.55920178
v 0.15579444 -0.15669174 0.56713873
v 0.16219084 -0.15779170 0.55906475
v 0.16446894 -0.15812729 0.54804415
v 0.16542193 -0.15801255 0.55514771
v 0.16324924 -0.15072547 0.53521496
v 0.15580298 -0.14411639 0.54618573
v -0.28325963 -0.37340742 0.11406750
v -0.32818341 -0.35539591 0.03619291
v 0.16698417 -0.15960458 0.54507834
v 0.16825886 -0.15839848 0.55124378
v 0.16979522 -0.15794899 0.55792987
v 0.16921076 -0.15753804 0.56014091
v 0.16601826 -0.15653104 0.56487399
v 0.15987660 -0.15464781 0.57319480
v 0.12289276 -0.13532306 0.62142855
v 0.14653772 -0.13594913 0.60597920
v 0.14320794 -0.14611530 0.59707290
v 0.12078435 -0.14727464 0.60901070
v 0.13964614 -0.15243663 0.58734196
v 0.13245171 -0.09040979 0.55728030
v 0.11804033 -0.15132749 0.59754699
v 0.14851841 -0.11908624 0.54697031
v 0.15360279 -0.10154939 0.53545845
v 0.14131723 -0.13919301 0.56001282
v 0.17059232 -0.14368801 0.51494855
v 0.16138159 -0.13103034 0.53056192
v 0.17859766 -0.13956444 0.50103766
v 0.16768704 -0.11783912 0.51980311
v 0.13838065 -0.15387878 0.57579696
v 0.14962688 -0.12421733 0.60961485
v 0.09501666 -0.12632948 0.64080089
v 0.06373820 -0.12094226 0.65517926
v -0.19152391 0.17138036 0.53334785
v -0.18685262 0.15328181 0.53936207
v -0.15912966 0.15955658 0.54267323
v -0.16470282 0.17595026 0.53767097
v 0.06204542 0.11275892 0.73537827
v 0.06035671 0.14057758 0.71488291
v 0.16526873 -0.15887333 0.56092662
v 0.08615110 -0.61484528 0.20353112
v -0.46119955 0.10757034 0.02847883
v -0.45802474 0.11212460 0.03486099
v -0.50910836 0.23872782 -0.11995804
v 0.18723719 -0.17035824 0.55358839
v 0.16696820 -0.19878606 0.50959814
v 0.16194354 -0.17801942 0.53111309
v 0.22376643 -0.23234057 0.52948093
v 0.19325960 -0.25505435 0.54601222
v 0.18250374 -0.23080026 0.55918074
v 0.20634446 -0.21113935 0.54300523
v 0.16446285 -0.19281632 0.57602102
v 0.17807983 -0.18044855 0.56065410
v -0.54291993 0.26157179 -0.09536415
v 0.16920060 -0.17196137 0.56600147
v 0.15626886 -0.17912129 0.58177191
v 0.14848945 -0.16852109 0.58458173
v 0.16215909 -0.16467962 0.56841636
v 0.13360082 -0.15810561 0.58064240
v 0.10729505 -0.15555651 0.59968817
v 0.10204936 -0.17947522 0.56922966
v 0.12941894 -0.18085219 0.55506778
v 0.15084074 -0.18025200 0.54013878
v 0.15243700 -0.15983452 0.56044835
v -0.51302910 0.28241259 -0.08436655
v -0.50440389 0.29571387 -0.05402657
v -0.49700692 0.28556153 -0.04669580
v -0.50386095 0.27088043 -0.07223016
v 0.13930553 -0.15476517 0.58449870
v 0.15545000 -0.15644321 0.56604582
v 0.11199161 -0.15369393 0.60579085
v 0.15093850 -0.58873117 0.17341460
v 0.15836205 -0.15881886 0.56882471
v 0.14294022 -0.15831049 0.58519822
v 0.11762905 -0.15906473 0.60918665
v 0.12450498 -0.17259569 0.61003196
v 0.13165189 -0.18720642 0.60899985
v 0.13773395 -0.20442012 0.60161984
v 0.15143687 -0.24903025 0.57889050
v 0.15790141 -0.27846813 0.56852597
v 0.11137538 -0.25923273 0.59781462
v 0.11632232 -0.28985506 0.59386915
v 0.10537036 -0.21273200 0.62529367
v 0.10082869 -0.19265521 0.63470381
v 0.09566958 -0.17584777 0.63454700
v 0.09059551 -0.16107522 0.63010603
v 0.04993568 -0.02151803 0.65371847
v 0.05880894 0.01063490 0.65560126
v 0.05159413 0.01180055 0.67049903
v 0.07522161 0.03302842 0.70461166
v 0.03755419 0.00613674 0.68639165
v 0.09356730 0.04447686 0.70237207
v 0.08283897 0.04045669 0.71174234
v 0.08853306 0.05206686 0.71778446
v 0.09633943 0.05614854 0.71019387
v 0.07313395 0.03600774 0.72055453
v 0.08244574 0.05111139 0.72508645
v 0.04767631 0.02715385 0.73337501
v 0.05497374 0.05041884 0.74869347
v 0.06166489 0.08885512 0.74810112
v 0.05825716 0.06638396 0.75232947
v 0.09049280 0.06307882 0.72201800
v 0.09676777 0.07596441 0.71341413
v -0.55779064 0.26146978 -0.09306183
v 0.09817579 0.09385540 0.69777638
v 0.11214599 0.08020994 0.67405498
v 0.08343258 0.98150504 0.03395491
v 0.08530688 -0.15367146 0.62531471
v 0.08070499 -0.15574206 0.61326861
v -0.45417607 0.03278892 0.03131326
v -0.50994843 0.18965356 -0.06127350
v 0.09934500 -0.24112156 0.52737999
v 0.09964217 -0.21457179 0.54237974
v 0.07367468 -0.21570298 0.55074406
v -0.50005311 0.29915914 -0.03718232
v -0.52256238 0.30893713 -0.04158896
v 0.07377808 -0.24335095 0.53544229
v 0.05419330 -0.15546677 0.61969495
v -0.53593057 0.11921971 -0.11763249
v -0.55831605 0.25072891 -0.10598629
v -0.54815668 0.24325773 -0.10050979
v -0.50603247 0.25823024 -0.00504981
v -0.46722504 0.08619128 -0.08062951
v -0.50841898 0.08531497 -0.06920845
v -0.49839491 0.07047760 -0.05745968
v -0.46301413 0.07493073 -0.07418080
v -0.43109524 0.17014015 -0.05523365
v 0.05116260 -0.17894147 0.58518374
v 0.07591330 -0.17836010 0.57905656
v 0.05731466 -0.15381180 0.63405758
v 0.06106887 -0.16234009 0.64096159
v 0.06511606 -0.17760044 0.64807212
v 0.04867112 -0.21768224 0.55504096
v 0.05019410 -0.24440284 0.54013574
v -0.43310541 0.05540895 0.07936900
v 0.15542549 -0.20914042 0.51697183
v -0.48656335 -0.00393842 -0.00701621
v -0.49176151 0.00069533 -0.02386417
v -0.18626758 -0.03860345 -0.42564362
v -0.20818384 0.02677892 -0.46758464
v -0.54268157 0.11741060 -0.13549913
v 0.16051424 -0.22979951 0.50405145
v 0.12906751 -0.21412764 0.53124523
v 0.13139412 -0.23950757 0.51687521
v 0.07445118 -0.28970131 0.61201644
v 0.07165356 -0.26089337 0.60931945
v 0.06818856 -0.19693036 0.64896053
v 0.06893236 -0.21837109 0.63837951
v 0.14809486 0.89650542 -0.40621141
v 0.41752705 0.63349205 0.25898507
v 0.41005099 0.59107363 0.30720216
v -0.51228803 0.26849753 -0.05935332
v 0.36600882 0.63797247 0.35357779
v 0.37652051 0.67177725 0.30943885
v 0.42214423 0.68371522 0.20911627
v 0.38040724 0.71550018 0.26182678
v 0.26154584 0.92653584 -0.09670518
v 0.26634455 0.91833764 -0.00611177
v 0.15262203 0.96542948 0.02418826
v 0.23092338 0.93679661 -0.18575695
v 0.30441493 0.88155651 -0.24584714
v 0.31893727 0.88963425 -0.12221053
v 0.31979069 0.88412017 -0.02572450
v -0.46523064 0.03155329 0.02483065
v -0.45594090 -0.00446417 0.02745833
v -0.44698268 -0.00349276 0.03799041
v -0.48023012 0.20875278 -0.05028662
v 0.14671148 -0.35285890 -0.40833825
v 0.33514097 0.42991048 -0.54487878
v 0.31374162 0.87529790 0.06170734
v 0.26502627 0.90567982 0.08166173
v 0.26548114 0.88669723 0.16082937
v 0.30910838 0.86132139 0.13642634
v 0.15501423 0.95089781 0.11653956
v 0.08625082 0.96505362 0.13060795
v 0.11908942 0.19758946 -0.62289774
v 0.05565700 0.20872594 0.66436696
v 0.28837332 -0.14181007 -0.28749579
v 0.35273200 -0.14576183 -0.17811863
v 0.36422709 -0.45580235 -0.07251965
v 0.43799040 -0.02194181 -0.04798899
v 0.43580371 -0.01858134 -0.05365808
v 0.37441716 -0.24293949 -0.07632461
v 0.38600597 -0.15878008 -0.07310493
v 0.22956175 -0.13269953 -0.35796207
v 0.49443197 0.04659197 -0.11795038
v 0.49993321 0.06918097 -0.12660865
v 0.50205362 0.03897838 -0.11619002
v 0.50840640 0.06327926 -0.12504567
v 0.51173443 0.08820304 -0.12914172
v 0.50482643 0.02730611 -0.11211708
v 0.49989101 0.26565972 -0.05576431
v 0.50789452 0.27601451 -0.05021752
v -0.46876156 0.03952169 -0.08533174
v -0.46851116 0.05631270 -0.09265760
v 0.43452564 -0.03099168 -0.02045444
v 0.43366694 -0.02673999 -0.03122050
v -0.39071047 0.12047777 -0.02701228
v 0.42988351 -0.02768423 -0.02601751
v 0.42879301 -0.03132285 -0.01760001
v 0.43352976 -0.03670369 -0.01081211
v 0.42916152 -0.03510958 -0.01094787
v 0.51295191 0.38154483 -0.00548111
v 0.42439908 -0.02941369 -0.03747284
v 0.43129313 -0.01834146 -0.05113038
v 0.43189377 -0.02367801 -0.04070591
v 0.42778963 -0.02803479 -0.03243083
v 0.42736816 -0.03432694 -0.01956904
v 0.42783359 -0.04015913 -0.00889819
v 0.43079180 -0.04267356 -0.00525837
v -0.47814149 0.00428668 -0.06782340
v -0.45633617 -0.02633640 -0.02982051
v -0.35193315 -0.33392066 -0.04044114
v -0.33893836 -0.30987623 -0.13047200
v -0.34105378 -0.37962088 -0.12635089
v -0.34903258 -0.40796807 -0.04097325
v -0.44401026 0.14253967 0.07247400
v -0.45192349 0.09906283 0.05729550
v -0.44369078 0.09124716 0.06883948
v 0.50577134 0.02167718 -0.11377684
v 0.46177325 -0.03994111 -0.03806487
v -0.13747983 -0.48648521 0.23741364
v -0.11630512 -0.55423772 0.20212002
v 0.50525659 0.21285090 -0.09135800
v 0.50323868 0.20267124 -0.09977195
v 0.51785588 0.21221809 -0.10981920
v 0.51977271 0.22538018 -0.10189877
v 0.36443341 0.09441958 -0.37330210
v 0.38596663 0.15920557 -0.40939817
v 0.06882731 -0.34373459 -0.43471715
v 0.07299650 -0.26840112 -0.42566413
v 0.48521131 0.36087781 -0.30834615
v 0.50603217 0.22301091 -0.08224096
v 0.52134967 0.23636052 -0.09327232
v 0.50405383 0.09392406 -0.12878738
v 0.49479851 0.22132793 -0.08110783
v 0.49505472 0.21149780 -0.08982226
v 0.52856088 0.24726485 -0.10478579
v 0.52751708 0.23361999 -0.11448386
v 0.52561700 0.21879788 -0.12264831
v 0.49402869 0.20159890 -0.09866839
v -0.43681878 0.05770651 0.10271432
v -0.43586707 0.05105059 0.16708742
v -0.44643372 0.15044323 0.16788143
v -0.44454324 0.11861022 0.10764120
v 0.48955369 0.26072875 -0.09477514
v 0.51760000 0.55350447 -0.15047722
v 0.50371575 0.51636642 -0.24036133
v 0.48740336 0.66038245 -0.16930558
v 0.47640136 0.62979209 -0.26573721
v 0.44343513 0.59329706 -0.36750007
v 0.46977103 0.47330800 -0.34407690
v 0.49476540 0.26558006 -0.06185424
v 0.51582086 0.27977586 -0.05455812
v 0.42169762 0.72332817 0.15973940
v 0.45314741 0.69123507 0.11191455
v 0.38010225 0.75252962 0.21708171
v 0.37486014 0.78373832 0.17379896
v 0.41244048 0.75967288 0.11533740
v 0.45737690 0.71755970 0.03729760
v 0.53112805 0.49552605 -0.05704547
v 0.51719522 0.58871728 -0.06015005
v 0.50254989 0.61500657 0.02578581
v -0.36134532 0.34126127 0.39891413
v -0.37393507 0.34955838 0.36897537
v -0.37935033 0.28725100 0.36711159
v -0.36425075 0.29245633 0.39293635
v 0.48206839 0.69127607 -0.07165168
v 0.42582434 0.77460921 -0.00202183
v 0.44530097 0.75475270 -0.09489416
v 0.38042447 0.83002579 -0.02526351
v 0.39183423 0.82165688 -0.11751260
v 0.38925183 0.81130219 -0.21904746
v 0.45191368 0.73267901 -0.18976510
v 0.39702156 0.79304510 0.07651496
v 0.36174145 0.81218904 0.13926412
v 0.36343411 0.83334917 0.05512684
v 0.34554237 0.83684015 0.11068158
v 0.48919815 0.62626958 0.07148473
v 0.40936819 -0.06073763 -0.01580102
v 0.42101154 -0.06769424 0.01611003
v -0.09735689 0.70783782 0.51013660
v -0.03254147 0.71085227 0.52173764
v -0.03475232 0.75959980 0.48855013
v -0.10093399 0.75536239 0.47472790
v 0.45203227 -0.00012007 0.06918998
v -0.22290243 0.07365317 -0.50014716
v -0.23387867 0.13927244 -0.52979219
v -0.11482723 0.11849939 -0.58089733
v -0.10816357 0.05772932 -0.54761457
v 0.46140882 0.14745821 0.28524140
v 0.46003780 0.22888730 0.27011663
v 0.47802836 0.17985265 0.20529345
v 0.46693686 0.09433840 0.22410204
v -0.10715881 0.87567568 0.34092745
v -0.03918143 0.88382924 0.35694656
v -0.04108433 0.91646791 0.29312402
v -0.10954736 0.90576142 0.27869469
v -0.31937194 0.15955357 0.47924003
v -0.33376494 0.12143671 0.47946528
v -0.30826938 0.11737840 0.50216126
v -0.29619876 0.15587616 0.49751490
v 0.45092347 0.31954724 0.26122338
v 0.47186676 0.27210715 0.19704038
v 0.47365281 0.36440676 0.18646628
v 0.45261550 0.41276202 0.26134890
v 0.38824797 0.56114960 -0.46584576
v 0.40492097 0.45397189 -0.46026191
v -0.45141244 -0.03303097 0.04156591
v -0.44466826 -0.02918198 0.04825092
v 0.40871260 0.37316832 -0.44961235
v 0.33240306 0.51378661 0.46465203
v -0.04309939 0.94314402 0.21741389
v -0.11234371 0.93086433 0.20541583
v 0.13862054 0.70507598 -0.59201914
v 0.31932464 0.66519964 0.40163234
v 0.33646759 0.69497609 -0.46283588
v -0.00500123 -0.26699570 -0.43164861
v 0.25853780 0.73711538 -0.50592291
v 0.44101042 0.70373166 -0.28398794
v 0.41586769 0.67090511 -0.36935079
v 0.36577353 0.63235331 -0.46473628
v 0.40266645 0.27126351 -0.43797025
v 0.31699604 0.83928722 0.18547933
v 0.38801619 0.29205108 0.41937998
v 0.38240096 0.26348191 0.41261420
v 0.38983178 0.32285246 0.43040380
v 0.37022692 0.23366420 0.42041558
v 0.12473169 0.17551664 0.57277560
v 0.12248317 0.16227496 0.58465594
v 0.11997455 0.14712368 0.59506184
v 0.14397296 0.14430234 0.57024908
v 0.14011292 0.12503757 0.58033341
v 0.10236336 0.14462784 0.62630856
v 0.10361972 0.16311094 0.61272198
v 0.11774297 0.12814881 0.60552329
v 0.11573656 0.10699816 0.61305809
v 0.10238595 0.12483019 0.63786769
v 0.13808985 0.03039490 0.58167189
v 0.14346533 0.06097593 0.57744175
v 0.13047113 0.08611885 0.59039962
v 0.16286874 0.10761344 0.57097316
v 0.15481916 0.08640195 0.57723063
v 0.13489141 0.10709582 0.58705693
v 0.17014086 0.12858990 0.56028599
v 0.12265404 0.08643775 0.62632328
v 0.13181573 0.06546018 0.64571118
v 0.10514715 0.10183086 0.65425748
v 0.09511730 0.11471041 0.67765743
v 0.09153453 0.13867220 0.66014427
v 0.14788595 0.15891261 0.55950338
v 0.17549051 0.14561775 0.54999721
v 0.17750338 0.06555209 0.57445526
v 0.20588961 0.04529933 0.57190847
v 0.18996264 0.09310513 0.56560344
v 0.21855579 0.07657244 0.56179029
v 0.19795126 0.11582796 0.55425394
v 0.22684117 0.10138197 0.55038154
v 0.23258644 0.02151556 0.56737071
v 0.25593731 -0.00349548 0.55922788
v 0.27751738 -0.03806278 0.54540247
v 0.27511099 0.03002068 0.54853338
v 0.29924062 -0.00414780 0.53413123
v 0.28749421 0.06373198 0.53807944
v 0.31700325 0.03176173 0.52262479
v -0.04804992 0.21463126 0.57578051
v -0.05046316 0.22711867 0.56019616
v -0.07420331 0.20518793 0.55293810
v -0.07221698 0.19212329 0.56609088
v -0.01909301 0.52541757 0.59628594
v -0.02480734 0.58057195 0.58132082
v -0.08302261 0.58332115 0.57254165
v -0.07353935 0.52899051 0.58895618
v 0.24814363 0.05606818 0.55673850
v 0.25898281 0.08364338 0.54553002
v 0.23332803 0.12555738 0.53909874
v 0.20463350 0.13623394 0.54305220
v 0.29385838 0.13405339 0.51899409
v 0.29379010 0.09876312 0.52845716
v 0.26405713 0.11331218 0.53506714
v 0.26599666 0.14214900 0.52477396
v 0.32719117 0.07531144 0.51335686
v 0.32507437 0.12330107 0.50764072
v 0.31781033 0.15441322 0.49883083
v 0.22590157 0.19407435 0.52382553
v 0.19423410 0.19797948 0.52848125
v 0.24919505 0.19264227 0.51765859
v 0.29043648 0.15894181 0.50965095
v 0.26734361 0.16274026 0.51702279
v 0.34159756 0.20159304 0.45785666
v 0.32754204 0.19549090 0.47231266
v 0.28957528 0.19149385 0.49930528
v 0.27076080 0.19147450 0.50924641
v 0.30897689 0.19299613 0.48687661
v 0.16523990 0.20782040 0.53011322
v 0.13729534 0.22188783 0.53145605
v 0.34756523 -0.22556604 -0.16750742
v 0.08811316 0.15993832 0.64704001
v 0.08722861 0.18028928 0.63290507
v 0.12233815 0.32916483 0.56119823
v 0.10811716 0.31212550 0.55130512
v 0.07337046 0.31203917 0.59025699
v 0.15060389 0.35186264 0.57835335
v 0.11479446 0.23985617 0.53411353
v -0.10374502 0.18877032 0.54537439
v -0.09982430 0.17616573 0.55473948
v 0.10541756 0.25495085 0.53537458
v 0.09870247 0.27550283 0.53780967
v 0.09991989 0.29368398 0.54386872
v -0.03595444 0.80437762 0.44939196
v -0.10313480 0.79923272 0.43378341
v -0.11296204 0.97546673 -0.11626070
v -0.11450931 0.97497725 -0.06109633
v -0.04466082 0.98898959 -0.06523838
v -0.05344034 0.98701549 -0.14582966
v 0.22461784 0.44117057 0.57840478
v 0.20861338 0.39633590 0.59483093
v 0.39130744 0.54840940 0.36474815
v 0.41775644 0.49435994 0.33832383
v 0.35061923 0.41961515 0.47919208
v 0.37148896 0.39157376 0.45983949
v 0.38596451 0.35793602 0.44263688
v 0.43129358 0.42019060 0.31777745
v 0.43462774 0.33980826 0.30993199
v 0.44111717 0.26194444 0.31351614
v -0.41904405 0.16179429 -0.26930651
v -0.43780980 0.15280832 -0.17218634
v -0.45711762 0.22732539 -0.17976503
v -0.44857097 0.26306659 -0.28445995
v 0.33041239 0.74336541 0.31725150
v -0.20502052 -0.44414416 0.18383887
v -0.18790060 -0.51253539 0.15573314
v -0.00581713 -0.34148797 -0.43915090
v 0.32975224 0.78062743 0.27510992
v 0.32716614 0.70294893 0.36075652
v 0.26844218 0.86434692 0.22236964
v 0.27205318 0.83753330 0.27676457
v 0.32502568 0.81238163 0.23115006
v 0.27577582 0.80396980 0.32246625
v 0.27729076 0.76557589 0.36343956
v 0.27384102 0.72478181 0.40663570
v 0.26830867 0.68397605 0.44489387
v 0.25999108 0.63026309 0.48647881
v 0.27877322 -0.21246107 -0.27387595
v 0.07539535 0.08233537 0.62618607
v 0.07115866 0.08314220 0.63050550
v -0.31326538 0.48555696 0.44878164
v -0.32478356 0.52231455 0.42280328
v -0.34944069 0.47722441 0.39905259
v -0.33536911 0.44633046 0.42676950
v 0.06990646 0.07925557 0.62385345
v 0.06558628 0.08053694 0.62797177
v 0.06448659 0.07190738 0.62594759
v 0.07073031 0.02762756 0.64083362
v 0.06417130 0.03923091 0.63465923
v 0.06167551 0.05990991 0.62783545
v 0.43796262 -0.03991616 0.05380701
v -0.01084013 0.43874732 0.61913663
v -0.05966553 0.44113547 0.61760116
v -0.04849343 0.40000936 0.61858499
v -0.00674531 0.39832985 0.61985874
v -0.36412886 0.24524565 0.39621302
v -0.38225874 0.22780085 0.37717220
v -0.37633821 0.17463124 0.40684387
v -0.35691613 0.19995560 0.41966176
v -0.33604175 0.16862114 0.45900115
v -0.35216054 0.13213269 0.45646241
v -0.09156628 0.64524114 0.54753906
v -0.02910307 0.64637977 0.55776757
v -0.36587721 0.41705462 0.37846857
v -0.35157108 0.39616442 0.40911776
v -0.02912291 0.23401180 0.58942056
v -0.03430304 0.24464847 0.56958866
v -0.01679495 0.27565148 0.58673501
v 0.00211703 0.26758999 0.61778557
v 0.00376916 0.29250357 0.60769731
v -0.01459968 0.29472619 0.58966637
v -0.18596330 0.53161836 0.54587001
v -0.19709618 0.58137631 0.52569604
v -0.24572986 0.57400548 0.49062875
v -0.23515435 0.52804732 0.51297593
v -0.10523885 0.83939064 0.39108187
v -0.03732591 0.84544289 0.40688118
v -0.00000679 0.35049021 0.61089808
v -0.02955012 0.35218644 0.60388935
v -0.02050851 0.33138973 0.59578526
v 0.00184330 0.33013970 0.60606325
v -0.12875393 0.16596454 0.54744482
v -0.13402213 0.18048322 0.54118955
v -0.40115625 -0.03605674 0.02153002
v -0.41049352 -0.04368004 0.02658479
v -0.46301639 0.25444722 0.08881974
v -0.44769874 0.18659681 0.10014534
v -0.45187908 0.23766066 0.16247936
v -0.45341814 0.32137194 0.14752617
v -0.46423456 0.39478794 0.12762702
v -0.47548470 0.45119670 0.10003168
v -0.47681147 0.35390282 0.05114789
v -0.46990183 0.31322208 0.07490391
v -0.30791751 -0.35813937 -0.20278102
v -0.29476744 -0.29366243 -0.21674421
v 0.00333420 0.24716952 0.63413191
v 0.00389190 0.22795846 0.65020591
v -0.12712809 0.38758227 -0.65272164
v -0.12503628 0.29960659 -0.64223826
v -0.24813607 0.32633319 -0.58321977
v -0.24824563 0.40960240 -0.59162599
v -0.39928725 0.09534692 -0.24535346
v -0.42653939 0.09509907 -0.15634662
v -0.03758779 0.05324495 0.65051299
v -0.01978607 0.08012547 0.62153184
v -0.02206332 0.05853828 0.62012017
v -0.01999204 0.07584293 0.62090802
v -0.04012586 0.03929553 0.66261560
v -0.05435876 0.03669804 0.67192447
v -0.02648499 0.03619348 0.62229836
v -0.02160184 0.03745913 0.62508535
v -0.01782255 0.06029310 0.62167567
v -0.02599952 0.08260573 0.62543005
v 0.01644003 0.01137720 0.70410377
v 0.01276767 0.02004431 0.72333694
v -0.01042763 0.03100763 0.71540815
v -0.00041790 0.02191808 0.70160943
v -0.00791723 0.07691501 0.62968034
v -0.00258673 0.06272013 0.63562876
v -0.00396728 0.05020475 0.67731071
v -0.01624501 0.07312845 0.65394092
v -0.01882151 0.08502257 0.63724315
v -0.01498904 0.05444330 0.67313087
v -0.00771608 0.01952906 0.65506160
v -0.02613525 0.05536592 0.66321057
v -0.48855892 0.05288034 -0.01598709
v -0.34333339 -0.25542882 0.07152811
v -0.37302995 -0.16147304 0.03905481
v -0.36478147 -0.16128582 0.00721298
v -0.34594992 -0.25874197 0.02326493
v -0.49492815 0.20474222 -0.05629151
v -0.40614274 0.52037007 0.28356078
v -0.41637743 0.59644830 0.22927850
v -0.45721301 0.52470928 0.15667991
v -0.45027721 0.45528725 0.18487413
v -0.41877019 0.65793169 0.18022545
v -0.46208164 0.59442091 0.11402523
v -0.48941624 0.51834667 0.05351051
v -0.49518779 0.38905254 -0.03529030
v -0.23816277 0.25696397 0.51286685
v -0.24019656 0.25531670 0.51272231
v -0.23080380 0.25287455 0.52018094
v -0.22929201 0.25471509 0.52056026
v -0.23556086 0.25744975 0.51086330
v -0.22781296 0.25468457 0.51669174
v -0.24212207 0.25979698 0.50617391
v -0.24492577 0.25897941 0.50780022
v -0.24630344 0.25721404 0.50718188
v -0.13293779 0.25699669 0.53290057
v -0.13473098 0.25768656 0.52819276
v -0.14969687 0.25506201 0.53375870
v -0.14959328 0.25396946 0.54000109
v -0.13227160 0.25514716 0.53413969
v -0.15095058 0.25126499 0.53972602
v -0.12599443 0.26454318 0.49391103
v -0.12450125 0.26822174 0.49437058
v -0.13226387 0.25898671 0.49535069
v -0.11824317 0.26949310 0.51179427
v -0.11792709 0.27505371 0.51414186
v -0.12251014 0.27860966 0.49664658
v -0.12319036 0.27200013 0.49451092
v -0.11928888 0.26549292 0.51269948
v -0.10973535 0.26450419 0.51597923
v -0.10807058 0.26755327 0.51474172
v -0.10850585 0.27177656 0.51842773
v -0.18159227 0.24539377 0.54050726
v -0.18383974 0.24141523 0.53878987
v -0.15434520 0.24347542 0.53912264
v -0.15300423 0.24754743 0.53946602
v -0.17962919 0.24878232 0.54107779
v -0.20034471 0.24973539 0.53751290
v -0.20297360 0.24645247 0.53591633
v -0.20447089 0.24287413 0.53370667
v -0.13231398 0.24860148 0.53479302
v -0.13189389 0.25245225 0.53449321
v -0.20565332 0.23862974 0.53118551
v -0.18526225 0.23726372 0.53584343
v -0.15543866 0.23866747 0.53750980
v -0.13211359 0.24489900 0.53536981
v -0.11218768 0.25333554 0.53027451
v -0.11645544 0.25544599 0.53013813
v -0.18577488 0.23228033 0.53407061
v -0.18577825 0.22630838 0.53410065
v -0.15441531 0.22813895 0.53695905
v -0.15516828 0.23352149 0.53609324
v -0.20611446 0.23312283 0.52855366
v -0.20584725 0.22689651 0.52771342
v -0.25693423 0.25767201 0.49509013
v -0.26053143 0.25984555 0.49063694
v -0.26154912 0.25568610 0.48946062
v -0.25977343 0.25356090 0.49185473
v -0.28200352 0.23661132 0.46769208
v -0.28759351 0.24511406 0.46304929
v -0.30154872 0.23829186 0.45282507
v -0.29364944 0.22917345 0.46048844
v -0.34923917 0.18052374 0.43851334
v -0.30675066 0.21416426 0.45609713
v -0.31663629 0.22426592 0.44376349
v -0.25290978 0.25564900 0.50017524
v -0.24787524 0.25411695 0.50600588
v -0.25139484 0.25883672 0.50158435
v -0.25548214 0.26068249 0.49685100
v -0.25598279 0.25168964 0.49702451
v -0.25044194 0.24994139 0.50375229
v -0.24218290 0.25247553 0.51181394
v -0.24473025 0.24809358 0.50996435
v -0.23493251 0.24587809 0.51778841
v -0.23295608 0.25004309 0.51902431
v -0.21934338 0.24821208 0.52737600
v -0.21709654 0.25121614 0.52897584
v -0.22087382 0.24423437 0.52592587
v -0.23651230 0.24102674 0.51628155
v -0.22314309 0.23962484 0.52388620
v -0.24698947 0.24325049 0.50697172
v -0.25341216 0.24554995 0.49942070
v -0.25888035 0.24769291 0.49257833
v -0.26329404 0.24975163 0.48772034
v -0.26615065 0.25321347 0.48495001
v -0.26290891 0.24264683 0.48670003
v -0.26789945 0.23753829 0.48127207
v -0.25953329 0.23442626 0.49000892
v -0.25645718 0.24033378 0.49428084
v -0.26855594 0.24558337 0.48110810
v -0.27447519 0.24130447 0.47447151
v -0.24852189 0.23854284 0.50308239
v -0.25021341 0.23287520 0.49941531
v -0.23760676 0.23054567 0.51047778
v -0.23725300 0.23659866 0.51411241
v -0.22550981 0.23439935 0.52166629
v -0.22556692 0.22810300 0.51870084
v -0.17800918 0.25156087 0.54152161
v -0.17607144 0.25234941 0.53644651
v -0.19655617 0.25363430 0.53351367
v -0.19802356 0.25246584 0.53853095
v -0.21501413 0.25335959 0.52943629
v -0.21374065 0.25461075 0.52517343
v -0.19624072 0.24503319 0.51737976
v -0.19081323 0.24811944 0.49274212
v -0.20947030 0.24884142 0.48824778
v -0.21747017 0.24678060 0.51151747
v -0.17227380 0.24315499 0.51957673
v -0.16958050 0.24991573 0.49603611
v -0.14917448 0.24643838 0.52007377
v -0.14871399 0.25395766 0.49616593
v -0.13341874 0.25590625 0.51883733
v -0.19134004 0.32092878 0.55258143
v -0.19256645 0.32547677 0.55319238
v -0.22004610 0.32101908 0.54730195
v -0.21786734 0.31625074 0.54644603
v -0.31518838 0.15805082 -0.46517432
v -0.32140073 0.25389412 -0.49710181
v -0.24308452 0.22623537 -0.55965263
v -0.23826419 0.29678926 0.53697592
v -0.23920092 0.30366379 0.53692597
v -0.25377774 0.29709211 0.52536416
v -0.25168806 0.29091278 0.52521032
v -0.23706803 0.28998792 0.53565407
v -0.24930310 0.28503790 0.52282751
v -0.21779013 0.29581946 0.54676414
v -0.21856456 0.30345795 0.54819161
v -0.21840766 0.31043863 0.54706579
v -0.25070277 0.28544492 0.48851746
v -0.24454615 0.29510882 0.49380404
v -0.24277592 0.28176892 0.51026875
v -0.24753472 0.27689141 0.50272131
v -0.25394514 0.28126988 0.48388270
v -0.25095260 0.27408513 0.49680513
v -0.25004384 0.28594679 0.46203151
v -0.24502945 0.29108903 0.46643907
v -0.23738150 0.29779986 0.47286576
v -0.25291979 0.28161913 0.45953444
v -0.25453717 0.27739897 0.45850492
v -0.25393409 0.27251592 0.45795989
v -0.25185788 0.26778945 0.45970780
v -0.36617666 0.08033659 0.44023168
v -0.36645070 0.14842027 0.43222949
v -0.38298255 0.09919591 0.41257104
v -0.24938788 0.26067251 0.50258011
v -0.25342271 0.26268658 0.49794254
v -0.24604918 0.26159304 0.50181192
v -0.24867888 0.26317695 0.49846759
v -0.25647417 0.26488227 0.49310893
v -0.25958288 0.26299506 0.49155277
v -0.23884365 0.25115210 0.49767035
v -0.23553394 0.25359780 0.47722635
v -0.24266985 0.25706482 0.47189453
v -0.24475724 0.25689611 0.49041948
v -0.23171963 0.24727874 0.50347418
v -0.22435552 0.25031289 0.48269844
v -0.24651811 0.26027769 0.46754789
v -0.24954683 0.26409954 0.46288341
v -0.24849719 0.25976256 0.48687667
v -0.25144204 0.26299611 0.48206648
v -0.25118938 0.26555991 0.49462631
v -0.25527588 0.27047706 0.47804806
v -0.25592831 0.27364263 0.47887111
v -0.25317824 0.26712579 0.49040049
v -0.25580305 0.27025560 0.48684794
v -0.25384709 0.26717740 0.47866321
v -0.25542256 0.27743515 0.48060670
v -0.25363427 0.27182391 0.49093473
v -0.26330897 0.25942901 0.48752600
v -0.26246026 0.26523134 0.48772785
v -0.26872399 0.27050805 0.48303545
v -0.26778221 0.25827792 0.48316225
v -0.27503714 0.25750124 0.47650808
v -0.27233624 0.25002208 0.47751743
v -0.27790612 0.27304524 0.47900298
v -0.28745863 0.27643788 0.47472465
v -0.28336731 0.25763947 0.46977678
v -0.27877706 0.24820982 0.47075257
v -0.25889060 0.26695812 0.48925224
v -0.26149243 0.26915172 0.48691371
v -0.27358562 0.27796927 0.48847255
v -0.28005645 0.28323844 0.48724359
v -0.26518106 0.27423760 0.49057302
v -0.26163924 0.27652991 0.50029927
v -0.26847717 0.28162321 0.50077277
v -0.27303028 0.28718141 0.50095552
v -0.26150051 0.28556710 0.51273638
v -0.26495898 0.29159239 0.51304936
v -0.25647759 0.28025493 0.51086140
v -0.25835755 0.27173552 0.49211633
v -0.25502455 0.27363732 0.49892563
v -0.25094202 0.27637282 0.50745380
v -0.24567461 0.27987707 0.51749104
v -0.23548900 0.28566170 0.53111672
v -0.23289743 0.28893307 0.52312189
v -0.21693692 0.28986233 0.54265940
v -0.21559280 0.29453617 0.53575289
v -0.19581924 0.33170497 0.55661434
v -0.22749993 0.32916942 0.54985583
v -0.21501096 0.31015095 0.51515687
v -0.20438956 0.30896720 0.49300250
v -0.18744050 0.30998820 0.50161833
v -0.19214606 0.31263345 0.52664548
v -0.11981607 0.27686423 0.51646936
v -0.12220117 0.28232962 0.52070588
v -0.12511274 0.28997824 0.50155532
v -0.12202531 0.28300801 0.49790418
v -0.11408325 0.27350646 0.52297729
v -0.12198139 0.27810702 0.52803636
v -0.14298892 0.30273065 0.53197318
v -0.14694992 0.30454171 0.50677341
v -0.13110645 0.29918873 0.50498867
v -0.12920247 0.29270795 0.52713162
v -0.14967346 0.29007965 0.54153824
v -0.13316917 0.28337994 0.53467596
v -0.19259921 0.29691666 0.54313606
v -0.13042350 0.61830562 -0.62717700
v -0.13013586 0.51675487 -0.64892638
v -0.24563496 0.52884912 -0.58583939
v -0.24262048 0.61689043 -0.56755769
v -0.23459606 0.30420887 0.50304592
v -0.22294477 0.30428469 0.48314366
v -0.29989851 0.62335223 -0.51280981
v -0.29292589 0.67983586 -0.49367404
v -0.24263598 0.69248402 -0.53305960
v -0.22179808 -0.21806751 -0.33020517
v -0.16102423 -0.27968454 -0.38298416
v -0.10890670 0.27230000 0.53080326
v -0.11838081 0.27751437 0.53594804
v -0.10269251 0.26863730 0.52616054
v -0.09555832 0.26881382 0.52817684
v -0.10160473 0.27417248 0.53230101
v -0.11121803 0.28105253 0.53825086
v -0.13022779 0.28370899 0.54144156
v -0.12454237 0.28828007 0.54519737
v -0.14450699 0.29569855 0.55146652
v -0.14888160 0.29063755 0.54796249
v -0.19220190 0.29321817 0.55026716
v -0.19089219 0.29865631 0.55348450
v -0.14087848 0.30282766 0.55227965
v -0.12015492 0.29478922 0.54561841
v -0.13822904 0.31016779 0.55169064
v -0.11842009 0.30313942 0.54432905
v -0.18958518 0.31410012 0.55314934
v -0.18976420 0.30608526 0.55443490
v -0.11627448 0.25776204 0.52916527
v -0.09891134 0.26146662 0.52614516
v -0.11799540 0.25990230 0.52683729
v -0.10456055 0.26315856 0.52404767
v -0.12327427 0.26019913 0.52201676
v -0.10064415 0.26562288 0.52341706
v -0.09372598 0.26453033 0.52548945
v -0.12268015 0.26136011 0.51438016
v -0.09491494 0.27850097 0.52977228
v -0.08826979 0.27011997 0.52727038
v -0.08664867 0.28271595 0.52684176
v -0.08032299 0.27141917 0.52533913
v -0.09930138 0.29540920 0.53381634
v -0.10525415 0.28740340 0.53573436
v -0.08663768 0.26308540 0.52557027
v -0.09062451 0.25971216 0.52639258
v -0.07979290 0.26236367 0.52486837
v -0.08410644 0.25778028 0.52535367
v -0.13069502 0.24083908 0.53550160
v -0.12846142 0.23636195 0.53510302
v -0.10782069 0.24963552 0.53110343
v -0.10372795 0.24579740 0.53068805
v -0.18384181 0.21889065 0.53245962
v -0.20470600 0.22004816 0.52655226
v -0.17958193 0.21071856 0.53102523
v -0.20219594 0.21024130 0.52520853
v -0.14790240 0.21352239 0.53513652
v -0.15187024 0.22115293 0.53591728
v -0.18473044 -0.56037104 0.14186361
v -0.27390221 0.23133057 0.47650480
v -0.28323257 0.22173955 0.47180143
v -0.27083281 0.21686561 0.48298126
v -0.26394242 0.22818987 0.48608679
v -0.25286639 0.22543558 0.49601150
v -0.25615329 0.21335529 0.49578458
v -0.23930548 0.21180394 0.50688237
v -0.23891422 0.22310646 0.50734091
v -0.22522458 0.22108078 0.51688564
v -0.22299030 0.21089494 0.51604241
v -0.29395774 0.25509220 0.46038562
v -0.30342451 0.27566260 0.46084592
v -0.30769461 0.25007525 0.44904068
v -0.31921709 0.27384084 0.44622764
v -0.07621384 0.28887469 0.52820909
v -0.07116681 0.27423277 0.52476948
v -0.06197792 0.29402566 0.53444356
v -0.05880078 0.27735329 0.52992201
v -0.07213345 0.31237346 0.54398817
v -0.08648837 0.30775973 0.53703940
v -0.07376096 0.26219925 0.52496505
v -0.07804389 0.25533032 0.52515996
v -0.06489659 0.26099062 0.52752817
v -0.07165929 0.25166288 0.52745646
v -0.12494703 0.22985153 0.53463930
v -0.12036773 0.22278567 0.53447771
v -0.09884965 0.24104816 0.53038210
v -0.09265657 0.23515473 0.53196359
v -0.30365053 0.08915728 -0.43319920
v -0.32619902 0.35409471 -0.51537514
v -0.28020397 0.35922402 0.53155178
v -0.26397491 0.33956701 0.53692973
v -0.23890829 0.34544545 0.55195373
v -0.25267014 0.36872497 0.55193132
v -0.29423839 0.38895521 0.51767254
v -0.31177330 0.36820441 0.49894404
v -0.29756609 0.34585285 0.51234305
v -0.28185913 0.32968792 0.52045053
v -0.30910417 0.29383940 0.46959934
v -0.29673660 0.29303163 0.48029655
v -0.29712304 0.30481756 0.49068320
v -0.30931655 0.30958095 0.48101029
v -0.32423976 0.29569209 0.45335987
v -0.32595646 0.31842548 0.46524030
v -0.30499065 0.32606182 0.49546292
v -0.29131785 0.31655377 0.50488085
v -0.32063451 0.34124333 0.48280707
v -0.12409057 0.34247512 0.56384039
v -0.13081588 0.33415857 0.55537975
v -0.10983389 0.32169694 0.54555500
v -0.09847943 0.32543546 0.55044037
v -0.11615784 0.35055077 0.57107258
v -0.08597057 0.32908860 0.55575043
v -0.21047229 0.37389490 0.57158041
v -0.20192455 0.34890199 0.56423920
v -0.13578847 0.31594148 0.55083442
v -0.12033218 0.30876976 0.54626167
v -0.13564399 0.32087210 0.54984730
v -0.11857480 0.31213647 0.54399538
v -0.34223127 0.74894291 -0.37668425
v -0.35710353 0.78690559 -0.29685861
v -0.25926355 0.86062038 -0.34188083
v -0.25423902 0.81229883 -0.42122081
v -0.23977993 0.30851725 0.53623044
v -0.24120846 0.31442595 0.53754395
v -0.25792694 0.30845380 0.52537745
v -0.25493735 0.30216175 0.52450329
v -0.26697630 0.29705754 0.51247704
v -0.27118990 0.30296066 0.51192474
v -0.28068113 0.29651970 0.49916562
v -0.27587661 0.29226342 0.50028384
v -0.28115469 0.28944165 0.49151579
v -0.28559446 0.29003128 0.48809886
v -0.11718934 0.31765425 0.54650944
v -0.13384376 0.32492682 0.55172944
v -0.31251022 0.54649425 -0.52322835
v -0.25714785 0.62173229 0.45919085
v -0.30305547 0.59985566 0.41845560
v -0.28991225 0.55853879 0.45266852
v -0.24977593 0.32344642 0.53877747
v -0.26742360 0.31693745 0.52442944
v -0.27998063 0.30937755 0.50988358
v -0.28764600 0.30080473 0.49728343
v -0.29078305 0.29450044 0.48862362
v -0.43899634 0.07326836 0.06909813
v -0.44421268 0.07398526 0.05819745
v -0.48651460 0.12779388 -0.10321955
v -0.47223750 0.17304249 -0.09286515
v -0.46457613 0.19674648 -0.08532970
v -0.48402041 0.24948880 -0.02138758
v -0.50465769 0.26918426 -0.03765906
v -0.50514448 0.02029697 -0.05943078
v -0.49063307 0.01172622 -0.03307047
v -0.50649351 0.02537576 -0.06363985
v -0.54476643 0.24576131 -0.10276231
v -0.54574215 0.23363270 -0.11089583
v -0.54974186 0.23155378 -0.10881867
v -0.25692651 -0.03819500 -0.36453784
v -0.28444415 0.03796902 -0.40314996
v -0.54686886 0.22013374 -0.11841791
v -0.45743144 0.10268795 0.04133202
v -0.49401289 0.12262290 -0.10503066
v -0.50431597 0.11846983 -0.11677122
v -0.50465304 0.08621859 -0.11792703
v -0.50194228 0.08903909 -0.11270953
v -0.49887851 0.05458880 -0.10608319
v -0.49717823 0.05918712 -0.10240681
v -0.51572347 0.03958315 -0.08239821
v -0.52387178 0.06209883 -0.09942895
v -0.51230854 0.27278593 -0.04490251
v -0.50755608 0.26724234 -0.03634883
v -0.51670772 0.27265906 -0.04625639
v -0.45942158 0.09579786 0.03276923
v -0.47311902 0.23691194 -0.02285697
v -0.46967083 0.22463189 -0.01204994
v -0.46812135 0.22579969 -0.01678713
v -0.43960357 0.12515908 0.00165948
v -0.43800479 0.13110934 0.00095047
v -0.44472596 0.11695997 0.00828897
v -0.45802486 0.10808574 0.01930030
v -0.42655167 0.06014856 0.01309576
v -0.42497233 0.05313116 -0.00045489
v -0.42316303 0.04939323 0.00631131
v -0.52951783 0.30717045 -0.06163987
v -0.46983770 0.21895096 -0.00950300
v -0.47728354 0.22684936 -0.00890806
v -0.48060396 0.23433079 -0.01072290
v -0.52199340 0.27239206 -0.04634475
v -0.48266557 0.24060889 -0.01270488
v -0.47821140 0.23817928 -0.01481300
v -0.48801085 0.24932472 -0.01911081
v -0.47514784 0.23698486 -0.01809746
v -0.45811269 0.08486368 -0.07316189
v -0.45061675 0.08315364 -0.06111759
v -0.44953543 0.20352796 0.06074417
v -0.45177752 0.18859474 0.04315232
v -0.48713085 0.01073138 -0.01684325
v -0.46824196 0.23630951 -0.06035558
v -0.46625850 0.25656685 -0.06874900
v -0.53145713 0.09061287 -0.10994983
v -0.49778193 0.06239066 -0.04293627
v -0.48615414 0.06149137 -0.02981720
v -0.51069087 0.06759625 -0.05461590
v -0.52200383 0.08238517 -0.06622580
v -0.44248521 0.18064845 -0.04165184
v -0.51246637 0.20245658 -0.06897464
v -0.51805216 0.18917780 -0.07349784
v -0.50406402 0.20302621 -0.06061567
v -0.46967900 0.27952024 -0.05727332
v -0.47135773 0.27557111 -0.04463604
v -0.47386295 0.24534300 -0.05025323
v -0.47274208 0.26287249 -0.04350496
v -0.43694744 0.08176769 0.01215677
v -0.43420398 0.04761127 -0.00880754
v -0.43615565 0.05674915 -0.01656096
v -0.44288960 0.04809384 -0.01206729
v -0.44258881 0.05305208 -0.02241179
v -0.44236737 0.06201811 -0.03344229
v -0.44309938 0.07302625 -0.04403730
v -0.44283617 0.08569628 -0.04937330
v -0.43498787 0.10586897 0.00442678
v -0.47787297 0.27823621 0.01527836
v -0.43337172 0.09450819 0.00555198
v -0.44127685 0.11682837 0.00510258
v -0.44199625 0.10607702 0.00906378
v -0.44095668 0.09406523 0.01146931
v -0.47273850 0.04718842 0.01635217
v -0.47779837 0.05796325 -0.00093235
v -0.46262690 0.04946802 0.01928186
v -0.48040742 0.06125326 -0.01645729
v -0.45474353 0.04977415 0.01990016
v -0.47031173 0.24329402 -0.05351275
v -0.46973622 0.26324287 -0.05340013
v -0.44113362 0.09389988 0.08118506
v -0.39701155 0.13315871 0.38054365
v -0.40572536 0.19525276 0.34618834
v -0.13582668 -0.19008687 0.49897996
v -0.12909366 -0.21041985 0.50180787
v -0.34476900 0.06286602 0.46738660
v -0.31549874 0.04407462 0.49640241
v -0.13377087 -0.15877846 0.56611079
v -0.12874556 -0.16338709 0.56688219
v -0.12212387 -0.15928228 0.56850123
v -0.12723078 -0.15691397 0.56614417
v -0.11191796 -0.15539135 0.55825126
v -0.11713107 -0.15543489 0.55346882
v -0.11875895 -0.15495348 0.55919057
v -0.11391273 -0.15432659 0.56381351
v -0.16158153 -0.06151334 0.58101732
v -0.18616706 -0.03382179 0.57397127
v -0.20074274 -0.06173173 0.56587076
v -0.17895079 -0.08470246 0.57403713
v -0.13005766 -0.16112518 0.51311558
v -0.12921314 -0.15123466 0.51406556
v -0.12078334 -0.15245967 0.53436530
v -0.12361813 -0.15693586 0.53356713
v -0.12780267 -0.17907977 0.51423275
v -0.12190712 -0.16571920 0.53362471
v -0.14009035 -0.16518983 0.49837044
v -0.13663824 -0.14862412 0.50005394
v -0.19390759 -0.20086770 0.54207188
v -0.17072073 -0.18708083 0.55277121
v -0.17634967 -0.16711080 0.55830377
v -0.19911179 -0.17149536 0.54797041
v -0.13438311 0.01672204 0.58107841
v -0.16165940 -0.00699726 0.58005476
v -0.14232562 -0.03499670 0.58296174
v -0.11641699 -0.00617958 0.58237165
v -0.09139556 0.02157024 0.58170438
v -0.10747466 0.04236675 0.58041620
v -0.07988466 0.07049952 0.60452056
v -0.08612375 0.04678077 0.61270934
v -0.08534648 0.03847000 0.63466978
v -0.08566529 0.05491241 0.62695158
v -0.07366989 0.01342027 0.62361294
v -0.08790893 0.03195884 0.60449481
v -0.04643076 0.00449001 0.62474340
v -0.04418558 0.00917259 0.62967896
v -0.07196616 0.01109132 0.61233532
v -0.07203835 0.00528184 0.59844095
v -0.04939251 0.00029265 0.61770415
v -0.03927631 0.01493635 0.63454098
v -0.05778116 0.01692173 0.63578439
v -0.06991847 0.02735661 0.64874470
v 0.00423496 0.01756908 0.68656790
v -0.00487789 0.02499963 0.69919676
v -0.02767309 0.21923606 0.60689932
v -0.04801692 0.19852376 0.59071422
v -0.02894600 0.20151721 0.62054121
v -0.04795037 0.18300517 0.60319006
v -0.06283844 0.04070910 0.67109591
v -0.07414240 0.05413772 0.66235363
v -0.04633773 0.04787093 0.69324011
v -0.05309767 0.06560614 0.69246674
v 0.00382586 0.31265461 0.60495496
v 0.01457171 -0.00361023 0.66070837
v 0.01188351 -0.00696800 0.65780956
v 0.01712769 0.00260520 0.67136431
v -0.13152102 0.76960987 -0.54728836
v -0.13291398 0.84809524 -0.47259954
v -0.12566657 0.93874449 -0.32264030
v -0.10948132 0.96310163 -0.24335498
v -0.00750203 -0.10511100 0.66358399
v -0.00611377 -0.08846200 0.66196710
v -0.05027878 -0.10976285 0.58014601
v -0.01535196 -0.10952527 0.58868200
v -0.01308599 -0.13296059 0.60396969
v -0.04520231 -0.13287896 0.59495538
v -0.07144675 -0.13366151 0.58095157
v -0.07770327 -0.11052220 0.56753880
v -0.05466855 -0.08620832 0.57109821
v -0.01863197 -0.08565994 0.58048612
v -0.04447994 -0.14770389 0.61765116
v -0.01267197 -0.14706485 0.63052076
v -0.01194554 -0.13540298 0.64701879
v -0.04560277 -0.13902488 0.63125134
v -0.09041540 -0.01729376 0.59582090
v -0.06375641 -0.01571196 0.60903317
v -0.03707513 -0.01696926 0.62910664
v -0.01645836 -0.01862742 0.64591497
v -0.01202765 -0.00690711 0.64724147
v -0.02897670 -0.00309140 0.63379753
v -0.00888428 -0.00214490 0.64852762
v -0.02543345 0.00139030 0.63657570
v -0.02323405 0.00559025 0.63906056
v -0.02646547 0.01331798 0.64009523
v -0.01388781 0.01233453 0.64773154
v -0.01741358 0.01888961 0.64595687
v -0.00718132 0.00223820 0.65021420
v 0.00281497 0.16449766 0.69717360
v 0.00364302 0.18705927 0.68086898
v -0.03535890 -0.07908140 0.65049732
v -0.00555991 -0.07486644 0.65836501
v -0.00101896 -0.04954822 0.65436751
v -0.02858570 -0.05101553 0.64664996
v -0.05810976 -0.05641438 0.63190311
v -0.06788970 -0.09051261 0.63541198
v 0.00908882 -0.01133631 0.65586913
v -0.03752847 -0.09300580 0.65291983
v -0.03909845 -0.10928899 0.65195793
v -0.07041899 -0.10568658 0.63638461
v -0.07145397 -0.12043762 0.63415593
v -0.09854817 -0.10686221 0.61714739
v -0.09277863 -0.06825044 0.61632234
v -0.12940244 -0.08123422 0.59861618
v -0.12391706 -0.12432734 0.59716636
v -0.17392445 -0.14768760 0.56663138
v -0.14411739 -0.16061912 0.56483120
v -0.14408243 -0.15275063 0.57000071
v -0.14190026 -0.14504920 0.57656235
v -0.17011875 -0.12699994 0.57483637
v -0.19498254 -0.14253291 0.55698580
v -0.19007015 -0.11264081 0.56547922
v -0.15731649 -0.10437982 0.58519983
v -0.13679132 -0.13603547 0.58464956
v -0.13437027 -0.15429053 0.57010359
v -0.12783265 -0.15488875 0.56791741
v -0.13226169 -0.14952107 0.57521844
v -0.12586626 -0.15304455 0.57242441
v -0.12807897 -0.14460984 0.58208662
v -0.12216601 -0.15051605 0.57802242
v -0.11493894 -0.14617416 0.58744854
v -0.11957934 -0.13728723 0.59314638
v -0.11334240 -0.15349852 0.55829287
v -0.10623887 -0.15202780 0.56541777
v -0.10663305 -0.15369296 0.57381868
v -0.11370045 -0.15435633 0.56571221
v -0.11750311 -0.15457468 0.55391002
v -0.11746540 -0.15445943 0.56147057
v -0.11657014 -0.14727308 0.54070383
v -0.10780435 -0.14091039 0.55166185
v -0.12060639 -0.15577403 0.55048573
v -0.12102678 -0.15483040 0.55693537
v -0.12165447 -0.15486434 0.56499034
v -0.12080032 -0.15446429 0.56747812
v -0.11714971 -0.15376790 0.57232380
v -0.11027456 -0.15227072 0.58068937
v -0.07074343 -0.13307735 0.62653708
v -0.09468149 -0.13339773 0.61276895
v -0.09221275 -0.14393717 0.60376984
v -0.06937546 -0.14524800 0.61415172
v -0.08928958 -0.14998181 0.59364533
v -0.08340421 -0.08777632 0.56154919
v -0.06671821 -0.14853068 0.60214305
v -0.10014092 -0.11634738 0.55192733
v -0.10645556 -0.09877556 0.54056865
v -0.09197950 -0.13613456 0.56479222
v -0.12518421 -0.14037192 0.51964140
v -0.11447451 -0.12795067 0.53559208
v -0.13394304 -0.13580970 0.50576663
v -0.12179147 -0.11447435 0.52468562
v -0.08847199 -0.15066601 0.58151275
v -0.09728186 -0.12140623 0.61649233
v -0.04192201 -0.12447538 0.64418507
v -0.00925301 -0.12008782 0.65711534
v -0.00121540 0.11324954 0.73589164
v 0.00057928 0.14091702 0.71529287
v -0.11724737 -0.15603329 0.56791770
v -0.05019097 -0.61707270 0.20775145
v -0.13870732 -0.16825056 0.56322360
v -0.12209469 -0.19374700 0.51379144
v -0.11627424 -0.17303911 0.53527522
v -0.17624500 -0.23051070 0.54153949
v -0.14513643 -0.25355086 0.55773038
v -0.13334680 -0.22887899 0.57003945
v -0.15840089 -0.20916730 0.55439758
v -0.11459059 -0.19133449 0.58409035
v -0.12925866 -0.17850238 0.56937331
v -0.12032411 -0.17000586 0.57421356
v -0.10650852 -0.17766674 0.58911651
v -0.09889205 -0.16687417 0.59136873
v -0.11354436 -0.16240487 0.57614058
v -0.08527873 -0.15457734 0.58507073
v -0.05785383 -0.15327141 0.60260195
v -0.05341023 -0.17622474 0.57166147
v -0.08173569 -0.17689997 0.55899149
v -0.10548218 -0.17512789 0.54331970
v -0.10492806 -0.15551294 0.56547511
v -0.09018357 -0.15233716 0.59026986
v -0.10718933 -0.15342261 0.57159942
v -0.06180754 -0.15185723 0.61001861
v -0.11510777 -0.59455645 0.18182963
v -0.10994990 -0.15627913 0.57545972
v -0.09341306 -0.15641096 0.59145153
v -0.06686412 -0.15754679 0.61380595
v -0.07357691 -0.17115687 0.61541855
v -0.08047252 -0.18619436 0.61523455
v -0.08646775 -0.20350888 0.60850179
v -0.10087895 -0.24766271 0.58747149
v -0.10787354 -0.27715403 0.57751083
v -0.05965223 -0.25852710 0.60400629
v -0.06384724 -0.28893784 0.60049397
v -0.05249457 -0.21221088 0.63036072
v -0.04880770 -0.19163562 0.63905579
v -0.04372024 -0.17477524 0.63879496
v -0.03886794 -0.15989952 0.63376856
v 0.00473045 -0.02047184 0.65399504
v -0.00474159 0.01222621 0.65580785
v 0.00306135 0.01344326 0.67029709
v -0.01864467 0.03473544 0.70514572
v 0.01783835 0.00671152 0.68639737
v -0.03587516 0.04694117 0.70355570
v -0.02504836 0.04258528 0.71256268
v -0.02973065 0.05433464 0.71895921
v -0.03767886 0.05851822 0.71161407
v -0.01529821 0.03778978 0.72111279
v -0.02349802 0.05304390 0.72622579
v 0.01008652 0.02789510 0.73361140
v 0.00445435 0.05126290 0.74924767
v -0.00133872 0.08949665 0.74881279
v 0.00172137 0.06711820 0.75300163
v -0.03134640 0.06505360 0.72339076
v -0.03749228 0.07767370 0.71485192
v -0.03869203 0.09506032 0.69923067
v -0.05446378 0.08219886 0.67681646
v -0.04578365 0.98191053 0.03656689
v -0.03392850 -0.15246361 0.62831622
v -0.03034903 -0.15441993 0.61576885
v -0.05301259 -0.23805723 0.53048563
v -0.05244979 -0.21158557 0.54545063
v -0.02562006 -0.21343772 0.55179304
v -0.02650588 -0.24111065 0.53743851
v -0.00330359 -0.15502010 0.62109482
v -0.00235980 -0.17846327 0.58621621
v -0.02726548 -0.17674990 0.58063608
v -0.00480937 -0.15337266 0.63568890
v -0.00783520 -0.16170488 0.64319378
v -0.01159274 -0.17720705 0.65067875
v -0.00111441 -0.21661590 0.55581474
v -0.00293933 -0.24285673 0.54108030
v -0.11078833 -0.20373969 0.52044779
v -0.11578103 -0.22562009 0.50801098
v -0.08320443 -0.20923232 0.53372252
v -0.08622686 -0.23536780 0.52025837
v -0.02125393 -0.28915876 0.61580586
v -0.01886051 -0.26070139 0.61272591
v -0.01467229 -0.19656271 0.65163541
v -0.01711936 -0.21762961 0.64064133
v -0.13059796 0.89986598 -0.40045023
v -0.37800890 0.64152271 0.27548426
v -0.36728141 0.59709752 0.32243407
v -0.32033291 0.64355344 0.36752754
v -0.33361682 0.67944938 0.32382318
v -0.38360626 0.69105011 0.22621316
v -0.33896744 0.72265512 0.27685127
v -0.23032664 0.93143517 -0.08548518
v -0.23169039 0.92334074 0.00504022
v -0.11562629 0.96716702 0.02987679
v -0.20299269 0.94145584 -0.17601450
v -0.27909330 0.88760144 -0.23238902
v -0.28923988 0.89587635 -0.10801558
v -0.28666988 0.89045876 -0.01190863
v -0.15600708 -0.35361752 -0.39795056
v -0.32344344 0.43534029 -0.52356488
v -0.27654716 0.88043928 0.07470810
v -0.22639841 0.90950823 0.09229459
v -0.22377801 0.89030463 0.17130679
v -0.26863694 0.86561728 0.14891782
v -0.11404853 0.95166743 0.12200087
v -0.04464348 0.96489346 0.13307896
v -0.12090031 0.19961396 -0.61489397
v 0.00397908 0.20910057 0.66495478
v -0.28794539 -0.14127134 -0.26369292
v -0.34584507 -0.14556579 -0.14935386
v -0.34830558 -0.46626168 -0.04709101
v -0.42248091 -0.01779839 -0.02102113
v -0.42067403 -0.01514342 -0.02738864
v -0.35835972 -0.24606615 -0.04541521
v -0.36975920 -0.15921655 -0.04204339
v -0.23303317 -0.13194557 -0.33954906
v -0.47937256 0.05123776 -0.09452507
v -0.48408505 0.07534460 -0.10317813
v -0.48644823 0.04406647 -0.09241564
v -0.49197093 0.06946553 -0.10186321
v -0.49371415 0.09632549 -0.10589345
v -0.48900554 0.03279781 -0.08794606
v -0.47789916 0.27628100 -0.03276195
v -0.48475561 0.28681287 -0.02737521
v -0.41917285 -0.02579976 0.00741217
v -0.41838786 -0.02200487 -0.00333268
v -0.41552097 -0.02327333 0.00255450
v -0.41420531 -0.02647860 0.01049281
v -0.41732761 -0.03058956 0.01651079
v -0.41309872 -0.02940990 0.01689688
v -0.48754716 0.38683945 0.01844268
v -0.40404591 -0.02216176 -0.00881900
v -0.41623276 -0.01409079 -0.02338558
v -0.41665706 -0.01892335 -0.01249550
v -0.41219312 -0.02248150 -0.00346893
v -0.40816405 -0.02646909 0.00859165
v -0.40842858 -0.03208651 0.01898622
v -0.41390294 -0.03625667 0.02167578
v -0.48953912 0.02762718 -0.08962864
v -0.44563758 -0.03300619 -0.01125025
v -0.48407504 0.22468165 -0.06821091
v -0.48230073 0.21392956 -0.07567108
v -0.49535310 0.22440118 -0.08688418
v -0.49656215 0.23794967 -0.07944114
v -0.35913649 0.09879495 -0.34773296
v -0.37650040 0.16516834 -0.38318866
v -0.08013580 -0.34438917 -0.42885724
v -0.08236965 -0.26844281 -0.41948134
v -0.46603200 0.36813095 -0.28040972
v -0.48406225 0.23504804 -0.05966931
v -0.49747762 0.24932998 -0.07116211
v -0.48622254 0.10211540 -0.10545048
v -0.47464338 0.23252138 -0.05670859
v -0.47533381 0.22216210 -0.06503620
v -0.50399137 0.26067862 -0.08322521
v -0.50332254 0.24677733 -0.09297042
v -0.50297517 0.23107183 -0.10125545
v -0.47488281 0.21188873 -0.07373654
v -0.46941891 0.26897863 -0.06876902
v -0.49174958 0.56076694 -0.12545359
v -0.48158893 0.52361560 -0.21477713
v -0.46214515 0.66818947 -0.14617115
v -0.45425633 0.63711017 -0.24216679
v -0.42497623 0.60016263 -0.34424946
v -0.45233089 0.48020798 -0.31878328
v -0.47299820 0.27461711 -0.03764383
v -0.49223962 0.29161432 -0.03227371
v -0.38403845 0.73018754 0.17734210
v -0.41800255 0.69845629 0.13125992
v -0.33973253 0.75915176 0.23268257
v -0.33481818 0.78935218 0.18920714
v -0.37564862 0.76610518 0.13281921
v -0.42440221 0.72459638 0.05730882
v -0.50229019 0.50201559 -0.03205395
v -0.48766130 0.59581500 -0.03649585
v -0.47067511 0.62195510 0.04790570
v -0.45335835 0.69913536 -0.04980049
v -0.39335343 0.78197289 0.01665314
v -0.41747373 0.76339823 -0.07469042
v -0.34852114 0.83786958 -0.00850894
v -0.36374855 0.82992309 -0.09966444
v -0.36349419 0.81821531 -0.20092271
v -0.42707002 0.74065888 -0.16854912
v -0.36052144 0.79901803 0.09329463
v -0.32207373 0.81726509 0.15413378
v -0.32717746 0.83942664 0.07049889
v -0.30650315 0.84184158 0.12490980
v -0.45623776 0.63351464 0.09242912
v -0.39181191 -0.05865073 0.00995961
v -0.40033841 -0.06471185 0.04070575
v -0.42734635 0.00423534 0.09168007
v -0.42378953 0.15301509 0.30412447
v -0.42296135 0.23526268 0.28793469
v -0.44447941 0.18533958 0.22525047
v -0.43356985 0.09868927 0.24446516
v -0.41310805 0.32535192 0.27804261
v -0.43815598 0.27943578 0.21516412
v -0.43859637 0.36957407 0.20293960
v -0.41315198 0.41720533 0.27739963
v -0.37324500 0.56734478 -0.44403008
v -0.39082456 0.46010348 -0.43642095
v -0.39634112 0.37914130 -0.42553017
v -0.28056121 0.51840806 0.47651532
v -0.13076356 0.70824569 -0.58705586
v -0.27094501 0.67023021 0.41398993
v -0.32183444 0.70191133 -0.44708815
v -0.24702074 0.74389154 -0.49591240
v -0.41848779 0.71068716 -0.26253289
v -0.39643621 0.67767978 -0.34858665
v -0.35087222 0.63888097 -0.44590738
v -0.39111707 0.27704063 -0.41280046
v -0.27488142 0.84359193 0.19815502
v -0.33894482 0.29636547 0.43333897
v -0.33457476 0.26784319 0.42670640
v -0.34019071 0.32680443 0.44402230
v -0.32328987 0.23812976 0.43449593
v -0.07073794 0.17825115 0.57757640
v -0.06777456 0.16484827 0.58891338
v -0.06480368 0.14963108 0.59887552
v -0.09057591 0.14742935 0.57582444
v -0.08622216 0.12803565 0.58540893
v -0.04534690 0.14660798 0.62893951
v -0.04726699 0.16518027 0.61566806
v -0.06207181 0.13050103 0.60898477
v -0.05961969 0.10906620 0.61650485
v -0.04487653 0.12675099 0.64037055
v -0.08620503 0.03349245 0.58763242
v -0.09160265 0.06374086 0.58334291
v -0.07641234 0.08852124 0.59524423
v -0.10973002 0.11110464 0.57731563
v -0.10190772 0.08947788 0.58312160
v -0.08069374 0.10979559 0.59176683
v -0.11727484 0.13225782 0.56717700
v -0.06670924 0.08866363 0.63049740
v -0.07541996 0.06801329 0.64984095
v -0.04745148 0.10369926 0.65687740
v -0.03564812 0.11585255 0.67920029
v -0.03280868 0.14018387 0.66209662
v -0.09501911 0.16213325 0.56553274
v -0.12332167 0.14930676 0.55728310
v -0.12530218 0.06881884 0.58146447
v -0.15430230 0.04842340 0.58056498
v -0.13744518 0.09692276 0.57320470
v -0.16675428 0.08049977 0.57104599
v -0.14564383 0.11988789 0.56240612
v -0.17527160 0.10565137 0.55996126
v -0.18137786 0.02449954 0.57754427
v -0.20563474 -0.00063576 0.57018512
v -0.22703628 -0.03456227 0.55754614
v -0.22424242 0.03396986 0.56073260
v -0.24934739 -0.00030725 0.54710448
v -0.23700573 0.06809692 0.55021125
v -0.26709643 0.03648687 0.53615117
v -0.19683924 0.06005229 0.56760639
v -0.20788826 0.08815713 0.55655563
v -0.18197075 0.12982060 0.54876608
v -0.15284193 0.14031608 0.55161917
v -0.24342471 0.13877077 0.53069293
v -0.24295992 0.10353268 0.54017371
v -0.21309076 0.11786537 0.54582065
v -0.21536398 0.14665481 0.53551549
v -0.27724141 0.08046047 0.52628160
v -0.27486843 0.12870397 0.52051765
v -0.26796937 0.15979956 0.51128966
v -0.17396647 0.19923969 0.53233701
v -0.14301522 0.20262037 0.53589314
v -0.19797628 0.19748974 0.52692485
v -0.24001338 0.16410351 0.52108938
v -0.21662098 0.16757348 0.52753365
v -0.29383758 0.20627822 0.47027466
v -0.27796879 0.20063567 0.48448983
v -0.23917377 0.19671284 0.50991076
v -0.21993479 0.19657253 0.51913691
v -0.25894332 0.19818410 0.49829918
v -0.11358195 0.21227594 0.53635943
v -0.08576499 0.22555399 0.53618276
v -0.34005609 -0.22789676 -0.13888218
v -0.03013746 0.16155578 0.64910454
v -0.02960721 0.18182442 0.63503230
v -0.06741097 0.33169803 0.56516081
v -0.05325824 0.31449112 0.55466950
v -0.01595784 0.31342465 0.59173787
v -0.09472675 0.35464048 0.58314687
v -0.06253193 0.24299702 0.53778964
v -0.05290935 0.25740436 0.53859067
v -0.04495155 0.27751461 0.54117537
v -0.04533104 0.29575217 0.54705310
v -0.16737710 0.44398621 0.58607721
v -0.15143074 0.39965665 0.60257649
v -0.34542063 0.55356514 0.37915877
v -0.37359217 0.49917090 0.35388818
v -0.29821452 0.42280701 0.49187931
v -0.32056662 0.39489135 0.47352535
v -0.33557799 0.36165240 0.45674777
v -0.38831624 0.42496717 0.33314332
v -0.39320272 0.34503826 0.32575065
v -0.40105554 0.26766554 0.33015049
v -0.28566107 0.74977350 0.32987466
v -0.28617686 0.78668773 0.28813875
v -0.28126383 0.70992446 0.37315533
v -0.22446407 0.86800396 0.23274726
v -0.22645542 0.84176159 0.28699529
v -0.28190669 0.81728059 0.24402808
v -0.22940147 0.80912298 0.33289209
v -0.22984022 0.77120966 0.37379259
v -0.22537118 0.73112667 0.41692802
v -0.21717638 0.68892372 0.45577416
v -0.20739207 0.63509023 0.49775252
v -0.27839154 -0.21357432 -0.25032139
v -0.02185915 0.08480944 0.62774587
v -0.01778517 0.08570834 0.63186133
v -0.01627222 0.08155666 0.62496501
v -0.01215315 0.08293030 0.62891734
v -0.01136728 0.07398709 0.62654161
v -0.01686411 0.02949982 0.64190751
v -0.00988458 0.04101322 0.63535815
v -0.00823936 0.06171871 0.62840486
v -0.41420725 -0.03604493 0.07685477
v -0.34385061 -0.43729123 -0.13340963
v -0.31626859 -0.41395688 -0.21050592
v 0.35359633 -0.42913017 -0.15843976
v 0.31959739 -0.40735233 -0.23388951
v 0.14927748 -0.62511170 0.15953065
v 0.21881974 -0.59538579 0.12046418
v 0.22278985 -0.64433157 0.10847595
v 0.14955449 -0.66946679 0.14537321
v 0.37654063 -0.52584881 -0.20087518
v 0.35973996 -0.47855192 -0.17247286
v 0.32956943 -0.45750612 -0.25592655
v 0.35557246 -0.50253153 -0.29459557
v 0.28324658 -0.44281530 -0.33064866
v 0.31022495 -0.49266753 -0.37787572
v 0.24346003 -0.49251091 -0.44429073
v 0.22185807 -0.43449345 -0.38923040
v 0.14847620 -0.42885417 -0.43516979
v 0.16529353 -0.49248272 -0.49157268
v 0.28974295 -0.56418628 0.06866924
v 0.34187582 -0.53214234 0.00015077
v 0.34870726 -0.58515567 -0.01813308
v 0.29371876 -0.61578721 0.05600264
v 0.36596110 -0.50494021 -0.08185241
v 0.37475824 -0.55517775 -0.10595550
v 0.07864317 -0.48857623 -0.51587409
v 0.07074964 -0.41724801 -0.45611235
v 0.15750581 -0.77892023 0.11736067
v 0.07820665 -0.79903132 0.12938122
v 0.07931131 -0.74000776 0.14877491
v 0.15288821 -0.72302777 0.12910527
v 0.35154042 -0.78703737 0.01285731
v 0.44033840 -0.74700236 -0.06786945
v 0.48037755 -0.79923409 -0.05161970
v 0.38004297 -0.84480089 0.03049903
v 0.61444384 -0.77925742 -0.12890990
v 0.67255336 -0.70571083 -0.26626137
v 0.25259835 -0.81685072 0.07457056
v 0.26903355 -0.87504053 0.09902002
v -0.00764082 -0.55387378 -0.58318639
v -0.00750483 -0.48341426 -0.51439685
v 0.60924268 -0.67804575 -0.28441870
v 0.60071504 -0.65090746 -0.43758789
v 0.67967689 -0.67975342 -0.42875969
v 0.33607846 -0.77692062 -0.70380175
v 0.33786938 -0.81869417 -0.72487140
v 0.43307140 -0.78984106 -0.70655280
v 0.40712860 -0.75093001 -0.68109310
v 0.47374594 -0.57551372 -0.39821321
v 0.40126768 -0.58134484 -0.49829459
v 0.45177108 -0.62323493 -0.53766590
v 0.53538752 -0.61448520 -0.42922649
v 0.22854163 -0.67958701 -0.65284252
v 0.34255010 -0.65020120 -0.60660535
v 0.30552527 -0.60282117 -0.57010764
v 0.20302667 -0.61837262 -0.61330491
v 0.55027133 -0.64559263 -0.28421602
v 0.48511147 -0.61010814 -0.26658189
v 0.50612813 -0.69864428 -0.16645642
v 0.45409974 -0.65363908 -0.15510973
v 0.40218979 -0.69123358 -0.05859235
v 0.35408667 -0.53484005 -0.43940172
v 0.27503616 -0.54563302 -0.51079464
v 0.18367682 -0.55533040 -0.55850124
v 0.08737975 -0.55670565 -0.58126003
v -0.00929567 -0.85723484 -0.72221643
v -0.00888845 -0.78135490 -0.70304537
v 0.10903165 -0.69499779 -0.66824245
v 0.09794664 -0.62758535 -0.63158178
v 0.55756003 -0.73814523 -0.15838964
v 0.40494853 -0.60556668 -0.13398382
v 0.36662096 -0.64016491 -0.04119956
v 0.41721156 -0.89895797 0.08959293
v 0.53155327 -0.85410351 -0.00579533
v 0.29450899 -0.93291485 0.15899202
v 0.18199971 -0.95897651 0.19833528
v 0.11971023 -0.77336800 -0.69805288
v 0.11421577 -0.84851635 -0.71848106
v 0.23585223 -0.83256233 -0.72047728
v 0.25949773 -0.75480664 -0.69152814
v 0.32515571 -0.72605300 0.02011549
v 0.24058320 -0.75559330 0.07713620
v 0.16084665 -0.83857292 0.11708242
v 0.40807438 -0.53705728 -0.34306160
v 0.42137367 -0.56777155 -0.23484598
v 0.30527627 -0.67184728 0.03502554
v 0.23051849 -0.70098931 0.09102514
v 0.08146782 -0.68955809 0.16983196
v 0.16828088 -0.89931214 0.14333241
v 0.60750639 -0.70402026 -0.56785202
v 0.52395970 -0.74952090 -0.65671986
v 0.47915232 -0.72798991 -0.64753884
v -0.00972805 -0.70036924 -0.67273140
v 0.01030819 -0.74781758 0.15416799
v 0.00783265 -0.80312634 0.12975185
v 0.01300072 -0.69635028 0.17919977
v 0.50938094 -0.67494279 -0.57879633
v 0.37938932 -0.70453632 -0.64916402
v 0.01748922 -0.65626687 0.19895546
v -0.00654483 -0.41513646 -0.45964414
v 0.00716830 -0.86582673 0.11813402
v 0.00754623 -0.93400657 0.14402737
v 0.00933116 -0.99992764 0.20457351
v 0.08376320 -0.64736706 0.18843877
v 0.08304247 -0.92392200 0.14743152
v 0.07863870 -0.85976720 0.12258290
v 0.09096599 -0.98752570 0.20351568
v -0.00876539 -0.62643558 -0.63547033
v -0.11576993 -0.62991506 0.16770120
v -0.18691024 -0.60168821 0.13213658
v -0.19604066 -0.65018183 0.11941450
v -0.12140240 -0.67340785 0.15226158
v -0.37106735 -0.53054345 -0.18293802
v -0.35087898 -0.48674321 -0.15101810
v -0.32730898 -0.46342471 -0.23545413
v -0.35637844 -0.50491822 -0.27808890
v -0.28710076 -0.44587630 -0.31424177
v -0.31674203 -0.49201778 -0.36377040
v -0.25346145 -0.49034920 -0.43349525
v -0.23081608 -0.43402714 -0.37760732
v -0.15929911 -0.42703670 -0.42758456
v -0.17664342 -0.49066398 -0.48334849
v -0.26278567 -0.57299131 0.08513559
v -0.32045838 -0.54302263 0.02012992
v -0.32948071 -0.59259582 -0.00003309
v -0.26955378 -0.62283343 0.07171635
v -0.35070482 -0.51612562 -0.05957750
v -0.36164767 -0.56411707 -0.08773933
v -0.09226304 -0.48748958 -0.51138073
v -0.08337583 -0.41729572 -0.45116177
v -0.13725282 -0.78080511 0.12429217
v -0.06010832 -0.79914236 0.13217694
v -0.05530500 -0.74118477 0.15188026
v -0.12920420 -0.72565728 0.13616657
v -0.33340365 -0.79183894 0.02067132
v -0.42596036 -0.74768084 -0.05517938
v -0.46551332 -0.79844975 -0.03538528
v -0.36338174 -0.84343046 0.04546574
v -0.60359961 -0.77692723 -0.10618050
v -0.66757631 -0.70210046 -0.24094336
v -0.23431493 -0.81959218 0.08365177
v -0.25213453 -0.87555897 0.10914338
v -0.60523868 -0.67386568 -0.26114517
v -0.60501194 -0.64594615 -0.41368961
v -0.68289614 -0.67480600 -0.40194663
v -0.35416284 -0.77334166 -0.69159329
v -0.35706908 -0.81499332 -0.71254331
v -0.45033750 -0.78519529 -0.69058448
v -0.42371091 -0.74678355 -0.66569507
v -0.47725335 -0.57089239 -0.37903941
v -0.40926778 -0.57730436 -0.48285499
v -0.46140119 -0.61935687 -0.51951593
v -0.53895980 -0.61071491 -0.40749383
v -0.24478360 -0.67664838 -0.64498371
v -0.35689732 -0.64536905 -0.59353340
v -0.31754225 -0.59501410 -0.55656761
v -0.21850064 -0.61428785 -0.60669374
v -0.54673505 -0.64299822 -0.26337039
v -0.48282292 -0.60914278 -0.24831918
v -0.49662918 -0.69816506 -0.14888428
v -0.44457299 -0.65488249 -0.14029318
v -0.38734695 -0.69442773 -0.04893698
v -0.36305884 -0.53141129 -0.42588481
v -0.28611335 -0.54149121 -0.49970689
v -0.19594084 -0.55094719 -0.55102038
v -0.10069063 -0.55624080 -0.57923532
v -0.12760547 -0.69641685 -0.66495413
v -0.11628817 -0.61882764 -0.62587488
v -0.54740423 -0.73628938 -0.13874845
v -0.39478683 -0.60897893 -0.11977284
v -0.34990805 -0.64497250 -0.02836584
v -0.39982149 -0.89674258 0.10829294
v -0.51664311 -0.85249180 0.01550239
v -0.27500445 -0.93230474 0.16937089
v -0.16232949 -0.96002012 0.20542386
v -0.13620025 -0.77244318 -0.69409776
v -0.13215826 -0.84749949 -0.71328729
v -0.25600371 -0.82898718 -0.71236348
v -0.27739865 -0.75177497 -0.68238574
v -0.30805689 -0.73007923 0.02991745
v -0.22159438 -0.75961721 0.08732028
v -0.14297107 -0.83943427 0.12300903
v -0.41106218 -0.53617579 -0.32692719
v -0.41726014 -0.56950879 -0.21803090
v -0.28553769 -0.67622066 0.04931029
v -0.20819302 -0.70502359 0.10203581
v -0.05223908 -0.69125432 0.17323309
v -0.15086183 -0.89985615 0.14915180
v -0.61864263 -0.69888443 -0.54427105
v -0.53921783 -0.74442637 -0.63686746
v -0.49390629 -0.72333819 -0.62864882
v -0.52114463 -0.67053819 -0.55887038
v -0.39521775 -0.70061153 -0.63478488
v -0.05060557 -0.64946944 0.19205798
v -0.06759238 -0.92488527 0.14949872
v -0.06332123 -0.86029881 0.12473387
v -0.07239568 -0.98915011 0.20685171
v -0.01852742 0.07431690 0.62180567
v -0.41616353 -0.05912121 0.20479576
v -0.40965384 -0.10566842 0.15637949
v -0.39011997 -0.17276195 0.19269690
v -0.39859447 -0.12346233 0.24084672
v -0.35667214 -0.24120086 0.23803507
v -0.37546021 -0.18114679 0.28141412
v -0.31907678 -0.29289860 0.28784648
v -0.34616461 -0.23229568 0.32103980
v -0.28584880 -0.32516640 0.34272188
v -0.31440026 -0.26760954 0.36628801
v -0.19137448 -0.35793290 0.47453377
v -0.18227065 -0.38631517 0.44338030
v -0.13766909 -0.40616456 0.49276882
v -0.14015326 -0.38559341 0.52505833
v -0.09018524 -0.42390278 0.53625721
v -0.09165846 -0.40211925 0.56679302
v -0.03695244 -0.43072775 0.56096911
v -0.03560532 -0.40838420 0.59297866
v 0.02600584 -0.43047532 0.57254225
v 0.02636764 -0.40570050 0.60250056
v 0.02700038 -0.34734210 0.62803346
v -0.02929754 -0.35125840 0.62284088
v -0.03326155 -0.38160101 0.61266524
v 0.02628903 -0.38068929 0.61813682
v -0.07903213 -0.34750292 0.60006982
v -0.08755946 -0.37752712 0.58645654
v -0.12379807 -0.33114603 0.56404144
v -0.13448176 -0.36140117 0.54803669
v -0.17081384 -0.30587307 0.52510512
v -0.18402328 -0.33382845 0.50293738
v -0.21139665 -0.27415460 0.50269067
v -0.23306057 -0.28999677 0.47318575
v -0.03262110 -0.44327554 0.51374453
v 0.02425567 -0.44427168 0.52855492
v -0.08221959 -0.43605343 0.49142024
v -0.12839872 -0.42218593 0.45464653
v -0.16761394 -0.40738246 0.41107634
v -0.24396831 -0.35131219 0.39647630
v -0.20760649 -0.38995096 0.36167651
v -0.25302300 -0.36141229 0.31560698
v -0.28645852 -0.33243698 0.25528535
v -0.33082998 -0.28097060 0.19719879
v -0.37399185 -0.20992307 0.14641547
v -0.39978895 -0.13140517 0.10820172
v -0.42060602 -0.05400201 0.12785813
v -0.06963169 -0.31997982 0.60407275
v -0.02536456 -0.32037050 0.62314260
v -0.11527052 -0.30417538 0.57186973
v -0.15715259 -0.27895215 0.54216778
v -0.19335547 -0.25310260 0.52501959
v -0.22460961 -0.17557919 0.53207517
v -0.21698850 -0.21591184 0.52607465
v -0.21472837 -0.09648512 0.55327600
v -0.21988997 -0.13562651 0.54248548
v -0.26812524 -0.04810274 0.52645147
v -0.27785054 -0.10468642 0.50200605
v -0.24979937 -0.12610117 0.52302349
v -0.24236146 -0.07577994 0.54093003
v -0.29138073 -0.00824495 0.51139951
v -0.30509052 -0.07379258 0.47922632
v -0.02868269 -0.45316353 0.47247517
v 0.02299878 -0.45647952 0.47724092
v -0.07264152 -0.44779834 0.45218492
v -0.11230601 -0.44011518 0.41688892
v -0.14095531 -0.43310115 0.37417585
v -0.17141521 -0.42262936 0.32739031
v -0.20483091 -0.40696618 0.27655241
v -0.24654138 -0.37794906 0.22083674
v -0.30152261 -0.32145649 0.15616032
v -0.35473418 -0.23801048 0.10302316
v -0.38311172 -0.15611704 0.06551086
v -0.11969079 -0.46635681 0.28997797
v -0.09351918 -0.46437338 0.32842869
v -0.06972260 -0.46586254 0.36390600
v -0.04924266 -0.46851993 0.39488870
v -0.01921706 -0.47517940 0.38906619
v 0.02168343 -0.47619298 0.38109314
v -0.01756873 -0.48470336 0.33715925
v 0.02208104 -0.48371148 0.33560473
v -0.03377541 -0.49674800 0.30722022
v 0.02205402 -0.49687228 0.30927044
v -0.04854552 -0.51256698 0.28390926
v 0.02137562 -0.52425677 0.28416055
v -0.23895605 -0.23172179 0.50140089
v -0.26667169 -0.23210332 0.46948633
v -0.27933538 -0.16773850 0.48099706
v -0.30895272 -0.14579183 0.45027158
v -0.29923272 -0.22268733 0.43132615
v -0.25175911 -0.18034121 0.50837284
v -0.33426437 -0.19455567 0.38888502
v -0.33869922 -0.11243379 0.41832450
v -0.33174852 -0.03348722 0.45772022
v -0.36095071 -0.08017480 0.38887799
v -0.36191291 -0.15518135 0.35039011
v -0.35594240 -0.00327403 0.43298534
v -0.37516710 0.02428802 0.40791506
v -0.37961516 -0.04341947 0.36024630
v -0.38090515 -0.11420523 0.32021171
v -0.26625836 -0.30354831 0.42135051
v -0.39835322 -0.06737113 0.28444144
v -0.39149407 0.05097500 0.37969112
v -0.39360937 -0.01038585 0.33299169
v -0.40772909 0.08795337 0.34380123
v -0.41172436 0.03627548 0.29432625
v -0.41504806 -0.01838088 0.24526523
v -0.43036729 -0.00229485 0.15524700
v 0.02719807 -0.31660640 0.62782103
v -0.38664466 -0.05079458 -0.01914419
v -0.11443821 -0.05173834 0.59959430
v -0.07946157 -0.04077762 0.61365712
v -0.04724801 -0.03655583 0.63048482
v -0.02188711 -0.03452019 0.64590609
v 0.00262873 -0.03489535 0.65376890
v 0.01911503 -0.58971751 0.23344906
v 0.02951730 0.39589044 0.62073195
v 0.01988194 -0.55148923 0.26093146
v 0.02307344 -0.24444728 0.54204690
v 0.02091312 0.96930569 0.13941190
v 0.02685271 -0.28691787 0.61918533
v 0.02366130 -0.21784073 0.55727142
v 0.03055066 0.14315169 0.72363317
v 0.02669593 -0.26055828 0.61422175
v 0.02733557 -0.20009944 0.65405434
v 0.02685144 -0.16289808 0.64482844
v 0.03040915 0.64396507 0.56114733
v 0.02747290 -0.17932831 0.65259171
v 0.02669966 -0.02326155 0.65464699
v 0.03059544 0.11545610 0.74307150
v 0.02630511 -0.15370806 0.63622981
v -0.00406591 -0.11718236 -0.44096521
v 0.02710145 -0.21708119 0.63987237
v 0.02386553 -0.17945352 0.58783555
v 0.02559116 -0.15540265 0.62334150
v 0.02589448 -0.08751263 0.58293575
v 0.02732730 -0.03933628 0.65246099
v 0.02943096 0.25247440 0.63774836
v -0.00295905 0.11147303 -0.59451383
v 0.02919045 0.23357394 0.65368402
v 0.02658960 0.80387467 0.45468456
v 0.02934857 0.70973754 0.52619702
v 0.03031903 0.16912252 0.70369321
v 0.00128624 0.51154226 -0.66981351
v 0.00204800 0.61790687 -0.64945072
v 0.02979490 0.52209747 0.59820342
v 0.01225351 0.97296870 -0.26703334
v 0.03056680 0.09033280 0.75520182
v 0.02770193 0.00472257 0.68626404
v 0.02376914 0.91865367 0.29919988
v -0.00100302 0.29164553 -0.65958875
v 0.00823499 0.90867239 -0.42374939
v 0.02692277 -0.13799690 0.65098888
v 0.02242068 0.94670296 0.22319286
v 0.02642499 -0.14821424 0.63294995
v 0.02884036 0.02526372 0.73552448
v -0.00186132 0.19207236 -0.63101506
v -0.00034229 0.37949240 -0.67179674
v 0.02669371 -0.07777015 0.65532738
v 0.02703166 -0.05433560 0.65247452
v 0.01037604 0.94815588 -0.34801924
v 0.03065658 0.43580627 0.61920893
v 0.02686328 -0.09240325 0.66241407
v 0.02817019 0.31216305 0.60995215
v 0.02748674 -0.10893556 0.66597629
v 0.01887920 -0.62467158 0.21540456
v 0.00473501 0.77601713 -0.56772000
v 0.02722603 -0.12466587 0.66080487
v 0.02598898 -0.13394389 0.60644799
v 0.03007438 0.19262350 0.68495411
v 0.02585161 -0.11104254 0.59169328
v 0.03021106 0.57772744 0.58414978
v 0.02697471 -0.00851530 0.66085249
v 0.02724081 -0.00520574 0.66407073
v 0.02810466 0.29372641 0.61313444
v 0.02741770 0.75934273 0.49237213
v 0.02857395 0.32847723 0.61027789
v 0.02736771 -0.01273913 0.65818882
v 0.00374529 0.71390462 -0.60894448
v 0.01466290 0.99050754 -0.15444463
v 0.01649960 0.99360341 -0.07064994
v 0.02874139 0.27209002 0.62373602
v 0.03001251 0.21475707 0.66833848
v -0.00395234 -0.19098985 -0.43206781
v 0.02992125 0.04797486 0.75345981
v 0.03031096 0.06641463 0.75764823
v 0.02490896 0.88399357 0.36326805
v -0.00364318 0.05391117 -0.55878282
v 0.01891481 0.98652840 0.03930444
v 0.02572314 0.84467888 0.41255739
v -0.00374745 -0.04292515 -0.47355828
v -0.00379620 0.01424162 -0.52193564
v 0.02847932 0.01732122 0.72379869
v 0.02799995 0.34887439 0.61403203
v 0.02792526 0.00908145 0.70373964
v 0.00664799 0.85631603 -0.49261829
v 0.02746993 -0.00010696 0.67209041
v 0.07163928 0.07176077 0.62061042
v 0.44742188 -0.06204133 0.18285638
v 0.43840501 -0.10702655 0.13377120
v 0.42044204 -0.17435479 0.17051332
v 0.43138212 -0.12676942 0.21909717
v 0.38966435 -0.24110720 0.21728842
v 0.41055429 -0.18348639 0.26060390
v 0.35435104 -0.29189876 0.26801297
v 0.38299102 -0.23349454 0.30068904
v 0.00085676 0.02537629 0.72016305
v 0.00787401 0.01619884 0.70338839
v 0.32478717 -0.32422692 0.32512692
v 0.35379958 -0.26873529 0.34778139
v -0.07210915 0.26748040 0.52489454
v -0.02511571 0.01130194 0.63990796
v -0.01597685 0.15469614 0.68294257
v -0.06157202 0.26831850 0.52814209
v 0.23729469 -0.35799667 0.46084559
v 0.22557533 -0.38579017 0.43042594
v 0.18319996 -0.40565902 0.48108345
v 0.18801257 -0.38600245 0.51342911
v -0.04123877 0.01382985 0.63303864
v 0.13770570 -0.42390582 0.52796590
v 0.14179987 -0.40303174 0.55898809
v 0.08753332 -0.43109199 0.55658764
v 0.08794694 -0.40861771 0.58848810
v -0.01345357 0.19864812 0.65192825
v -0.02456854 0.25994745 0.57741457
v 0.08220060 -0.35148665 0.61850232
v 0.08620697 -0.38176301 0.60826582
v -0.01359714 0.17639245 0.66820902
v -0.07939477 0.03094262 0.64233458
v -0.06606981 0.01602906 0.63105524
v -0.01676076 0.06664699 0.74037760
v -0.02163605 0.08484159 0.73397821
v 0.13056900 -0.34815362 0.59268773
v -0.02017580 0.04671900 0.72456473
v -0.00340026 0.03278916 0.72861749
v 0.13867261 -0.37800932 0.57874042
v -0.08638140 0.26608253 0.52565777
v -0.12304121 0.27540326 0.49524397
v -0.01168756 0.05280013 0.73891109
v 0.00765345 0.03722942 0.74181384
v -0.10772511 0.26966679 0.51533973
v -0.07914186 0.26685065 0.52513409
v -0.05064863 0.05756972 0.69393229
v -0.01582731 0.25166970 0.60204905
v 0.17359355 -0.33207363 0.55402797
v 0.18339583 -0.36262095 0.53758669
v 0.21815416 -0.30723017 0.51287764
v 0.23079276 -0.33515918 0.48963726
v -0.06941193 0.04822086 0.66818607
v 0.25737685 -0.27586952 0.48933128
v 0.27797756 -0.29153532 0.45865625
v 0.08119348 -0.44378287 0.50923449
v -0.09342382 0.26616618 0.52581555
v -0.10010263 0.26688814 0.52396762
v -0.01977745 0.13105482 0.70022118
v 0.12852651 -0.43563697 0.48268604
v 0.17310604 -0.42100522 0.44315434
v 0.21082656 -0.40535310 0.39841175
v 0.28635043 -0.35039273 0.38107324
v -0.11805890 0.27275446 0.51205909
v 0.00975906 0.00740309 0.67096460
v -0.03753970 0.05347009 0.70754057
v -0.02794128 0.04992154 0.71675944
v 0.00553637 0.00421699 0.65917224
v 0.24925859 -0.38730532 0.34775761
v 0.29286319 -0.35790941 0.29874635
v -0.04821831 0.26633552 0.53958529
v 0.32197624 -0.32812309 0.23506185
v -0.01290079 0.23559782 0.62236708
v -0.01315796 0.21685374 0.63806266
v 0.36322984 -0.27743158 0.17488798
v 0.40277946 -0.20844333 0.12304536
v 0.01070240 0.01162847 0.68677646
v 0.42572272 -0.13187629 0.08405633
v 0.44759738 -0.05657412 0.10536490
v 0.12197974 -0.32070959 0.59690171
v 0.07874767 -0.32094097 0.61893672
v 0.16543400 -0.30520961 0.56257939
v -0.02175981 0.10659273 0.71991998
v 0.20496275 -0.28046367 0.52999055
v 0.24062248 -0.25499728 0.51215684
v 0.27246195 -0.17829801 0.51875651
v -0.00997196 0.00842242 0.64950031
v 0.26460338 -0.21837659 0.51297551
v 0.26442012 -0.09943365 0.54141319
v 0.26887831 -0.13834937 0.52983844
v 0.31717706 -0.05245797 0.51227516
v 0.32447058 -0.10831624 0.48690787
v 0.29729497 -0.12897898 0.50889349
v 0.02936425 0.03518885 0.74521875
v -0.00715460 0.04161166 0.73444790
v 0.29181841 -0.07939891 0.52770793
v 0.33979610 -0.01298973 0.49662516
v 0.35062611 -0.07832643 0.46289024
v 0.07582957 -0.45356357 0.46705541
v -0.16401477 0.35747403 0.57263541
v -0.16449940 0.34274608 0.56372732
v 0.11864804 -0.44722459 0.44364235
v 0.15664160 -0.43862662 0.40635708
v 0.18308213 -0.43078458 0.36241150
v 0.21294004 -0.41934648 0.31445339
v 0.24459776 -0.40215185 0.26186791
v 0.28272340 -0.37166396 0.20259684
v -0.11960220 0.37400222 0.59797442
v -0.00345771 0.37267646 0.61604929
v -0.03862360 0.37402967 0.61293024
v 0.33396941 -0.31609470 0.13405100
v -0.16378951 0.30513588 0.55533940
v -0.16861205 0.29498899 0.54324704
v -0.16344218 0.32940271 0.55656654
v -0.16959818 0.29268807 0.55043995
v -0.16619095 0.29794449 0.55375266
v 0.38232583 -0.23481162 0.07847950
v -0.16232121 0.32493633 0.55415177
v 0.40680143 -0.15505517 0.04015514
v -0.16343160 0.31945664 0.55426079
v 0.16078201 -0.46382645 0.27857688
v -0.15834638 0.37376904 0.58619905
v 0.13622437 -0.46239078 0.31856760
v 0.11436482 -0.46350384 0.35567299
v -0.16263422 0.31273028 0.55494541
v -0.16642103 0.30831233 0.53301871
v 0.09415765 -0.46647170 0.38759369
v -0.16752358 0.30897659 0.50606650
v 0.06364922 -0.47276416 0.38431847
v 0.02884668 0.37087741 0.61787796
v -0.11004257 0.44218898 0.60838735
v -0.30412060 0.45210645 0.47044802
v 0.06176700 -0.48144928 0.33223274
v -0.32486582 0.41672105 0.45249113
v 0.07697341 -0.49466929 0.30137917
v -0.28528717 0.18085162 0.48959106
v -0.30399621 0.18742642 0.47344655
v -0.09460942 0.39882684 0.61570364
v 0.09060448 -0.51025242 0.27736104
v 0.28457260 -0.23366947 0.48676825
v 0.31053185 -0.23431487 0.45331839
v 0.32374084 -0.17062405 0.46469396
v 0.35169154 -0.14913304 0.43285531
v -0.14150047 0.58322501 0.55558926
v -0.17282578 0.88799137 0.25809464
v -0.13080913 0.53136337 0.57302272
v -0.22501358 0.48587212 0.53434426
v 0.34090516 -0.22540072 0.41380757
v -0.17367788 0.85957599 0.31676358
v 0.29779291 -0.18272774 0.49330622
v 0.37353793 -0.19790064 0.36972687
v 0.37980184 -0.11663236 0.39928135
v 0.37615442 -0.03799241 0.44081438
v 0.40095946 -0.08399244 0.36944193
v -0.27121717 0.47827908 0.49778458
v 0.39964542 -0.15921207 0.32989198
v -0.33669806 0.22342128 0.42799029
v -0.01500385 0.47844386 0.61061084
v -0.34635952 0.25939071 0.41394243
v 0.39927611 -0.00815247 0.41549161
v -0.06685959 0.48185030 0.60680717
v -0.15529260 0.96173573 -0.14347026
v 0.41755971 0.01993672 0.39033163
v 0.41900617 -0.04791058 0.34036115
v 0.41769540 -0.11802382 0.29944050
v 0.30932704 -0.30464494 0.40446788
v -0.06059637 0.35316133 0.59551948
v 0.43393087 -0.07185078 0.26314497
v -0.21846613 0.18384869 0.52208686
v -0.23875162 0.18212572 0.51427114
v 0.43238968 0.04629570 0.36174369
v -0.17699963 0.95460480 -0.07039539
v -0.32962087 0.20723122 0.44142589
v -0.16026291 0.70087320 0.48856524
v -0.03326242 0.31387135 0.57443166
v -0.04337931 0.33111182 0.58070427
v -0.16594036 0.74581939 0.45099247
v 0.43207899 -0.01412670 0.31340399
v 0.44700933 0.08313340 0.32566264
v 0.44788247 0.03240028 0.27456611
v -0.16956414 0.78768659 0.40873995
v 0.44828284 -0.02176302 0.22424617
v 0.45912081 -0.00607994 0.13297758
v -0.17410140 0.91193759 0.18924290
v -0.10845032 0.20140427 0.53914136
v 0.40371826 -0.05322088 -0.04730684
v 0.16703445 -0.05468154 0.59192544
v 0.13268515 -0.04368822 0.60805196
v -0.34126088 0.37611148 0.43630385
v -0.34939089 0.33310714 0.42614818
v -0.17886482 0.94701999 0.01812556
v -0.16960265 0.18881899 0.53445619
v -0.34971201 0.29541868 0.41705453
v -0.08354402 0.97625452 -0.19610694
v 0.10115777 -0.03888267 0.62713856
v -0.31887659 0.19556993 0.45719403
v 0.07663873 -0.03631879 0.64408374
v 0.05212152 -0.03592363 0.65304494
v -0.17645429 0.48636073 0.56636518
v -0.19524276 0.18570113 0.52924758
v -0.02897494 0.29538250 0.56793565
v -0.07915428 0.21532835 0.54152513
v -0.05612359 0.23565345 0.54564130
v -0.17212206 0.82590967 0.36600119
v -0.04230017 0.25253314 0.55170602
v -0.02999081 0.27698216 0.56198663
v -0.13877438 0.19255319 0.53799087
v -0.15246791 0.64240605 0.52845675
v -0.17542052 0.93225527 0.10785252
v -0.26188475 0.18098077 0.50321621
v 0.01335114 0.98189992 -0.21532479
v 0.02973075 0.47511703 0.61103135
v -0.03517245 0.26330948 0.55725139
v -0.07795925 0.37395462 0.60949802
v -0.12140529 0.48470759 0.59299624
v 0.02701927 -0.23797476 0.62200439
v -0.14517428 -0.12290889 0.58692151
v -0.15438297 -0.13787270 0.57756245
v -0.15275717 -0.17521536 0.55911958
v -0.09753055 -0.08863792 0.61699098
v -0.12616867 -0.10626655 0.60005510
v -0.09247970 -0.22438744 0.59877896
v -0.15653910 -0.15084417 0.56973851
v -0.05572224 -0.23310010 0.61676180
v -0.15867555 -0.16291146 0.56341672
v -0.01773431 -0.23686565 0.62443161
v 0.02691513 -0.06547606 0.65257609
v -0.03222828 -0.06456065 0.64830035
v -0.00256866 -0.06227851 0.65548211
v -0.06445080 -0.07379890 0.63358521
v -0.14085314 -0.19107875 0.56323320
v -0.12254556 -0.20972562 0.57826227
v 0.05606460 0.02414562 0.72003889
v 0.04780025 0.01552298 0.70330423
v 0.12452975 0.26426098 0.52179641
v 0.07928701 0.00925200 0.63869452
v 0.07568596 0.15381686 0.68183839
v 0.11454050 0.26549959 0.52474964
v 0.09551259 0.01122065 0.63080907
v 0.07225825 0.19785698 0.65079027
v 0.08048034 0.25852674 0.57547504
v 0.07277476 0.17546810 0.66701311
v 0.13442838 0.02711674 0.63895196
v 0.12033736 0.01205740 0.62815893
v 0.07612281 0.06520139 0.73901123
v 0.08148347 0.08363858 0.73278445
v 0.07867937 0.04486979 0.72364229
v 0.06112396 0.03151882 0.72818834
v 0.13789588 0.26245534 0.52251494
v 0.17294680 0.26981688 0.49102455
v 0.07074173 0.05143774 0.73786956
v 0.05091478 0.03636754 0.74147242
v 0.15737011 0.26448059 0.51018357
v 0.13111745 0.26337475 0.52208441
v 0.10814323 0.05497541 0.69186062
v 0.07325268 0.25101826 0.60085332
v 0.12563422 0.04500492 0.66517484
v 0.14447550 0.26243055 0.52226907
v 0.15055205 0.26296398 0.52023160
v 0.08033179 0.13040234 0.69936365
v 0.16786814 0.26604602 0.50678211
v 0.04533082 0.00597576 0.67128307
v 0.09574841 0.05092809 0.70625156
v 0.08641104 0.04762837 0.71575350
v 0.04909030 0.00251558 0.65942812
v 0.10140692 0.26408997 0.53642279
v 0.07097210 0.23517245 0.62139100
v 0.07152933 0.21624666 0.63709497
v 0.04451802 0.01058196 0.68682599
v 0.08235265 0.10594386 0.71919274
v 0.06427201 0.00656606 0.64898288
v 0.06563130 0.04026959 0.73374462
v 0.22034617 0.35553080 0.56436372
v 0.22012913 0.34132582 0.55572873
v 0.17660962 0.37096718 0.59234989
v 0.06112611 0.37148380 0.61454040
v 0.09632031 0.37197226 0.61092424
v 0.21505029 0.30350888 0.54882377
v 0.21967311 0.29073712 0.53820646
v 0.21766841 0.32845071 0.54797840
v 0.22017901 0.28943104 0.54448491
v 0.21696104 0.29553849 0.54784817
v 0.21542127 0.32375613 0.54623801
v 0.21562931 0.31815395 0.54642284
v 0.21480291 0.37105784 0.57831246
v 0.21436772 0.31129283 0.54754573
v 0.21775772 0.30325818 0.52769554
v 0.21836004 0.30337450 0.50077575
v 0.16839747 0.44007465 0.60305339
v 0.35592836 0.44852301 0.45789912
v 0.37505713 0.41320795 0.43906829
v 0.33429343 0.17512651 0.47664833
v 0.35161719 0.18186946 0.46002617
v 0.15258852 0.39662641 0.61165839
v 0.19738802 0.58016539 0.54639125
v 0.21818474 0.88503194 0.25003108
v 0.18809722 0.52903825 0.56574249
v 0.28026363 0.48281282 0.52441251
v 0.22092536 0.85600501 0.30883253
v 0.32471201 0.47477362 0.48642620
v 0.38261124 0.21858263 0.41320834
v 0.07416920 0.47744793 0.60854208
v 0.39265841 0.25469595 0.39905009
v 0.12561750 0.48046553 0.60276359
v 0.18481293 0.95840997 -0.15109381
v 0.11729693 0.35077062 0.59207338
v 0.26919901 0.17888498 0.51169831
v 0.28904602 0.17678668 0.50319803
v 0.20931391 0.95105892 -0.07904650
v 0.37602299 0.20191334 0.42701617
v 0.21364434 0.69644052 0.47914681
v 0.08982711 0.31190839 0.57208472
v 0.09974693 0.32874569 0.57800174
v 0.21664587 0.74034822 0.44289640
v 0.21912463 0.78285450 0.40080091
v 0.21698281 0.90934020 0.18101889
v 0.16028203 0.19724497 0.53288692
v 0.39011994 0.37223801 0.42212412
v 0.39756370 0.32883939 0.41218585
v 0.21479169 0.94359612 0.00951530
v 0.22151309 0.18376590 0.52584141
v 0.39741215 0.29078528 0.40282127
v 0.11088255 0.97372133 -0.20039134
v 0.36608523 0.18980211 0.44308922
v 0.23311748 0.48372385 0.55804503
v 0.24631263 0.18097545 0.51965791
v 0.08533152 0.29372835 0.56579274
v 0.13124481 0.21209839 0.53679621
v 0.10910514 0.23301829 0.54200339
v 0.22040287 0.82138503 0.35781735
v 0.09618644 0.25048402 0.54891151
v 0.08541918 0.27537680 0.55962998
v 0.18944535 0.18827996 0.53050584
v 0.20717272 0.63870090 0.51875943
v 0.21533217 0.92993832 0.09960191
v 0.31153408 0.17544161 0.49112099
v 0.08981073 0.26144642 0.55462164
v 0.13551995 0.37167370 0.60563409
v 0.17966956 0.48261011 0.58666247
v 0.19622435 -0.12590788 0.57763380
v 0.20442055 -0.14053619 0.56743979
v 0.20109177 -0.17742559 0.54831725
v 0.15068232 -0.09196904 0.61034077
v 0.17843661 -0.10964344 0.59177119
v 0.14307489 -0.22531404 0.59134358
v 0.20563477 -0.15309004 0.55906892
v 0.10806839 -0.23325026 0.61099106
v 0.20717865 -0.16502771 0.55209595
v 0.06977897 -0.23739018 0.62176734
v 0.08632783 -0.06629034 0.64579779
v 0.05645899 -0.06314369 0.65430814
v 0.11763013 -0.07619327 0.62904996
v 0.18961418 -0.19319943 0.55326861
v 0.17236602 -0.21128923 0.56894261
v 0.22370419 0.27550381 0.44913733
v -0.17527074 0.28049776 0.45425454
v 0.21605660 0.27422875 0.53117877
v 0.20593439 0.27436826 0.52946633
v 0.19657052 0.27454647 0.52669340
v 0.18868433 0.27473563 0.52335358
v 0.21627271 0.27626851 0.53124928
v 0.20635208 0.27837029 0.52961910
v 0.19718094 0.28035280 0.52691621
v 0.18946964 0.28206787 0.52361161
v 0.21688688 0.27822825 0.53131860
v 0.20755748 0.28221405 0.52973366
v 0.19892064 0.28593072 0.52708757
v 0.19165246 0.28909275 0.52383506
v 0.21786110 0.28002679 0.53136766
v 0.20947497 0.28574279 0.52984166
v 0.20171222 0.29106900 0.52722251
v 0.19517724 0.29556376 0.52399594
v 0.21918175 0.28160277 0.53138715
v 0.21205048 0.28883138 0.52989495
v 0.20544757 0.29555607 0.52730715
v 0.19988671 0.30122399 0.52411383
v 0.22077322 0.28289697 0.53140038
v 0.21518016 0.29136503 0.52991712
v 0.20999496 0.29922292 0.52733594
v 0.20563099 0.30585548 0.52413940
v 0.22259638 0.28384271 0.53139877
v 0.21874808 0.29323348 0.52989739
v 0.21517439 0.30193904 0.52731341
v 0.21216306 0.30927467 0.52411228
v 0.22456917 0.28442633 0.53135902
v 0.22261544 0.29437324 0.52984929
v 0.22078478 0.30359900 0.52724779
v 0.21922800 0.31136754 0.52402705
v 0.22661325 0.28461406 0.53130138
v 0.22662649 0.29474458 0.52975160
v 0.22661221 0.30413407 0.52711689
v 0.22657551 0.31204918 0.52387595
v 0.22865662 0.28439865 0.53124881
v 0.23063627 0.29431924 0.52964252
v 0.23243465 0.30352095 0.52695221
v 0.23391272 0.31126925 0.52366161
v 0.23061964 0.28378606 0.53117168
v 0.23448545 0.29312769 0.52949524
v 0.23801497 0.30178845 0.52674693
v 0.24095303 0.30908388 0.52340776
v 0.23243001 0.28281429 0.53108871
v 0.23802520 0.29121172 0.52934009
v 0.24316609 0.29900342 0.52651328
v 0.24744228 0.30557963 0.52311534
v 0.23400164 0.28149787 0.53098994
v 0.24112570 0.28863716 0.52916020
v 0.24766713 0.29527849 0.52625823
v 0.25312424 0.30087376 0.52280170
v 0.23530124 0.27990684 0.53089184
v 0.24366784 0.28552052 0.52897817
v 0.25134611 0.29074559 0.52598578
v 0.25776663 0.29515564 0.52245289
v 0.23624836 0.27809694 0.53078908
v 0.24553552 0.28196844 0.52877212
v 0.25406981 0.28557503 0.52570719
v 0.26120326 0.28864378 0.52210402
v 0.23683225 0.27613279 0.53068745
v 0.24666953 0.27811337 0.52856660
v 0.25572574 0.27998123 0.52542090
v 0.26328576 0.28159600 0.52175194
v 0.23701842 0.27409452 0.53059441
v 0.24703887 0.27411333 0.52838439
v 0.25625247 0.27417707 0.52515101
v 0.26396108 0.27426744 0.52142328
v 0.23679590 0.27206182 0.53050256
v 0.24660327 0.27011564 0.52820885
v 0.25562763 0.26837784 0.52490646
v 0.26316839 0.26695403 0.52112263
v 0.23618869 0.27009717 0.53045434
v 0.24541895 0.26628149 0.52809811
v 0.25389677 0.26280752 0.52472228
v 0.26098689 0.25993598 0.52088696
v 0.23521443 0.26830068 0.53041571
v 0.24349335 0.26275620 0.52798492
v 0.25111157 0.25768062 0.52458382
v 0.25748056 0.25345865 0.52072233
v 0.23390538 0.26672128 0.53041893
v 0.24093510 0.25966224 0.52796096
v 0.24738607 0.25319058 0.52450418
v 0.25278381 0.24778290 0.52063924
v 0.23231225 0.26544166 0.53036547
v 0.23780158 0.25713736 0.52791739
v 0.24285175 0.24950954 0.52448100
v 0.24705073 0.24314800 0.52059066
v 0.23049623 0.26448631 0.53037894
v 0.23424907 0.25525600 0.52794152
v 0.23767039 0.24679157 0.52450120
v 0.24052283 0.23971404 0.52061915
v 0.22852457 0.26389986 0.53040308
v 0.23038477 0.25410911 0.52799278
v 0.23207101 0.24511957 0.52458364
v 0.23345423 0.23760647 0.52071333
v 0.22648148 0.26370609 0.53046209
v 0.22637357 0.25373679 0.52808630
v 0.22624257 0.24457192 0.52471393
v 0.22610489 0.23691730 0.52087504
v 0.22443879 0.26391819 0.53052825
v 0.22236668 0.25414681 0.52821493
v 0.22042073 0.24517439 0.52489370
v 0.21876204 0.23768389 0.52108645
v 0.22247425 0.26452544 0.53062278
v 0.21851408 0.25533381 0.52837235
v 0.21483344 0.24690785 0.52510017
v 0.21172076 0.23986718 0.52134609
v 0.22066428 0.26549831 0.53073472
v 0.21497300 0.25725639 0.52853602
v 0.20969358 0.24969268 0.52533007
v 0.20523503 0.24337739 0.52164567
v 0.21908902 0.26681051 0.53080207
v 0.21187380 0.25982386 0.52872324
v 0.20519021 0.25342277 0.52559656
v 0.19955176 0.24807790 0.52199978
v 0.21778959 0.26840502 0.53088719
v 0.20933756 0.26294678 0.52889884
v 0.20150712 0.25795716 0.52587771
v 0.19490609 0.25380918 0.52233851
v 0.22656544 0.27414536 0.53157139
v 0.21683641 0.27021492 0.53098726
v 0.20745578 0.26650429 0.52909815
v 0.19877684 0.26312473 0.52616519
v 0.19146861 0.26033777 0.52269322
v 0.21624587 0.27218220 0.53108650
v 0.20630087 0.27035496 0.52929515
v 0.19712105 0.26872671 0.52642900
v 0.18938605 0.26740068 0.52301633
v 0.18097906 0.27494204 0.51911503
v 0.16902319 0.27536404 0.51003939
v 0.15874800 0.27586070 0.49865314
v 0.15102857 0.27638713 0.48605746
v 0.14618397 0.27688962 0.47392625
v 0.14416078 0.27771679 0.45156431
v 0.14521873 0.27854469 0.42907754
v 0.14952958 0.27900711 0.41671956
v 0.15669379 0.27946609 0.40377393
v 0.16646129 0.27985927 0.39192256
v 0.17845036 0.28016245 0.38196823
v 0.19222364 0.28035825 0.37440789
v 0.20722423 0.28043669 0.36958790
v 0.18191083 0.28375149 0.51942110
v 0.17019743 0.28644222 0.51043838
v 0.16012040 0.28889507 0.49913791
v 0.15254784 0.29086542 0.48658827
v 0.14779790 0.29226825 0.47447950
v 0.14579403 0.29339936 0.45211703
v 0.14681977 0.29392293 0.42965376
v 0.15104376 0.29348159 0.41724882
v 0.15805972 0.29249522 0.40424347
v 0.16762650 0.29093316 0.39232549
v 0.17936751 0.28887138 0.38227865
v 0.19283929 0.28635484 0.37462360
v 0.20753913 0.28349420 0.36969411
v 0.18454880 0.29219916 0.51968706
v 0.17350546 0.29709733 0.51077187
v 0.16401568 0.30141833 0.49953082
v 0.15687418 0.30478045 0.48703381
v 0.15238233 0.30703413 0.47493783
v 0.15046617 0.30845621 0.45258835
v 0.15139881 0.30868939 0.43012485
v 0.15535922 0.30739734 0.41768420
v 0.16194431 0.30501702 0.40464163
v 0.17092443 0.30158395 0.39266574
v 0.18195724 0.29722723 0.38255006
v 0.19463159 0.29211572 0.37480479
v 0.20845500 0.28642669 0.36978307
v 0.18876645 0.29997715 0.51988882
v 0.17883183 0.30689362 0.51102310
v 0.17027700 0.31293339 0.49983051
v 0.16383024 0.31758180 0.48736483
v 0.15976444 0.32061464 0.47530359
v 0.15798999 0.32231218 0.45295048
v 0.15878020 0.32226828 0.43046880
v 0.16231261 0.32019508 0.41802117
v 0.16819932 0.31653199 0.40494677
v 0.17623866 0.31138119 0.39293185
v 0.18613425 0.30492449 0.38275248
v 0.19750492 0.29741001 0.37494296
v 0.20992368 0.28912941 0.36985055
v 0.19444403 0.30677706 0.52000719
v 0.18597440 0.31545877 0.51117587
v 0.17866881 0.32300782 0.50001460
v 0.17315382 0.32877553 0.48758218
v 0.16966864 0.33250675 0.47554088
v 0.16808125 0.33442235 0.45318985
v 0.16868123 0.33415341 0.43069750
v 0.17163268 0.33138800 0.41824529
v 0.17658173 0.32660630 0.40515554
v 0.18336783 0.31994909 0.39309806
v 0.19173495 0.31165913 0.38288832
v 0.20136847 0.30204690 0.37503564
v 0.21189088 0.29148090 0.36989462
v 0.20133680 0.31234697 0.52005237
v 0.19465359 0.32246774 0.51123267
v 0.18886974 0.33125085 0.50009364
v 0.18448502 0.33793998 0.48767164
v 0.18169694 0.34223649 0.47563386
v 0.18034305 0.34435302 0.45329690
v 0.18070705 0.34388912 0.43081018
v 0.18295611 0.34055442 0.41834629
v 0.18677390 0.33485076 0.40523976
v 0.19203584 0.32695958 0.39318219
v 0.19854893 0.31716642 0.38294959
v 0.20606060 0.30584580 0.37507591
v 0.21427767 0.29341999 0.36991414
v 0.20918113 0.31645197 0.52001762
v 0.20453888 0.32765421 0.51120067
v 0.20048770 0.33735269 0.50005931
v 0.19739994 0.34471411 0.48763821
v 0.19539410 0.34943622 0.47559214
v 0.19432515 0.35169786 0.45326942
v 0.19439766 0.35109186 0.43079445
v 0.19586046 0.34733203 0.41832024
v 0.19838251 0.34095415 0.40521744
v 0.20191307 0.33214533 0.39315534
v 0.20630807 0.32124153 0.38293397
v 0.21139805 0.30864820 0.37506571
v 0.21700326 0.29484421 0.36990759
v 0.21768539 0.31897214 0.51990855
v 0.21525480 0.33082098 0.51107103
v 0.21308483 0.34107745 0.49991089
v 0.21138868 0.34886229 0.48747078
v 0.21024460 0.35382766 0.47543535
v 0.20945907 0.35616866 0.45310679
v 0.20924549 0.35548189 0.43062857
v 0.20984440 0.35147554 0.41817385
v 0.21097054 0.34467754 0.40507892
v 0.21261258 0.33530545 0.39303744
v 0.21470776 0.32372272 0.38283584
v 0.21718857 0.31036234 0.37500185
v 0.21995182 0.29572499 0.36987540
v 0.22651652 0.31977671 0.51973462
v 0.22636701 0.33183613 0.51085204
v 0.22615999 0.34228271 0.49964735
v 0.22591537 0.35020366 0.48718911
v 0.22566786 0.35524818 0.47514105
v 0.22518922 0.35760334 0.45282400
v 0.22466850 0.35689816 0.43032324
v 0.22436574 0.35281476 0.41789827
v 0.22403720 0.34588033 0.40483791
v 0.22372156 0.33632338 0.39282805
v 0.22343847 0.32452786 0.38267747
v 0.22320011 0.31090736 0.37488967
v 0.22301666 0.29599887 0.36981803
v 0.23533256 0.31885636 0.51947874
v 0.23747173 0.33067262 0.51054519
v 0.23921905 0.34091359 0.49929410
v 0.24042578 0.34867978 0.48679680
v 0.24107641 0.35363600 0.47471452
v 0.24088064 0.35597342 0.45237765
v 0.24007165 0.35528630 0.42992190
v 0.23886958 0.35128903 0.41751051
v 0.23708685 0.34450769 0.40448108
v 0.23481175 0.33515808 0.39253345
v 0.23215868 0.32360423 0.38244057
v 0.22920398 0.31027889 0.37473109
v 0.22607771 0.29567972 0.36973795
v 0.24379922 0.31622627 0.51917654
v 0.24814221 0.32737434 0.51016241
v 0.25177044 0.33702993 0.49884978
v 0.25436610 0.34435788 0.48631194
v 0.25587139 0.34905788 0.47418788
v 0.25596252 0.35131225 0.45184326
v 0.25486159 0.35070825 0.42940745
v 0.25280121 0.34696674 0.41701639
v 0.24962899 0.34062088 0.40404463
v 0.24547824 0.33185551 0.39216268
v 0.24052767 0.32100904 0.38215852
v 0.23497373 0.30848294 0.37453410
v 0.22901504 0.29475492 0.36963928
v 0.25160328 0.31201842 0.51883054
v 0.25797033 0.32206070 0.50972486
v 0.26331523 0.33077788 0.49833935
v 0.26719388 0.33742002 0.48573866
v 0.26948148 0.34168768 0.47359595
v 0.26984757 0.34379232 0.45123017
v 0.26846722 0.34333292 0.42879444
v 0.26562411 0.34002364 0.41645193
v 0.26116508 0.33436626 0.40353972
v 0.25529316 0.32653925 0.39173943
v 0.24823689 0.31682938 0.38182262
v 0.24027544 0.30560598 0.37430447
v 0.23172143 0.29328996 0.36952379
v 0.25842920 0.30635387 0.51845020
v 0.26656196 0.31494063 0.50924730
v 0.27341983 0.32240319 0.49777398
v 0.27841809 0.32810923 0.48511761
v 0.28139564 0.33179754 0.47293824
v 0.28199410 0.33370465 0.45055926
v 0.28037983 0.33344287 0.42812824
v 0.27684200 0.33071119 0.41583407
v 0.27126113 0.32598758 0.40299144
v 0.26387739 0.31941277 0.39126247
v 0.25498322 0.31122860 0.38145241
v 0.24492037 0.30174166 0.37405127
v 0.23407747 0.29131544 0.36939916
v 0.26401243 0.29948324 0.51804602
v 0.27359939 0.30628183 0.50873858
v 0.28169230 0.31222343 0.49718848
v 0.28761339 0.31679845 0.48446447
v 0.29115894 0.31978649 0.47223794
v 0.29194593 0.32146430 0.44985634
v 0.29014337 0.32143012 0.42744616
v 0.28603247 0.31939599 0.41518518
v 0.27952632 0.31580046 0.40240285
v 0.27090436 0.31074876 0.39077258
v 0.26050308 0.30441773 0.38106447
v 0.24872674 0.29705051 0.37378573
v 0.23602033 0.28893542 0.36926672
v 0.26813763 0.29165420 0.51763648
v 0.27880406 0.29641902 0.50822884
v 0.28782216 0.30062741 0.49659392
v 0.29442534 0.30390680 0.48380461
v 0.29838958 0.30610836 0.47153339
v 0.29931182 0.30750045 0.44914567
v 0.29736745 0.30775371 0.42675969
v 0.29283586 0.30650514 0.41452584
v 0.28564560 0.30420175 0.40181085
v 0.27610344 0.30087790 0.39026514
v 0.26458907 0.29666245 0.38067192
v 0.25153816 0.29171586 0.37352026
v 0.23745631 0.28621101 0.36913475
v 0.27065325 0.28317699 0.51721996
v 0.28198218 0.28572690 0.50772732
v 0.29156888 0.28805667 0.49601218
v 0.29858497 0.28993717 0.48315063
v 0.30280495 0.29128125 0.47086224
v 0.30381340 0.29238653 0.44845855
v 0.30177897 0.29292333 0.42607611
v 0.29698908 0.29252827 0.41389158
v 0.28938180 0.29162395 0.40123296
v 0.27927467 0.29018015 0.38977599
v 0.26707858 0.28826857 0.38028342
v 0.25325945 0.28592983 0.37325737
v 0.23833512 0.28326553 0.36900488
v 0.27146769 0.27436900 0.51684159
v 0.28301418 0.27463827 0.50725782
v 0.29278225 0.27500728 0.49545121
v 0.29993355 0.27544084 0.48254731
v 0.30423465 0.27588084 0.47022527
v 0.30528206 0.27667952 0.44782233
v 0.30320543 0.27751732 0.42542595
v 0.29832950 0.27802625 0.41328952
v 0.29059079 0.27857012 0.40069762
v 0.28030661 0.27908650 0.38931656
v 0.26789165 0.27954659 0.37992945
v 0.25381073 0.27992564 0.37301201
v 0.23861343 0.28020519 0.36888340
v 0.27050301 0.26557744 0.51645768
v 0.28182530 0.26355872 0.50681794
v 0.29140350 0.26196584 0.49495500
v 0.29842198 0.26095158 0.48200530
v 0.30262825 0.26049563 0.46963805
v 0.30362302 0.26100332 0.44720930
v 0.30158952 0.26212987 0.42485955
v 0.29680902 0.26353583 0.41274926
v 0.28921866 0.26552647 0.40020439
v 0.27913892 0.26800090 0.38890827
v 0.26697388 0.27083549 0.37960625
v 0.25318834 0.27392277 0.37279651
v 0.23829837 0.27714846 0.36877766
v 0.26788756 0.25712913 0.51619649
v 0.27851689 0.25290313 0.50645667
v 0.28751516 0.24943203 0.49454728
v 0.29409468 0.24702324 0.48155054
v 0.29803294 0.24570732 0.46914199
v 0.29893345 0.24592966 0.44670641
v 0.29699269 0.24734771 0.42437249
v 0.29248095 0.24961282 0.41228342
v 0.28532705 0.25299832 0.39979503
v 0.27583623 0.25734740 0.38856098
v 0.26438320 0.26247776 0.37934452
v 0.25139815 0.26816839 0.37261683
v 0.23738387 0.27421001 0.36868975
v 0.26369360 0.24933058 0.51602167
v 0.27321723 0.24308431 0.50621635
v 0.28124675 0.23790304 0.49423072
v 0.28711483 0.23421676 0.48118442
v 0.29062700 0.23211855 0.46876946
v 0.29139477 0.23205695 0.44632018
v 0.28959811 0.23376183 0.42398396
v 0.28551847 0.23681040 0.41193056
v 0.27906638 0.24147660 0.39948332
v 0.27051833 0.24754748 0.38830233
v 0.26020393 0.25477615 0.37913609
v 0.24852371 0.26287794 0.37247467
v 0.23591466 0.27151677 0.36862004
v 0.25803560 0.24252073 0.51589990
v 0.26607323 0.23450540 0.50604624
v 0.27284226 0.22781184 0.49401289
v 0.27777052 0.22299930 0.48094034
v 0.28070152 0.22021313 0.46851450
v 0.28128573 0.21993373 0.44605839
v 0.27968544 0.22186151 0.42372760
v 0.27619183 0.22560254 0.41169965
v 0.27067918 0.23139732 0.39928040
v 0.26338845 0.23897865 0.38812068
v 0.25460443 0.24804413 0.37900069
v 0.24466184 0.25823674 0.37238285
v 0.23394297 0.26916051 0.36857721
v 0.25113419 0.23694469 0.51583254
v 0.25738364 0.22748189 0.50595784
v 0.26262352 0.21955739 0.49391329
v 0.26642457 0.21382090 0.48083219
v 0.26866189 0.21045858 0.46839887
v 0.26901370 0.20998932 0.44594330
v 0.26765314 0.21211423 0.42362124
v 0.26486292 0.21643706 0.41159421
v 0.26048547 0.22315657 0.39918321
v 0.25472096 0.23196955 0.38804919
v 0.24779256 0.24254012 0.37894064
v 0.23997085 0.25444171 0.37234282
v 0.23156235 0.26722407 0.36855757
v 0.22288948 0.28037444 0.36773327
v 0.24327300 0.23282468 0.51585108
v 0.24748459 0.22228305 0.50598025
v 0.25099581 0.21343634 0.49394038
v 0.25350830 0.20701921 0.48086974
v 0.25496164 0.20324238 0.46842155
v 0.25503737 0.20264116 0.44597626
v 0.25395936 0.20490709 0.42366451
v 0.25195763 0.20965254 0.41162211
v 0.24887721 0.21705519 0.39920771
v 0.24484651 0.22678757 0.38806745
v 0.24003631 0.23847272 0.37896085
v 0.23463650 0.25164074 0.37235799
v 0.22883862 0.26579994 0.36856681
v 0.23477134 0.23029684 0.51595443
v 0.23677117 0.21910465 0.50611299
v 0.23839414 0.20969306 0.49408746
v 0.23951423 0.20286565 0.48102343
v 0.24011147 0.19884379 0.46859923
v 0.23990163 0.19816317 0.44615617
v 0.23911835 0.20051296 0.42383507
v 0.23797901 0.20550880 0.41179234
v 0.23629262 0.21332963 0.39935210
v 0.23414388 0.22363135 0.38819003
v 0.23163760 0.23599713 0.37904903
v 0.22884464 0.24992931 0.37242016
v 0.22588918 0.26492688 0.36859882
v 0.22594164 0.22947574 0.51614666
v 0.22564766 0.21807618 0.50633675
v 0.22531861 0.20848350 0.49434572
v 0.22498545 0.20153071 0.48130915
v 0.22468622 0.19743629 0.46891114
v 0.22419471 0.19671278 0.44648889
v 0.22370087 0.19910726 0.42412689
v 0.22346130 0.20418258 0.41207394
v 0.22323097 0.21213302 0.39961269
v 0.22304282 0.22261871 0.38840422
v 0.22290821 0.23518726 0.37922168
v 0.22283441 0.24939063 0.37253690
v 0.22282469 0.26465294 0.36865807
v 0.21711892 0.23039353 0.51639706
v 0.21454029 0.21923774 0.50664848
v 0.21226136 0.20985492 0.49472189
v 0.21047801 0.20305422 0.48171234
v 0.20928542 0.19904751 0.46933216
v 0.20848721 0.19837387 0.44690177
v 0.20829989 0.20072490 0.42455626
v 0.20896065 0.20571277 0.41246769
v 0.21018356 0.21351500 0.39996096
v 0.21194859 0.22378983 0.38870308
v 0.21418773 0.23612042 0.37944859
v 0.21682873 0.25001422 0.37269363
v 0.21976238 0.26497200 0.36873707
v 0.20865220 0.23301716 0.51671785
v 0.20387214 0.22254652 0.50704342
v 0.19971368 0.21375267 0.49518177
v 0.19654515 0.20738640 0.48222524
v 0.19449361 0.20364226 0.46985134
v 0.19341260 0.20305468 0.44743088
v 0.19351022 0.20532177 0.42508131
v 0.19503145 0.21004930 0.41295123
v 0.19764417 0.21741740 0.40040168
v 0.20128861 0.22709680 0.38907468
v 0.20581891 0.23871537 0.37974527
v 0.21105917 0.25180748 0.37289259
v 0.21682476 0.26588863 0.36883682
v 0.20085254 0.23723102 0.51708674
v 0.19405212 0.22785725 0.50749952
v 0.18817347 0.22001527 0.49571070
v 0.18371862 0.21434957 0.48280761
v 0.18088852 0.21103553 0.47047076
v 0.17952420 0.21058783 0.44805241
v 0.17991079 0.21271196 0.42567620
v 0.18221274 0.21701047 0.41352260
v 0.18611108 0.22367901 0.40091142
v 0.19147432 0.23241630 0.38951063
v 0.19810779 0.24288969 0.38008019
v 0.20575476 0.25468394 0.37312019
v 0.21411610 0.26735249 0.36894962
v 0.19402637 0.24289419 0.51749623
v 0.18546245 0.23498978 0.50800657
v 0.17807920 0.22839794 0.49628669
v 0.17250483 0.22367512 0.48344815
v 0.16898346 0.22094072 0.47115415
v 0.16738743 0.22069040 0.44873580
v 0.16800651 0.22261566 0.42633671
v 0.17100203 0.22632593 0.41414794
v 0.17601871 0.23205628 0.40147695
v 0.18289112 0.23954350 0.38997906
v 0.19136083 0.24848852 0.38044998
v 0.20110846 0.25854465 0.37337247
v 0.21175379 0.26932409 0.36907616
v 0.18843716 0.24977589 0.51790935
v 0.17842886 0.24366231 0.50852382
v 0.16981351 0.23859856 0.49689519
v 0.16331868 0.23500443 0.48411855
v 0.15922636 0.23297204 0.47186017
v 0.15744396 0.23294179 0.44945729
v 0.15825203 0.23464210 0.42704779
v 0.16181754 0.23765112 0.41480473
v 0.16775779 0.24224283 0.40205818
v 0.17586525 0.24820547 0.39048171
v 0.18584014 0.25529653 0.38083795
v 0.19730084 0.26323962 0.37363812
v 0.20981531 0.27170950 0.36920637
v 0.18431950 0.25762379 0.51832676
v 0.17322579 0.25354499 0.50905609
v 0.16369475 0.25021556 0.49751014
v 0.15652308 0.24789935 0.48480144
v 0.15201424 0.24665035 0.47256452
v 0.15009236 0.24690790 0.45018744
v 0.15103422 0.24831560 0.42776650
v 0.15501836 0.25053751 0.41547024
v 0.16163871 0.25384113 0.40265119
v 0.17066571 0.25807291 0.39097816
v 0.18175486 0.26305303 0.38123181
v 0.19449106 0.26857004 0.37390596
v 0.20838074 0.27442452 0.36933982
v 0.18179180 0.26611611 0.51872957
v 0.17005400 0.26425359 0.50957018
v 0.15996024 0.26279607 0.49810678
v 0.15237150 0.26188067 0.48545346
v 0.14761278 0.26148561 0.47327352
v 0.14560547 0.26202515 0.45089510
v 0.14663297 0.26314637 0.42845285
v 0.15086998 0.26450688 0.41612196
v 0.15790397 0.26641244 0.40322864
v 0.16749524 0.26876491 0.39146709
v 0.17926428 0.27144337 0.38160622
v 0.19276744 0.27434868 0.37416536
v 0.20750111 0.27737626 0.36946753
v -0.18461728 0.27893069 0.53631490
v -0.19472983 0.27907327 0.53456891
v -0.20408595 0.27925366 0.53176761
v -0.21197869 0.27944261 0.52843112
v -0.18439928 0.28096801 0.53639001
v -0.19431397 0.28307083 0.53473008
v -0.20349027 0.28505367 0.53201228
v -0.21120326 0.28676811 0.52870506
v -0.18379700 0.28292596 0.53646249
v -0.19312936 0.28691238 0.53487515
v -0.20176309 0.29062876 0.53220963
v -0.20902371 0.29379028 0.52893591
v -0.18282749 0.28472483 0.53651977
v -0.19121648 0.29044071 0.53498334
v -0.19898158 0.29576805 0.53236192
v -0.20551288 0.30026272 0.52912265
v -0.18150884 0.28629887 0.53655428
v -0.18864256 0.29352856 0.53505194
v -0.19524898 0.30025756 0.53245705
v -0.20080471 0.30592653 0.52925265
v -0.17992003 0.28759429 0.53657109
v -0.18551147 0.29606396 0.53508168
v -0.19070478 0.30392554 0.53249907
v -0.19506924 0.31056121 0.52930063
v -0.17809787 0.28854218 0.53656930
v -0.18194883 0.29793388 0.53506792
v -0.18551894 0.30664366 0.53248304
v -0.18853782 0.31398422 0.52928686
v -0.17612663 0.28912848 0.53654993
v -0.17808436 0.29907656 0.53503245
v -0.17991747 0.30830586 0.53242695
v -0.18147063 0.31607848 0.52920663
v -0.17408007 0.28931633 0.53650701
v -0.17406894 0.29944935 0.53495413
v -0.17408642 0.30884293 0.53231496
v -0.17412126 0.31676209 0.52906942
v -0.17203741 0.28909963 0.53645414
v -0.17006040 0.29902589 0.53485507
v -0.16826221 0.30823094 0.53216624
v -0.16678011 0.31598309 0.52887237
v -0.17007181 0.28848654 0.53637952
v -0.16620731 0.29783222 0.53470856
v -0.16267122 0.30649772 0.53196585
v -0.15973781 0.31379989 0.52862841
v -0.16826028 0.28751481 0.53629988
v -0.16266215 0.29591438 0.53455532
v -0.15752399 0.30371207 0.53174120
v -0.15324564 0.31029353 0.52834767
v -0.16668583 0.28619790 0.53621072
v -0.15956451 0.29333678 0.53438264
v -0.15302049 0.29998323 0.53149581
v -0.14755598 0.30558506 0.52804905
v -0.16538413 0.28460366 0.53612542
v -0.15702245 0.29021585 0.53421497
v -0.14933699 0.29544765 0.53124267
v -0.14291115 0.29986355 0.52772158
v -0.16443057 0.28279340 0.53603804
v -0.15514478 0.28666461 0.53403139
v -0.14660661 0.29027480 0.53098273
v -0.13946418 0.29334682 0.52740288
v -0.16383393 0.28082755 0.53594947
v -0.15398657 0.28280759 0.53386569
v -0.14492947 0.28467828 0.53074569
v -0.13736273 0.28629732 0.52709311
v -0.16364840 0.27878681 0.53587079
v -0.15361586 0.27880368 0.53370267
v -0.14438480 0.27886754 0.53051013
v -0.13666695 0.27896306 0.52680892
v -0.16385783 0.27674496 0.53579086
v -0.15403087 0.27479938 0.53355604
v -0.14498961 0.27305618 0.53030491
v -0.13744235 0.27163962 0.52653921
v -0.16447721 0.27478597 0.53573179
v -0.15523244 0.27096370 0.53342527
v -0.14673261 0.26748350 0.53010607
v -0.13962369 0.26461118 0.52630746
v -0.16545162 0.27298805 0.53568244
v -0.15715335 0.26742861 0.53332800
v -0.14952521 0.26234865 0.52995896
v -0.14315012 0.25812972 0.52611136
v -0.16677265 0.27141333 0.53564709
v -0.15972987 0.26434043 0.53325826
v -0.15326232 0.25785837 0.52985364
v -0.14786930 0.25246015 0.52598703
v -0.16836341 0.27012473 0.53562677
v -0.16285887 0.26181105 0.53321660
v -0.15781039 0.25418290 0.52979547
v -0.15360886 0.24782953 0.52590388
v -0.17018616 0.26917267 0.53562295
v -0.16642609 0.25993675 0.53320700
v -0.16298890 0.25147125 0.52979022
v -0.16014114 0.24440727 0.52589649
v -0.17215759 0.26858807 0.53563565
v -0.17029119 0.25879481 0.53324163
v -0.16859707 0.24980775 0.52984303
v -0.16720536 0.24231096 0.52596408
v -0.17420112 0.26839930 0.53567332
v -0.17430180 0.25843227 0.53330296
v -0.17442288 0.24927627 0.52993041
v -0.17455079 0.24163181 0.52609140
v -0.17624132 0.26861936 0.53571361
v -0.17830595 0.25885192 0.53339726
v -0.18024063 0.24989122 0.53007096
v -0.18188548 0.24240904 0.52626646
v -0.17820337 0.26923162 0.53578073
v -0.18215366 0.26004592 0.53352278
v -0.18581624 0.25162733 0.53025019
v -0.18892059 0.24459627 0.52649873
v -0.18000980 0.27021185 0.53584969
v -0.18568461 0.26197183 0.53366512
v -0.19096115 0.25440904 0.53046399
v -0.19540064 0.24810855 0.52676505
v -0.18158381 0.27151939 0.53594255
v -0.18878865 0.26453805 0.53385001
v -0.19545476 0.25814703 0.53070360
v -0.20106882 0.25282136 0.52706432
v -0.18288362 0.27311048 0.53603780
v -0.19132943 0.26765290 0.53404433
v -0.19913648 0.26267672 0.53097802
v -0.20570183 0.25855175 0.52737349
v -0.17412256 0.27884290 0.53676575
v -0.18383503 0.27491981 0.53613448
v -0.19320564 0.27121168 0.53422862
v -0.20185965 0.26784593 0.53123695
v -0.20914546 0.26507077 0.52771884
v -0.18441632 0.27689317 0.53622049
v -0.19434577 0.27506703 0.53438497
v -0.20352489 0.27344391 0.53149134
v -0.21125692 0.27211705 0.52807254
v -0.21966191 0.27964994 0.52415925
v -0.23161179 0.28006944 0.51507920
v -0.24190293 0.28056917 0.50371420
v -0.24964997 0.28110045 0.49114418
v -0.25451669 0.28160706 0.47901738
v -0.25657275 0.28243241 0.45666298
v -0.25551763 0.28325090 0.43418869
v -0.25120670 0.28370351 0.42183089
v -0.24405256 0.28415209 0.40888742
v -0.23429686 0.28454164 0.39703798
v -0.22231841 0.28484461 0.38708639
v -0.20855559 0.28504542 0.37952924
v -0.19356281 0.28513330 0.37471497
v -0.21874957 0.28844905 0.52450234
v -0.23046191 0.29114705 0.51550752
v -0.24055138 0.29360163 0.50422275
v -0.24813600 0.29558027 0.49167863
v -0.25290385 0.29698339 0.47957516
v -0.25492072 0.29810983 0.45722488
v -0.25390464 0.29862779 0.43476140
v -0.24969006 0.29817781 0.42236039
v -0.24268386 0.29718173 0.40935791
v -0.23312958 0.29561493 0.39744225
v -0.22140013 0.29355264 0.38739792
v -0.20793754 0.29104096 0.37974656
v -0.19324660 0.28819072 0.37482291
v -0.21612835 0.29689625 0.52478671
v -0.22716793 0.30179834 0.51586181
v -0.23666438 0.30612373 0.50463045
v -0.24381444 0.30949178 0.49213585
v -0.24831581 0.31174737 0.48003849
v -0.25024280 0.31316537 0.45770061
v -0.24931684 0.31339359 0.43523616
v -0.24536799 0.31209263 0.42279747
v -0.23879574 0.30970353 0.40975764
v -0.22982848 0.30626649 0.39778286
v -0.21880868 0.30191067 0.38767084
v -0.20614602 0.29680461 0.37992993
v -0.19233091 0.29112533 0.37491325
v -0.21191445 0.30467770 0.52500319
v -0.22185066 0.31159750 0.51612633
v -0.23040454 0.31764090 0.50494158
v -0.23685455 0.32229263 0.49247810
v -0.24092716 0.32532832 0.48040947
v -0.24271438 0.32702184 0.45807058
v -0.24193347 0.32697272 0.43558729
v -0.23841263 0.32489142 0.42314219
v -0.23253846 0.32121965 0.41006780
v -0.22451116 0.31606552 0.39805263
v -0.21462888 0.30960974 0.38787594
v -0.20327026 0.30210164 0.38006890
v -0.19086112 0.29383054 0.37498119
v -0.20625266 0.31147870 0.52514428
v -0.21471697 0.32016775 0.51630843
v -0.22201495 0.32771769 0.50513935
v -0.22752897 0.33348751 0.49270388
v -0.23102355 0.33721331 0.48065853
v -0.23261961 0.33913323 0.45831579
v -0.23203023 0.33885950 0.43582243
v -0.22909069 0.33608675 0.42336985
v -0.22415262 0.33129826 0.41027930
v -0.21738151 0.32463786 0.39822170
v -0.20902801 0.31634903 0.38801497
v -0.19940723 0.30674517 0.38016480
v -0.18888846 0.29618618 0.37502822
v -0.19936125 0.31705779 0.52520370
v -0.20604047 0.32717985 0.51637948
v -0.21181488 0.33596417 0.50523472
v -0.21619990 0.34265617 0.49280912
v -0.21899579 0.34695074 0.48076719
v -0.22035787 0.34906617 0.45842856
v -0.22000439 0.34859690 0.43594313
v -0.21776527 0.34525687 0.42347535
v -0.21395949 0.33954903 0.41036937
v -0.20871252 0.33165598 0.39831012
v -0.20221487 0.32186469 0.38808030
v -0.19471553 0.31054851 0.38020974
v -0.18650740 0.29812941 0.37504992
v -0.19150895 0.32116777 0.52518773
v -0.19615360 0.33237097 0.51636416
v -0.20019914 0.34207001 0.50521123
v -0.20329222 0.34943190 0.49278823
v -0.20530413 0.35415313 0.48073211
v -0.20638072 0.35641310 0.45840621
v -0.20631312 0.35580167 0.43593431
v -0.20486183 0.35203847 0.42345744
v -0.20235145 0.34565860 0.41035089
v -0.19883697 0.33684891 0.39829043
v -0.19445711 0.32594839 0.38807070
v -0.18937999 0.31335911 0.38020357
v -0.18378299 0.29955971 0.37504575
v -0.18300921 0.32368669 0.52508593
v -0.18544358 0.33553141 0.51624620
v -0.18760423 0.34579590 0.50507420
v -0.18930432 0.35357994 0.49263254
v -0.19045778 0.35854715 0.48058054
v -0.19125313 0.36088726 0.45824936
v -0.19147225 0.36019653 0.43577427
v -0.19088203 0.35618770 0.42331892
v -0.18976532 0.34938952 0.41022050
v -0.18813276 0.34001899 0.39818093
v -0.18605810 0.32843831 0.38797882
v -0.18358828 0.31508139 0.38014469
v -0.18083355 0.30044580 0.37501642
v -0.17417970 0.32449126 0.52492130
v -0.17432456 0.33655217 0.51603407
v -0.17452988 0.34700105 0.50482303
v -0.17477785 0.35492164 0.49235824
v -0.17503245 0.35996720 0.48030350
v -0.17554136 0.36232623 0.45797282
v -0.17605402 0.36161759 0.43547505
v -0.17636263 0.35753396 0.42304969
v -0.17670144 0.35060006 0.40998822
v -0.17703068 0.34104693 0.39797807
v -0.17732717 0.32925344 0.38782623
v -0.17757705 0.31563392 0.38003615
v -0.17776810 0.30072445 0.37496251
v -0.16535737 0.32357115 0.52468264
v -0.16322428 0.33539698 0.51573759
v -0.16146898 0.34563163 0.50448614
v -0.16026863 0.35339901 0.49197415
v -0.15962879 0.35835674 0.47989315
v -0.15983441 0.36069408 0.45754755
v -0.16064966 0.36001059 0.43508348
v -0.16185962 0.35601586 0.42266941
v -0.16365182 0.34923705 0.40964273
v -0.16593456 0.33989170 0.39768976
v -0.16860661 0.32833898 0.38759524
v -0.17157178 0.31501314 0.37988293
v -0.17470655 0.30040970 0.37488621
v -0.15687992 0.32094392 0.52439874
v -0.15254411 0.33209336 0.51537269
v -0.14891653 0.34174755 0.50405508
v -0.14632995 0.34907842 0.49150187
v -0.14483336 0.35377991 0.47937548
v -0.14475054 0.35603568 0.45702517
v -0.14585677 0.35543677 0.43458003
v -0.14792752 0.35170040 0.42218637
v -0.15110987 0.34535950 0.40921572
v -0.15527315 0.33659890 0.39732903
v -0.16023658 0.32575268 0.38731891
v -0.16580155 0.31322432 0.37968946
v -0.17176858 0.29949045 0.37478945
v -0.14908358 0.31673479 0.52406323
v -0.14271973 0.32678038 0.51494640
v -0.13737118 0.33549890 0.50355661
v -0.13349730 0.34214208 0.49094829
v -0.13122328 0.34641087 0.47879684
v -0.13086444 0.34852055 0.45642295
v -0.13225441 0.34806755 0.43397728
v -0.13510521 0.34476480 0.42163265
v -0.13957416 0.33911341 0.40871820
v -0.14545731 0.33129060 0.39691377
v -0.15252507 0.32158020 0.38698971
v -0.16049699 0.31035319 0.37946492
v -0.16906019 0.29802927 0.37467763
v -0.14225569 0.31107643 0.52369839
v -0.13412280 0.31966031 0.51449037
v -0.12726989 0.32712609 0.50300568
v -0.12227588 0.33283627 0.49034119
v -0.11931047 0.33653158 0.47815734
v -0.11872181 0.33843836 0.45576176
v -0.12034512 0.33818334 0.43332314
v -0.12389094 0.33545941 0.42102224
v -0.12947896 0.33074179 0.40817663
v -0.13687201 0.32417196 0.39644262
v -0.14577606 0.31598657 0.38662603
v -0.15584973 0.30649480 0.37921676
v -0.16669720 0.29605892 0.37455395
v -0.13666135 0.30419987 0.52331519
v -0.12707908 0.31100595 0.51401120
v -0.11899161 0.31695205 0.50244480
v -0.11308150 0.32153118 0.48970500
v -0.10954855 0.32451996 0.47747251
v -0.10877331 0.32620582 0.45506641
v -0.11058484 0.32617798 0.43264833
v -0.11470307 0.32415172 0.42037985
v -0.12121500 0.32056335 0.40759170
v -0.12984334 0.31551501 0.39595926
v -0.14025462 0.30918211 0.38624191
v -0.15204170 0.30180806 0.37895411
v -0.16475885 0.29368049 0.37442487
v -0.13253371 0.29636824 0.52293158
v -0.12186480 0.30114380 0.51352990
v -0.11286483 0.30536118 0.50186718
v -0.10627954 0.30864373 0.48905858
v -0.10232878 0.31084993 0.47677183
v -0.10141456 0.31224990 0.45436275
v -0.10336304 0.31250748 0.43197128
v -0.10790019 0.31126678 0.41972941
v -0.11509559 0.30897123 0.40700537
v -0.12464454 0.30565041 0.39545393
v -0.13616897 0.30143166 0.38585117
v -0.14923152 0.29647726 0.37868783
v -0.16332382 0.29095849 0.37429184
v -0.12999618 0.28788948 0.52255577
v -0.11868619 0.29044873 0.51305395
v -0.10912198 0.29278925 0.50130236
v -0.10211508 0.29467607 0.48842201
v -0.09791842 0.29602730 0.47610649
v -0.09692118 0.29714149 0.45367858
v -0.09895852 0.29768452 0.43129084
v -0.10374881 0.29729858 0.41909802
v -0.11135873 0.29640025 0.40643272
v -0.12147281 0.29495829 0.39496648
v -0.13367817 0.29304174 0.38546467
v -0.14750808 0.29069188 0.37842780
v -0.16244434 0.28801247 0.37416342
v -0.12917858 0.27907720 0.52221060
v -0.11765369 0.27935949 0.51260287
v -0.10790760 0.27973786 0.50075895
v -0.10076762 0.28017896 0.48782444
v -0.09648420 0.28062743 0.47548428
v -0.09547001 0.28144166 0.45304537
v -0.09754029 0.28228655 0.43064201
v -0.10240576 0.28280407 0.41850123
v -0.11014660 0.28335142 0.40590137
v -0.12043827 0.28386799 0.39451090
v -0.13286403 0.28432059 0.38511422
v -0.14695802 0.28468630 0.37818369
v -0.16216761 0.28495035 0.37404254
v -0.13009630 0.27026808 0.52188444
v -0.11882120 0.26826921 0.51218671
v -0.10928022 0.26669171 0.50027150
v -0.10228764 0.26569062 0.48728198
v -0.09809837 0.26524416 0.47489685
v -0.09710361 0.26576620 0.45245034
v -0.09913655 0.26690614 0.43008509
v -0.10391788 0.26832008 0.41796586
v -0.11151209 0.27031273 0.40541264
v -0.12160380 0.27278528 0.39410323
v -0.13378184 0.27560952 0.38478807
v -0.14758047 0.27868208 0.37796569
v -0.16248274 0.28189200 0.37393376
v -0.13273178 0.26181367 0.52160472
v -0.12212793 0.25760856 0.51182431
v -0.11317077 0.25416574 0.49985161
v -0.10661025 0.25176603 0.48682424
v -0.10267810 0.25046575 0.47439438
v -0.10177189 0.25070024 0.45195410
v -0.10371512 0.25213027 0.42960361
v -0.10823332 0.25440183 0.41750404
v -0.11539714 0.25778776 0.40500498
v -0.12490182 0.26213086 0.39375821
v -0.13637197 0.26724902 0.38452566
v -0.14937317 0.27292451 0.37777889
v -0.16339928 0.27895045 0.37384275
v -0.13695352 0.25402564 0.52137494
v -0.12745464 0.24779852 0.51153529
v -0.11943229 0.24263410 0.49952400
v -0.11356518 0.23896459 0.48646170
v -0.11005728 0.23688488 0.47402903
v -0.10929375 0.23683725 0.45156425
v -0.11109825 0.23855084 0.42921320
v -0.11518768 0.24160290 0.41715080
v -0.12165354 0.24626657 0.40469000
v -0.13021733 0.25232822 0.39349732
v -0.14054994 0.25954205 0.38431665
v -0.15224753 0.26762742 0.37763980
v -0.16486846 0.27625215 0.37377325
v -0.14262843 0.24721915 0.52122515
v -0.13459609 0.23922347 0.51134783
v -0.12782496 0.23254907 0.49929956
v -0.12289137 0.22776189 0.48621845
v -0.11996168 0.22498484 0.47377798
v -0.11938668 0.22471756 0.45130640
v -0.12099894 0.22665271 0.42895836
v -0.12450963 0.23039538 0.41691616
v -0.13003761 0.23618433 0.40448588
v -0.13734719 0.24375439 0.39331216
v -0.14615175 0.25280312 0.38417634
v -0.15611155 0.26298049 0.37754449
v -0.16683656 0.27389145 0.37372807
v -0.14952452 0.24164562 0.52113748
v -0.14327267 0.23220363 0.51124477
v -0.13802077 0.22430034 0.49919790
v -0.13421904 0.21858591 0.48610249
v -0.13199010 0.21523863 0.47364658
v -0.13164845 0.21477723 0.45118326
v -0.13302511 0.21690595 0.42884603
v -0.13583325 0.22122689 0.41680613
v -0.14023063 0.22793712 0.40438184
v -0.14601682 0.23673657 0.39323458
v -0.15296668 0.24728914 0.38411090
v -0.16080505 0.25917754 0.37749991
v -0.16922402 0.27195042 0.37370625
v -0.17790791 0.28509197 0.37287208
v -0.15737472 0.23753192 0.52113461
v -0.15315588 0.22701961 0.51124990
v -0.14963666 0.21818811 0.49920675
v -0.14713098 0.21179156 0.48611352
v -0.14568640 0.20802659 0.47365484
v -0.14562261 0.20742804 0.45120320
v -0.14671487 0.20969445 0.42887774
v -0.14873725 0.21443476 0.41682357
v -0.15184020 0.22182612 0.40439886
v -0.15589549 0.23154344 0.39324215
v -0.16072758 0.24321426 0.38412264
v -0.16614376 0.25636917 0.37750822
v -0.17195056 0.27052179 0.37371144
v -0.16587241 0.23501591 0.52120543
v -0.16386394 0.22384672 0.51134896
v -0.16223110 0.21445073 0.49932930
v -0.16111766 0.20763990 0.48624679
v -0.16053492 0.20362516 0.47381642
v -0.16076148 0.20294610 0.45136690
v -0.16156219 0.20529440 0.42903051
v -0.16272138 0.21028167 0.41697782
v -0.16442896 0.21808928 0.40453064
v -0.16659659 0.22837582 0.39335403
v -0.16912894 0.24072763 0.38420260
v -0.17193563 0.25465024 0.37756684
v -0.17490014 0.26964411 0.37374029
v -0.17470081 0.23420449 0.52136415
v -0.17498013 0.22282088 0.51155132
v -0.17530346 0.21324416 0.49955586
v -0.17564279 0.20630099 0.48651418
v -0.17595556 0.20221116 0.47410911
v -0.17648749 0.20149127 0.45167050
v -0.17698580 0.20387810 0.42930597
v -0.17724310 0.20894289 0.41724768
v -0.17749554 0.21687979 0.40477696
v -0.17770737 0.22735097 0.39355931
v -0.17786101 0.23990883 0.38436940
v -0.17794909 0.25410578 0.37767711
v -0.17796651 0.26936665 0.37379161
v -0.18351321 0.23512989 0.52157789
v -0.18608315 0.22398219 0.51183838
v -0.18835986 0.21461377 0.49989858
v -0.19015223 0.20781690 0.48689643
v -0.19136387 0.20381466 0.47450486
v -0.19218218 0.20313992 0.45206675
v -0.19238758 0.20548223 0.42972237
v -0.19174735 0.21045789 0.41762969
v -0.19054627 0.21824782 0.40511259
v -0.18879847 0.22850986 0.39384928
v -0.18658321 0.24083292 0.38459009
v -0.18395406 0.25472277 0.37783095
v -0.18102834 0.26968142 0.37387317
v -0.19197448 0.23775586 0.52186263
v -0.19674897 0.22728506 0.51219541
v -0.20090926 0.21850576 0.50032949
v -0.20409058 0.21214086 0.48738247
v -0.20615821 0.20839648 0.47500822
v -0.20725694 0.20780697 0.45258272
v -0.20717642 0.21006429 0.43023351
v -0.20567811 0.21478169 0.41809931
v -0.20308860 0.22213739 0.40554196
v -0.19946620 0.23180681 0.39421260
v -0.19495383 0.24342048 0.38488182
v -0.18972570 0.25651133 0.37802729
v -0.18396673 0.27059481 0.37397116
v -0.19977309 0.24197067 0.52219707
v -0.20657498 0.23259805 0.51262212
v -0.21245243 0.22476107 0.50083488
v -0.21691637 0.21909483 0.48793623
v -0.21976468 0.21577686 0.47561285
v -0.22114716 0.21532632 0.45318860
v -0.22078174 0.21744235 0.43081555
v -0.21850146 0.22173043 0.41865841
v -0.21462516 0.22838825 0.40604365
v -0.20928125 0.23711799 0.39464265
v -0.20266360 0.24758831 0.38521159
v -0.19502814 0.25938293 0.37825140
v -0.18667357 0.27205595 0.37408286
v -0.20658971 0.24763806 0.52256119
v -0.21516103 0.23972881 0.51309091
v -0.22255382 0.23313673 0.50138688
v -0.22813824 0.22840483 0.48855680
v -0.23167741 0.22567242 0.47627670
v -0.23329064 0.22541749 0.45386204
v -0.23269163 0.22733645 0.43146658
v -0.22971775 0.23103622 0.41927543
v -0.22471957 0.23675773 0.40660188
v -0.21786547 0.24423966 0.39510295
v -0.20941038 0.25318211 0.38557565
v -0.19967414 0.26324072 0.37850127
v -0.18903017 0.27402538 0.37420714
v -0.21215516 0.25452533 0.52292895
v -0.22219700 0.24839288 0.51358867
v -0.23082668 0.24332340 0.50198501
v -0.23733678 0.23972653 0.48922142
v -0.24144496 0.23769341 0.47697321
v -0.24324155 0.23766109 0.45457435
v -0.24245372 0.23935544 0.43216771
v -0.23890620 0.24235609 0.41992581
v -0.23298430 0.24693921 0.40717873
v -0.22489226 0.25289634 0.39560235
v -0.21493074 0.25998634 0.38596073
v -0.20348071 0.26793185 0.37876359
v -0.19097306 0.27640831 0.37433639
v -0.21627977 0.26236269 0.52333683
v -0.22738983 0.25827175 0.51409167
v -0.23695327 0.25492510 0.50258589
v -0.24415225 0.25261208 0.48989728
v -0.24867512 0.25136521 0.47767642
v -0.25060508 0.25162423 0.45529684
v -0.24967793 0.25302479 0.43288380
v -0.24570961 0.25523740 0.42058536
v -0.23910442 0.25853348 0.40776935
v -0.23009245 0.26275924 0.39609736
v -0.21901700 0.26773840 0.38635382
v -0.20629168 0.27325955 0.37903163
v -0.19240835 0.27912191 0.37446919
v -0.21881945 0.27083817 0.52375352
v -0.23056208 0.26897022 0.51459742
v -0.24068405 0.26750726 0.50316769
v -0.24830185 0.26659307 0.49053958
v -0.25308555 0.26620308 0.47837362
v -0.25510684 0.26674083 0.45599943
v -0.25408983 0.26785448 0.43356466
v -0.24986415 0.26920471 0.42123520
v -0.24284159 0.27110162 0.40834424
v -0.23326413 0.27344874 0.39658502
v -0.22150639 0.27612633 0.38672671
v -0.20801196 0.27903587 0.37928858
v -0.19328599 0.28207228 0.37459683
f 4 2 1
f 8 6 5
f 13 15 14
f 17 19 18
f 32 30 29
f 36 34 33
f 37 39 38
f 21 23 20
f 25 27 24
f 41 43 42
f 48 46 45
f 52 50 49
f 53 55 54
f 60 58 57
f 29 62 61
f 66 64 63
f 67 6 68
f 72 70 69
f 76 74 73
f 77 79 78
f 81 83 82
f 59 86 85
f 88 90 89
f 96 94 93
f 100 98 97
f 101 103 102
f 106 34 87
f 108 115 107
f 117 36 118
f 124 126 125
f 131 129 128
f 132 134 133
f 142 140 139
f 148 60 147
f 144 127 124
f 149 151 150
f 156 154 153
f 159 158 157
f 116 164 105
f 171 169 168
f 174 173 172
f 179 181 180
f 186 188 187
f 194 196 195
f 199 139 198
f 206 208 207
f 213 211 210
f 202 214 201
f 96 216 54
f 92 43 44
f 97 246 100
f 250 229 228
f 252 58 253
f 258 256 255
f 260 229 259
f 110 112 113
f 114 263 109
f 265 267 266
f 56 270 269
f 274 249 250
f 185 63 64
f 280 278 276
f 285 283 157
f 288 211 212
f 141 92 46
f 289 175 176
f 148 105 106
f 312 170 171
f 238 42 43
f 318 160 317
f 310 308 307
f 241 325 324
f 160 240 317
f 47 307 308
f 108 315 164
f 345 86 119
f 348 350 349
f 356 358 357
f 355 353 352
f 363 32 362
f 149 150 176
f 364 253 365
f 366 368 367
f 183 371 63
f 163 161 160
f 209 101 208
f 378 165 166
f 379 381 380
f 383 3 4
f 284 386 385
f 387 389 388
f 391 229 249
f 73 397 396
f 405 407 406
f 203 411 410
f 414 413 412
f 1 357 4
f 277 131 275
f 254 57 58
f 358 415 351
f 417 386 408
f 401 192 420
f 419 127 143
f 421 182 422
f 103 302 409
f 428 368 174
f 380 359 356
f 62 266 323
f 140 431 430
f 357 351 348
f 356 379 380
f 415 403 434
f 437 436 435
f 438 440 439
f 188 450 449
f 452 454 453
f 265 181 421
f 224 64 225
f 237 213 427
f 275 128 458
f 281 460 459
f 50 79 461
f 73 282 281
f 468 466 465
f 390 352 359
f 482 484 483
f 489 487 486
f 493 495 494
f 472 470 469
f 502 500 499
f 220 222 223
f 512 143 66
f 518 511 80
f 513 230 286
f 205 31 244
f 189 451 188
f 163 532 8
f 533 225 251
f 446 447 412
f 335 540 334
f 544 546 545
f 329 291 292
f 199 262 238
f 385 416 550
f 532 191 247
f 363 118 243
f 236 237 250
f 578 580 579
f 573 571 570
f 561 562 272
f 241 259 240
f 590 592 591
f 545 595 594
f 503 155 504
f 606 624 623
f 478 480 479
f 646 648 647
f 590 689 684
f 564 651 650
f 728 184 727
f 714 716 715
f 692 575 693
f 541 581 578
f 346 248 400
f 161 230 160
f 128 94 95
f 698 704 703
f 574 576 575
f 290 401 328
f 630 725 726
f 733 735 734
f 755 496 493
f 759 481 760
f 757 762 761
f 764 466 467
f 768 3808 3809
f 759 488 489
f 492 475 771
f 474 769 473
f 773 465 772
f 771 486 483
f 484 775 491
f 774 489 486
f 495 764 756
f 495 761 494
f 137 784 136
f 325 797 547
f 165 51 52
f 369 29 370
f 730 568 569
f 90 301 89
f 243 516 242
f 800 806 805
f 817 808 816
f 816 823 822
f 306 447 807
f 815 809 808
f 829 828 825
f 726 501 502
f 274 424 423
f 879 881 880
f 884 879 885
f 219 217 211
f 906 904 897
f 455 205 542
f 898 830 829
f 903 880 881
f 906 897 898
f 377 519 165
f 923 948 946
f 946 951 950
f 3519 739 3517
f 900 886 880
f 225 65 144
f 182 442 422
f 809 947 824
f 954 962 961
f 927 965 966
f 885 880 886
f 925 966 967
f 343 341 340
f 965 971 968
f 968 970 969
f 972 969 973
f 963 981 978
f 336 338 339
f 992 827 828
f 810 996 959
f 1007 1002 1008
f 1012 827 1009
f 1011 1007 1008
f 294 292 291
f 907 920 919
f 1017 1019 1018
f 1020 1022 1021
f 1035 1020 1044
f 1061 1047 1046
f 1063 1046 1062
f 1044 1021 1045
f 1102 1097 1109
f 1116 1118 1117
f 1016 1014 1013
f 881 904 903
f 816 1127 817
f 1094 949 1097
f 514 167 515
f 146 81 82
f 1133 1130 1129
f 1102 1126 822
f 822 1116 816
f 1145 1148 1136
f 1076 1151 1069
f 1148 1086 1087
f 1109 1114 1136
f 1154 1156 1155
f 1153 967 1156
f 3464 463 3714
f 1144 1152 1151
f 1156 1163 1162
f 1164 1169 1165
f 1145 1176 1147
f 1114 1154 1171
f 1183 1164 1177
f 1184 1177 1185
f 1069 1062 1064
f 1023 1194 1022
f 1162 1170 1169
f 1195 1185 1191
f 1183 1176 1155
f 1201 1152 1196
f 1061 1201 1202
f 3825 843 3836
f 1203 1195 1034
f 1202 1184 1195
f 1218 1203 1217
f 1060 1202 1203
f 1225 1217 1219
f 671 694 670
f 1219 1024 1035
f 1217 1034 1024
f 1226 1015 1227
f 1243 1234 1233
f 1231 1229 1228
f 847 1233 843
f 843 1244 878
f 1233 1245 1244
f 1923 233 216
f 2100 499 500
f 3914 2135 3900
f 61 323 505
f 210 217 457
f 1299 1309 1300
f 3863 1231 3862
f 1066 1321 1322
f 1322 1228 1229
f 1060 1321 1047
f 1325 1323 1310
f 1244 1332 1330
f 1290 1242 1288
f 1337 1339 1338
f 1330 1340 1339
f 1341 1245 1294
f 1342 1332 1341
f 1343 1341 1344
f 1344 1294 1293
f 3857 1345 1346
f 1347 1342 1343
f 3856 1295 1345
f 1349 1348 1347
f 3861 1347 3853
f 3853 1343 3857
f 906 829 1353
f 905 1353 1354
f 865 1355 1357
f 1355 829 825
f 1357 825 826
f 1356 1353 1355
f 3834 1338 3833
f 866 1356 865
f 1358 1354 1356
f 3828 1337 3834
f 838 1012 841
f 1363 1338 1339
f 1368 1339 1340
f 1348 1340 1342
f 1371 3824 3829
f 524 526 523
f 528 530 527
f 1372 1369 1371
f 535 537 538
f 1367 1348 1350
f 1370 1359 1369
f 1369 3833 3824
f 1373 903 904
f 555 557 558
f 1374 910 1373
f 1373 905 1375
f 1374 1375 1376
f 1375 1354 1370
f 1378 908 1377
f 376 651 1387
f 1388 973 969
f 586 588 585
f 1390 1388 1391
f 1391 969 970
f 597 599 596
f 600 602 603
f 1392 970 979
f 608 610 607
f 612 523 611
f 614 616 613
f 617 25 24
f 620 622 619
f 1397 1391 1392
f 1398 1392 1399
f 1400 920 1378
f 1402 1165 1169
f 636 638 635
f 930 1402 929
f 641 643 644
f 929 1169 1170
f 1404 1403 1402
f 1411 1365 1406
f 1412 1415 1414
f 652 654 655
f 609 657 658
f 659 661 662
f 558 586 585
f 665 667 664
f 1413 1406 1412
f 1418 3810 3813
f 1417 1371 1416
f 1416 3829 3810
f 1419 1416 1418
f 1386 1374 1420
f 677 679 676
f 1385 1420 1421
f 1420 1376 1422
f 685 687 688
f 1421 1422 1423
f 528 691 658
f 1422 1372 1417
f 1018 747 1425
f 699 701 702
f 1424 579 1017
f 3663 1767 3660
f 700 711 712
f 1093 3754 1571
f 717 530 719
f 721 723 720
f 704 3543 3554
f 19 1426 1430
f 1429 1427 1426
f 1658 3542 3544
f 1439 1434 1438
f 1437 1435 1434
f 1426 1433 1432
f 1442 1432 1440
f 742 744 745
f 1432 1441 1440
f 751 753 750
f 1438 1403 1405
f 1446 1444 1443
f 1447 1446 1443
f 3860 1443 3848
f 1415 1445 1446
f 1414 1446 1448
f 2173 469 470
f 777 779 686
f 780 782 783
f 1676 1806 1675
f 3859 1349 3861
f 789 791 788
f 745 793 742
f 652 795 653
f 1455 1457 1456
f 1454 1350 1452
f 610 802 801
f 3831 698 703
f 1352 1045 1351
f 1015 1459 1460
f 811 813 814
f 2118 3817 2117
f 819 821 818
f 1466 1194 1190
f 1467 1465 1466
f 1182 1468 1467
f 832 833 831
f 835 837 834
f 1467 1190 1182
f 1469 1444 1445
f 840 712 690
f 1453 1469 1454
f 599 845 846
f 1226 3849 3855
f 851 853 850
f 855 856 854
f 858 860 857
f 861 863 864
f 1014 3855 3858
f 867 868 869
f 870 872 873
f 874 876 877
f 1310 1471 1309
f 1476 1427 1475
f 1461 1475 1460
f 887 889 890
f 788 892 891
f 894 896 893
f 1460 1227 1015
f 901 524 612
f 1465 1477 1464
f 1865 3500 1864
f 911 913 914
f 916 918 915
f 1850 3507 1851
f 921 895 894
f 1479 1436 1478
f 926 667 601
f 1481 563 1480
f 269 84 1482
f 931 933 916
f 934 614 869
f 936 688 937
f 938 662 939
f 1484 122 123
f 941 835 834
f 320 509 510
f 1849 3505 1850
f 84 1484 83
f 1487 1488 539
f 1757 3502 3509
f 365 1491 364
f 461 80 511
f 117 362 1496
f 1494 541 1495
f 926 957 958
f 1477 1433 1476
f 1709 1585 1700
f 119 1496 345
f 271 504 156
f 511 189 186
f 345 1492 365
f 255 344 254
f 57 299 132
f 1501 268 1500
f 267 1499 145
f 974 976 977
f 1678 1693 1676
f 3846 1807 3840
f 557 663 558
f 983 984 985
f 1443 3849 3848
f 421 268 265
f 989 991 988
f 1490 418 1504
f 279 309 310
f 997 676 679
f 998 999 875
f 1504 38 1505
f 1506 1507 1486
f 360 1508 1506
f 1506 207 360
f 939 1006 938
f 270 1483 269
f 66 546 512
f 1010 793 935
f 367 437 1509
f 244 363 243
f 1670 3534 1669
f 209 1510 226
f 235 1512 1511
f 1511 234 235
f 388 426 425
f 427 250 237
f 161 521 231
f 100 45 44
f 1025 608 1027
f 1029 1031 1028
f 939 1033 1032
f 41 594 99
f 1036 783 1037
f 702 1038 1039
f 1040 1042 1043
f 362 369 1493
f 187 477 186
f 70 539 198
f 1511 1521 234
f 1049 603 1048
f 613 869 614
f 860 1051 857
f 1005 1053 1006
f 753 1056 1054
f 1057 1059 1055
f 293 1522 292
f 288 1521 1522
f 292 1523 329
f 331 1508 1524
f 306 453 305
f 100 41 99
f 462 78 79
f 330 1524 462
f 635 1068 636
f 1485 1526 1528
f 206 1528 1510
f 1070 1072 831
f 942 1073 1074
f 916 1075 917
f 440 1530 439
f 157 1514 285
f 1529 5 1530
f 371 546 63
f 790 663 791
f 1077 857 1078
f 1403 1435 1165
f 1080 1082 1079
f 531 1529 440
f 21 1084 1085
f 272 1531 561
f 137 396 397
f 690 802 691
f 335 3567 581
f 1090 1029 1091
f 1092 794 1042
f 1533 137 138
f 661 1095 1096
f 69 445 72
f 1099 1101 1098
f 38 1536 1505
f 1104 1106 1103
f 852 1108 853
f 1377 909 1386
f 291 411 294
f 316 516 33
f 539 1533 534
f 1505 316 313
f 1110 1112 1113
f 1539 460 264
f 522 1537 1539
f 834 1120 1119
f 1122 1124 1121
f 612 1041 901
f 935 615 614
f 276 130 131
f 1686 3522 1685
f 193 1541 273
f 231 1540 287
f 556 982 557
f 365 85 345
f 190 318 1541
f 1810 3574 3528
f 3924 3512 3791
f 1132 985 1131
f 208 102 132
f 1134 662 661
f 1491 80 77
f 429 1542 147
f 1137 915 918
f 172 428 174
f 1139 1141 1142
f 549 54 55
f 1517 1518 296
f 976 1146 938
f 834 984 941
f 1543 286 115
f 1544 239 513
f 133 1544 1542
f 506 257 258
f 420 328 401
f 1158 1160 1157
f 587 1103 588
f 1513 1514 151
f 607 1027 608
f 304 1545 303
f 364 77 506
f 69 198 139
f 1006 976 938
f 700 1112 701
f 3877 3525 3787
f 1166 657 656
f 1167 858 1077
f 1300 3524 1299
f 1172 1174 1175
f 218 200 217
f 1179 1181 1178
f 372 97 98
f 89 227 88
f 1186 1188 1189
f 172 1517 1549
f 1482 81 1498
f 1090 1193 1030
f 394 353 1551
f 526 1198 1197
f 811 858 812
f 1199 1026 1025
f 606 697 696
f 1204 1206 743
f 1207 523 526
f 1209 867 613
f 914 685 936
f 1478 1441 1477
f 1029 1161 1091
f 1211 1213 1214
f 3858 1451 3859
f 844 1216 845
f 423 273 274
f 1220 1222 1083
f 22 1224 23
f 882 897 881
f 1519 173 387
f 1189 1232 1178
f 349 550 416
f 1071 1236 1072
f 1237 1239 745
f 1221 1189 1240
f 1510 1512 333
f 939 1241 1005
f 1556 5 67
f 1553 394 1551
f 404 67 347
f 1247 1249 1246
f 142 238 92
f 1251 635 1250
f 850 1253 851
f 1254 1077 1255
f 57 133 429
f 443 552 551
f 1187 1175 1188
f 1256 831 833
f 432 382 383
f 741 747 746
f 434 351 415
f 349 383 348
f 251 1481 1480
f 395 352 353
f 1518 1550 1551
f 1558 378 340
f 109 314 315
f 285 1513 407
f 395 393 392
f 202 410 1558
f 417 405 432
f 1246 1258 1247
f 3 297 2
f 1259 1261 1262
f 403 347 284
f 955 953 952
f 462 51 330
f 1096 687 1263
f 429 60 57
f 896 1265 932
f 1267 1268 1266
f 423 327 420
f 37 180 40
f 20 1187 1186
f 1256 1071 1070
f 155 156 504
f 1188 1269 1232
f 1236 1271 1262
f 1272 535 621
f 565 463 464
f 1273 745 1239
f 876 1255 1274
f 316 164 315
f 437 503 1509
f 194 1495 197
f 1275 864 863
f 624 631 630
f 1277 1137 1278
f 569 567 566
f 1481 125 366
f 324 547 326
f 1279 1107 1280
f 1525 329 1523
f 1281 1137 918
f 171 1553 1552
f 1488 396 1533
f 1557 1562 1559
f 1282 1206 1205
f 1053 1278 1281
f 778 607 1283
f 713 3566 3569
f 251 144 124
f 4 348 383
f 709 707 706
f 728 45 246
f 261 1563 544
f 789 1287 790
f 74 263 282
f 403 385 434
f 1178 1240 1189
f 1223 1289 1224
f 158 150 151
f 1220 1186 1221
f 296 354 433
f 784 1538 1566
f 1181 1291 1222
f 1269 1257 1246
f 1566 438 399
f 136 1566 1564
f 1563 169 1565
f 107 109 108
f 1297 1298 1296
f 1464 1476 1461
f 1520 507 508
f 1301 1303 1304
f 1306 1308 1305
f 175 1532 272
f 1532 200 201
f 1311 1312 1313
f 872 1315 1316
f 1317 1318 1319
f 3836 878 3828
f 1305 864 1276
f 1040 863 1320
f 1564 399 169
f 592 1575 591
f 591 1088 689
f 1581 1583 1582
f 1196 1147 1176
f 710 583 713
f 285 408 386
f 953 961 963
f 1594 1589 1593
f 1585 1587 1586
f 1592 1590 1589
f 3885 944 3899
f 1600 1598 1597
f 1604 1602 1601
f 1399 979 980
f 1589 1596 1595
f 1610 1608 1607
f 298 361 360
f 551 276 277
f 1627 3814 3819
f 859 818 860
f 1078 1328 1329
f 1555 1530 1556
f 572 680 681
f 772 776 774
f 977 918 917
f 404 392 393
f 1054 750 753
f 1644 1643 1642
f 932 1082 933
f 1067 1334 1068
f 1540 264 114
f 597 643 1336
f 471 762 470
f 1642 3831 3842
f 1644 3842 3843
f 923 950 927
f 96 548 95
f 520 522 521
f 445 443 442
f 849 848 842
f 480 755 493
f 1646 481 1639
f 311 1567 170
f 464 3497 3495
f 3497 1361 3495
f 234 236 235
f 190 192 191
f 153 152 149
f 231 286 230
f 1552 1551 1550
f 760 1648 488
f 3832 1649 3830
f 828 826 825
f 52 166 165
f 1663 1661 1660
f 287 115 286
f 668 670 669
f 634 640 639
f 553 559 554
f 118 33 516
f 492 491 490
f 3552 1651 3553
f 582 584 583
f 384 392 415
f 1381 1383 1380
f 1562 435 436
f 952 951 947
f 3529 583 584
f 1660 1667 1666
f 1394 1396 1393
f 1660 1664 1663
f 1671 1669 1668
f 1624 1673 1672
f 1407 1409 1410
f 1677 1675 1674
f 1613 1677 1625
f 1679 1676 1677
f 1626 3811 3814
f 534 198 539
f 176 150 159
f 803 734 800
f 400 191 192
f 65 143 144
f 3526 1656 3540
f 402 157 283
f 629 627 626
f 461 49 50
f 758 495 756
f 796 786 785
f 406 1513 1560
f 342 166 167
f 1694 1658 1695
f 1692 1694 1696
f 3557 1652 3552
f 3921 1703 3923
f 326 302 90
f 3916 1702 1706
f 3919 1698 1701
f 1699 3927 3918
f 1557 1560 1561
f 1127 1117 1128
f 400 289 346
f 1706 1707 1708
f 1707 1599 1600
f 1709 1708 1588
f 1714 1711 1713
f 3919 1709 1700
f 1704 1577 1703
f 1716 1713 1715
f 1559 1549 297
f 1722 1720 1719
f 1335 596 1489
f 410 377 378
f 973 1163 972
f 168 399 398
f 1571 1089 1093
f 1572 682 1571
f 749 647 754
f 1730 1723 1729
f 1594 1729 1592
f 1729 1591 1592
f 1731 1730 1583
f 1384 1377 1379
f 1732 1712 1714
f 1724 1731 1732
f 1712 1731 1580
f 1722 1732 1733
f 1721 1733 1734
f 1734 1716 1717
f 1735 1736 1697
f 1733 1714 1716
f 1663 1741 1668
f 1742 1740 1743
f 1738 1737 1735
f 1665 1666 1740
f 1665 1744 1664
f 1725 1746 1745
f 1591 1745 1590
f 1590 1747 1596
f 1745 1748 1747
f 1659 3538 3542
f 3287 3545 3282
f 1185 1182 1190
f 1664 1749 1741
f 1741 1739 1738
f 1746 1743 1748
f 1726 1742 1746
f 1153 924 925
f 1115 1153 1154
f 1654 3575 1655
f 1896 3549 1686
f 1720 1744 1726
f 1721 1749 1720
f 1750 1701 1698
f 1697 1750 1696
f 1151 1063 1062
f 1751 1670 1671
f 1695 1752 1751
f 961 986 981
f 1770 1768 1767
f 1766 1593 1765
f 1731 1579 1580
f 1579 1774 1578
f 3928 1771 3929
f 1764 3928 3917
f 1777 1775 1774
f 3762 1699 1700
f 1004 1128 1003
f 1774 1771 1772
f 987 1399 980
f 1578 1772 1764
f 1783 1781 1778
f 1597 1770 1767
f 639 3895 3884
f 3928 1769 1770
f 1793 1789 1788
f 3929 1798 1769
f 3508 3773 1806
f 1802 3924 3922
f 1788 1794 1793
f 1793 1795 1776
f 3773 1675 1806
f 1584 1783 1789
f 1771 3920 3929
f 1801 1798 1800
f 1768 1798 1799
f 1775 1797 1771
f 508 515 1520
f 1796 1802 1797
f 1800 3920 3922
f 1794 1804 1795
f 3532 1752 3547
f 485 1807 775
f 3809 1640 768
f 3837 1810 1653
f 485 1640 1808
f 1690 3770 3772
f 487 1648 1811
f 3839 1816 3822
f 3838 1648 3830
f 3839 1811 3838
f 1812 487 1811
f 1641 767 768
f 465 755 776
f 767 3823 3808
f 3822 3826 3847
f 1809 1815 767
f 3837 1651 3840
f 675 3541 3496
f 1814 1822 1821
f 1821 3821 3820
f 1824 1649 1825
f 1827 1850 1805
f 1668 1662 1663
f 1779 1848 1828
f 1790 1805 1794
f 1833 1853 1852
f 3521 693 575
f 1614 1616 1617
f 1852 3498 3501
f 1620 1622 1623
f 1855 1574 1861
f 1847 3501 3513
f 1766 1855 1782
f 1629 1631 1628
f 1633 1634 1632
f 1635 1637 1638
f 1848 1852 1847
f 1855 1863 1862
f 1803 1867 1802
f 1862 1831 1832
f 1782 1862 1781
f 3922 1865 1800
f 1873 1870 1869
f 1874 799 804
f 2045 3897 2044
f 1219 1295 1225
f 1615 1396 1395
f 3884 1877 1876
f 645 3786 3559
f 1345 1035 1346
f 634 3884 3880
f 15 1327 14
f 3910 1878 1893
f 1894 605 1893
f 3506 627 693
f 3560 645 3559
f 340 454 1558
f 1897 195 1898
f 1889 1877 1890
f 1901 129 1900
f 196 754 232
f 1705 3921 3916
f 340 166 343
f 1570 563 561
f 1904 194 1897
f 1781 1832 1780
f 1905 55 1906
f 1000 995 996
f 986 920 987
f 1191 1190 1194
f 2094 2075 2093
f 1920 1919 1915
f 453 1912 1911
f 1915 1918 1916
f 3882 2106 3901
f 1655 3531 1868
f 1916 1926 1925
f 704 3561 703
f 278 1925 1900
f 3565 1818 1820
f 1097 1115 1114
f 1927 727 1923
f 3578 3654 3758
f 1920 307 1929
f 1929 48 728
f 503 1497 1509
f 1902 787 796
f 1816 3820 3826
f 1925 1923 1924
f 1535 1568 1534
f 254 258 255
f 1509 366 367
f 119 35 36
f 219 293 294
f 141 47 431
f 542 244 245
f 1940 430 431
f 1779 1827 1790
f 1701 3915 3919
f 1661 3515 1667
f 270 754 647
f 197 749 196
f 1727 1212 1211
f 53 232 754
f 1465 1479 1478
f 1284 3854 1293
f 1951 412 413
f 168 1554 1553
f 1486 206 207
f 506 78 361
f 994 1007 993
f 951 963 964
f 1013 3861 1351
f 3826 1820 1818
f 1498 1954 1482
f 299 543 132
f 1754 1756 1753
f 1681 1683 1682
f 1696 1695 1697
f 13 738 737
f 473 475 474
f 482 768 1640
f 204 30 205
f 1761 820 819
f 611 1125 612
f 1501 1908 1909
f 1074 711 699
f 1960 82 83
f 120 1960 123
f 35 87 34
f 1773 1025 1031
f 1965 1569 1535
f 494 471 479
f 1966 1969 1968
f 446 1971 1967
f 174 125 126
f 1580 1578 1577
f 1785 1787 1784
f 1972 304 305
f 1254 875 999
f 1973 342 514
f 321 1973 509
f 1910 275 1907
f 509 514 508
f 1486 1527 1485
f 1974 804 1975
f 1977 1974 1978
f 1980 1966 1981
f 379 2 295
f 1718 1710 1701
f 884 992 883
f 1680 1678 1679
f 902 525 524
f 344 256 299
f 135 137 136
f 236 228 333
f 448 1967 1966
f 589 604 584
f 910 908 907
f 1981 1968 1987
f 1982 1987 1979
f 1988 1987 1989
f 1990 1989 1991
f 1991 1993 1992
f 322 320 319
f 992 830 883
f 1144 1086 1143
f 1995 1978 1994
f 1133 1118 1126
f 1997 1994 1996
f 870 1335 1489
f 805 1982 1998
f 727 2000 1999
f 1996 1988 1990
f 1994 1979 1988
f 1829 792 1273
f 1830 941 983
f 798 800 799
f 729 731 730
f 2011 2023 2022
f 1834 846 1159
f 402 284 347
f 2022 2024 2025
f 1838 989 988
f 810 952 809
f 1823 1840 644
f 1430 1432 1431
f 1215 1841 1079
f 149 176 177
f 1316 873 872
f 2112 1384 2106
f 1842 1844 1845
f 1159 845 1160
f 837 1846 1120
f 1971 2030 2027
f 517 370 189
f 858 833 812
f 1471 2027 1888
f 3551 626 627
f 2174 770 490
f 935 1854 1010
f 1613 1611 1618
f 1231 1225 1295
f 1856 891 892
f 1300 748 741
f 1150 1858 1859
f 1643 696 1642
f 1215 1264 1216
f 1320 902 901
f 1956 1944 1960
f 2031 669 1474
f 2034 1310 1299
f 1879 1656 1657
f 40 242 39
f 1992 2039 1456
f 888 957 889
f 1882 1996 1990
f 1078 1255 1077
f 1871 1192 1090
f 294 218 219
f 1323 2026 1471
f 123 83 1484
f 1324 2041 1323
f 384 359 352
f 1324 2038 2036
f 1883 1885 1829
f 287 114 107
f 1096 1134 661
f 915 931 916
f 806 1981 1982
f 3533 584 604
f 1425 2042 1018
f 1018 1948 1017
f 3562 740 3519
f 1948 649 646
f 1881 1990 1991
f 1900 130 278
f 992 994 993
f 923 925 924
f 3878 2047 3876
f 1643 625 606
f 2050 2051 2049
f 2045 1404 2047
f 3876 945 3885
f 1139 1079 1841
f 1037 892 982
f 2055 2057 2056
f 1198 718 717
f 1619 1612 1611
f 2058 1606 2059
f 2059 1607 2058
f 2058 1624 1605
f 71 179 37
f 405 1557 382
f 976 1006 977
f 322 1972 1911
f 2061 2063 2062
f 2066 2067 1825
f 2052 2064 2051
f 1609 2066 1647
f 1515 152 1516
f 1009 993 1007
f 1644 3815 2118
f 279 1916 278
f 1285 3862 1284
f 1647 1825 1649
f 2056 2067 2065
f 319 1953 1952
f 667 1913 1914
f 2070 625 2048
f 2052 2055 2063
f 2038 1655 1458
f 1606 2073 2072
f 1235 1270 1236
f 2072 2075 2074
f 2059 2072 2062
f 2074 2077 2076
f 1601 2078 2073
f 2049 1643 1645
f 1000 1001 994
f 1089 684 689
f 1931 1306 1930
f 1462 1021 1022
f 1932 1934 1935
f 875 1846 998
f 1936 1937 1938
f 44 46 92
f 1534 1956 120
f 1541 317 391
f 2081 2084 2083
f 146 1959 300
f 1360 1942 1361
f 985 1032 1033
f 1995 1892 2043
f 2079 2082 2081
f 2095 2076 2077
f 2081 2078 2079
f 2055 2054 2053
f 501 2095 500
f 2097 2099 2098
f 2098 2094 2083
f 2140 3893 3866
f 2141 3894 3893
f 2051 2048 2049
f 592 2101 1576
f 2071 2076 2096
f 2102 2098 2101
f 593 2102 592
f 1019 746 747
f 1950 12 1327
f 725 2096 501
f 1385 2104 1379
f 1379 2106 1384
f 2107 2100 2097
f 3908 502 3896
f 3896 499 3901
f 940 2109 944
f 928 1170 973
f 3868 684 3899
f 1962 1964 1961
f 3878 573 3897
f 2039 1968 1969
f 1389 2110 2109
f 1398 2113 1397
f 3757 3753 3743
f 3911 2107 2103
f 949 924 1115
f 260 324 326
f 1390 2113 2110
f 2070 2064 2071
f 3867 2103 593
f 2105 1421 2114
f 2114 1423 2115
f 3892 2115 3903
f 3908 2114 3892
f 554 1902 553
f 972 967 966
f 1765 1573 1574
f 1984 1986 1983
f 2053 2069 2057
f 3573 724 714
f 1625 1674 1673
f 3881 2119 2122
f 3903 2123 3904
f 56 1906 55
f 626 3879 629
f 2001 2003 2004
f 3912 2127 3907
f 2006 2008 2009
f 2127 1412 2128
f 2014 2016 2017
f 2018 2020 2021
f 1495 1947 197
f 1379 1386 1385
f 3814 1680 1618
f 2029 1884 2028
f 3902 2120 3887
f 629 3914 3872
f 682 943 1089
f 724 2121 716
f 1757 3821 3845
f 765 3844 3809
f 3851 715 3852
f 706 3870 3872
f 981 987 980
f 1457 1656 1880
f 2017 2032 2033
f 1458 1868 1457
f 1776 1792 1793
f 1959 1946 1958
f 3663 3725 3661
f 3913 2122 3850
f 1093 689 1088
f 966 968 972
f 3852 3881 3913
f 2172 2170 2171
f 670 2137 669
f 3761 1903 233
f 1429 28 1449
f 964 978 971
f 3841 1413 2127
f 1473 669 2137
f 3834 1359 1358
f 2138 1870 2137
f 1872 2137 1870
f 715 3888 3881
f 1881 1992 1880
f 3843 739 740
f 1837 3513 3514
f 253 59 85
f 1808 3840 1807
f 1647 3818 1609
f 3865 671 668
f 2112 3883 2111
f 1405 2044 1438
f 3829 1364 1366
f 273 391 249
f 576 3520 3555
f 3875 668 2031
f 1430 2140 2139
f 2136 3860 28
f 1430 18 19
f 3893 570 695
f 1442 2046 2141
f 1431 2141 2140
f 3869 3850 2136
f 3808 1817 766
f 3866 695 671
f 2142 798 2138
f 571 2142 694
f 3819 1618 1611
f 2143 2025 2142
f 694 2138 670
f 681 2144 572
f 2144 2022 2143
f 328 457 290
f 1572 2011 2144
f 630 3903 624
f 2085 2087 2088
f 2090 2092 2089
f 572 2143 571
f 1875 2153 2149
f 1873 2149 2154
f 2103 2097 2102
f 2157 2155 2156
f 2128 1414 2120
f 3874 589 582
f 3872 628 629
f 2149 2158 2159
f 2159 3905 3890
f 698 3902 705
f 3823 3827 1817
f 2158 3874 3905
f 1438 2046 1439
f 2035 2160 2161
f 2161 3889 3886
f 3871 605 589
f 3873 18 3875
f 370 61 451
f 649 413 648
f 2153 2156 2158
f 1428 1449 1450
f 1490 73 1488
f 3890 710 633
f 2155 3891 3871
f 1456 1880 1992
f 2125 2087 2124
f 2160 3890 3889
f 300 505 323
f 1064 1046 1065
f 2043 1891 2155
f 2129 2004 2003
f 2131 2133 2134
f 3848 1450 1449
f 1998 804 805
f 3879 3864 3914
f 474 490 770
f 1164 1182 1177
f 707 3909 3870
f 708 2162 707
f 2162 3886 3909
f 548 1905 458
f 1145 1114 1171
f 705 1650 704
f 2043 1977 1995
f 737 554 559
f 1034 1191 1023
f 458 1907 275
f 195 232 233
f 2040 1969 1970
f 2145 2147 2148
f 2054 2049 1645
f 3832 1639 3818
f 9 11 10
f 252 506 258
f 472 479 471
f 1865 3791 3503
f 900 910 907
f 1941 2151 1942
f 1921 1927 1919
f 2163 1898 2116
f 271 153 178
f 1904 12 9
f 282 264 460
f 1872 2154 2035
f 1326 1897 2163
f 628 693 627
f 1724 1719 1723
f 1549 436 172
f 1582 1730 1729
f 1921 1929 1928
f 3563 10 11
f 2152 1950 1949
f 475 774 771
f 769 2171 473
f 2171 476 473
f 476 772 475
f 1791 464 1760
f 2166 2168 2169
f 595 372 98
f 483 1641 482
f 762 2173 470
f 771 484 492
f 486 1809 483
f 297 1517 296
f 763 2174 762
f 776 759 489
f 184 2176 2000
f 412 303 414
f 2005 185 224
f 3811 1682 3846
f 2164 756 764
f 1472 2161 2162
f 950 964 965
f 2177 2179 2180
f 227 1510 333
f 764 467 2164
f 2182 2184 2181
f 2186 2018 2185
f 1985 2181 1986
f 214 729 1531
f 1545 1546 1569
f 865 842 866
f 849 1357 1362
f 452 1558 454
f 559 3188 737
f 16 737 3188
f 560 498 374
f 3193 3195 3194
f 3200 3198 3199
f 3211 3213 3212
f 3215 3217 3216
f 2187 2002 2001
f 2169 2189 2190
f 2192 2085 2191
f 2193 2195 2196
f 2198 2200 2197
f 1998 1979 1975
f 3664 3668 3671
f 2116 1903 1902
f 1859 2009 1150
f 3904 2126 3906
f 1135 1087 1130
f 2201 2015 2014
f 1149 110 1858
f 3221 3218 3215
f 2203 2205 2206
f 579 1895 1019
f 1755 2208 1756
f 3891 1893 605
f 1211 2150 1727
f 868 2210 2209
f 944 930 940
f 2130 2202 2201
f 233 1898 195
f 665 750 666
f 1167 999 618
f 2211 2213 2214
f 2215 2217 2218
f 3867 590 3868
f 2220 220 2219
f 823 948 1094
f 3225 3227 3226
f 266 455 265
f 3882 2107 3883
f 2221 3519 3517
f 2223 2225 2226
f 2207 2124 2208
f 673 3869 3864
f 817 996 815
f 2227 2146 2145
f 1947 646 749
f 3900 17 3873
f 2229 1638 1381
f 1679 1618 1680
f 1637 2232 2230
f 2233 1617 1616
f 2231 2236 2237
f 1381 2238 1382
f 3586 2242 3587
f 1630 2233 1631
f 1681 472 469
f 1408 2243 2244
f 3236 3238 3237
f 3232 3240 3235
f 1637 2238 1638
f 3237 3233 3234
f 1409 1634 2245
f 1380 2247 2246
f 1628 2245 1621
f 2249 1622 1633
f 1632 1408 2244
f 2248 1631 2250
f 2235 1637 1636
f 3245 3199 3198
f 631 2071 725
f 515 52 49
f 782 2251 1251
f 2253 2255 2252
f 397 459 784
f 1456 2040 1455
f 2040 2036 1455
f 1401 2111 1398
f 2041 1970 2026
f 1535 414 1965
f 1586 2080 2079
f 2256 1132 1886
f 1700 3918 3919
f 3815 1686 3817
f 1263 1886 1096
f 598 844 599
f 2257 2259 2260
f 2258 2262 2259
f 2259 2263 2216
f 2260 2216 2215
f 1967 1970 1969
f 2212 1963 2213
f 922 2218 2217
f 1312 1101 2264
f 1307 1286 789
f 1548 1546 1972
f 2266 2268 2265
f 2265 2270 2269
f 2272 2269 2271
f 2273 2265 2272
f 2275 2277 2274
f 2278 2277 2279
f 2284 3617 3639
f 2287 2286 2281
f 2288 2283 2287
f 2290 3639 3620
f 2291 2293 2294
f 2295 2294 2279
f 2296 2291 2295
f 2297 2292 2291
f 2294 2299 2300
f 2279 2300 2278
f 2298 2302 2292
f 2292 2303 2293
f 2293 2304 2299
f 2304 2306 2299
f 2306 2300 2299
f 2308 2310 2307
f 2302 2310 2303
f 2301 2307 2302
f 2312 2307 2311
f 2313 2315 2316
f 2318 2320 2317
f 3748 2322 2323
f 2324 2273 2326
f 2313 2326 2327
f 2328 2313 2316
f 2329 2324 2328
f 2331 2333 2330
f 2330 2267 2266
f 2325 2266 2273
f 2329 2330 2325
f 2333 2335 2267
f 2336 2333 2332
f 2338 2332 2337
f 2331 2337 2332
f 2329 2339 2331
f 2328 2340 2329
f 2316 2341 2328
f 2342 2315 2343
f 2344 2346 2347
f 2341 2347 2340
f 2342 2344 2341
f 2348 2345 2344
f 2350 2352 2353
f 2339 2353 2337
f 2340 2350 2339
f 2347 2351 2350
f 2337 2354 2338
f 2353 2355 2354
f 2356 2276 2357
f 2356 2358 2359
f 2356 2296 2295
f 2279 2356 2295
f 2360 2270 2268
f 2267 2360 2268
f 2362 2364 2365
f 2362 2361 2358
f 2366 2358 2357
f 2366 2363 2362
f 2357 2368 2366
f 2366 2369 2367
f 2276 2370 2368
f 2368 2282 2369
f 2372 2374 2371
f 2375 2377 2007
f 2378 2380 2381
f 2382 2381 2383
f 2384 2378 2382
f 2385 2379 2378
f 2388 2390 2387
f 2387 2392 2391
f 2393 2387 2391
f 2394 2388 2387
f 2186 2402 2400
f 2403 2327 2326
f 2272 2326 2273
f 2271 2403 2272
f 2405 2404 2403
f 2404 2408 2327
f 2409 2411 2412
f 2409 2271 2269
f 2413 2269 2270
f 2413 2410 2409
f 2417 2416 2418
f 2417 2406 2405
f 2412 2405 2271
f 2411 2417 2412
f 2406 2407 2404
f 3569 632 713
f 2420 2397 2421
f 2420 2423 2422
f 2424 2422 2419
f 2424 2398 2420
f 2425 2392 2426
f 2421 2426 2423
f 2397 2425 2421
f 2396 2391 2425
f 2427 2315 2314
f 2427 2408 2428
f 2430 2428 2429
f 2343 2427 2430
f 2432 2430 2431
f 2431 2429 2433
f 2435 2433 2434
f 2436 2431 2435
f 2428 2407 2437
f 2422 2407 2419
f 2438 2422 2423
f 2429 2437 2438
f 2440 2433 2439
f 2441 2433 2429
f 2442 2439 2441
f 2443 2440 2439
f 2445 2444 2443
f 2447 2443 2442
f 2383 2445 2447
f 2381 2446 2445
f 2448 2423 2426
f 2449 2426 2392
f 2441 2449 2442
f 2441 2438 2448
f 2449 2390 2450
f 2450 2389 2451
f 2447 2451 2383
f 2442 2450 2447
f 2451 2453 2452
f 2452 2455 2454
f 2382 2454 2384
f 2383 2452 2382
f 2456 2373 2372
f 2459 2461 2458
f 2463 2465 2462
f 2462 2285 2284
f 2466 2284 2290
f 2467 2462 2466
f 2461 3703 3701
f 2468 2470 2471
f 2472 2471 2473
f 2474 3701 3688
f 2475 2477 2478
f 2458 2453 2479
f 2479 2389 2388
f 2395 2479 2388
f 2480 2458 2479
f 2481 2483 2478
f 2484 2485 221
f 2471 2464 2463
f 2473 2463 2467
f 2487 2466 2486
f 2486 2290 2488
f 2490 2488 2489
f 2491 2486 2490
f 2492 2467 2487
f 2493 2487 2491
f 2494 2492 2493
f 2495 2473 2492
f 3690 2474 3688
f 3691 2496 3690
f 2498 2493 2499
f 2500 2499 2501
f 3700 2498 2500
f 3687 2494 2498
f 2306 2278 2300
f 2305 2504 2306
f 2504 2507 2506
f 2506 2288 2508
f 2274 2508 2275
f 2278 2506 2274
f 3633 2489 2488
f 3620 2488 2290
f 2507 2289 2288
f 2505 2509 2507
f 2508 2287 2511
f 2511 2281 2280
f 2370 2280 2282
f 2275 2511 2370
f 2512 2489 2513
f 2514 2513 2515
f 2517 2514 2516
f 2517 2490 2512
f 2499 2491 2517
f 2499 2516 2501
f 2510 2519 2518
f 2518 2521 2520
f 3616 2520 3621
f 3632 2518 3616
f 2522 2303 2310
f 2523 2310 2309
f 2305 2522 2524
f 2524 2523 2525
f 2519 2525 2521
f 2505 2524 2519
f 2308 2527 2526
f 2526 2529 2528
f 2531 2528 2530
f 2309 2526 2531
f 1214 2151 1211
f 2419 2418 2424
f 2533 2349 2317
f 2534 2317 2320
f 2535 2533 2534
f 2536 2345 2533
f 2537 2346 2536
f 2538 2536 2535
f 2539 2537 2538
f 2540 2351 2537
f 2312 2541 2527
f 2527 2542 2529
f 2543 2434 2544
f 2545 2544 2546
f 2319 2543 2545
f 2318 2435 2543
f 2514 2548 2547
f 2547 2550 2549
f 2552 2549 2551
f 2552 2514 2547
f 2520 2554 2553
f 2553 2556 2555
f 3590 2555 3593
f 3621 2553 3590
f 2523 2531 2557
f 2557 2530 2558
f 2525 2557 2559
f 2559 2558 2560
f 2554 2560 2556
f 2521 2559 2554
f 2561 2007 2006
f 2376 2225 2377
f 2564 2566 2563
f 2563 338 2567
f 2569 2567 2568
f 2570 2563 2569
f 2572 2574 2571
f 2571 2576 2575
f 2544 2575 2546
f 2544 2572 2571
f 2578 2569 2577
f 2579 2569 2568
f 2574 2579 2576
f 2573 2577 2574
f 2581 2583 2580
f 2584 2583 2585
f 3697 2580 2584
f 3676 2580 3675
f 2582 2552 2583
f 2583 2551 2585
f 2500 2589 2588
f 2590 2589 2591
f 3693 2588 2590
f 3695 2500 2588
f 2501 2591 2589
f 2592 2594 2595
f 2386 2503 2502
f 2596 2386 2374
f 2596 2373 2597
f 2599 2597 2598
f 2599 2379 2596
f 2600 2380 2599
f 2600 2598 2601
f 2603 2601 2602
f 2603 2446 2600
f 2604 2602 2605
f 2440 2605 2434
f 2444 2604 2440
f 2606 2581 2607
f 2606 2590 2591
f 2591 2582 2606
f 3676 2456 3689
f 3689 2372 3693
f 2478 2608 2481
f 2609 2611 2199
f 2564 2613 2612
f 2612 2598 2597
f 2457 2597 2373
f 2565 2612 2457
f 2614 2570 2578
f 2615 2578 2573
f 2602 2614 2615
f 2601 2613 2614
f 2572 2605 2616
f 2616 2602 2615
f 2573 2616 2615
f 1459 1045 1021
f 1265 1079 1082
f 1612 1609 1611
f 2067 2069 2068
f 1135 1136 1148
f 1938 2618 2617
f 95 458 128
f 2058 1608 1612
f 1454 1445 1367
f 655 1048 2619
f 722 2621 723
f 1131 1033 1134
f 562 366 1497
f 1723 1725 1591
f 1786 1122 1787
f 267 323 266
f 1325 1654 2038
f 1468 1435 1479
f 658 529 528
f 8 247 7
f 382 1559 3
f 788 1307 789
f 940 929 928
f 911 2623 912
f 2621 655 654
f 2624 2625 2626
f 998 27 26
f 635 2626 2625
f 2627 644 1840
f 2628 1840 2629
f 1200 2627 2628
f 1199 641 2627
f 1520 49 477
f 1452 1349 1451
f 2630 1859 1858
f 644 1335 1823
f 1197 717 2632
f 2632 719 1166
f 2628 1166 1200
f 2629 2632 2628
f 1762 1050 821
f 1823 873 1839
f 2634 794 652
f 1028 1027 1161
f 1042 2635 1043
f 93 1901 1924
f 2036 1458 1455
f 1527 1525 1526
f 877 1274 1277
f 134 797 1544
f 1328 931 1329
f 607 1091 1161
f 1043 2637 2636
f 2636 2639 2638
f 1275 2638 1276
f 1275 1043 2636
f 1272 2626 2640
f 2640 638 637
f 1110 2640 637
f 536 2640 2641
f 1472 1474 1473
f 2042 1951 649
f 1058 1105 1059
f 2642 2643 2644
f 1192 2644 1193
f 912 2642 1192
f 3898 3526 3786
f 1049 2620 2621
f 616 1885 613
f 1331 666 750
f 990 1198 525
f 1911 321 322
f 1298 1205 2645
f 76 1504 75
f 1502 421 422
f 610 658 691
f 1146 659 938
f 2646 914 936
f 1280 1238 1279
f 975 2647 2648
f 2647 975 974
f 1453 1452 1451
f 1514 158 151
f 835 1843 1842
f 1271 1173 1289
f 2649 813 2650
f 1893 1826 1894
f 1050 1937 1051
f 2651 814 813
f 1006 1281 977
f 2653 2654 2655
f 1001 1003 1002
f 585 679 558
f 2624 621 620
f 555 2028 556
f 1207 1197 2629
f 1626 478 472
f 426 419 1567
f 1030 1773 1031
f 3898 634 3880
f 534 138 262
f 1125 1042 1041
f 333 88 227
f 569 561 730
f 1489 871 870
f 1857 620 891
f 1673 3770 3763
f 622 864 1308
f 2647 974 2657
f 619 891 620
f 261 545 262
f 393 1556 404
f 2658 2647 2657
f 1075 2657 917
f 1081 2658 1075
f 1080 2659 2658
f 2644 1141 2660
f 2660 1140 1336
f 642 1336 643
f 1193 2660 642
f 679 555 558
f 1503 1500 1502
f 1318 1101 1100
f 2661 1139 1142
f 2661 2663 2662
f 2662 2659 2661
f 2662 2622 2664
f 2664 911 2646
f 2648 2646 1146
f 2648 2662 2664
f 2083 2093 2081
f 1442 1437 1439
f 519 330 51
f 1885 1209 613
f 799 805 804
f 1946 1952 1953
f 1302 1253 1252
f 566 224 533
f 1389 928 1388
f 683 681 680
f 836 1842 2665
f 2665 1845 1303
f 2666 1303 1302
f 24 2665 2666
f 831 2650 832
f 1845 1304 1303
f 2010 2012 2011
f 1051 2667 2668
f 1522 1511 1523
f 531 441 522
f 782 1251 1250
f 1250 2625 2669
f 2669 1857 1856
f 783 1856 1037
f 782 2669 783
f 720 2671 721
f 1055 1930 1056
f 1333 1251 2251
f 619 1308 1307
f 652 2619 2634
f 521 1539 1540
f 1838 537 2672
f 2672 536 2641
f 1113 2641 1110
f 1113 1838 2672
f 1016 1351 1045
f 3897 570 3894
f 226 104 101
f 3564 3827 1818
f 1036 1884 1883
f 2674 1304 2673
f 2673 1844 2675
f 1334 2675 1039
f 1333 2673 1334
f 2676 1039 2675
f 1843 2675 1844
f 942 2676 1843
f 1074 702 2676
f 811 859 858
f 752 1055 753
f 1200 656 1026
f 1120 874 2677
f 2677 877 1052
f 1241 1052 1005
f 1119 2677 1241
f 1560 151 1515
f 1208 611 523
f 215 736 214
f 1460 1462 1461
f 1208 1839 873
f 854 1282 1297
f 72 182 179
f 544 1565 512
f 217 456 457
f 2047 930 945
f 1204 1937 2633
f 913 686 685
f 840 1113 1112
f 1531 730 561
f 2678 1283 801
f 601 1914 602
f 1537 459 460
f 1819 3509 3527
f 991 862 538
f 2679 1073 1830
f 2680 983 2256
f 779 2256 1263
f 778 2680 779
f 2678 1830 2680
f 180 245 40
f 1886 1131 1134
f 1138 1274 1255
f 1841 1140 1139
f 75 314 74
f 193 420 192
f 2681 1099 1098
f 170 1565 169
f 349 417 432
f 1121 2684 2683
f 547 409 302
f 123 121 120
f 2643 1142 1141
f 1542 513 1543
f 899 907 919
f 1210 676 867
f 791 982 892
f 24 837 836
f 893 932 931
f 1860 863 862
f 535 862 861
f 832 813 812
f 2650 813 832
f 1569 1547 1568
f 181 542 180
f 660 937 688
f 2013 568 2012
f 887 2631 2630
f 1524 361 78
f 520 162 1529
f 2653 854 2685
f 1238 2655 2686
f 718 527 530
f 1492 518 1491
f 792 615 793
f 599 1835 596
f 290 456 175
f 312 1552 425
f 1248 1179 1249
f 153 177 178
f 1240 1222 1221
f 1257 1235 1071
f 1291 1083 1222
f 1052 1277 1053
f 743 2618 1204
f 444 430 443
f 23 1172 1187
f 2687 1180 1179
f 102 409 134
f 1283 610 801
f 373 650 651
f 1180 1084 1291
f 855 2655 1237
f 1173 1917 1174
f 2689 853 2688
f 2688 1108 1279
f 2686 1279 1238
f 2687 2688 2686
f 2691 1252 2690
f 2690 850 2689
f 1248 2689 2687
f 1248 2691 2690
f 2692 24 2666
f 2691 2666 1302
f 1247 2692 2691
f 1258 617 2692
f 394 1555 393
f 2693 1259 1223
f 1072 1262 1261
f 1257 1168 1258
f 398 1555 1554
f 871 1314 872
f 1178 1249 1179
f 1224 1173 1172
f 1010 2618 742
f 1175 1292 1269
f 2654 2686 2655
f 2694 1216 1264
f 71 1487 70
f 701 1111 1038
f 1072 2649 2650
f 1085 22 21
f 895 1264 896
f 1601 1605 1604
f 1259 1271 1289
f 21 1220 1083
f 988 538 537
f 598 1336 1140
f 820 1762 821
f 1050 818 821
f 1298 1761 2652
f 1168 618 617
f 858 1256 833
f 39 516 1536
f 2652 819 814
f 313 315 314
f 2026 1971 2027
f 2656 596 1835
f 814 818 811
f 2696 813 2649
f 1260 2649 1261
f 2693 2696 1260
f 2697 2651 2696
f 381 390 380
f 3818 1611 1609
f 1475 1428 1227
f 1292 1917 1235
f 1551 354 1518
f 1526 1523 1511
f 1593 1595 1573
f 1232 1246 1249
f 2695 1223 22
f 2698 1296 2697
f 2698 2693 2695
f 2685 2695 1085
f 2685 1297 2698
f 562 271 272
f 2652 1296 1298
f 1365 1364 1363
f 1958 1953 1957
f 585 2210 997
f 1561 1515 435
f 975 1146 976
f 347 68 346
f 1038 636 1068
f 2700 780 2699
f 2699 1036 1883
f 2701 1883 1829
f 851 2699 2701
f 2674 2251 2702
f 2702 781 2700
f 1253 2700 851
f 1301 2702 1253
f 1519 388 1550
f 1273 1280 2703
f 2703 1107 852
f 2701 852 851
f 1829 2703 2701
f 91 326 90
f 1784 2656 1785
f 2683 2705 2704
f 604 3499 3533
f 1669 3548 1662
f 2062 2060 2059
f 621 861 622
f 2023 732 2024
f 686 1263 687
f 857 2668 1328
f 883 882 879
f 637 1111 1110
f 2668 893 1328
f 2667 894 2668
f 1039 1068 1334
f 313 1504 1505
f 1911 305 453
f 1936 1964 2212
f 2707 2401 2183
f 2708 2183 2182
f 738 2116 554
f 2349 2432 2436
f 2711 2020 2019
f 2400 2019 2186
f 2714 2716 2713
f 2717 2719 2720
f 2721 2723 2724
f 2726 2728 2725
f 2725 2730 2729
f 2731 2729 2709
f 2732 2725 2731
f 2734 2736 2733
f 2738 2740 2737
f 2737 2741 2742
f 2744 2746 2743
f 2745 2748 2747
f 2749 2747 2751
f 2753 2751 2752
f 2250 2246 2248
f 2754 1614 2755
f 3598 2755 3609
f 3608 2747 3609
f 1617 2755 1614
f 2242 1620 2757
f 2191 2760 2759
f 2761 2760 2762
f 3648 2761 3649
f 3623 2759 3648
f 3209 3223 3224
f 1395 2236 2235
f 1395 1636 1615
f 1616 2229 2233
f 1617 2763 2756
f 2756 3628 3608
f 2765 2234 1630
f 2766 3628 3622
f 3202 3246 3247
f 1516 435 1515
f 2768 3552 3553
f 1495 578 1424
f 2135 28 17
f 3526 2773 2774
f 1690 3926 3925
f 2778 2780 2777
f 2777 2781 2782
f 2784 2777 2783
f 3555 575 576
f 1494 9 540
f 3529 2015 3566
f 451 505 450
f 2786 2788 2785
f 2779 2785 2780
f 2789 2741 2740
f 2790 2752 2789
f 2792 2794 2791
f 2793 2796 2794
f 2796 2750 2749
f 2794 2749 2753
f 2798 1396 2754
f 3591 2754 3598
f 2798 2800 1393
f 3591 2799 2798
f 2797 2795 2801
f 2791 2753 2790
f 216 232 54
f 3804 2807 3803
f 3805 2804 3803
f 2769 3557 3552
f 183 184 97
f 2811 2775 2776
f 2804 2776 2805
f 2809 2811 2804
f 2812 2813 2814
f 3805 2816 3795
f 3796 2815 3795
f 3798 2820 2821
f 3793 2819 3798
f 2824 2735 2819
f 2823 2824 2819
f 2825 2826 2724
f 3793 2827 3792
f 3796 2826 3792
f 2713 2829 2828
f 2828 2831 2830
f 2822 2828 2830
f 2821 2713 2828
f 2832 2822 2830
f 2833 2830 2831
f 2834 2832 2833
f 2835 2827 2832
f 2837 2839 2836
f 2836 2841 2840
f 2842 2840 2727
f 2843 2836 2842
f 2840 2845 2844
f 2718 2845 2719
f 2730 2844 2718
f 2727 2844 2728
f 2846 2719 2845
f 2846 2841 2847
f 2829 2847 2831
f 2829 2716 2846
f 2847 2839 2848
f 2848 2838 2849
f 2833 2849 2834
f 2831 2848 2833
f 2850 2851 2852
f 2853 2852 2854
f 2783 2782 2855
f 2785 2853 2856
f 2780 2856 2781
f 2857 2855 2782
f 2859 2782 2781
f 2861 2842 2860
f 2860 2727 2726
f 2862 2726 2732
f 2863 2860 2862
f 2861 2858 2857
f 2843 2857 2859
f 2856 2854 2864
f 2781 2864 2859
f 2837 2859 2864
f 2838 2864 2854
f 2852 2834 2849
f 2854 2849 2838
f 2865 2818 2835
f 2851 2835 2834
f 2813 2815 2865
f 2814 2865 2851
f 2866 2814 2850
f 2788 2850 2853
f 2866 2787 2867
f 2812 2867 2775
f 1892 1890 1891
f 2720 2846 2870
f 298 256 257
f 2872 2713 2820
f 3794 2735 2734
f 2729 2874 2873
f 2846 2715 2870
f 2876 2878 2875
f 2733 2878 2734
f 3806 2879 2880
f 3806 2872 3794
f 2882 2884 2881
f 2881 2715 2714
f 2880 2714 2872
f 2879 2881 2880
f 2885 2887 2888
f 2888 2890 2885
f 2885 2892 2891
f 2893 2885 2891
f 1942 2532 2894
f 2895 2720 2870
f 2884 2870 2715
f 2883 2895 2884
f 2896 2892 2895
f 2889 2717 2890
f 2890 2720 2892
f 2897 2891 2896
f 2898 2896 2883
f 2899 2883 2882
f 2900 2882 2879
f 3797 2879 3807
f 2876 2901 2877
f 2901 2904 2903
f 1785 1835 1834
f 2905 2899 2900
f 2907 2897 2898
f 3797 2903 3799
f 632 577 633
f 3532 2867 2787
f 434 550 350
f 2768 3640 3643
f 2910 1623 2249
f 2241 2758 2242
f 3640 2913 3652
f 1623 2757 1620
f 3587 2757 3652
f 2229 1380 2250
f 2765 1629 2914
f 2915 1629 2912
f 3642 2914 2915
f 3641 2765 2914
f 2919 3642 3613
f 2918 2912 2241
f 3614 2241 3586
f 3618 3613 3670
f 3541 2180 3496
f 3521 2188 3506
f 3705 714 3851
f 2925 2917 2924
f 2924 2916 2919
f 3610 2919 3618
f 3611 2924 3610
f 2926 2766 2925
f 3658 2925 3611
f 1715 1705 1710
f 785 498 796
f 1387 565 1791
f 374 1899 560
f 3573 2206 3556
f 2929 2886 2893
f 2932 2934 2931
f 1905 1908 1907
f 2930 2936 2937
f 2938 2930 2929
f 1493 517 518
f 1603 1586 1602
f 2939 2929 2908
f 2940 2908 2907
f 3665 1600 3661
f 2886 2937 2887
f 2906 2898 2899
f 2908 2893 2897
f 2942 2933 2941
f 2941 2937 2936
f 3501 2936 3513
f 3498 2941 3501
f 2943 2710 2873
f 2943 2874 2889
f 2945 2889 2888
f 2946 2943 2945
f 2932 2888 2887
f 2931 2945 2932
f 727 1929 728
f 2903 2947 2948
f 545 42 262
f 1480 533 251
f 2907 2949 2940
f 2906 2950 2949
f 1558 215 202
f 3799 2948 3801
f 2054 1644 2118
f 3705 2203 3573
f 1828 1849 1827
f 2953 2955 2952
f 2952 2957 2956
f 2956 2258 2952
f 2953 2258 2257
f 2454 2474 2496
f 3747 2959 3766
f 3747 2131 3737
f 2961 2963 2958
f 2958 2964 2959
f 222 2485 2965
f 2477 2966 2608
f 2631 2006 1859
f 2384 2496 2497
f 2967 2959 2964
f 2968 2970 2969
f 3759 2971 3784
f 3784 2960 3766
f 2972 2033 2032
f 2007 2973 2008
f 3560 2134 2133
f 1836 1832 1831
f 3506 2090 3551
f 955 959 956
f 672 674 673
f 633 713 632
f 2024 733 803
f 2025 803 798
f 425 1550 388
f 2975 888 887
f 1319 1157 2694
f 1212 2977 1213
f 889 2228 2227
f 1978 1975 1979
f 1138 1329 915
f 751 2979 2978
f 1619 1625 1624
f 2252 1728 1727
f 1157 845 1216
f 2706 1938 2617
f 2980 2254 2981
f 2982 887 2630
f 802 711 2679
f 678 2029 2028
f 527 690 528
f 1839 2629 1840
f 2983 602 1914
f 2983 1913 1331
f 2985 1331 1054
f 2986 2983 2985
f 2987 2635 2634
f 2985 2639 2986
f 2990 1318 2989
f 2991 2993 2994
f 2995 2994 2996
f 1106 2991 2995
f 1058 2992 2991
f 1415 1365 1367
f 1317 2217 2997
f 1932 2255 2980
f 926 2999 664
f 3001 2992 3000
f 3000 1057 2978
f 2999 2978 2979
f 2998 3000 2999
f 3002 2209 3003
f 3002 2996 2994
f 2993 3002 2994
f 3001 2998 3002
f 1103 2995 3004
f 3004 2996 3003
f 2209 3004 3003
f 588 3004 2210
f 295 433 381
f 2638 2988 3005
f 3005 1056 1930
f 1305 1930 1306
f 1276 3005 1305
f 1987 1993 1989
f 2633 1761 2645
f 1423 1417 1419
f 3561 739 703
f 2671 2704 2705
f 1473 2035 1472
f 922 2694 895
f 1401 1378 1384
f 556 1884 1037
f 842 3825 3836
f 1854 2617 1010
f 933 1081 1075
f 1440 1436 1437
f 529 719 530
f 1031 1027 1028
f 777 912 1871
f 2645 1204 2633
f 441 1538 1537
f 790 587 586
f 2065 1610 1607
f 1860 990 902
f 60 87 59
f 1424 1948 1947
f 332 1507 331
f 261 138 135
f 187 449 507
f 1719 1726 1725
f 1931 1059 3006
f 3006 1105 1104
f 1287 1104 587
f 1286 3006 1287
f 3007 3009 3010
f 3009 653 795
f 618 26 25
f 2029 1210 1209
f 957 600 2228
f 1049 2228 600
f 2631 3011 2561
f 890 2227 3011
f 3011 2145 3012
f 2561 3012 2375
f 1026 609 608
f 2706 1961 1964
f 3013 2485 3014
f 2148 1267 3015
f 3015 1266 1311
f 2997 1101 1317
f 642 1773 1193
f 186 461 511
f 1041 1320 901
f 1121 3017 1122
f 2984 2987 3018
f 3018 2634 2619
f 1048 3018 2619
f 603 2984 3018
f 2679 801 802
f 2062 2074 2061
f 2061 2076 2064
f 414 1545 1965
f 3016 2683 3019
f 3019 2704 2670
f 3020 2670 720
f 3007 3019 3020
f 1871 1091 777
f 3021 1122 3017
f 3022 3017 3010
f 1314 3022 1315
f 1784 3021 1314
f 1316 1763 611
f 3023 3010 3009
f 3023 795 1092
f 1763 1092 1125
f 1315 3023 1763
f 3016 3010 3017
f 752 2978 1057
f 2986 2637 2987
f 3024 653 3008
f 3020 3008 3007
f 720 3024 3020
f 723 654 3024
f 2681 1268 3025
f 2671 1268 721
f 2705 3025 2671
f 1313 3027 1311
f 3026 3029 3027
f 3027 3030 3031
f 1311 3031 3015
f 2012 731 2023
f 917 974 977
f 743 856 744
f 1888 2030 1425
f 2682 2684 3032
f 3032 1124 2989
f 1100 2989 1318
f 1099 3032 1100
f 1123 2989 1124
f 3033 1159 1158
f 2990 1158 1319
f 1123 3033 2990
f 1786 1834 3033
f 1054 2988 2985
f 2979 664 2999
f 2623 2663 2643
f 1095 688 687
f 3034 2261 2956
f 3036 2956 2957
f 3037 3034 3036
f 3038 3035 3034
f 3040 3026 1313
f 2263 3041 3040
f 3042 3043 3041
f 3041 3028 3026
f 3044 3043 3039
f 3046 3045 3044
f 3047 3049 3045
f 3043 3049 3028
f 3038 3051 3050
f 3050 3053 3052
f 3052 3044 3050
f 3039 3050 3044
f 3054 3039 3042
f 3042 2262 3054
f 2261 3054 2262
f 2216 2997 2217
f 2212 2667 1936
f 3056 2209 3055
f 934 1961 1854
f 2013 3757 567
f 3058 3060 3061
f 3059 3063 3060
f 3060 2213 1963
f 3061 1963 1962
f 3063 2214 2213
f 3062 3064 3063
f 3065 2260 3064
f 3064 2215 2214
f 3066 3031 3030
f 2608 3067 3066
f 2966 3068 3067
f 3031 3068 3015
f 2455 2461 2474
f 2476 2226 2477
f 3551 2089 3525
f 3526 3769 3786
f 433 355 381
f 2115 1419 2123
f 3509 2922 3527
f 3769 2131 2134
f 3069 2167 2166
f 2971 2928 2960
f 2961 2773 2962
f 3070 2478 2483
f 2610 3071 2954
f 2502 2374 2386
f 3072 2595 3073
f 2964 3052 2967
f 3048 3074 3049
f 2593 3075 3074
f 3075 3029 3074
f 3074 3028 3049
f 3072 3075 2592
f 3076 2482 2481
f 2481 3066 3076
f 3076 3030 3075
f 2967 3053 2970
f 2482 3073 2483
f 479 493 494
f 706 3873 709
f 3561 2221 3517
f 2013 3754 3755
f 3533 2016 3529
f 3562 2222 2974
f 1171 1155 1176
f 2586 2565 2587
f 2982 113 2484
f 2562 3077 3068
f 2376 3012 3077
f 3012 2148 3077
f 3077 3015 3068
f 2963 3046 2964
f 3051 2970 3053
f 1683 491 775
f 3850 1447 3860
f 1986 3734 3768
f 3079 2546 2575
f 3081 2575 2576
f 1983 3768 3765
f 3082 2319 2545
f 3080 2545 2546
f 3734 3082 3080
f 3732 2323 3082
f 1309 1888 748
f 3073 2772 2771
f 2760 3084 2762
f 2760 2088 3083
f 3085 3086 3087
f 3089 3090 3088
f 3089 3084 3085
f 3092 3090 3091
f 3093 2744 2743
f 2751 2748 3093
f 3093 2752 2751
f 2742 3093 3094
f 3094 2743 3095
f 3096 3098 3087
f 3099 3087 3086
f 3097 3095 3098
f 3100 2746 3101
f 3101 3102 3100
f 2764 2927 3101
f 2745 3101 2746
f 3102 3091 3100
f 3100 3095 2743
f 2869 3592 3634
f 3102 3104 3092
f 3658 2869 3634
f 2927 3103 3102
f 3098 3091 3090
f 3087 3090 3085
f 2088 3105 3083
f 3083 3086 3084
f 2483 2771 3070
f 2401 2185 2321
f 3099 3105 3106
f 2125 3106 3105
f 3108 2742 3107
f 3107 3094 3097
f 3110 3107 3109
f 3109 3097 3096
f 3111 3096 3099
f 3112 3109 3111
f 3113 2737 3108
f 3115 2722 3114
f 3117 3114 3116
f 3119 3116 3118
f 3118 3120 3121
f 3116 3113 3120
f 3122 3111 3123
f 3122 1755 1754
f 3124 3126 3127
f 3125 3121 3126
f 3128 3118 3125
f 3129 3125 3124
f 2020 3128 3129
f 3853 1346 1352
f 1065 1047 1066
f 1814 3830 1649
f 2021 3129 3130
f 3111 3106 3123
f 3123 2207 1755
f 2377 2224 2973
f 3014 113 112
f 1756 3782 3767
f 3131 2530 2528
f 3133 2528 2529
f 1753 3767 3775
f 3134 3127 3135
f 2327 2314 2313
f 2436 2317 2349
f 2018 3711 3712
f 2534 3137 2535
f 2320 3136 2534
f 2185 3712 3771
f 3138 2542 2539
f 3134 3744 3745
f 3785 3134 3745
f 3140 2539 2538
f 2535 3140 2538
f 3711 3130 3785
f 2558 3132 3141
f 3782 3141 3132
f 2560 3141 3142
f 3760 3142 3141
f 958 2976 2981
f 1933 2980 3143
f 2399 2418 2416
f 2348 2343 2432
f 2322 2319 2323
f 2718 2874 2730
f 2709 2873 2710
f 2894 1361 1942
f 346 176 347
f 1876 1882 1881
f 2802 3607 3592
f 3104 3088 3092
f 2974 3649 3603
f 3089 2761 2762
f 3088 3145 3089
f 2803 3603 3607
f 3870 692 628
f 2123 1418 2126
f 1365 1368 1367
f 1581 1782 1783
f 3569 2129 3520
f 3555 2002 3521
f 3146 2551 3147
f 3751 3147 3750
f 3742 3146 3751
f 3149 2585 3146
f 3196 3197 3195
f 3604 2191 3623
f 3142 2556 2560
f 3777 3150 3142
f 3646 2550 3593
f 3150 2555 2556
f 3778 3151 3150
f 3788 3152 3646
f 3153 2551 2549
f 3152 2549 2550
f 3781 3153 3152
f 3776 3147 3153
f 3148 2206 2205
f 2183 2321 2184
f 2132 2928 2133
f 3684 2204 2203
f 3719 2197 3721
f 2594 2773 2951
f 2595 2951 2772
f 1870 799 1869
f 3713 2178 3706
f 3706 3736 3790
f 336 3774 3722
f 339 3154 336
f 3789 3149 3742
f 3683 2584 3149
f 2963 3048 3047
f 3722 337 336
f 339 2566 2586
f 3156 2168 2167
f 2610 2167 2611
f 2954 3156 2610
f 3157 2953 2257
f 3707 2169 3709
f 2567 3159 2568
f 337 2567 338
f 3730 2166 3707
f 3764 1983 3765
f 2579 3081 2576
f 2568 3160 2579
f 3709 2190 3764
f 3065 3162 3161
f 3161 1984 2189
f 3157 2189 2168
f 2257 3161 3157
f 734 1922 806
f 3059 2708 3163
f 3163 2182 1985
f 3162 1985 1984
f 3062 3163 3162
f 3203 3205 3204
f 2122 1448 1447
f 3817 1685 3812
f 139 444 69
f 1570 566 533
f 2957 3165 3036
f 2955 3164 2957
f 1912 341 1973
f 3130 3124 3134
f 1548 319 1547
f 1949 1327 1887
f 2969 3078 3167
f 3167 3169 3168
f 3724 2017 3720
f 3720 2033 3759
f 3168 3165 3170
f 3170 3164 3171
f 3779 3171 3756
f 3724 3170 3779
f 3171 3166 3172
f 3172 3071 3173
f 3752 3173 3749
f 3756 3172 3752
f 3169 3036 3165
f 2593 2962 2594
f 3173 2609 3174
f 3174 2199 2198
f 3783 2198 3719
f 3749 3174 3783
f 2190 1984 1983
f 2196 2767 3148
f 2119 1414 1448
f 1464 1466 1465
f 2199 3069 2200
f 2457 2587 2565
f 2226 2562 2966
f 481 1627 1639
f 333 235 236
f 3078 3037 3169
f 3040 2997 2263
f 2219 1933 2220
f 2385 2497 2503
f 221 3175 2484
f 2220 3143 3175
f 3175 2976 2975
f 2484 2975 2982
f 2954 3166 2955
f 2630 110 2982
f 1547 1952 1955
f 2091 2188 2187
f 3733 2178 2177
f 1918 1927 1926
f 3563 111 3511
f 955 960 954
f 2037 112 3563
f 3143 2981 2976
f 2218 2214 2215
f 672 3787 3541
f 2152 3014 2037
f 1147 1143 1145
f 2248 1409 2245
f 1615 1635 1616
f 1410 2246 2247
f 3241 3242 3240
f 3177 1383 1382
f 2238 3176 1382
f 3176 2230 3178
f 1410 3179 1407
f 3179 2243 1407
f 1633 2800 2249
f 1621 2758 2912
f 1622 2245 1634
f 2236 3181 3182
f 2237 3182 3183
f 2250 2233 2229
f 2912 1628 1621
f 135 1564 1563
f 1567 512 1565
f 1085 2653 2685
f 3184 868 3056
f 869 3057 934
f 1266 1098 1312
f 1267 722 721
f 937 2646 936
f 2146 722 2147
f 2211 921 2667
f 1957 507 449
f 1313 2264 3040
f 1496 1493 1492
f 2681 2705 2682
f 2887 2933 2932
f 1687 1659 1694
f 145 1498 81
f 1317 1319 2694
f 37 418 71
f 1935 3185 2977
f 104 301 103
f 2101 2083 2084
f 543 360 207
f 1934 3186 3185
f 234 212 237
f 3845 1822 1824
f 1976 1874 1974
f 223 2219 220
f 3655 3605 3612
f 468 773 2165
f 1935 1728 1932
f 3240 3226 3235
f 3261 3250 3260
f 3215 3244 3264
f 3265 3215 3264
f 3267 3198 3196
f 3205 3269 3255
f 3214 3265 3270
f 3271 3214 3192
f 3251 3239 3236
f 3222 3266 3272
f 3232 3234 3233
f 3216 3243 3244
f 3196 3268 3267
f 3244 3254 3255
f 3238 3247 3246
f 3264 3255 3269
f 3253 3216 3217
f 3211 3221 3265
f 3257 3218 3256
f 3258 3272 3259
f 3274 3280 3273
f 3228 3262 3263
f 3275 3281 3280
f 3226 3273 3280
f 3236 3260 3251
f 3281 3236 3237
f 3287 3192 3189
f 3235 3280 3234
f 3234 3281 3237
f 3288 3259 3272
f 3260 3276 3251
f 3289 3278 3284
f 3210 3224 3283
f 3199 3201 3200
f 3228 3230 3229
f 3290 3285 3286
f 3282 3271 3287
f 3260 3262 3261
f 3243 3268 3254
f 3267 3241 3232
f 3194 3208 3193
f 3191 3269 3206
f 3270 3192 3214
f 3275 3230 3231
f 3264 3270 3265
f 3252 3276 3291
f 3248 3291 3223
f 3213 3279 3277
f 3272 3289 3288
f 3277 3212 3213
f 3228 3281 3231
f 3220 3253 3219
f 3219 3217 3257
f 3256 3222 3258
f 3247 3252 3248
f 3245 3232 3233
f 3266 3212 3289
f 3208 3255 3254
f 3288 3284 3285
f 3204 3208 3207
f 560 3187 559
f 3209 3201 3202
f 3189 3191 3190
f 448 807 447
f 647 122 270
f 1833 1780 1832
f 510 508 507
f 3210 1887 3201
f 1887 3200 3201
f 15 3197 3200
f 16 3195 3197
f 3195 3187 3194
f 3194 1899 3207
f 3207 375 3204
f 387 126 127
f 3189 1760 3287
f 3577 757 758
f 763 2172 2175
f 3583 3580 3581
f 3581 3579 3578
f 3594 3596 3595
f 3400 3602 3401
f 3626 3625 3627
f 3631 3599 3601
f 3636 3595 3596
f 3647 3588 3645
f 3650 3584 3647
f 3653 3580 3651
f 3653 3654 3579
f 1801 3656 3655
f 3651 3582 3650
f 3644 3595 3637
f 1767 3659 3660
f 1597 3661 1600
f 1708 3665 3664
f 3671 3667 3666
f 3666 3673 3672
f 1588 3664 1587
f 2080 3666 2082
f 2082 3672 2084
f 3674 3635 3631
f 3677 3636 3635
f 3682 3645 3681
f 3692 3650 3686
f 3681 3644 3680
f 786 3692 785
f 3694 3651 3692
f 785 3686 497
f 497 3682 650
f 650 3681 564
f 3696 3681 3680
f 3405 3605 3402
f 3702 3678 3677
f 3699 3679 3678
f 3645 3638 3644
f 1799 3659 1768
f 3708 3458 3460
f 3462 3708 3460
f 3714 564 3696
f 3615 3602 3600
f 3710 3696 3698
f 3635 3596 3599
f 3629 3627 3630
f 3597 3599 3596
f 3630 3715 3629
f 3627 3597 3594
f 3717 3723 3718
f 3715 3660 3629
f 3716 3725 3715
f 3668 3661 3725
f 3668 3717 3667
f 3667 3718 3673
f 3727 3673 3718
f 3728 3672 3673
f 3726 3718 3723
f 1576 2084 3672
f 3727 3731 3729
f 3203 1387 3190
f 3190 1791 3189
f 3283 1949 3210
f 317 259 391
f 2000 3653 3694
f 3601 3600 3602
f 3589 3584 3585
f 3577 756 2170
f 3585 3582 3583
f 3678 3637 3636
f 3204 376 3203
f 1801 3657 1799
f 3729 3728 3727
f 1575 3738 1088
f 3735 1576 3728
f 1776 1796 1775
f 1293 1290 1284
f 1326 1327 12
f 1294 1234 1290
f 878 1330 1337
f 497 374 498
f 122 413 121
f 3699 3704 3708
f 3606 3401 3602
f 3708 3698 3699
f 3464 3710 3462
f 3704 3443 3458
f 439 399 438
f 1512 1526 1511
f 1668 1738 1671
f 839 1362 838
f 1362 826 1012
f 3843 1896 3815
f 2053 2118 2117
f 3888 2120 2119
f 696 3816 3831
f 1826 639 640
f 3740 3729 3731
f 956 886 960
f 1980 1922 807
f 33 105 164
f 1343 3856 3857
f 3907 2128 3902
f 1766 1582 1594
f 14 2163 738
f 595 99 594
f 3233 3246 3245
f 1346 1044 1352
f 748 1425 747
f 3193 3254 3268
f 3190 3206 3203
f 3612 3606 3615
f 3624 3615 3625
f 3631 3443 3674
f 3679 3644 3637
f 3686 3647 3682
f 3702 3674 3704
f 3625 3600 3597
f 3601 3415 3631
f 3739 3735 3729
f 3630 3594 3741
f 3741 3716 3630
f 1284 1288 1285
f 3698 3680 3679
f 1778 1780 1779
f 1792 1584 1789
f 695 571 694
f 3638 3594 3595
f 3741 3588 3589
f 3247 3209 3202
f 3292 3294 3295
f 3296 3298 3299
f 3299 3300 3301
f 3302 3304 3305
f 3306 3308 3309
f 3307 3311 3308
f 3303 3301 3300
f 3312 3304 3313
f 3314 3316 3317
f 3318 3320 3321
f 3324 3321 3325
f 3326 3328 3323
f 3329 3331 3332
f 3333 3335 3336
f 3337 3339 3340
f 3333 3341 3342
f 3342 3343 3344
f 3319 3344 3343
f 3338 3334 3339
f 3346 3302 3347
f 3305 3347 3302
f 3312 3223 3349
f 3350 3340 3351
f 3312 3348 3305
f 3352 3341 3326
f 3311 3354 3308
f 3341 3327 3326
f 3359 3361 3362
f 3360 3250 3249
f 3318 3345 3319
f 3364 3318 3324
f 3314 3324 3365
f 3366 3301 3346
f 3299 3367 3296
f 3308 3368 3309
f 3369 3295 3294
f 3317 3364 3314
f 3370 3317 3316
f 3325 3365 3324
f 3352 3319 3343
f 3296 3353 3311
f 3297 3311 3310
f 3363 3354 3345
f 3345 3353 3344
f 3344 3367 3342
f 3366 3342 3367
f 3347 3334 3346
f 3339 3348 3340
f 3348 3351 3340
f 3363 3369 3368
f 3294 3368 3369
f 3293 3309 3294
f 3331 3374 3332
f 3346 3333 3366
f 3323 3352 3326
f 3356 3321 3320
f 3355 3325 3321
f 3357 3371 3325
f 3322 3320 3352
f 3361 3329 3362
f 3373 3375 3374
f 3374 3376 3332
f 3329 3376 3362
f 3327 3372 3328
f 3336 3375 3327
f 3335 3376 3375
f 3376 3337 3362
f 3337 3359 3362
f 3359 3276 3250
f 3377 3295 3370
f 3277 3315 3278
f 3371 3379 3365
f 3378 3358 3380
f 3365 3315 3314
f 3316 3279 3370
f 3282 3370 3279
f 3313 3224 3312
f 3378 3284 3379
f 3380 3285 3378
f 3379 3278 3315
f 3276 3351 3291
f 3291 3349 3223
f 3313 2965 3013
f 2965 3303 222
f 222 3300 223
f 223 3298 3186
f 3298 3185 3186
f 3297 2977 3185
f 3310 1213 2977
f 3307 1214 1213
f 2532 3306 3293
f 2894 3293 3292
f 2871 3292 3377
f 3253 3240 3242
f 3283 3013 2152
f 1997 1889 1892
f 1237 744 855
f 1535 120 121
f 1531 201 214
f 1119 1032 984
f 946 824 947
f 163 5 162
f 3589 3723 3741
f 1155 1162 1164
f 427 327 424
f 553 796 498
f 3381 2231 2237
f 3381 2230 2232
f 2237 3180 3381
f 3383 3385 3382
f 3384 3387 3385
f 3386 3389 3387
f 3388 3391 3389
f 3392 3394 3395
f 3395 3396 3397
f 3398 3397 3396
f 3400 3399 3398
f 3403 3405 3402
f 3406 3404 3403
f 3408 3407 3406
f 3410 3409 3408
f 3412 3411 3410
f 3415 3398 3414
f 3414 3396 3416
f 3416 3394 3417
f 3417 3393 3418
f 3393 3420 3418
f 3419 3421 3420
f 3390 3422 3421
f 3388 3423 3422
f 3386 3424 3423
f 3384 3425 3424
f 3425 3426 3184
f 2904 3428 2947
f 3429 2904 2902
f 3430 2902 2876
f 2875 3430 2876
f 3432 2733 2736
f 2825 3435 2824
f 3437 3439 3436
f 3441 3436 3440
f 2724 3434 2825
f 3436 3115 3117
f 3440 3117 3119
f 3443 3414 3442
f 3442 3416 3444
f 3444 3417 3445
f 3445 3418 3446
f 3446 3420 3447
f 3420 3448 3447
f 3421 3449 3448
f 3422 3450 3449
f 3423 3451 3450
f 3424 3452 3451
f 3425 3056 3452
f 3451 2253 2252
f 3450 2252 1727
f 3449 1727 2150
f 3448 2150 1941
f 3453 3448 1941
f 3454 3447 3453
f 3455 3446 3454
f 3456 3445 3455
f 3442 3456 3457
f 3443 3457 3458
f 3459 3458 3457
f 3457 3455 3459
f 3459 3454 3461
f 3462 3459 3461
f 3461 3453 3463
f 3464 3461 3463
f 3463 1941 1360
f 3404 3401 3405
f 3407 3399 3404
f 3409 3397 3407
f 3411 3395 3409
f 3465 3413 3412
f 3467 3469 3466
f 3465 3431 3433
f 3470 3466 3465
f 3438 3432 3435
f 3467 3438 3437
f 3468 3437 3441
f 3471 3468 3472
f 3472 3441 3473
f 3473 3440 2712
f 2712 3119 3128
f 3475 3472 3474
f 3474 3473 3476
f 3476 2712 2711
f 3477 2711 2400
f 3478 3476 3477
f 3479 3474 3478
f 3392 3413 3480
f 3466 3480 3413
f 3419 3392 3480
f 3390 3480 3391
f 3469 3391 3480
f 3389 3471 3475
f 3387 3475 3479
f 3385 3479 3481
f 3482 2400 2402
f 3483 3477 3482
f 3481 3478 3483
f 3484 2402 2707
f 3058 2707 2708
f 3061 3484 3058
f 3485 3482 3484
f 3382 3481 3486
f 3486 3483 3485
f 3426 3382 3487
f 3487 3486 1962
f 3486 3061 1962
f 1961 3487 1962
f 3057 3426 3487
f 3428 3402 3488
f 3427 3403 3428
f 3429 3406 3427
f 3430 3408 3429
f 3431 3410 3430
f 3470 3433 3432
f 3434 3438 3435
f 2723 3439 3434
f 2875 3433 3431
f 2736 3435 3432
f 2947 3488 3500
f 3464 1360 3497
f 1900 1924 1901
f 1736 1718 1750
f 1955 1943 1956
f 1671 1735 1751
f 1696 1698 1692
f 1800 1864 1801
f 2063 2056 2060
f 1737 1717 1736
f 1751 1697 1695
f 943 3899 684
f 3656 3402 3605
f 1577 1764 1703
f 3917 1599 3923
f 1945 82 1944
f 68 7 248
f 147 1543 148
f 1109 1133 1102
f 1503 1907 1908
f 1499 1909 1498
f 452 735 215
f 1824 3835 3845
f 1825 2068 1824
f 1463 1022 1194
f 841 1009 1011
f 1568 1955 1534
f 1926 1927 1923
f 1910 1502 1939
f 1939 422 442
f 309 1940 308
f 1804 1866 1803
f 269 1954 56
f 2065 2060 2056
f 3812 1758 3835
f 280 552 1940
f 1875 1869 1874
f 1739 1734 1737
f 1778 1790 1788
f 310 1915 279
f 1909 1906 1954
f 1789 1778 1788
f 978 980 979
f 1584 1731 1583
f 425 311 312
f 148 115 116
f 2044 3894 2046
f 277 1939 551
f 1943 1945 1944
f 1461 1463 1464
f 2253 3056 3055
f 2981 3489 958
f 2209 3489 3055
f 2254 3055 3489
f 2998 958 3489
f 2826 2721 2724
f 3490 2721 2817
f 2816 3490 2817
f 2334 2296 2335
f 2298 2334 2336
f 2301 2336 2338
f 2311 2338 2354
f 2312 2354 2355
f 2359 2361 2360
f 2335 2359 2360
f 2414 2365 2364
f 2413 2361 2365
f 2355 2540 2541
f 2541 2539 2542
f 2722 2739 2738
f 3114 2738 3113
f 3110 3121 3120
f 3108 3120 3113
f 3122 3127 3126
f 3112 3126 3121
f 3127 1753 3135
f 3139 2529 2542
f 3744 3133 3139
f 3490 2740 2739
f 3491 2789 3490
f 228 91 88
f 245 243 242
f 248 247 191
f 2 296 295
f 145 300 267
f 327 210 328
f 329 331 330
f 250 228 236
f 239 240 230
f 373 375 374
f 178 176 175
f 1218 1228 1321
f 3862 1295 3854
f 808 824 823
f 3858 1013 1014
f 3813 1411 1413
f 2154 2159 2160
f 3845 1758 1757
f 306 1922 452
f 2157 1976 1977
f 708 2031 1474
f 1450 1227 1428
f 1672 1605 1624
f 1813 1821 1816
f 1717 1715 1718
f 176 402 347
f 1710 3916 3915
f 1712 1577 1711
f 1705 1711 1704
f 971 979 970
f 822 1094 1102
f 2909 2793 2792
f 2810 2795 2793
f 2799 2249 2800
f 3662 2910 2799
f 2769 2801 2795
f 3177 3178 3179
f 3178 3180 3179
f 3181 1393 2800
f 3181 1632 3182
f 3182 2244 3183
f 3183 2243 3180
f 3492 2790 3491
f 2808 3491 2816
f 2239 3572 2240
f 1149 3571 3570
f 1150 3567 3571
f 2202 3566 2015
f 2921 3565 2923
f 3568 2133 2928
f 1777 1759 1792
f 1201 1183 1184
f 3561 2195 2194
f 3553 2770 2768
f 3927 1687 1692
f 1516 154 503
f 3549 2974 2803
f 3550 2779 2778
f 2771 3575 3546
f 3070 3546 3558
f 3547 2775 2867
f 1376 1370 1372
f 2767 3556 2206
f 2195 3543 2767
f 2775 3542 2776
f 3377 3545 2871
f 3804 3539 2806
f 2776 3538 2805
f 2240 3535 2920
f 2920 3669 3619
f 3548 2786 2779
f 1805 1851 1804
f 3534 2787 2786
f 2951 3540 3531
f 2772 3531 3575
f 2973 3530 3536
f 2224 3537 3530
f 1957 320 510
f 306 304 303
f 2770 3528 2913
f 2913 3574 2239
f 2923 3527 2922
f 308 431 47
f 207 132 543
f 1879 1881 1880
f 3733 3525 2089
f 2475 3558 3524
f 2476 3524 3523
f 2223 3523 3537
f 3522 2803 2802
f 2037 11 1950
f 1959 450 505
f 2003 3520 2129
f 9 334 540
f 2009 3518 3567
f 2008 3536 3518
f 3877 673 3879
f 3515 2778 2784
f 2935 3513 2936
f 111 3570 3511
f 3510 2935 2938
f 683 3885 943
f 3508 2810 2909
f 736 732 729
f 1795 1803 1796
f 3505 2938 2939
f 3507 2939 2940
f 2950 3504 2949
f 2940 3504 3507
f 3801 3512 2950
f 2868 3502 2869
f 2869 3522 2802
f 1024 1023 1020
f 3500 2948 2947
f 551 442 443
f 2972 3568 2928
f 2032 3499 2972
f 216 1924 1923
f 203 201 200
f 1828 1847 1837
f 1958 449 450
f 272 178 175
f 2871 3495 1361
f 3619 3564 2921
f 2801 3643 3662
f 2005 3654 2176
f 960 899 962
f 3657 3612 3624
f 3780 3646 3151
f 3151 3593 2555
f 2193 3623 2194
f 3607 3145 3144
f 3603 2761 3145
f 3592 3144 3104
f 2926 3634 3103
f 3634 3104 3103
f 3755 3746 3753
f 566 3758 2005
f 3488 1864 3500
f 1602 2079 2078
f 2868 3611 2922
f 2922 3610 2923
f 2923 3618 2921
f 3670 2918 3614
f 3619 3614 2920
f 2921 3670 3619
f 2920 3586 2240
f 3613 2915 2918
f 2917 3622 3641
f 2916 3641 3642
f 2239 3652 2913
f 2911 3652 2757
f 3643 2911 2910
f 2797 3662 3591
f 2797 3598 2750
f 3622 2763 2765
f 3608 2764 2745
f 2194 3648 2221
f 2221 3649 2222
f 2756 3609 2755
f 2750 3609 2747
f 3669 1817 3827
f 3763 1691 1699
f 2515 3590 2548
f 2548 3593 2550
f 2513 3632 3616
f 2513 3621 2515
f 2509 3620 2289
f 2510 3633 2509
f 2289 3639 2283
f 2283 3617 2286
f 2240 3587 2239
f 3659 3624 3626
f 716 3887 3888
f 727 3761 1923
f 2165 2170 2164
f 3660 3626 3629
f 3743 3578 3757
f 2175 769 770
f 2100 2095 2099
f 3758 3757 3578
f 640 3568 1826
f 1653 3553 1651
f 1895 3530 746
f 746 3537 741
f 1653 3528 3576
f 3762 1604 1672
f 2093 2073 2078
f 959 995 884
f 962 919 986
f 1400 1398 1399
f 1000 1127 1004
f 956 884 885
f 1662 3550 1661
f 2034 3546 1654
f 3926 3539 3802
f 3535 766 1817
f 3572 765 766
f 334 3571 335
f 1868 3540 1656
f 1684 1652 1678
f 1682 775 1807
f 1585 3762 1700
f 3763 1672 1673
f 2173 490 491
f 1658 3547 1752
f 3556 1650 724
f 1571 2010 1572
f 1587 3671 2080
f 2099 2077 2094
f 787 1999 786
f 2000 786 1999
f 3155 3697 3683
f 3713 3683 3789
f 2180 3685 3684
f 3496 3684 3705
f 1684 3840 1651
f 1760 3495 3545
f 2607 3693 2590
f 2581 3689 2607
f 2371 3700 3695
f 2371 3693 2372
f 2587 3675 2586
f 2586 3697 339
f 2497 3687 2503
f 2502 3687 3700
f 2494 3690 2495
f 3690 2472 2495
f 3688 2468 2472
f 3701 2469 2468
f 726 3892 630
f 581 3518 580
f 10 3570 334
f 1837 3510 1849
f 741 3523 1300
f 1299 3558 2034
f 1851 3504 1866
f 3527 1820 1819
f 580 3536 1895
f 1758 3522 3502
f 1693 3508 1806
f 3504 1867 1866
f 1894 3568 3499
f 2126 3813 3841
f 3906 3841 3912
f 2113 3867 2110
f 2179 3789 3685
f 624 3904 623
f 2192 3788 3780
f 2177 3787 3733
f 1364 3833 1338
f 3858 1470 1453
f 3135 3775 3744
f 2069 3835 2068
f 1351 3853 1352
f 2108 3901 499
f 2089 3736 3733
f 3828 1358 866
f 2001 3783 2187
f 2187 3719 2091
f 2130 3752 2004
f 2004 3749 2001
f 2014 3779 2201
f 2201 3756 2130
f 3167 3759 2969
f 3168 3720 3167
f 3159 3764 3160
f 3160 3765 3081
f 3730 3158 337
f 3158 3709 3159
f 2200 3730 3722
f 3685 3742 2204
f 3722 2197 2200
f 3790 2092 3721
f 3774 3721 2197
f 3154 3790 3774
f 3155 3706 3154
f 2091 3721 2092
f 2196 3750 3776
f 2193 3776 3781
f 3604 3781 3788
f 2086 3780 3778
f 2087 3778 3777
f 2204 3751 2205
f 2205 3750 3148
f 3909 574 692
f 2124 3777 3760
f 2208 3760 3782
f 3711 3140 3137
f 3785 3138 3140
f 3745 3139 3138
f 3771 3136 2322
f 3712 3137 3136
f 3775 3131 3133
f 3767 3132 3131
f 1813 3838 1814
f 1293 3856 1344
f 2184 3748 3732
f 2181 3732 3734
f 3765 3079 3081
f 3768 3080 3079
f 709 3875 2031
f 2774 3737 3769
f 3786 2134 3559
f 3809 766 765
f 2968 3766 2959
f 2969 3784 2968
f 2958 3737 2961
f 2132 3766 2960
f 2321 3771 3748
f 3860 1449 28
f 3905 582 710
f 3886 577 574
f 3847 1818 3827
f 705 3887 2121
f 3816 3907 698
f 2111 3911 2113
f 3810 1366 1411
f 1812 3822 1815
f 675 3852 674
f 3496 3851 675
f 2110 3868 2109
f 2104 3901 2106
f 2109 3899 944
f 3842 703 739
f 1680 3846 1684
f 1639 3819 3818
f 623 3906 697
f 2139 3866 3865
f 1808 3844 3837
f 3820 1819 1820
f 3872 3900 706
f 1646 3830 1648
f 3889 633 577
f 2139 3875 18
f 2156 3871 3874
f 674 3913 3869
f 2117 3812 2069
f 1815 3847 3823
f 3855 1444 1470
f 697 3912 3816
f 866 3836 3828
f 3864 2136 2135
f 3585 3726 3589
f 3583 3731 3585
f 3753 3738 3739
f 3740 3581 3743
f 1088 3746 1093
f 3739 3743 3753
f 2791 3493 2792
f 3492 2807 3493
f 2792 3494 2909
f 3493 2806 3494
f 3508 3494 3516
f 3516 2806 3539
f 2948 3791 3801
f 2105 3896 2104
f 3538 3804 2805
f 680 3876 683
f 1891 3910 3891
f 2905 3801 2950
f 2900 3799 2905
f 2901 3807 2877
f 2734 3806 3794
f 2877 3806 2878
f 2820 3794 2872
f 2818 3792 2827
f 2823 3792 2826
f 2822 3798 2821
f 2819 3800 3798
f 2817 3795 2816
f 2809 3795 2815
f 2808 3803 2807
f 2805 3803 2804
f 1702 3923 1599
f 3922 1797 1802
f 3915 1706 1709
f 3918 1692 1698
f 1657 3880 1879
f 1890 3895 3910
f 3772 1674 1675
f 1689 3772 3773
f 3926 3538 1688
f 3516 1689 3773
f 3917 1703 1764
f 1598 3928 1770
f 3880 1876 1879
f 1691 3925 3927
f 3925 1688 1687
f 1117 1118 3930
f 1066 1322 3930
f 1243 847 3930
f 3825 848 3930
f 1128 1117 3930
f 1129 1130 3930
f 841 1011 3930
f 1230 3863 3930
f 1242 1243 3930
f 1322 1229 3930
f 1064 1065 3930
f 1003 1128 3930
f 1229 1230 3930
f 3863 1285 3930
f 1285 1288 3930
f 848 839 3930
f 847 3825 3930
f 1118 1129 3930
f 1065 1066 3930
f 1087 1086 3930
f 1008 1002 3930
f 1011 1008 3930
f 1002 1003 3930
f 1076 1069 3930
f 838 841 3930
f 839 838 3930
f 1288 1242 3930
f 1130 1087 3930
f 1086 1076 3930
f 1069 1064 3930
f 2410 2414 3931
f 2411 2410 3931
f 3617 2285 3931
f 2394 2393 3931
f 2393 2396 3931
f 2281 2286 3931
f 2282 2280 3931
f 2398 2399 3931
f 2465 2464 3931
f 2396 2397 3931
f 2470 2469 3931
f 2399 2416 3931
f 2480 2395 3931
f 2459 2480 3931
f 2369 2282 3931
f 2460 2459 3931
f 2415 2411 3931
f 2416 2415 3931
f 2364 2363 3931
f 2286 3617 3931
f 2464 2470 3931
f 2469 3703 3931
f 2285 2465 3931
f 2414 2364 3931
f 2395 2394 3931
f 2363 2367 3931
f 2397 2398 3931
f 2280 2281 3931
f 3703 2460 3931
f 2367 2369 3931
f 3934 3937 3938
f 3934 3939 3935
f 3932 3937 3933
f 3938 3943 3939
f 3937 3940 3941
f 3937 3942 3938
f 3942 3947 3943
f 3941 3944 3945
f 3942 3945 3946
f 3947 3950 3951
f 3944 3949 3945
f 3945 3950 3946
f 3950 3955 3951
f 3949 3952 3953
f 3950 3953 3954
f 3955 3958 3959
f 3953 3956 3957
f 3953 3958 3954
f 3959 3962 3963
f 3957 3960 3961
f 3958 3961 3962
f 3962 3967 3963
f 3960 3965 3961
f 3961 3966 3962
f 3966 3971 3967
f 3965 3968 3969
f 3966 3969 3970
f 3970 3975 3971
f 3968 3973 3969
f 3969 3974 3970
f 3974 3979 3975
f 3973 3976 3977
f 3974 3977 3978
f 3979 3982 3983
f 3976 3981 3977
f 3977 3982 3978
f 3982 3987 3983
f 3981 3984 3985
f 3982 3985 3986
f 3987 3990 3991
f 3984 3989 3985
f 3985 3990 3986
f 3991 3994 3995
f 3989 3992 3993
f 3990 3993 3994
f 3995 3998 3999
f 3992 3997 3993
f 3993 3998 3994
f 3998 4003 3999
f 3997 4000 4001
f 3998 4001 4002
f 4002 4007 4003
f 4000 4005 4001
f 4001 4006 4002
f 4006 4011 4007
f 4005 4008 4009
f 4006 4009 4010
f 4011 4014 4015
f 4008 4013 4009
f 4009 4014 4010
f 4014 4019 4015
f 4013 4016 4017
f 4014 4017 4018
f 4019 4022 4023
f 4016 4021 4017
f 4017 4022 4018
f 4023 4026 4027
f 4021 4024 4025
f 4022 4025 4026
f 4027 4030 4031
f 4024 4029 4025
f 4025 4030 4026
f 4031 4034 4035
f 4029 4032 4033
f 4030 4033 4034
f 4034 4039 4035
f 4032 4037 4033
f 4033 4038 4034
f 4038 4043 4039
f 4037 4040 4041
f 4038 4041 4042
f 4043 4046 4047
f 4040 4045 4041
f 4041 4046 4042
f 4046 4051 4047
f 4045 4048 4049
f 4046 4049 4050
f 4051 4055 4056
f 4048 4054 4049
f 4049 4055 4050
f 4056 4059 4060
f 4053 4058 4054
f 4055 4058 4059
f 3932 4052 3936
f 3936 4052 3940
f 3940 4052 3944
f 3944 4052 3948
f 3948 4052 3952
f 3952 4052 3956
f 3956 4052 3960
f 3960 4052 3964
f 3964 4052 3968
f 3968 4052 3972
f 3972 4052 3976
f 3976 4052 3980
f 3980 4052 3984
f 3984 4052 3988
f 3988 4052 3992
f 3992 4052 3996
f 3996 4052 4000
f 4000 4052 4004
f 4004 4052 4008
f 4008 4052 4012
f 4012 4052 4016
f 4016 4052 4020
f 4020 4052 4024
f 4024 4052 4028
f 4028 4052 4032
f 4032 4052 4036
f 4036 4052 4040
f 4040 4052 4044
f 4044 4052 4048
f 4048 4052 4053
f 4053 4052 4057
f 4060 3934 3935
f 4058 3932 3933
f 4058 3934 4059
f 4057 4052 3932
f 4069 4081 4082
f 4066 4080 4067
f 4065 4077 4078
f 4063 4075 4076
f 4071 4085 4072
f 4069 4083 4070
f 4067 4081 4068
f 4066 4078 4079
f 4063 4077 4064
f 4061 4075 4062
f 4072 4086 4073
f 4071 4083 4084
f 4076 4090 4077
f 4074 4088 4075
f 4086 4098 4099
f 4083 4097 4084
f 4082 4094 4095
f 4079 4093 4080
f 4078 4090 4091
f 4076 4088 4089
f 4085 4097 4098
f 4082 4096 4083
f 4080 4094 4081
f 4079 4091 4092
f 4089 4103 4090
f 4088 4100 4101
f 4098 4112 4099
f 4096 4110 4097
f 4095 4107 4108
f 4092 4106 4093
f 4090 4104 4091
f 4089 4101 4102
f 4097 4111 4098
f 4095 4109 4096
f 4094 4106 4107
f 4092 4104 4105
f 4103 4115 4116
f 4100 4114 4101
f 4112 4124 4125
f 4110 4122 4123
f 4107 4121 4108
f 4105 4119 4106
f 4103 4117 4104
f 4101 4115 4102
f 4110 4124 4111
f 4109 4121 4122
f 4107 4119 4120
f 4105 4117 4118
f 4115 4129 4116
f 4114 4126 4127
f 4124 4138 4125
f 4123 4135 4136
f 4120 4134 4121
f 4119 4131 4132
f 4117 4129 4130
f 4114 4128 4115
f 4124 4136 4137
f 4122 4134 4135
f 4119 4133 4120
f 4117 4131 4118
f 4129 4141 4142
f 4126 4140 4127
f 4138 4150 4151
f 4136 4148 4149
f 4133 4147 4134
f 4131 4145 4132
f 4130 4142 4143
f 4127 4141 4128
f 4137 4149 4150
f 4135 4147 4148
f 4132 4146 4133
f 4131 4143 4144
f 4142 4154 4155
f 4140 4152 4153
f 4150 4164 4151
f 4149 4161 4162
f 4146 4160 4147
f 4144 4158 4145
f 4142 4156 4143
f 4140 4154 4141
f 4149 4163 4150
f 4148 4160 4161
f 4146 4158 4159
f 4144 4156 4157
f 4155 4167 4168
f 4153 4165 4166
f 4163 4177 4164
f 4161 4175 4162
f 4159 4173 4160
f 4158 4170 4171
f 4155 4169 4156
f 4153 4167 4154
f 4163 4175 4176
f 4161 4173 4174
f 4159 4171 4172
f 4156 4170 4157
f 4167 4181 4168
f 4165 4179 4166
f 4176 4190 4177
f 4175 4187 4188
f 4173 4185 4186
f 4170 4184 4171
f 4169 4181 4182
f 4167 4179 4180
f 4175 4189 4176
f 4173 4187 4174
f 4171 4185 4172
f 4170 4182 4183
f 4180 4194 4181
f 4178 4192 4179
f 4190 4202 4203
f 4187 4201 4188
f 4186 4198 4199
f 4183 4197 4184
f 4182 4194 4195
f 4180 4192 4193
f 4189 4201 4202
f 4186 4200 4187
f 4184 4198 4185
f 4183 4195 4196
f 4193 4207 4194
f 4192 4204 4205
f 4202 4216 4203
f 4200 4214 4201
f 4199 4211 4212
f 4196 4210 4197
f 4194 4208 4195
f 4193 4205 4206
f 4201 4215 4202
f 4199 4213 4200
f 4198 4210 4211
f 4196 4208 4209
f 4207 4219 4220
f 4204 4218 4205
f 4216 4228 4229
f 4213 4227 4214
f 4211 4225 4212
f 4209 4223 4210
f 4207 4221 4208
f 4205 4219 4206
f 4214 4228 4215
f 4213 4225 4226
f 4211 4223 4224
f 4209 4221 4222
f 4219 4233 4220
f 4218 4230 4231
f 4228 4242 4229
f 4226 4240 4227
f 4225 4237 4238
f 4223 4235 4236
f 4221 4233 4234
f 4218 4232 4219
f 4228 4240 4241
f 4226 4238 4239
f 4223 4237 4224
f 4221 4235 4222
f 4233 4245 4246
f 4230 4244 4231
f 4242 4254 4255
f 4240 4252 4253
f 4237 4251 4238
f 4235 4249 4236
f 4234 4246 4247
f 4231 4245 4232
f 4241 4253 4254
f 4239 4251 4252
f 4236 4250 4237
f 4235 4247 4248
f 4246 4258 4259
f 4244 4256 4257
f 4254 4268 4255
f 4253 4265 4266
f 4250 4264 4251
f 4248 4262 4249
f 4246 4260 4247
f 4244 4258 4245
f 4253 4267 4254
f 4252 4264 4265
f 4250 4262 4263
f 4248 4260 4261
f 4259 4271 4272
f 4257 4269 4270
f 4267 4281 4268
f 4265 4279 4266
f 4263 4277 4264
f 4262 4274 4275
f 4259 4273 4260
f 4257 4271 4258
f 4266 4280 4267
f 4265 4277 4278
f 4263 4275 4276
f 4260 4274 4261
f 4271 4285 4272
f 4269 4283 4270
f 4281 4293 4294
f 4279 4291 4292
f 4277 4289 4290
f 4274 4288 4275
f 4273 4285 4286
f 4271 4283 4284
f 4280 4292 4293
f 4277 4291 4278
f 4275 4289 4276
f 4274 4286 4287
f 4284 4298 4285
f 4282 4296 4283
f 4294 4306 4307
f 4291 4305 4292
f 4290 4302 4303
f 4287 4301 4288
f 4286 4298 4299
f 4284 4296 4297
f 4293 4305 4306
f 4290 4304 4291
f 4288 4302 4289
f 4287 4299 4300
f 4297 4311 4298
f 4296 4308 4309
f 4306 4320 4307
f 4304 4318 4305
f 4303 4315 4316
f 4300 4314 4301
f 4298 4312 4299
f 4297 4309 4310
f 4305 4319 4306
f 4304 4316 4317
f 4302 4314 4315
f 4300 4312 4313
f 4310 4324 4311
f 4308 4322 4309
f 4320 4332 4333
f 4318 4330 4331
f 4316 4328 4329
f 4313 4327 4314
f 4311 4325 4312
f 4310 4322 4323
f 4318 4332 4319
f 4316 4330 4317
f 4315 4327 4328
f 4312 4326 4313
f 4323 4337 4324
f 4322 4334 4335
f 4332 4346 4333
f 4330 4344 4331
f 4329 4341 4342
f 4327 4339 4340
f 4325 4337 4338
f 4322 4336 4323
f 4332 4344 4345
f 4330 4342 4343
f 4327 4341 4328
f 4325 4339 4326
f 4337 4350 4351
f 4334 4349 4335
f 4346 4359 4360
f 4344 4357 4358
f 4341 4356 4342
f 4340 4353 4354
f 4338 4351 4352
f 4335 4350 4336
f 4345 4358 4359
f 4343 4356 4357
f 4340 4355 4341
f 4338 4353 4339
f 4351 4363 4364
f 4349 4361 4362
f 4359 4373 4360
f 4358 4370 4371
f 4355 4369 4356
f 4354 4366 4367
f 4351 4365 4352
f 4349 4363 4350
f 4358 4372 4359
f 4357 4369 4370
f 4355 4367 4368
f 4352 4366 4353
f 4364 4376 4377
f 4362 4374 4375
f 4373 4385 4386
f 4370 4384 4371
f 4368 4382 4369
f 4367 4379 4380
f 4364 4378 4365
f 4362 4376 4363
f 4372 4384 4385
f 4370 4382 4383
f 4368 4380 4381
f 4365 4379 4366
f 4376 4390 4377
f 4374 4388 4375
f 4385 4399 4386
f 4384 4396 4397
f 4382 4394 4395
f 4379 4393 4380
f 4378 4390 4391
f 4376 4388 4389
f 4384 4398 4385
f 4382 4396 4383
f 4380 4394 4381
f 4379 4391 4392
f 4389 4403 4390
f 4387 4401 4388
f 4399 4411 4412
f 4396 4410 4397
f 4395 4407 4408
f 4393 4405 4406
f 4391 4403 4404
f 4389 4401 4402
f 4398 4410 4411
f 4395 4409 4396
f 4393 4407 4394
f 4391 4405 4392
f 4402 4416 4403
f 4401 4413 4414
f 4411 4425 4412
f 4409 4423 4410
f 4408 4420 4421
f 4406 4418 4419
f 4403 4417 4404
f 4402 4414 4415
f 4410 4424 4411
f 4408 4422 4409
f 4407 4419 4420
f 4404 4418 4405
f 4416 4428 4429
f 4413 4427 4414
f 4425 4437 4438
f 4423 4435 4436
f 4421 4433 4434
f 4418 4432 4419
f 4416 4430 4417
f 4415 4427 4428
f 4423 4437 4424
f 4421 4435 4422
f 4420 4432 4433
f 4418 4430 4431
f 4428 4442 4429
f 4426 4440 4427
f 4437 4451 4438
f 4435 4449 4436
f 4434 4446 4447
f 4432 4444 4445
f 4430 4442 4443
f 4427 4441 4428
f 4437 4449 4450
f 4435 4447 4448
f 4432 4446 4433
f 4430 4444 4431
f 4442 4454 4455
f 4439 4453 4440
f 4451 4463 4464
f 4449 4461 4462
f 4446 4460 4447
f 4444 4458 4445
f 4443 4455 4456
f 4440 4454 4441
f 4450 4462 4463
f 4447 4461 4448
f 4445 4459 4446
f 4444 4456 4457
f 4455 4467 4468
f 4453 4465 4466
f 4463 4477 4464
f 4462 4474 4475
f 4459 4473 4460
f 4457 4471 4458
f 4455 4469 4456
f 4453 4467 4454
f 4462 4476 4463
f 4461 4473 4474
f 4459 4471 4472
f 4457 4469 4470
f 4347 4073 4086
f 4347 4086 4099
f 4347 4099 4112
f 4347 4112 4125
f 4347 4125 4138
f 4347 4138 4151
f 4347 4151 4164
f 4347 4164 4177
f 4347 4177 4190
f 4347 4190 4203
f 4347 4203 4216
f 4347 4216 4229
f 4347 4229 4242
f 4347 4242 4255
f 4347 4255 4268
f 4347 4268 4281
f 4347 4281 4294
f 4347 4294 4307
f 4347 4307 4320
f 4347 4320 4333
f 4347 4333 4346
f 4347 4346 4360
f 4347 4360 4373
f 4347 4373 4386
f 4347 4386 4399
f 4347 4399 4412
f 4347 4412 4425
f 4347 4425 4438
f 4347 4438 4451
f 4347 4451 4464
f 4347 4464 4477
f 4468 4063 4064
f 4466 4061 4062
f 4477 4072 4073
f 4474 4071 4475
f 4472 4069 4473
f 4471 4066 4067
f 4468 4065 4469
f 4466 4063 4467
f 4347 4477 4073
f 4476 4071 4072
f 4474 4069 4070
f 4472 4067 4068
f 4469 4066 4470
f 3935 4465 4060
f 4465 4056 4060
f 4452 4051 4056
f 4439 4047 4051
f 4047 4413 4043
f 4043 4400 4039
f 4039 4387 4035
f 4387 4031 4035
f 4031 4361 4027
f 4361 4023 4027
f 4348 4019 4023
f 4334 4015 4019
f 4015 4308 4011
f 4011 4295 4007
f 4007 4282 4003
f 4282 3999 4003
f 3999 4256 3995
f 4256 3991 3995
f 4243 3987 3991
f 4230 3983 3987
f 3983 4204 3979
f 3979 4191 3975
f 3975 4178 3971
f 4178 3967 3971
f 3967 4152 3963
f 4152 3959 3963
f 4139 3955 3959
f 4126 3951 3955
f 3951 4100 3947
f 3947 4087 3943
f 3943 4074 3939
f 4074 3935 3939
f 4480 4483 4484
f 4480 4485 4481
f 4479 4482 4483
f 4484 4489 4485
f 4482 4487 4483
f 4483 4488 4484
f 4488 4493 4489
f 4487 4490 4491
f 4488 4491 4492
f 4493 4496 4497
f 4490 4495 4491
f 4491 4496 4492
f 4496 4501 4497
f 4495 4498 4499
f 4496 4499 4500
f 4501 4504 4505
f 4498 4503 4499
f 4499 4504 4500
f 4505 4508 4509
f 4503 4506 4507
f 4504 4507 4508
f 4509 4512 4513
f 4506 4511 4507
f 4507 4512 4508
f 4513 4516 4517
f 4511 4514 4515
f 4512 4515 4516
f 4516 4521 4517
f 4514 4519 4515
f 4515 4520 4516
f 4520 4525 4521
f 4518 4523 4519
f 4520 4523 4524
f 4525 4528 4529
f 4522 4527 4523
f 4523 4528 4524
f 4528 4533 4529
f 4527 4530 4531
f 4528 4531 4532
f 4533 4536 4537
f 4530 4535 4531
f 4531 4536 4532
f 4537 4540 4541
f 4534 4539 4535
f 4536 4539 4540
f 4541 4544 4545
f 4539 4542 4543
f 4539 4544 4540
f 4544 4549 4545
f 4542 4547 4543
f 4544 4547 4548
f 4548 4553 4549
f 4547 4550 4551
f 4547 4552 4548
f 4552 4557 4553
f 4551 4554 4555
f 4552 4555 4556
f 4557 4560 4561
f 4554 4559 4555
f 4555 4560 4556
f 4560 4565 4561
f 4559 4562 4563
f 4560 4563 4564
f 4565 4568 4569
f 4562 4567 4563
f 4563 4568 4564
f 4569 4572 4573
f 4567 4570 4571
f 4568 4571 4572
f 4572 4577 4573
f 4570 4575 4571
f 4571 4576 4572
f 4576 4581 4577
f 4575 4578 4579
f 4576 4579 4580
f 4580 4585 4581
f 4578 4583 4579
f 4579 4584 4580
f 4584 4589 4585
f 4583 4586 4587
f 4584 4587 4588
f 4589 4592 4593
f 4586 4591 4587
f 4587 4592 4588
f 4592 4597 4593
f 4591 4594 4595
f 4592 4595 4596
f 4597 4601 4602
f 4594 4600 4595
f 4595 4601 4596
f 4602 4605 4606
f 4600 4603 4604
f 4601 4604 4605
f 4478 4598 4482
f 4482 4598 4486
f 4486 4598 4490
f 4490 4598 4494
f 4494 4598 4498
f 4498 4598 4502
f 4502 4598 4506
f 4506 4598 4510
f 4510 4598 4514
f 4514 4598 4518
f 4518 4598 4522
f 4522 4598 4526
f 4526 4598 4530
f 4530 4598 4534
f 4534 4598 4538
f 4538 4598 4542
f 4542 4598 4546
f 4546 4598 4550
f 4550 4598 4554
f 4554 4598 4558
f 4558 4598 4562
f 4562 4598 4566
f 4566 4598 4570
f 4570 4598 4574
f 4574 4598 4578
f 4578 4598 4582
f 4582 4598 4586
f 4586 4598 4590
f 4590 4598 4594
f 4594 4598 4599
f 4599 4598 4603
f 4606 4480 4481
f 4603 4479 4604
f 4604 4480 4605
f 4603 4598 4478
f 4615 4627 4628
f 4612 4626 4613
f 4611 4623 4624
f 4609 4621 4622
f 4618 4630 4631
f 4615 4629 4616
f 4613 4627 4614
f 4612 4624 4625
f 4609 4623 4610
f 4607 4621 4608
f 4619 4631 4632
f 4617 4629 4630
f 4622 4636 4623
f 4620 4634 4621
f 4632 4644 4645
f 4629 4643 4630
f 4628 4640 4641
f 4626 4638 4639
f 4624 4636 4637
f 4622 4634 4635
f 4631 4643 4644
f 4628 4642 4629
f 4626 4640 4627
f 4624 4638 4625
f 4635 4649 4636
f 4634 4646 4647
f 4644 4658 4645
f 4642 4656 4643
f 4641 4653 4654
f 4639 4651 4652
f 4636 4650 4637
f 4635 4647 4648
f 4643 4657 4644
f 4642 4654 4655
f 4640 4652 4653
f 4637 4651 4638
f 4648 4662 4649
f 4646 4660 4647
f 4658 4670 4671
f 4656 4668 4669
f 4653 4667 4654
f 4651 4665 4652
f 4649 4663 4650
f 4648 4660 4661
f 4656 4670 4657
f 4654 4668 4655
f 4653 4665 4666
f 4651 4663 4664
f 4661 4675 4662
f 4660 4672 4673
f 4670 4684 4671
f 4668 4682 4669
f 4667 4679 4680
f 4665 4677 4678
f 4663 4675 4676
f 4661 4673 4674
f 4670 4682 4683
f 4667 4681 4668
f 4665 4679 4666
f 4663 4677 4664
f 4675 4687 4688
f 4672 4686 4673
f 4684 4696 4697
f 4682 4694 4695
f 4679 4693 4680
f 4678 4690 4691
f 4676 4688 4689
f 4673 4687 4674
f 4683 4695 4696
f 4681 4693 4694
f 4678 4692 4679
f 4676 4690 4677
f 4688 4700 4701
f 4686 4698 4699
f 4696 4710 4697
f 4695 4707 4708
f 4692 4706 4693
f 4691 4703 4704
f 4688 4702 4689
f 4686 4700 4687
f 4695 4709 4696
f 4694 4706 4707
f 4692 4704 4705
f 4689 4703 4690
f 4701 4713 4714
f 4699 4711 4712
f 4710 4722 4723
f 4707 4721 4708
f 4705 4719 4706
f 4704 4716 4717
f 4701 4715 4702
f 4699 4713 4700
f 4709 4721 4722
f 4707 4719 4720
f 4705 4717 4718
f 4702 4716 4703
f 4713 4727 4714
f 4711 4725 4712
f 4723 4735 4736
f 4721 4733 4734
f 4719 4731 4732
f 4716 4730 4717
f 4715 4727 4728
f 4713 4725 4726
f 4721 4735 4722
f 4719 4733 4720
f 4717 4731 4718
f 4716 4728 4729
f 4726 4740 4727
f 4724 4738 4725
f 4736 4748 4749
f 4733 4747 4734
f 4732 4744 4745
f 4730 4742 4743
f 4728 4740 4741
f 4726 4738 4739
f 4735 4747 4748
f 4732 4746 4733
f 4730 4744 4731
f 4728 4742 4729
f 4739 4753 4740
f 4738 4750 4751
f 4748 4762 4749
f 4746 4760 4747
f 4745 4757 4758
f 4743 4755 4756
f 4740 4754 4741
f 4739 4751 4752
f 4747 4761 4748
f 4745 4759 4746
f 4744 4756 4757
f 4741 4755 4742
f 4753 4765 4766
f 4750 4764 4751
f 4762 4774 4775
f 4759 4773 4760
f 4758 4770 4771
f 4755 4769 4756
f 4753 4767 4754
f 4752 4764 4765
f 4760 4774 4761
f 4758 4772 4759
f 4757 4769 4770
f 4755 4767 4768
f 4765 4779 4766
f 4764 4776 4777
f 4774 4788 4775
f 4772 4786 4773
f 4771 4783 4784
f 4769 4781 4782
f 4767 4779 4780
f 4765 4777 4778
f 4774 4786 4787
f 4771 4785 4772
f 4769 4783 4770
f 4767 4781 4768
f 4779 4791 4792
f 4776 4790 4777
f 4788 4800 4801
f 4786 4798 4799
f 4783 4797 4784
f 4782 4794 4795
f 4780 4792 4793
f 4777 4791 4778
f 4787 4799 4800
f 4785 4797 4798
f 4782 4796 4783
f 4780 4794 4781
f 4792 4804 4805
f 4790 4802 4803
f 4800 4814 4801
f 4799 4811 4812
f 4796 4810 4797
f 4795 4807 4808
f 4792 4806 4793
f 4790 4804 4791
f 4799 4813 4800
f 4798 4810 4811
f 4796 4808 4809
f 4793 4807 4794
f 4805 4817 4818
f 4803 4815 4816
f 4814 4826 4827
f 4811 4825 4812
f 4809 4823 4810
f 4808 4820 4821
f 4805 4819 4806
f 4803 4817 4804
f 4813 4825 4826
f 4811 4823 4824
f 4809 4821 4822
f 4806 4820 4807
f 4817 4831 4818
f 4815 4829 4816
f 4826 4840 4827
f 4825 4837 4838
f 4823 4835 4836
f 4820 4834 4821
f 4819 4831 4832
f 4817 4829 4830
f 4825 4839 4826
f 4823 4837 4824
f 4821 4835 4822
f 4820 4832 4833
f 4830 4844 4831
f 4828 4842 4829
f 4840 4852 4853
f 4837 4851 4838
f 4836 4848 4849
f 4834 4846 4847
f 4832 4844 4845
f 4830 4842 4843
f 4839 4851 4852
f 4836 4850 4837
f 4834 4848 4835
f 4832 4846 4833
f 4843 4857 4844
f 4842 4854 4855
f 4852 4866 4853
f 4850 4864 4851
f 4849 4861 4862
f 4847 4859 4860
f 4844 4858 4845
f 4843 4855 4856
f 4851 4865 4852
f 4849 4863 4850
f 4848 4860 4861
f 4845 4859 4846
f 4857 4869 4870
f 4855 4867 4868
f 4866 4878 4879
f 4864 4876 4877
f 4862 4874 4875
f 4859 4873 4860
f 4857 4871 4858
f 4856 4868 4869
f 4864 4878 4865
f 4862 4876 4863
f 4861 4873 4874
f 4859 4871 4872
f 4869 4883 4870
f 4868 4880 4881
f 4878 4892 4879
f 4877 4889 4890
f 4874 4888 4875
f 4873 4885 4886
f 4871 4883 4884
f 4868 4882 4869
f 4878 4890 4891
f 4876 4888 4889
f 4873 4887 4874
f 4871 4885 4872
f 4883 4896 4897
f 4880 4895 4881
f 4892 4905 4906
f 4890 4903 4904
f 4887 4902 4888
f 4885 4900 4886
f 4884 4897 4898
f 4881 4896 4882
f 4891 4904 4905
f 4889 4902 4903
f 4886 4901 4887
f 4885 4898 4899
f 4897 4909 4910
f 4895 4907 4908
f 4905 4919 4906
f 4904 4916 4917
f 4901 4915 4902
f 4899 4913 4900
f 4897 4911 4898
f 4895 4909 4896
f 4904 4918 4905
f 4903 4915 4916
f 4901 4913 4914
f 4899 4911 4912
f 4910 4922 4923
f 4908 4920 4921
f 4919 4931 4932
f 4916 4930 4917
f 4914 4928 4915
f 4913 4925 4926
f 4910 4924 4911
f 4908 4922 4909
f 4918 4930 4931
f 4916 4928 4929
f 4914 4926 4927
f 4911 4925 4912
f 4922 4936 4923
f 4920 4934 4921
f 4931 4945 4932
f 4930 4942 4943
f 4928 4940 4941
f 4925 4939 4926
f 4924 4936 4937
f 4922 4934 4935
f 4930 4944 4931
f 4928 4942 4929
f 4926 4940 4927
f 4925 4937 4938
f 4935 4949 4936
f 4933 4947 4934
f 4945 4957 4958
f 4942 4956 4943
f 4941 4953 4954
f 4938 4952 4939
f 4937 4949 4950
f 4935 4947 4948
f 4944 4956 4957
f 4941 4955 4942
f 4939 4953 4940
f 4938 4950 4951
f 4948 4962 4949
f 4947 4959 4960
f 4957 4971 4958
f 4955 4969 4956
f 4954 4966 4967
f 4951 4965 4952
f 4949 4963 4950
f 4948 4960 4961
f 4956 4970 4957
f 4954 4968 4955
f 4953 4965 4966
f 4951 4963 4964
f 4962 4974 4975
f 4959 4973 4960
f 4971 4983 4984
f 4968 4982 4969
f 4966 4980 4967
f 4964 4978 4965
f 4962 4976 4963
f 4960 4974 4961
f 4969 4983 4970
f 4967 4981 4968
f 4966 4978 4979
f 4964 4976 4977
f 4975 4987 4988
f 4973 4985 4986
f 4983 4997 4984
f 4981 4995 4982
f 4979 4993 4980
f 4978 4990 4991
f 4976 4988 4989
f 4973 4987 4974
f 4983 4995 4996
f 4981 4993 4994
f 4978 4992 4979
f 4976 4990 4977
f 4988 5000 5001
f 4985 4999 4986
f 4997 5009 5010
f 4995 5007 5008
f 4992 5006 4993
f 4991 5003 5004
f 4989 5001 5002
f 4986 5000 4987
f 4996 5008 5009
f 4994 5006 5007
f 4991 5005 4992
f 4989 5003 4990
f 5001 5013 5014
f 4999 5011 5012
f 5009 5023 5010
f 5008 5020 5021
f 5005 5019 5006
f 5004 5016 5017
f 5001 5015 5002
f 4999 5013 5000
f 5008 5022 5009
f 5007 5019 5020
f 5005 5017 5018
f 5002 5016 5003
f 4893 4619 4632
f 4893 4632 4645
f 4893 4645 4658
f 4893 4658 4671
f 4893 4671 4684
f 4893 4684 4697
f 4893 4697 4710
f 4893 4710 4723
f 4893 4723 4736
f 4893 4736 4749
f 4893 4749 4762
f 4893 4762 4775
f 4893 4775 4788
f 4893 4788 4801
f 4893 4801 4814
f 4893 4814 4827
f 4893 4827 4840
f 4893 4840 4853
f 4893 4853 4866
f 4893 4866 4879
f 4893 4879 4892
f 4893 4892 4906
f 4893 4906 4919
f 4893 4919 4932
f 4893 4932 4945
f 4893 4945 4958
f 4893 4958 4971
f 4893 4971 4984
f 4893 4984 4997
f 4893 4997 5010
f 4893 5010 5023
f 5014 4609 4610
f 5012 4607 4608
f 5022 4619 5023
f 5020 4617 5021
f 5018 4615 5019
f 5017 4612 4613
f 5014 4611 5015
f 5012 4609 5013
f 4893 5023 4619
f 5021 4618 5022
f 5020 4615 4616
f 5018 4613 4614
f 5015 4612 5016
f 4481 5011 4606
f 5011 4602 4606
f 4998 4597 4602
f 4985 4593 4597
f 4593 4959 4589
f 4589 4946 4585
f 4585 4933 4581
f 4933 4577 4581
f 4577 4907 4573
f 4907 4569 4573
f 4894 4565 4569
f 4880 4561 4565
f 4561 4854 4557
f 4557 4841 4553
f 4553 4828 4549
f 4828 4545 4549
f 4545 4802 4541
f 4802 4537 4541
f 4789 4533 4537
f 4776 4529 4533
f 4529 4750 4525
f 4525 4737 4521
f 4521 4724 4517
f 4724 4513 4517
f 4513 4698 4509
f 4698 4505 4509
f 4685 4501 4505
f 4672 4497 4501
f 4497 4646 4493
f 4493 4633 4489
f 4489 4620 4485
f 4620 4481 4485
f 4 3 2
f 8 7 6
f 13 16 15
f 17 28 19
f 32 31 30
f 36 35 34
f 37 40 39
f 21 22 23
f 25 26 27
f 41 44 43
f 48 47 46
f 52 51 50
f 53 56 55
f 60 59 58
f 29 30 62
f 66 65 64
f 67 5 6
f 72 71 70
f 76 75 74
f 77 80 79
f 81 84 83
f 59 87 86
f 88 91 90
f 96 95 94
f 100 99 98
f 101 104 103
f 106 105 34
f 108 116 115
f 117 119 36
f 124 127 126
f 131 130 129
f 132 102 134
f 142 141 140
f 148 106 60
f 144 143 127
f 149 152 151
f 156 155 154
f 159 150 158
f 116 108 164
f 171 170 169
f 174 126 173
f 179 182 181
f 186 189 188
f 194 197 196
f 199 142 139
f 206 209 208
f 213 212 211
f 202 215 214
f 96 93 216
f 92 238 43
f 97 184 246
f 250 249 229
f 252 254 58
f 258 257 256
f 260 91 229
f 110 111 112
f 114 264 263
f 265 268 267
f 56 53 270
f 274 273 249
f 185 183 63
f 280 279 278
f 285 284 283
f 288 219 211
f 141 142 92
f 289 290 175
f 148 116 105
f 312 311 170
f 238 262 42
f 318 163 160
f 310 309 308
f 241 239 325
f 160 230 240
f 47 48 307
f 108 109 315
f 345 85 86
f 348 351 350
f 356 359 358
f 355 354 353
f 363 31 32
f 364 252 253
f 366 125 368
f 183 372 371
f 163 162 161
f 209 226 101
f 378 377 165
f 379 295 381
f 383 382 3
f 284 285 386
f 387 127 389
f 391 259 229
f 73 281 397
f 405 408 407
f 203 218 411
f 414 121 413
f 1 356 357
f 277 276 131
f 254 344 57
f 358 384 415
f 417 416 386
f 401 400 192
f 419 389 127
f 421 181 182
f 103 301 302
f 428 367 368
f 380 390 359
f 62 204 266
f 140 141 431
f 357 358 351
f 356 1 379
f 415 392 403
f 437 428 436
f 438 441 440
f 188 451 450
f 265 455 181
f 224 185 64
f 237 212 213
f 275 131 128
f 281 282 460
f 50 462 79
f 73 74 282
f 468 467 466
f 390 355 352
f 482 485 484
f 489 488 487
f 493 496 495
f 472 471 470
f 502 501 500
f 220 221 222
f 512 419 143
f 518 517 511
f 513 239 230
f 205 30 31
f 189 370 451
f 163 318 532
f 533 224 225
f 446 448 447
f 335 541 540
f 544 512 546
f 329 519 291
f 199 534 262
f 385 386 416
f 532 190 191
f 363 117 118
f 578 581 580
f 573 572 571
f 561 563 562
f 241 260 259
f 590 593 592
f 545 546 595
f 503 154 155
f 606 625 624
f 478 481 480
f 646 649 648
f 590 591 689
f 564 565 651
f 728 246 184
f 714 724 716
f 692 574 575
f 541 335 581
f 346 68 248
f 161 231 230
f 128 129 94
f 698 705 704
f 574 577 576
f 290 289 401
f 630 631 725
f 733 736 735
f 755 466 496
f 759 480 481
f 757 763 762
f 764 496 466
f 768 767 3808
f 759 760 488
f 492 474 475
f 474 770 769
f 773 468 465
f 771 774 486
f 484 485 775
f 774 776 489
f 495 496 764
f 495 757 761
f 137 397 784
f 325 239 797
f 165 519 51
f 369 32 29
f 730 731 568
f 90 302 301
f 243 118 516
f 800 734 806
f 817 815 808
f 816 808 823
f 306 303 447
f 815 810 809
f 829 830 828
f 726 725 501
f 274 427 424
f 879 882 881
f 884 883 879
f 219 218 217
f 906 905 904
f 455 204 205
f 898 882 830
f 903 900 880
f 377 291 519
f 923 949 948
f 946 947 951
f 3519 740 739
f 900 899 886
f 225 64 65
f 182 445 442
f 809 952 947
f 954 960 962
f 927 950 965
f 885 879 880
f 925 927 966
f 343 342 341
f 965 964 971
f 968 971 970
f 972 968 969
f 963 961 981
f 336 337 338
f 992 993 827
f 810 815 996
f 1007 1001 1002
f 1012 826 827
f 1011 1009 1007
f 294 293 292
f 907 908 920
f 1017 579 1019
f 1020 1023 1022
f 1035 1024 1020
f 1061 1060 1047
f 1063 1061 1046
f 1044 1020 1021
f 1102 1094 1097
f 1116 1126 1118
f 1016 1015 1014
f 881 897 904
f 816 1116 1127
f 1094 948 949
f 514 342 167
f 146 145 81
f 1133 1135 1130
f 1102 1133 1126
f 822 1126 1116
f 1145 1143 1148
f 1076 1144 1151
f 1148 1143 1086
f 1109 1097 1114
f 1154 1153 1156
f 1153 925 967
f 3464 3497 463
f 1144 1147 1152
f 1156 967 1163
f 1164 1162 1169
f 1145 1171 1176
f 1114 1115 1154
f 1183 1155 1164
f 1184 1183 1177
f 1069 1151 1062
f 1023 1191 1194
f 1162 1163 1170
f 1195 1184 1185
f 1183 1196 1176
f 1201 1063 1152
f 1061 1063 1201
f 3825 847 843
f 1203 1202 1195
f 1202 1201 1184
f 1218 1060 1203
f 1060 1061 1202
f 1225 1218 1217
f 671 695 694
f 1219 1217 1024
f 1217 1203 1034
f 1226 1014 1015
f 1243 1242 1234
f 1231 1230 1229
f 847 1243 1233
f 843 1233 1244
f 1233 1234 1245
f 1923 3761 233
f 2100 2108 499
f 3914 3864 2135
f 61 62 323
f 210 211 217
f 1299 1310 1309
f 3863 1230 1231
f 1066 1047 1321
f 1322 1321 1228
f 1060 1218 1321
f 1325 1324 1323
f 1244 1245 1332
f 1290 1234 1242
f 1337 1330 1339
f 1330 1332 1340
f 1341 1332 1245
f 1342 1340 1332
f 1343 1342 1341
f 1344 1341 1294
f 3857 3856 1345
f 1347 1348 1342
f 3856 3854 1295
f 1349 1350 1348
f 3861 1349 1347
f 3853 1347 1343
f 906 898 829
f 905 906 1353
f 865 1356 1355
f 1355 1353 829
f 1357 1355 825
f 1356 1354 1353
f 3834 1337 1338
f 866 1358 1356
f 1358 1359 1354
f 3828 878 1337
f 838 1362 1012
f 1363 1364 1338
f 1368 1363 1339
f 1348 1368 1340
f 1371 1369 3824
f 524 525 526
f 528 529 530
f 1372 1370 1369
f 535 536 537
f 1367 1368 1348
f 1370 1354 1359
f 1369 1359 3833
f 1373 910 903
f 555 556 557
f 1374 909 910
f 1373 904 905
f 1374 1373 1375
f 1375 905 1354
f 1378 920 908
f 376 373 651
f 1388 928 973
f 586 587 588
f 1390 1389 1388
f 1391 1388 969
f 597 598 599
f 600 601 602
f 1392 1391 970
f 608 609 610
f 612 524 523
f 614 615 616
f 617 618 25
f 620 621 622
f 1397 1390 1391
f 1398 1397 1392
f 1400 987 920
f 1402 1403 1165
f 636 637 638
f 930 1404 1402
f 641 642 643
f 929 1402 1169
f 1404 1405 1403
f 1411 1366 1365
f 1412 1406 1415
f 652 653 654
f 609 656 657
f 659 660 661
f 558 663 586
f 665 666 667
f 1413 1411 1406
f 1418 1416 3810
f 1417 1372 1371
f 1416 1371 3829
f 1419 1417 1416
f 1386 909 1374
f 677 678 679
f 1385 1386 1420
f 1420 1374 1376
f 685 686 687
f 1421 1420 1422
f 528 690 691
f 1422 1376 1372
f 1018 1019 747
f 699 700 701
f 1424 578 579
f 3663 1597 1767
f 700 699 711
f 1093 3746 3754
f 717 718 530
f 721 722 723
f 704 1650 3543
f 19 1429 1426
f 1429 1428 1427
f 1658 1659 3542
f 1439 1437 1434
f 1437 1436 1435
f 1426 1427 1433
f 1442 1431 1432
f 742 743 744
f 1432 1433 1441
f 751 752 753
f 1438 1434 1403
f 1446 1445 1444
f 1447 1448 1446
f 3860 1447 1443
f 1415 1367 1445
f 1414 1415 1446
f 2173 1683 469
f 777 778 779
f 780 781 782
f 1676 1693 1806
f 3859 1451 1349
f 789 790 791
f 745 792 793
f 652 794 795
f 1455 1458 1457
f 1454 1367 1350
f 610 691 802
f 3831 3816 698
f 1352 1044 1045
f 1015 1016 1459
f 811 812 813
f 2118 3815 3817
f 819 820 821
f 1466 1463 1194
f 1467 1468 1465
f 1182 1165 1468
f 832 812 833
f 835 836 837
f 1467 1466 1190
f 1469 1470 1444
f 840 700 712
f 1453 1470 1469
f 599 844 845
f 1226 1450 3849
f 851 852 853
f 855 744 856
f 858 859 860
f 861 862 863
f 1014 1226 3855
f 867 676 868
f 870 871 872
f 874 875 876
f 1310 1323 1471
f 1476 1433 1427
f 1461 1476 1475
f 887 888 889
f 788 791 892
f 894 895 896
f 1460 1475 1227
f 901 902 524
f 1465 1478 1477
f 1865 3503 3500
f 911 912 913
f 916 917 918
f 1850 3505 3507
f 921 922 895
f 1479 1435 1436
f 926 664 667
f 1481 562 563
f 269 1483 84
f 931 932 933
f 934 935 614
f 936 685 688
f 938 659 662
f 1484 270 122
f 941 942 835
f 320 321 509
f 1849 3510 3505
f 84 1483 1484
f 1487 1490 1488
f 1757 1758 3502
f 365 1492 1491
f 461 79 80
f 117 363 362
f 1494 540 541
f 926 601 957
f 1477 1441 1433
f 1709 1588 1585
f 119 117 1496
f 271 1497 504
f 511 517 189
f 345 1496 1492
f 57 344 299
f 1501 1499 268
f 267 268 1499
f 974 975 976
f 1678 1652 1693
f 3846 1682 1807
f 557 982 663
f 983 941 984
f 1443 1444 3849
f 421 1500 268
f 989 990 991
f 1490 1487 418
f 279 280 309
f 997 868 676
f 998 26 999
f 1504 418 38
f 1506 1508 1507
f 360 361 1508
f 1506 1486 207
f 939 1005 1006
f 270 1484 1483
f 66 63 546
f 1010 742 793
f 367 428 437
f 244 31 363
f 1670 3532 3534
f 209 206 1510
f 388 389 426
f 427 274 250
f 161 520 521
f 100 246 45
f 1025 1026 608
f 1029 1030 1031
f 939 662 1033
f 41 42 594
f 1036 780 783
f 702 701 1038
f 1040 1041 1042
f 362 32 369
f 187 1520 477
f 70 1487 539
f 1049 600 603
f 613 867 869
f 860 1050 1051
f 1005 1052 1053
f 753 1055 1056
f 1057 1058 1059
f 293 288 1522
f 288 212 1521
f 292 1522 1523
f 331 1507 1508
f 306 452 453
f 100 44 41
f 462 1524 78
f 330 331 1524
f 635 1067 1068
f 1485 1527 1526
f 206 1485 1528
f 1070 1071 1072
f 942 941 1073
f 916 933 1075
f 440 1529 1530
f 157 158 1514
f 1529 162 5
f 371 595 546
f 790 586 663
f 1077 858 857
f 1403 1434 1435
f 1080 1081 1082
f 531 520 1529
f 21 1083 1084
f 272 1532 1531
f 690 712 802
f 335 3571 3567
f 1090 1030 1029
f 1092 795 794
f 1533 396 137
f 661 660 1095
f 69 444 445
f 1099 1100 1101
f 38 39 1536
f 1104 1105 1106
f 852 1107 1108
f 1377 908 909
f 291 377 411
f 316 1536 516
f 539 1488 1533
f 1505 1536 316
f 1110 1111 1112
f 1539 1537 460
f 522 441 1537
f 834 837 1120
f 1122 1123 1124
f 612 1125 1041
f 935 793 615
f 276 278 130
f 1686 3549 3522
f 193 190 1541
f 231 521 1540
f 556 1037 982
f 365 253 85
f 190 532 318
f 1810 765 3574
f 3924 1867 3512
f 1132 983 985
f 208 101 102
f 1134 1033 662
f 1491 518 80
f 429 133 1542
f 1137 1138 915
f 172 436 428
f 1139 1140 1141
f 549 96 54
f 1517 1519 1518
f 834 1119 984
f 1543 513 286
f 1544 797 239
f 133 134 1544
f 506 361 257
f 420 327 328
f 1158 1159 1160
f 587 1104 1103
f 607 1161 1027
f 304 1546 1545
f 364 1491 77
f 69 70 198
f 700 840 1112
f 3877 626 3525
f 1166 719 657
f 1167 1168 858
f 1300 3523 3524
f 1172 1173 1174
f 218 203 200
f 1179 1180 1181
f 372 183 97
f 89 104 227
f 1186 1187 1188
f 172 173 1517
f 1482 84 81
f 1090 1192 1193
f 394 395 353
f 526 525 1198
f 1199 1200 1026
f 606 623 697
f 1204 1205 1206
f 1207 1208 523
f 1209 1210 867
f 914 913 685
f 1478 1436 1441
f 1029 1028 1161
f 1211 1212 1213
f 3858 1453 1451
f 844 1215 1216
f 423 193 273
f 1220 1221 1222
f 22 1223 1224
f 882 898 897
f 1519 1517 173
f 1189 1188 1232
f 349 350 550
f 1071 1235 1236
f 1237 1238 1239
f 1221 1186 1189
f 1510 1528 1512
f 939 1032 1241
f 1556 1530 5
f 1553 1554 394
f 404 1556 67
f 1247 1248 1249
f 142 199 238
f 1251 1067 635
f 850 1252 1253
f 1254 1167 1077
f 57 132 133
f 443 430 552
f 1187 1172 1175
f 1256 1070 831
f 432 405 382
f 741 748 747
f 434 350 351
f 349 432 383
f 251 124 1481
f 395 384 352
f 1518 1519 1550
f 1558 410 378
f 109 263 314
f 285 1514 1513
f 395 394 393
f 202 203 410
f 417 408 405
f 1246 1257 1258
f 3 1559 297
f 1259 1260 1261
f 403 404 347
f 955 954 953
f 462 50 51
f 1096 1095 687
f 429 147 60
f 896 1264 1265
f 1267 721 1268
f 423 424 327
f 37 179 180
f 20 23 1187
f 1256 1168 1071
f 1188 1175 1269
f 1236 1270 1271
f 1272 536 535
f 565 564 463
f 1273 792 745
f 876 1254 1255
f 316 33 164
f 437 1516 503
f 194 1494 1495
f 1275 1276 864
f 624 625 631
f 1277 1274 1137
f 569 568 567
f 1481 124 125
f 324 325 547
f 1279 1108 1107
f 1525 332 329
f 1281 1278 1137
f 171 168 1553
f 1488 73 396
f 1557 1561 1562
f 1282 856 1206
f 1053 1277 1278
f 778 777 607
f 713 583 3566
f 251 225 144
f 4 357 348
f 709 708 707
f 728 48 45
f 261 135 1563
f 789 1286 1287
f 74 314 263
f 403 284 385
f 1178 1181 1240
f 1223 1259 1289
f 1220 20 1186
f 296 1518 354
f 784 459 1538
f 1181 1180 1291
f 1269 1292 1257
f 1566 1538 438
f 136 784 1566
f 1563 1564 169
f 107 114 109
f 1297 1282 1298
f 1464 1477 1476
f 1520 187 507
f 1301 1302 1303
f 1306 1307 1308
f 175 456 1532
f 1532 456 200
f 1311 1266 1312
f 872 1314 1315
f 3836 843 878
f 1305 1308 864
f 1040 1275 863
f 1564 1566 399
f 592 1576 1575
f 591 1575 1088
f 1581 1584 1583
f 1196 1152 1147
f 710 582 583
f 285 407 408
f 953 954 961
f 1594 1592 1589
f 1585 1588 1587
f 1592 1591 1590
f 3885 945 944
f 1600 1599 1598
f 1604 1603 1602
f 1399 1392 979
f 1589 1590 1596
f 1610 1609 1608
f 298 257 361
f 551 552 276
f 1627 1626 3814
f 859 811 818
f 1078 857 1328
f 1555 439 1530
f 572 573 680
f 772 465 776
f 977 1281 918
f 404 403 392
f 1054 1331 750
f 1644 1645 1643
f 932 1265 1082
f 1067 1333 1334
f 1540 1539 264
f 597 1335 643
f 471 761 762
f 1642 696 3831
f 1644 1642 3842
f 923 946 950
f 96 549 548
f 520 531 522
f 445 444 443
f 849 839 848
f 480 759 755
f 1646 760 481
f 311 426 1567
f 464 463 3497
f 3497 1360 1361
f 234 237 236
f 190 193 192
f 153 154 152
f 231 287 286
f 1552 1553 1551
f 760 1646 1648
f 3832 1647 1649
f 828 827 826
f 52 167 166
f 1663 1662 1661
f 287 107 115
f 668 671 670
f 634 645 640
f 553 560 559
f 118 36 33
f 492 484 491
f 3552 1652 1651
f 582 589 584
f 384 395 392
f 1381 1382 1383
f 1562 1561 435
f 952 953 951
f 3529 3566 583
f 1660 1661 1667
f 1394 1395 1396
f 1660 1665 1664
f 1671 1670 1669
f 1624 1625 1673
f 1407 1408 1409
f 1677 1676 1675
f 1613 1679 1677
f 1679 1678 1676
f 1626 1681 3811
f 534 199 198
f 803 733 734
f 400 248 191
f 65 66 143
f 3526 1657 1656
f 402 159 157
f 629 628 627
f 461 477 49
f 758 757 495
f 796 787 786
f 406 407 1513
f 342 343 166
f 1694 1659 1658
f 1692 1687 1694
f 3557 1693 1652
f 3921 1704 1703
f 326 547 302
f 3916 3921 1702
f 3919 3918 1698
f 1699 1691 3927
f 1557 406 1560
f 1127 1116 1117
f 400 401 289
f 1706 1702 1707
f 1707 1702 1599
f 1709 1706 1708
f 1714 1712 1711
f 3919 3915 1709
f 1704 1711 1577
f 1716 1714 1713
f 1559 1562 1549
f 1722 1721 1720
f 1335 597 596
f 410 411 377
f 973 1170 1163
f 168 169 399
f 1571 682 1089
f 1572 681 682
f 749 646 647
f 1730 1724 1723
f 1594 1582 1729
f 1729 1723 1591
f 1384 1378 1377
f 1732 1731 1712
f 1724 1730 1731
f 1722 1724 1732
f 1721 1722 1733
f 1734 1733 1716
f 1735 1737 1736
f 1733 1732 1714
f 1663 1664 1741
f 1742 1665 1740
f 1738 1739 1737
f 1665 1660 1666
f 1665 1742 1744
f 1725 1726 1746
f 1591 1725 1745
f 1590 1745 1747
f 1745 1746 1748
f 1659 1688 3538
f 3287 1760 3545
f 1185 1177 1182
f 1664 1744 1749
f 1741 1749 1739
f 1746 1742 1743
f 1726 1744 1742
f 1115 924 1153
f 1654 3546 3575
f 1896 3562 3549
f 1720 1749 1744
f 1721 1739 1749
f 1750 1718 1701
f 1697 1736 1750
f 1151 1152 1063
f 1751 1752 1670
f 1695 1658 1752
f 961 962 986
f 1770 1769 1768
f 1766 1594 1593
f 1731 1759 1579
f 1579 1777 1774
f 3928 1772 1771
f 1764 1772 3928
f 1777 1776 1775
f 3762 3763 1699
f 1004 1127 1128
f 1774 1775 1771
f 987 1400 1399
f 1578 1774 1772
f 1783 1782 1781
f 1597 1598 1770
f 639 1878 3895
f 3928 3929 1769
f 1793 1792 1789
f 3929 3920 1798
f 3508 3516 3773
f 1802 1867 3924
f 1788 1790 1794
f 1793 1794 1795
f 3773 3772 1675
f 1584 1581 1783
f 1771 1797 3920
f 1801 1799 1798
f 1768 1769 1798
f 1775 1796 1797
f 508 514 515
f 1796 1803 1802
f 1800 1798 3920
f 1794 1805 1804
f 3532 1670 1752
f 485 1808 1807
f 3809 3844 1640
f 3837 3844 1810
f 485 482 1640
f 1690 1691 3770
f 487 488 1648
f 3839 1813 1816
f 3838 1811 1648
f 3839 1812 1811
f 1812 1809 487
f 1641 1809 767
f 465 466 755
f 767 1815 3823
f 3822 1816 3826
f 1809 1812 1815
f 3837 1653 1651
f 675 672 3541
f 1814 1649 1822
f 1821 1822 3821
f 1824 1822 1649
f 1827 1849 1850
f 1668 1669 1662
f 1779 1780 1848
f 1790 1827 1805
f 1833 1836 1853
f 3521 3506 693
f 1614 1615 1616
f 1852 1853 3498
f 1620 1621 1622
f 1855 1765 1574
f 1847 1852 3501
f 1766 1765 1855
f 1629 1630 1631
f 1633 1622 1634
f 1635 1636 1637
f 1848 1833 1852
f 1855 1861 1863
f 1803 1866 1867
f 1862 1863 1831
f 1782 1855 1862
f 3922 3924 1865
f 1873 1872 1870
f 1874 1869 799
f 2045 3878 3897
f 1219 1345 1295
f 1615 1614 1396
f 3884 3895 1877
f 645 3898 3786
f 1345 1219 1035
f 634 639 3884
f 15 1887 1327
f 3910 3895 1878
f 1894 604 605
f 3506 3551 627
f 3560 640 645
f 340 341 454
f 1897 194 195
f 1889 1882 1877
f 1901 94 129
f 196 749 754
f 1705 1704 3921
f 340 378 166
f 1570 1480 563
f 1904 1494 194
f 1781 1862 1832
f 1905 549 55
f 1000 994 995
f 986 919 920
f 1191 1185 1190
f 2094 2077 2075
f 1920 1921 1919
f 453 454 1912
f 1915 1919 1918
f 3882 2112 2106
f 1655 3575 3531
f 1916 1918 1926
f 704 3554 3561
f 278 1916 1925
f 3565 3564 1818
f 1097 949 1115
f 1927 1928 727
f 3578 3579 3654
f 1920 310 307
f 1929 307 48
f 503 504 1497
f 1902 1903 787
f 1816 1821 3820
f 1925 1926 1923
f 1535 1569 1568
f 254 252 258
f 1509 1497 366
f 119 86 35
f 219 288 293
f 141 46 47
f 542 205 244
f 1940 552 430
f 1779 1828 1827
f 1701 1710 3915
f 1661 3550 3515
f 270 53 754
f 197 1947 749
f 1727 1728 1212
f 53 54 232
f 1465 1468 1479
f 1284 3862 3854
f 1951 446 412
f 168 398 1554
f 1486 1485 206
f 506 77 78
f 994 1001 1007
f 951 953 963
f 1013 3859 3861
f 3826 3820 1820
f 1498 1909 1954
f 299 298 543
f 1754 1755 1756
f 1681 469 1683
f 1696 1694 1695
f 13 14 738
f 473 476 475
f 482 1641 768
f 204 62 30
f 1761 1762 820
f 611 1763 1125
f 1501 1503 1908
f 1074 1073 711
f 1960 1944 82
f 120 1956 1960
f 35 86 87
f 1773 1199 1025
f 1965 1545 1569
f 494 761 471
f 1966 1967 1969
f 446 1951 1971
f 174 368 125
f 1580 1579 1578
f 1785 1786 1787
f 1972 1546 304
f 1254 876 875
f 1973 341 342
f 321 1912 1973
f 1910 277 275
f 509 1973 514
f 1486 1507 1527
f 1974 1874 804
f 1977 1976 1974
f 1980 448 1966
f 379 1 2
f 1718 1715 1710
f 884 995 992
f 1680 1684 1678
f 902 990 525
f 344 255 256
f 135 138 137
f 448 446 1967
f 589 605 604
f 910 909 908
f 1981 1966 1968
f 1982 1981 1987
f 1988 1979 1987
f 1990 1988 1989
f 1991 1989 1993
f 322 321 320
f 992 828 830
f 1144 1076 1086
f 1995 1977 1978
f 1133 1129 1118
f 1997 1995 1994
f 870 1823 1335
f 805 806 1982
f 727 184 2000
f 1996 1994 1988
f 1994 1978 1979
f 1829 616 792
f 1830 1073 941
f 798 803 800
f 729 732 731
f 2011 2012 2023
f 1834 1835 846
f 402 283 284
f 2022 2023 2024
f 1838 718 989
f 810 955 952
f 1823 1839 1840
f 1430 1426 1432
f 1215 844 1841
f 1316 1208 873
f 2112 1401 1384
f 1842 1843 1844
f 1159 846 845
f 837 27 1846
f 1971 1951 2030
f 517 369 370
f 1471 2026 2027
f 3551 3525 626
f 2174 2175 770
f 935 934 1854
f 1613 1619 1611
f 1231 1228 1225
f 1856 1857 891
f 1300 1309 748
f 1150 1149 1858
f 1643 606 696
f 1215 1265 1264
f 1320 1860 902
f 1956 1943 1944
f 2031 668 669
f 2034 1325 1310
f 1879 1880 1656
f 40 245 242
f 1992 1993 2039
f 888 958 957
f 1882 1889 1996
f 1078 1138 1255
f 1871 912 1192
f 294 411 218
f 1323 2041 2026
f 123 1960 83
f 1324 2036 2041
f 384 358 359
f 1324 1325 2038
f 1883 1884 1885
f 287 1540 114
f 1096 1886 1134
f 915 1329 931
f 806 1980 1981
f 3533 3529 584
f 1425 2030 2042
f 1018 2042 1948
f 3562 1896 740
f 1948 2042 649
f 1881 1882 1990
f 1900 129 130
f 992 995 994
f 923 927 925
f 3878 2045 2047
f 1643 2048 625
f 2050 2052 2051
f 2045 1405 1404
f 3876 2047 945
f 1139 1080 1079
f 1037 1856 892
f 2055 2053 2057
f 1198 989 718
f 1619 2058 1612
f 2058 1605 1606
f 2059 2060 1607
f 2058 1619 1624
f 71 72 179
f 405 406 1557
f 322 1548 1972
f 2061 2052 2063
f 2066 2065 2067
f 2052 2061 2064
f 1609 1610 2066
f 1515 151 152
f 1009 827 993
f 1644 3843 3815
f 279 1915 1916
f 1285 3863 3862
f 1647 2066 1825
f 2056 2057 2067
f 319 320 1953
f 667 666 1913
f 2070 631 625
f 2052 2050 2055
f 2038 1654 1655
f 1606 1601 2073
f 1235 1917 1270
f 2072 2073 2075
f 2059 1606 2072
f 2074 2075 2077
f 1601 1602 2078
f 2049 2048 1643
f 1000 1004 1001
f 1089 943 684
f 1931 1286 1306
f 1462 1459 1021
f 1932 1933 1934
f 875 874 1846
f 1936 1051 1937
f 44 45 46
f 1534 1955 1956
f 1541 318 317
f 2081 2082 2084
f 146 1945 1959
f 1360 1941 1942
f 985 984 1032
f 1995 1997 1892
f 2079 2080 2082
f 2095 2096 2076
f 2081 2093 2078
f 2055 2050 2054
f 501 2096 2095
f 2097 2100 2099
f 2098 2099 2094
f 2140 2141 3893
f 2141 2046 3894
f 2051 2070 2048
f 592 2102 2101
f 2071 2064 2076
f 2102 2097 2098
f 593 2103 2102
f 1019 1895 746
f 1950 11 12
f 725 2071 2096
f 1385 2105 2104
f 1379 2104 2106
f 2107 2108 2100
f 3908 726 502
f 3896 502 499
f 940 1389 2109
f 928 929 1170
f 3868 590 684
f 1962 1963 1964
f 3878 680 573
f 2039 1993 1968
f 1389 1390 2110
f 1398 2111 2113
f 3757 3755 3753
f 3911 3883 2107
f 949 923 924
f 260 241 324
f 1390 1397 2113
f 2070 2051 2064
f 3867 3911 2103
f 2105 1385 1421
f 2114 1421 1423
f 3892 2114 2115
f 3908 2105 2114
f 554 2116 1902
f 972 1163 967
f 1765 1593 1573
f 1984 1985 1986
f 2053 2117 2069
f 3573 3556 724
f 1625 1677 1674
f 3881 3888 2119
f 3903 2115 2123
f 56 1954 1906
f 626 3877 3879
f 2001 2002 2003
f 3912 3841 2127
f 2006 2007 2008
f 2127 1413 1412
f 2014 2015 2016
f 2018 2019 2020
f 1495 1424 1947
f 1379 1377 1386
f 3814 3811 1680
f 2029 1885 1884
f 3902 2128 2120
f 629 3879 3914
f 682 683 943
f 724 1650 2121
f 1757 1819 3821
f 765 1810 3844
f 3851 714 715
f 706 707 3870
f 981 986 987
f 1457 1868 1656
f 2017 2016 2032
f 1458 1655 1868
f 1776 1777 1792
f 1959 1945 1946
f 3663 3715 3725
f 3913 3881 2122
f 1093 1089 689
f 966 965 968
f 3852 715 3881
f 2172 3577 2170
f 670 2138 2137
f 3761 787 1903
f 1429 19 28
f 964 963 978
f 3841 3813 1413
f 1473 1474 669
f 3834 3833 1359
f 2138 798 1870
f 1872 1473 2137
f 715 716 3888
f 1881 1991 1992
f 3843 3842 739
f 1837 1847 3513
f 253 58 59
f 1808 3837 3840
f 1647 3832 3818
f 3865 3866 671
f 2112 3882 3883
f 1405 2045 2044
f 3829 3824 1364
f 273 1541 391
f 576 632 3520
f 3875 3865 668
f 1430 1431 2140
f 2136 3850 3860
f 1430 2139 18
f 3893 3894 570
f 1442 1439 2046
f 1431 1442 2141
f 3869 3913 3850
f 3808 3823 1817
f 3866 3893 695
f 2142 2025 798
f 571 2143 2142
f 3819 3814 1618
f 2143 2022 2025
f 694 2142 2138
f 681 1572 2144
f 2144 2011 2022
f 328 210 457
f 1572 2010 2011
f 630 3892 3903
f 2085 2086 2087
f 2090 2091 2092
f 572 2144 2143
f 1875 1976 2153
f 1873 1875 2149
f 2103 2107 2097
f 2157 2043 2155
f 2128 1412 1414
f 3874 3871 589
f 3872 3870 628
f 2149 2153 2158
f 2159 2158 3905
f 698 3907 3902
f 3823 3847 3827
f 2158 2156 3874
f 1438 2044 2046
f 2035 2154 2160
f 2161 2160 3889
f 3871 3891 605
f 3873 17 18
f 370 29 61
f 649 1951 413
f 2153 2157 2156
f 1428 1429 1449
f 1490 76 73
f 3890 3905 710
f 2155 1891 3891
f 1456 1457 1880
f 2125 2088 2087
f 2160 2159 3890
f 300 1959 505
f 1064 1062 1046
f 2043 1892 1891
f 2129 2130 2004
f 2131 2132 2133
f 3848 3849 1450
f 1998 1975 804
f 3879 673 3864
f 474 492 490
f 1164 1165 1182
f 707 2162 3909
f 708 1472 2162
f 2162 2161 3886
f 548 549 1905
f 1145 1136 1114
f 705 2121 1650
f 2043 2157 1977
f 737 738 554
f 1034 1195 1191
f 458 1905 1907
f 195 196 232
f 2040 2039 1969
f 2145 2146 2147
f 2054 2050 2049
f 3832 1646 1639
f 9 12 11
f 252 364 506
f 472 478 479
f 1865 3924 3791
f 900 903 910
f 1941 2150 2151
f 1921 1928 1927
f 2163 1897 1898
f 271 156 153
f 1904 1326 12
f 282 263 264
f 1872 1873 2154
f 1326 1904 1897
f 628 692 693
f 1724 1722 1719
f 1549 1562 436
f 1582 1583 1730
f 1921 1920 1929
f 3563 3511 10
f 2152 2037 1950
f 475 772 774
f 769 2172 2171
f 2171 2165 476
f 476 773 772
f 1791 565 464
f 2166 2167 2168
f 595 371 372
f 483 1809 1641
f 762 2174 2173
f 771 483 484
f 486 487 1809
f 297 1549 1517
f 763 2175 2174
f 776 755 759
f 184 185 2176
f 412 447 303
f 2005 2176 185
f 3811 1681 1682
f 2164 2170 756
f 1472 2035 2161
f 950 951 964
f 2177 2178 2179
f 227 226 1510
f 2182 2183 2184
f 2186 2019 2018
f 1985 2182 2181
f 214 736 729
f 865 849 842
f 849 865 1357
f 559 3187 3188
f 16 13 737
f 560 553 498
f 3193 3196 3195
f 3200 3197 3198
f 3211 3214 3213
f 3215 3218 3217
f 2187 2188 2002
f 2169 2168 2189
f 2192 2086 2085
f 2193 2194 2195
f 2198 2199 2200
f 1998 1982 1979
f 3664 3665 3668
f 2116 1898 1903
f 1859 2006 2009
f 3904 2123 2126
f 1135 1148 1087
f 2201 2202 2015
f 1149 111 110
f 3221 3222 3218
f 2203 2204 2205
f 579 580 1895
f 1755 2207 2208
f 3891 3910 1893
f 1211 2151 2150
f 868 997 2210
f 944 945 930
f 2130 2129 2202
f 233 1903 1898
f 665 751 750
f 1167 1254 999
f 2211 2212 2213
f 2215 2216 2217
f 3867 593 590
f 2220 221 220
f 823 824 948
f 3225 3220 3227
f 266 204 455
f 3882 2108 2107
f 2221 2222 3519
f 2223 2224 2225
f 2207 2125 2124
f 673 674 3869
f 817 1000 996
f 2227 2228 2146
f 1947 1948 646
f 3900 2135 17
f 2229 1635 1638
f 1679 1613 1618
f 1637 2231 2232
f 2233 2234 1617
f 2231 2235 2236
f 1381 1638 2238
f 3586 2241 2242
f 1630 2234 2233
f 1681 1626 472
f 1408 1407 2243
f 3236 3239 3238
f 3232 3241 3240
f 1637 2230 2238
f 3237 3238 3233
f 1409 1408 1634
f 1380 1383 2247
f 1628 2248 2245
f 2249 1623 1622
f 1632 1634 1408
f 2248 1628 1631
f 2235 2231 1637
f 3245 3246 3199
f 631 2070 2071
f 515 167 52
f 782 781 2251
f 2253 2254 2255
f 397 281 459
f 1456 2039 2040
f 2040 2041 2036
f 1401 2112 2111
f 2041 2040 1970
f 1535 121 414
f 1586 1587 2080
f 2256 983 1132
f 1700 1699 3918
f 3815 1896 1686
f 1263 2256 1886
f 598 1841 844
f 2257 2258 2259
f 2258 2261 2262
f 2259 2262 2263
f 2260 2259 2216
f 1967 1971 1970
f 2212 1964 1963
f 922 921 2218
f 1312 1098 1101
f 1307 1306 1286
f 1548 1569 1546
f 2266 2267 2268
f 2265 2268 2270
f 2272 2265 2269
f 2273 2266 2265
f 2275 2276 2277
f 2278 2274 2277
f 2284 2285 3617
f 2287 2283 2286
f 2288 2289 2283
f 2290 2284 3639
f 2291 2292 2293
f 2295 2291 2294
f 2296 2297 2291
f 2297 2298 2292
f 2294 2293 2299
f 2279 2294 2300
f 2298 2301 2302
f 2292 2302 2303
f 2293 2303 2304
f 2304 2305 2306
f 2308 2309 2310
f 2302 2307 2310
f 2301 2311 2307
f 2312 2308 2307
f 2313 2314 2315
f 2318 2319 2320
f 3748 3771 2322
f 2324 2325 2273
f 2313 2324 2326
f 2328 2324 2313
f 2329 2325 2324
f 2331 2332 2333
f 2330 2333 2267
f 2325 2330 2266
f 2329 2331 2330
f 2333 2334 2335
f 2336 2334 2333
f 2338 2336 2332
f 2331 2339 2337
f 2329 2340 2339
f 2328 2341 2340
f 2316 2342 2341
f 2342 2316 2315
f 2344 2345 2346
f 2341 2344 2347
f 2342 2348 2344
f 2348 2349 2345
f 2350 2351 2352
f 2339 2350 2353
f 2340 2347 2350
f 2347 2346 2351
f 2337 2353 2354
f 2353 2352 2355
f 2356 2277 2276
f 2356 2357 2358
f 2356 2359 2296
f 2279 2277 2356
f 2360 2361 2270
f 2267 2335 2360
f 2362 2363 2364
f 2362 2365 2361
f 2366 2362 2358
f 2366 2367 2363
f 2357 2276 2368
f 2366 2368 2369
f 2276 2275 2370
f 2368 2370 2282
f 2372 2373 2374
f 2375 2376 2377
f 2378 2379 2380
f 2382 2378 2381
f 2384 2385 2378
f 2385 2386 2379
f 2388 2389 2390
f 2387 2390 2392
f 2393 2394 2387
f 2394 2395 2388
f 2186 2401 2402
f 2403 2404 2327
f 2272 2403 2326
f 2271 2405 2403
f 2405 2406 2404
f 2404 2407 2408
f 2409 2410 2411
f 2409 2412 2271
f 2413 2409 2269
f 2413 2414 2410
f 2417 2415 2416
f 2417 2418 2406
f 2412 2417 2405
f 2411 2415 2417
f 2406 2419 2407
f 3569 3520 632
f 2420 2398 2397
f 2420 2421 2423
f 2424 2420 2422
f 2424 2399 2398
f 2425 2391 2392
f 2421 2425 2426
f 2397 2396 2425
f 2396 2393 2391
f 2427 2314 2408
f 2430 2427 2428
f 2343 2315 2427
f 2432 2343 2430
f 2431 2430 2429
f 2435 2431 2433
f 2436 2432 2431
f 2428 2408 2407
f 2422 2437 2407
f 2438 2437 2422
f 2429 2428 2437
f 2440 2434 2433
f 2441 2439 2433
f 2442 2443 2439
f 2443 2444 2440
f 2445 2446 2444
f 2447 2445 2443
f 2383 2381 2445
f 2381 2380 2446
f 2448 2438 2423
f 2449 2448 2426
f 2441 2448 2449
f 2441 2429 2438
f 2449 2392 2390
f 2450 2390 2389
f 2447 2450 2451
f 2442 2449 2450
f 2451 2389 2453
f 2452 2453 2455
f 2382 2452 2454
f 2383 2451 2452
f 2456 2457 2373
f 2459 2460 2461
f 2463 2464 2465
f 2462 2465 2285
f 2466 2462 2284
f 2467 2463 2462
f 2461 2460 3703
f 2468 2469 2470
f 2472 2468 2471
f 2474 2461 3701
f 2475 2476 2477
f 2458 2455 2453
f 2479 2453 2389
f 2395 2480 2479
f 2480 2459 2458
f 2481 2482 2483
f 2484 113 2485
f 2471 2470 2464
f 2473 2471 2463
f 2487 2467 2466
f 2486 2466 2290
f 2490 2486 2488
f 2491 2487 2486
f 2492 2473 2467
f 2493 2492 2487
f 2494 2495 2492
f 2495 2472 2473
f 3690 2496 2474
f 3691 2497 2496
f 2498 2494 2493
f 2500 2498 2499
f 3700 3687 2498
f 3687 3691 2494
f 2306 2504 2278
f 2305 2505 2504
f 2504 2505 2507
f 2506 2507 2288
f 2274 2506 2508
f 2278 2504 2506
f 3633 3632 2489
f 3620 3633 2488
f 2507 2509 2289
f 2505 2510 2509
f 2508 2288 2287
f 2511 2287 2281
f 2370 2511 2280
f 2275 2508 2511
f 2512 2490 2489
f 2514 2512 2513
f 2517 2512 2514
f 2517 2491 2490
f 2499 2493 2491
f 2499 2517 2516
f 2510 2505 2519
f 2518 2519 2521
f 3616 2518 2520
f 3632 2510 2518
f 2522 2304 2303
f 2523 2522 2310
f 2305 2304 2522
f 2524 2522 2523
f 2519 2524 2525
f 2505 2305 2524
f 2308 2312 2527
f 2526 2527 2529
f 2531 2526 2528
f 2309 2308 2526
f 1214 2532 2151
f 2419 2406 2418
f 2533 2345 2349
f 2534 2533 2317
f 2535 2536 2533
f 2536 2346 2345
f 2537 2351 2346
f 2538 2537 2536
f 2539 2540 2537
f 2540 2352 2351
f 2312 2355 2541
f 2527 2541 2542
f 2543 2435 2434
f 2545 2543 2544
f 2319 2318 2543
f 2318 2436 2435
f 2514 2515 2548
f 2547 2548 2550
f 2552 2547 2549
f 2552 2516 2514
f 2520 2521 2554
f 2553 2554 2556
f 3590 2553 2555
f 3621 2520 2553
f 2523 2309 2531
f 2557 2531 2530
f 2525 2523 2557
f 2559 2557 2558
f 2554 2559 2560
f 2521 2525 2559
f 2561 2375 2007
f 2376 2562 2225
f 2564 2565 2566
f 2563 2566 338
f 2569 2563 2567
f 2570 2564 2563
f 2572 2573 2574
f 2571 2574 2576
f 2544 2571 2575
f 2544 2434 2572
f 2578 2570 2569
f 2579 2577 2569
f 2574 2577 2579
f 2573 2578 2577
f 2581 2582 2583
f 2584 2580 2583
f 3697 3675 2580
f 3676 2581 2580
f 2582 2516 2552
f 2583 2552 2551
f 2500 2501 2589
f 2590 2588 2589
f 3693 3695 2588
f 3695 3700 2500
f 2501 2516 2591
f 2592 2593 2594
f 2386 2385 2503
f 2596 2379 2386
f 2596 2374 2373
f 2599 2596 2597
f 2599 2380 2379
f 2600 2446 2380
f 2600 2599 2598
f 2603 2600 2601
f 2603 2444 2446
f 2604 2603 2602
f 2440 2604 2605
f 2444 2603 2604
f 2606 2582 2581
f 2606 2607 2590
f 2591 2516 2582
f 3676 2587 2456
f 3689 2456 2372
f 2478 2477 2608
f 2609 2610 2611
f 2564 2570 2613
f 2612 2613 2598
f 2457 2612 2597
f 2565 2564 2612
f 2614 2613 2570
f 2615 2614 2578
f 2602 2601 2614
f 2601 2598 2613
f 2572 2434 2605
f 2616 2605 2602
f 2573 2572 2616
f 1459 1016 1045
f 1265 1215 1079
f 1612 1608 1609
f 2067 2057 2069
f 1135 1109 1136
f 1938 1937 2618
f 95 548 458
f 2058 1607 1608
f 1454 1469 1445
f 655 2620 1048
f 722 1049 2621
f 1131 985 1033
f 562 1481 366
f 1723 1719 1725
f 1786 1123 1122
f 267 300 323
f 1325 2034 1654
f 1468 1165 1435
f 658 657 529
f 8 532 247
f 382 1557 1559
f 788 619 1307
f 940 930 929
f 911 2622 2623
f 2621 2620 655
f 2624 1857 2625
f 998 1846 27
f 635 638 2626
f 2627 641 644
f 2628 2627 1840
f 1200 1199 2627
f 1199 1773 641
f 1520 515 49
f 1452 1350 1349
f 2630 2631 1859
f 644 643 1335
f 1197 1198 717
f 2632 717 719
f 2628 2632 1166
f 2629 1197 2632
f 1762 2633 1050
f 1823 870 873
f 2634 2635 794
f 1042 794 2635
f 93 94 1901
f 2036 2038 1458
f 1527 332 1525
f 877 876 1274
f 134 409 797
f 1328 893 931
f 607 777 1091
f 1043 2635 2637
f 2636 2637 2639
f 1275 2636 2638
f 1275 1040 1043
f 1272 2624 2626
f 2640 2626 638
f 1110 2641 2640
f 536 1272 2640
f 1472 708 1474
f 2042 2030 1951
f 1058 1106 1105
f 2642 2623 2643
f 1192 2642 2644
f 912 2623 2642
f 3898 1657 3526
f 1049 1048 2620
f 616 1829 1885
f 1331 1913 666
f 990 989 1198
f 1911 1912 321
f 1298 1282 1205
f 76 1490 1504
f 1502 1500 421
f 610 609 658
f 1146 937 659
f 2646 911 914
f 1280 1239 1238
f 1453 1454 1452
f 835 942 1843
f 1271 1270 1173
f 1893 1878 1826
f 1050 2633 1937
f 2651 2652 814
f 1006 1053 1281
f 2653 1084 2654
f 1001 1004 1003
f 585 997 679
f 2624 1272 621
f 555 678 2028
f 1207 526 1197
f 1626 1627 478
f 426 389 419
f 1030 1193 1773
f 3898 645 634
f 534 1533 138
f 1125 1092 1042
f 333 228 88
f 569 1570 561
f 1489 2656 871
f 1857 2624 620
f 1673 1674 3770
f 622 861 864
f 619 788 891
f 261 544 545
f 393 1555 1556
f 2658 2659 2647
f 1075 2658 2657
f 1081 1080 2658
f 1080 1139 2659
f 2644 2643 1141
f 2660 1141 1140
f 642 2660 1336
f 1193 2644 2660
f 679 678 555
f 1503 1501 1500
f 1318 1317 1101
f 2661 2659 1139
f 2661 1142 2663
f 2662 2647 2659
f 2662 2663 2622
f 2664 2622 911
f 2648 2664 2646
f 2648 2647 2662
f 2083 2094 2093
f 1442 1440 1437
f 519 329 330
f 1885 2029 1209
f 799 800 805
f 1946 1943 1952
f 1302 1301 1253
f 566 2005 224
f 1389 940 928
f 683 682 681
f 836 835 1842
f 2665 1842 1845
f 2666 2665 1303
f 24 836 2665
f 831 1072 2650
f 1845 1844 1304
f 2010 2013 2012
f 1051 1936 2667
f 1522 1521 1511
f 531 440 441
f 1250 635 2625
f 2669 2625 1857
f 783 2669 1856
f 782 1250 2669
f 720 2670 2671
f 1055 1931 1930
f 1333 1067 1251
f 619 622 1308
f 652 655 2619
f 521 522 1539
f 1838 988 537
f 2672 537 536
f 1113 2672 2641
f 1113 527 1838
f 1016 1013 1351
f 3897 573 570
f 226 227 104
f 3564 3669 3827
f 1036 1037 1884
f 2674 1301 1304
f 2673 1304 1844
f 1334 2673 2675
f 1333 2674 2673
f 2676 702 1039
f 1843 2676 2675
f 942 1074 2676
f 1074 699 702
f 752 1057 1055
f 1200 1166 656
f 1120 1846 874
f 2677 874 877
f 1241 2677 1052
f 1119 1120 2677
f 1560 1513 151
f 1208 1316 611
f 215 735 736
f 1460 1459 1462
f 1208 1207 1839
f 854 856 1282
f 72 445 182
f 544 1563 1565
f 217 200 456
f 2047 1404 930
f 1204 2618 1937
f 913 777 686
f 840 527 1113
f 1531 729 730
f 2678 778 1283
f 601 667 1914
f 1537 1538 459
f 1819 1757 3509
f 991 1860 862
f 2679 711 1073
f 2680 1830 983
f 779 2680 2256
f 778 2678 2680
f 2678 2679 1830
f 180 542 245
f 1886 1132 1131
f 1138 1137 1274
f 1841 598 1140
f 75 313 314
f 193 423 420
f 2681 2682 1099
f 170 1567 1565
f 349 416 417
f 1121 1124 2684
f 547 797 409
f 123 122 121
f 2643 2663 1142
f 1542 1544 513
f 899 900 907
f 1210 677 676
f 791 663 982
f 24 27 837
f 893 896 932
f 1860 1320 863
f 535 538 862
f 1569 1548 1547
f 181 455 542
f 660 659 937
f 2013 567 568
f 887 890 2631
f 1524 1508 361
f 520 161 162
f 2653 855 854
f 1238 1237 2655
f 718 1838 527
f 1492 1493 518
f 792 616 615
f 599 846 1835
f 290 457 456
f 312 171 1552
f 1248 2687 1179
f 153 149 177
f 1240 1181 1222
f 1257 1292 1235
f 1291 1084 1083
f 1052 877 1277
f 743 742 2618
f 444 140 430
f 23 1224 1172
f 2687 2654 1180
f 102 103 409
f 1283 607 610
f 373 497 650
f 1180 2654 1084
f 855 2653 2655
f 1173 1270 1917
f 2689 850 853
f 2688 853 1108
f 2686 2688 1279
f 2687 2689 2688
f 2691 1302 1252
f 2690 1252 850
f 1248 2690 2689
f 1248 1247 2691
f 2692 617 24
f 2691 2692 2666
f 1247 1258 2692
f 1258 1168 617
f 394 1554 1555
f 2693 1260 1259
f 1072 1236 1262
f 1257 1071 1168
f 398 439 1555
f 871 1784 1314
f 1178 1232 1249
f 1224 1289 1173
f 1010 2617 2618
f 1175 1174 1292
f 2654 2687 2686
f 2694 1157 1216
f 71 418 1487
f 701 1112 1111
f 1072 1261 2649
f 1085 2695 22
f 895 2694 1264
f 1601 1606 1605
f 1259 1262 1271
f 21 20 1220
f 988 991 538
f 598 597 1336
f 1050 860 818
f 1298 2645 1761
f 1168 1167 618
f 858 1168 1256
f 39 242 516
f 2652 1761 819
f 313 316 315
f 2026 1970 1971
f 2656 1489 596
f 814 819 818
f 2696 2651 813
f 1260 2696 2649
f 2693 2697 2696
f 2697 1296 2651
f 381 355 390
f 3818 3819 1611
f 1475 1427 1428
f 1292 1174 1917
f 1551 353 354
f 1526 1525 1523
f 1593 1589 1595
f 1232 1269 1246
f 2695 2693 1223
f 2698 1297 1296
f 2698 2697 2693
f 2685 2698 2695
f 2685 854 1297
f 562 1497 271
f 2652 2651 1296
f 1365 1366 1364
f 1958 1946 1953
f 585 588 2210
f 1561 1560 1515
f 975 2648 1146
f 347 67 68
f 1038 1111 636
f 2700 781 780
f 2699 780 1036
f 2701 2699 1883
f 851 2700 2699
f 2674 1333 2251
f 2702 2251 781
f 1253 2702 2700
f 1301 2674 2702
f 1519 387 388
f 1273 1239 1280
f 2703 1280 1107
f 2701 2703 852
f 1829 1273 2703
f 91 260 326
f 1784 871 2656
f 2683 2684 2705
f 604 1894 3499
f 1669 3534 3548
f 2062 2063 2060
f 621 535 861
f 2023 731 732
f 686 779 1263
f 857 1051 2668
f 883 830 882
f 637 636 1111
f 2668 894 893
f 2667 921 894
f 1039 1038 1068
f 313 75 1504
f 1911 1972 305
f 1936 2706 1964
f 2707 2402 2401
f 2708 2707 2183
f 738 2163 2116
f 2349 2348 2432
f 2711 2712 2020
f 2400 2711 2019
f 2714 2715 2716
f 2717 2718 2719
f 2721 2722 2723
f 2726 2727 2728
f 2725 2728 2730
f 2731 2725 2729
f 2732 2726 2725
f 2734 2735 2736
f 2738 2739 2740
f 2737 2740 2741
f 2744 2745 2746
f 2745 2744 2748
f 2749 2750 2747
f 2753 2749 2751
f 2250 1380 2246
f 2754 1396 1614
f 3598 2754 2755
f 3608 2745 2747
f 1617 2756 2755
f 2242 2758 1620
f 2191 2085 2760
f 2761 2759 2760
f 3648 2759 2761
f 3623 2191 2759
f 3209 3248 3223
f 1395 1394 2236
f 1395 2235 1636
f 1616 1635 2229
f 1617 2234 2763
f 2756 2763 3628
f 2765 2763 2234
f 2766 2764 3628
f 3202 3199 3246
f 1516 437 435
f 2768 2769 3552
f 1495 541 578
f 2135 2136 28
f 3526 3540 2773
f 1690 1689 3926
f 2778 2779 2780
f 2777 2780 2781
f 2784 2778 2777
f 3555 3521 575
f 1494 1904 9
f 3529 2016 2015
f 451 61 505
f 2786 2787 2788
f 2779 2786 2785
f 2789 2752 2741
f 2790 2753 2752
f 2792 2793 2794
f 2793 2795 2796
f 2796 2797 2750
f 2794 2796 2749
f 2798 1393 1396
f 3591 2798 2754
f 2798 2799 2800
f 3591 3662 2799
f 2797 2796 2795
f 2791 2794 2753
f 216 233 232
f 3804 2806 2807
f 3805 2809 2804
f 2769 2810 3557
f 183 185 184
f 2811 2812 2775
f 2804 2811 2776
f 2809 2813 2811
f 2812 2811 2813
f 3805 2808 2816
f 3796 2818 2815
f 3798 3800 2820
f 3793 2823 2819
f 2824 2736 2735
f 2823 2825 2824
f 2825 2823 2826
f 3793 2822 2827
f 3796 2817 2826
f 2713 2716 2829
f 2828 2829 2831
f 2822 2821 2828
f 2821 2820 2713
f 2832 2827 2822
f 2833 2832 2830
f 2834 2835 2832
f 2835 2818 2827
f 2837 2838 2839
f 2836 2839 2841
f 2842 2836 2840
f 2843 2837 2836
f 2840 2841 2845
f 2718 2844 2845
f 2730 2728 2844
f 2727 2840 2844
f 2846 2845 2841
f 2829 2846 2847
f 2847 2841 2839
f 2848 2839 2838
f 2833 2848 2849
f 2831 2847 2848
f 2850 2814 2851
f 2853 2850 2852
f 2783 2777 2782
f 2785 2788 2853
f 2780 2785 2856
f 2857 2858 2855
f 2859 2857 2782
f 2861 2843 2842
f 2860 2842 2727
f 2862 2860 2726
f 2863 2861 2860
f 2861 2863 2858
f 2843 2861 2857
f 2856 2853 2854
f 2781 2856 2864
f 2837 2843 2859
f 2838 2837 2864
f 2852 2851 2834
f 2854 2852 2849
f 2865 2815 2818
f 2851 2865 2835
f 2813 2809 2815
f 2814 2813 2865
f 2866 2812 2814
f 2788 2866 2850
f 2866 2788 2787
f 2812 2866 2867
f 1892 1889 1890
f 2720 2719 2846
f 298 299 256
f 2872 2714 2713
f 3794 3800 2735
f 2729 2730 2874
f 2846 2716 2715
f 2876 2877 2878
f 2733 2875 2878
f 3806 3807 2879
f 3806 2880 2872
f 2882 2883 2884
f 2881 2884 2715
f 2880 2881 2714
f 2879 2882 2881
f 2885 2886 2887
f 2888 2889 2890
f 2885 2890 2892
f 2893 2886 2885
f 1942 2151 2532
f 2895 2892 2720
f 2884 2895 2870
f 2883 2896 2895
f 2896 2891 2892
f 2889 2874 2717
f 2890 2717 2720
f 2897 2893 2891
f 2898 2897 2896
f 2899 2898 2883
f 2900 2899 2882
f 3797 2900 2879
f 2876 2902 2901
f 2901 2902 2904
f 1785 2656 1835
f 2905 2906 2899
f 2907 2908 2897
f 3797 2901 2903
f 632 576 577
f 3532 3547 2867
f 434 385 550
f 2768 2770 3640
f 2910 2911 1623
f 2241 2912 2758
f 3640 2770 2913
f 1623 2911 2757
f 3587 2242 2757
f 2229 1381 1380
f 2765 1630 1629
f 2915 2914 1629
f 3642 3641 2914
f 3641 3622 2765
f 2919 2916 3642
f 2918 2915 2912
f 3614 2918 2241
f 3618 2919 3613
f 3541 2177 2180
f 3521 2002 2188
f 3705 3573 714
f 2925 2766 2917
f 2924 2917 2916
f 3610 2924 2919
f 3611 2925 2924
f 2926 2927 2766
f 3658 2926 2925
f 1715 1713 1705
f 785 497 498
f 1387 651 565
f 374 375 1899
f 3573 2203 2206
f 2929 2930 2886
f 2932 2933 2934
f 1905 1906 1908
f 2930 2935 2936
f 2938 2935 2930
f 1493 369 517
f 1603 1585 1586
f 2939 2938 2929
f 2940 2939 2908
f 3665 1707 1600
f 2886 2930 2937
f 2906 2907 2898
f 2908 2929 2893
f 2942 2934 2933
f 2941 2933 2937
f 3501 2941 2936
f 3498 2942 2941
f 2943 2944 2710
f 2943 2873 2874
f 2945 2943 2889
f 2946 2944 2943
f 2932 2945 2888
f 2931 2946 2945
f 727 1928 1929
f 2903 2904 2947
f 545 594 42
f 1480 1570 533
f 2907 2906 2949
f 2906 2905 2950
f 1558 452 215
f 3799 2903 2948
f 2054 1645 1644
f 3705 3684 2203
f 1828 1837 1849
f 2953 2954 2955
f 2952 2955 2957
f 2956 2261 2258
f 2953 2952 2258
f 2454 2455 2474
f 3747 2958 2959
f 3747 2132 2131
f 2961 2962 2963
f 2958 2963 2964
f 222 221 2485
f 2477 2226 2966
f 2631 2561 2006
f 2384 2454 2496
f 2967 2968 2959
f 2968 2967 2970
f 3759 2033 2971
f 3784 2971 2960
f 2972 2971 2033
f 2007 2377 2973
f 3560 3559 2134
f 1836 1833 1832
f 3506 2188 2090
f 955 810 959
f 672 675 674
f 633 710 713
f 2024 732 733
f 2025 2024 803
f 425 1552 1550
f 2975 2976 888
f 1319 1158 1157
f 1212 1935 2977
f 889 957 2228
f 1978 1974 1975
f 1138 1078 1329
f 751 665 2979
f 1619 1613 1625
f 2252 2255 1728
f 1157 1160 845
f 2706 1936 1938
f 2980 2255 2254
f 2982 2975 887
f 802 712 711
f 678 677 2029
f 527 840 690
f 1839 1207 2629
f 2983 2984 602
f 2983 1914 1913
f 2985 2983 1331
f 2986 2984 2983
f 2987 2637 2635
f 2985 2988 2639
f 2990 1319 1318
f 2991 2992 2993
f 2995 2991 2994
f 1106 1058 2991
f 1058 1057 2992
f 1415 1406 1365
f 1317 922 2217
f 1932 1728 2255
f 926 2998 2999
f 3001 2993 2992
f 3000 2992 1057
f 2999 3000 2978
f 2998 3001 3000
f 3002 2998 2209
f 3002 3003 2996
f 2993 3001 3002
f 1103 1106 2995
f 3004 2995 2996
f 2209 2210 3004
f 588 1103 3004
f 295 296 433
f 2638 2639 2988
f 3005 2988 1056
f 1305 3005 1930
f 1276 2638 3005
f 1987 1968 1993
f 2633 1762 1761
f 1423 1422 1417
f 3561 3517 739
f 2671 2670 2704
f 1473 1872 2035
f 922 1317 2694
f 1401 1400 1378
f 556 2028 1884
f 842 848 3825
f 1854 2706 2617
f 933 1082 1081
f 1440 1441 1436
f 529 657 719
f 1031 1025 1027
f 777 913 912
f 2645 1205 1204
f 441 438 1538
f 790 1287 587
f 2065 2066 1610
f 1860 991 990
f 60 106 87
f 1424 1017 1948
f 332 1527 1507
f 261 262 138
f 187 188 449
f 1719 1720 1726
f 1931 1055 1059
f 3006 1059 1105
f 1287 3006 1104
f 1286 1931 3006
f 3007 3008 3009
f 3009 3008 653
f 618 999 26
f 2029 677 1210
f 957 601 600
f 1049 2146 2228
f 2631 890 3011
f 890 889 2227
f 3011 2227 2145
f 2561 3011 3012
f 1026 656 609
f 2706 1854 1961
f 3013 2965 2485
f 2148 2147 1267
f 3015 1267 1266
f 2997 2264 1101
f 642 641 1773
f 186 477 461
f 1041 1040 1320
f 1121 3016 3017
f 2984 2986 2987
f 3018 2987 2634
f 1048 603 3018
f 603 602 2984
f 2679 2678 801
f 2062 2072 2074
f 2061 2074 2076
f 414 303 1545
f 3016 1121 2683
f 3019 2683 2704
f 3020 3019 2670
f 3007 3016 3019
f 1871 1090 1091
f 3021 1787 1122
f 3022 3021 3017
f 1314 3021 3022
f 1784 1787 3021
f 1316 1315 1763
f 3023 3022 3010
f 3023 3009 795
f 1763 3023 1092
f 1315 3022 3023
f 3016 3007 3010
f 752 751 2978
f 2986 2639 2637
f 3024 654 653
f 3020 3024 3008
f 720 723 3024
f 723 2621 654
f 2681 1098 1268
f 2671 3025 1268
f 2705 2681 3025
f 1313 3026 3027
f 3026 3028 3029
f 3027 3029 3030
f 1311 3027 3031
f 2012 568 731
f 917 2657 974
f 743 1206 856
f 1888 2027 2030
f 2682 2705 2684
f 3032 2684 1124
f 1100 3032 2989
f 1099 2682 3032
f 1123 2990 2989
f 3033 1834 1159
f 2990 3033 1158
f 1123 1786 3033
f 1786 1785 1834
f 1054 1056 2988
f 2979 665 664
f 2623 2622 2663
f 1095 660 688
f 3034 3035 2261
f 3036 3034 2956
f 3037 3038 3034
f 3038 3039 3035
f 3040 3041 3026
f 2263 3042 3041
f 3042 3039 3043
f 3041 3043 3028
f 3044 3045 3043
f 3046 3047 3045
f 3047 3048 3049
f 3043 3045 3049
f 3038 3037 3051
f 3050 3051 3053
f 3052 3046 3044
f 3039 3038 3050
f 3054 3035 3039
f 3042 2263 2262
f 2261 3035 3054
f 2216 2263 2997
f 2212 2211 2667
f 3056 868 2209
f 934 3057 1961
f 2013 3755 3757
f 3058 3059 3060
f 3059 3062 3063
f 3060 3063 2213
f 3061 3060 1963
f 3063 3064 2214
f 3062 3065 3064
f 3065 2257 2260
f 3064 2260 2215
f 3066 3067 3031
f 2608 2966 3067
f 2966 2562 3068
f 3031 3067 3068
f 2455 2458 2461
f 2476 2223 2226
f 3551 2090 2089
f 3526 2774 3769
f 433 354 355
f 2115 1423 1419
f 3509 2868 2922
f 3769 3737 2131
f 3069 2611 2167
f 2971 2972 2928
f 2961 2774 2773
f 3070 2475 2478
f 2610 2609 3071
f 2502 2371 2374
f 3072 2592 2595
f 2964 3046 3052
f 3048 2593 3074
f 2593 2592 3075
f 3075 3030 3029
f 3074 3029 3028
f 3072 3076 3075
f 3076 3072 2482
f 2481 2608 3066
f 3076 3066 3030
f 2967 3052 3053
f 2482 3072 3073
f 479 480 493
f 706 3900 3873
f 3561 2194 2221
f 2013 2010 3754
f 3533 2032 2016
f 3562 3519 2222
f 1171 1154 1155
f 2586 2566 2565
f 2982 110 113
f 2562 2376 3077
f 2376 2375 3012
f 3012 2145 2148
f 3077 2148 3015
f 2963 3047 3046
f 3051 3078 2970
f 1683 2173 491
f 3850 2122 1447
f 1986 2181 3734
f 3079 3080 2546
f 3081 3079 2575
f 1983 1986 3768
f 3082 2323 2319
f 3080 3082 2545
f 3734 3732 3082
f 3732 3748 2323
f 1309 1471 1888
f 3073 2595 2772
f 2760 3083 3084
f 2760 2085 2088
f 3085 3084 3086
f 3089 3085 3090
f 3089 2762 3084
f 3092 3088 3090
f 3093 2748 2744
f 2751 2747 2748
f 3093 2741 2752
f 2742 2741 3093
f 3094 3093 2743
f 3096 3097 3098
f 3099 3096 3087
f 3097 3094 3095
f 3100 2743 2746
f 3101 2927 3102
f 2764 2766 2927
f 2745 2764 3101
f 3102 3092 3091
f 3100 3091 3095
f 2869 2802 3592
f 3102 3103 3104
f 3658 2868 2869
f 2927 2926 3103
f 3098 3095 3091
f 3087 3098 3090
f 2088 2125 3105
f 3083 3105 3086
f 2483 3073 2771
f 2401 2186 2185
f 3099 3086 3105
f 2125 2207 3106
f 3108 2737 2742
f 3107 2742 3094
f 3110 3108 3107
f 3109 3107 3097
f 3111 3109 3096
f 3112 3110 3109
f 3113 2738 2737
f 3115 2723 2722
f 3117 3115 3114
f 3119 3117 3116
f 3118 3116 3120
f 3116 3114 3113
f 3122 3112 3111
f 3122 3123 1755
f 3124 3125 3126
f 3125 3118 3121
f 3128 3119 3118
f 3129 3128 3125
f 2020 2712 3128
f 3853 3857 1346
f 1065 1046 1047
f 1814 3838 3830
f 2021 2020 3129
f 3111 3099 3106
f 3123 3106 2207
f 2377 2225 2224
f 3014 2485 113
f 1756 2208 3782
f 3131 3132 2530
f 3133 3131 2528
f 1753 1756 3767
f 3134 3124 3127
f 2327 2408 2314
f 2436 2318 2317
f 2018 2021 3711
f 2534 3136 3137
f 2320 2322 3136
f 2185 2018 3712
f 3138 3139 2542
f 3134 3135 3744
f 3785 3130 3134
f 3140 3138 2539
f 2535 3137 3140
f 3711 2021 3130
f 2558 2530 3132
f 3782 3760 3141
f 2560 2558 3141
f 3760 3777 3142
f 958 888 2976
f 1933 1932 2980
f 2399 2424 2418
f 2348 2342 2343
f 2322 2320 2319
f 2718 2717 2874
f 2709 2729 2873
f 2894 2871 1361
f 346 289 176
f 1876 1877 1882
f 2802 2803 3607
f 3104 3144 3088
f 2974 2222 3649
f 3089 3145 2761
f 3088 3144 3145
f 2803 2974 3603
f 3870 3909 692
f 2123 1419 1418
f 1365 1363 1368
f 1581 1766 1782
f 3569 2202 2129
f 3555 2003 2002
f 3146 2585 2551
f 3751 3146 3147
f 3742 3149 3146
f 3149 2584 2585
f 3196 3198 3197
f 3604 2192 2191
f 3142 3150 2556
f 3777 3778 3150
f 3646 3152 2550
f 3150 3151 2555
f 3778 3780 3151
f 3788 3781 3152
f 3153 3147 2551
f 3152 3153 2549
f 3781 3776 3153
f 3776 3750 3147
f 3148 2767 2206
f 2183 2401 2321
f 2132 2960 2928
f 3684 3685 2204
f 3719 2198 2197
f 2594 2962 2773
f 2595 2594 2951
f 1870 798 799
f 3713 2179 2178
f 3706 2178 3736
f 336 3154 3774
f 339 3155 3154
f 3789 3683 3149
f 3683 3697 2584
f 2963 2962 3048
f 3722 3730 337
f 339 338 2566
f 3156 3157 2168
f 2610 3156 2167
f 2954 2953 3156
f 3157 3156 2953
f 3707 2166 2169
f 2567 3158 3159
f 337 3158 2567
f 3730 3069 2166
f 3764 2190 1983
f 2579 3160 3081
f 2568 3159 3160
f 3709 2169 2190
f 3065 3062 3162
f 3161 3162 1984
f 3157 3161 2189
f 2257 3065 3161
f 734 735 1922
f 3059 3058 2708
f 3163 2708 2182
f 3162 3163 1985
f 3062 3059 3163
f 3203 3206 3205
f 2122 2119 1448
f 3817 1686 1685
f 139 140 444
f 1570 569 566
f 2957 3164 3165
f 2955 3166 3164
f 1912 454 341
f 3130 3129 3124
f 1548 322 319
f 1949 1950 1327
f 2969 2970 3078
f 3167 3078 3169
f 3724 2014 2017
f 3720 2017 2033
f 3168 3169 3165
f 3170 3165 3164
f 3779 3170 3171
f 3724 3168 3170
f 3171 3164 3166
f 3172 3166 3071
f 3752 3172 3173
f 3756 3171 3172
f 3169 3037 3036
f 2593 3048 2962
f 3173 3071 2609
f 3174 2609 2199
f 3783 3174 2198
f 3749 3173 3174
f 2190 2189 1984
f 2196 2195 2767
f 2119 2120 1414
f 1464 1463 1466
f 2199 2611 3069
f 2457 2456 2587
f 2226 2225 2562
f 481 478 1627
f 333 1512 235
f 3078 3051 3037
f 3040 2264 2997
f 2219 1934 1933
f 2385 2384 2497
f 221 2220 3175
f 2220 1933 3143
f 3175 3143 2976
f 2484 3175 2975
f 2954 3071 3166
f 2630 1858 110
f 1547 319 1952
f 2091 2090 2188
f 3733 3736 2178
f 1918 1919 1927
f 3563 112 111
f 955 956 960
f 2037 3014 112
f 3143 2980 2981
f 2218 2211 2214
f 672 3877 3787
f 2152 3013 3014
f 1147 1144 1143
f 2248 2246 1409
f 1615 1636 1635
f 1410 1409 2246
f 3241 3243 3242
f 1382 3176 3177
f 3177 1410 2247
f 2247 1383 3177
f 3176 2238 2230
f 1410 3177 3179
f 3179 3180 2243
f 1633 3181 2800
f 1621 1620 2758
f 1622 1621 2245
f 2236 1394 3181
f 2237 2236 3182
f 2250 1631 2233
f 2912 1629 1628
f 135 136 1564
f 1567 419 512
f 1085 1084 2653
f 3184 869 868
f 869 3184 3057
f 1266 1268 1098
f 1267 2147 722
f 937 1146 2646
f 2146 1049 722
f 2211 2218 921
f 1957 510 507
f 1313 1312 2264
f 1496 362 1493
f 2887 2937 2933
f 1687 1688 1659
f 145 1499 1498
f 37 38 418
f 1935 1934 3185
f 104 89 301
f 2101 2098 2083
f 543 298 360
f 1934 2219 3186
f 234 1521 212
f 3845 3821 1822
f 1976 1875 1874
f 223 3186 2219
f 3655 3656 3605
f 2165 2164 467
f 467 468 2165
f 773 476 2165
f 1935 1212 1728
f 3240 3225 3226
f 3261 3249 3250
f 3215 3216 3244
f 3265 3221 3215
f 3267 3245 3198
f 3205 3206 3269
f 3214 3211 3265
f 3271 3213 3214
f 3251 3252 3239
f 3222 3221 3266
f 3232 3235 3234
f 3216 3242 3243
f 3196 3193 3268
f 3244 3243 3254
f 3238 3239 3247
f 3264 3244 3255
f 3253 3242 3216
f 3211 3266 3221
f 3257 3217 3218
f 3258 3222 3272
f 3274 3275 3280
f 3228 3229 3262
f 3275 3231 3281
f 3226 3227 3273
f 3236 3263 3260
f 3281 3263 3236
f 3287 3271 3192
f 3235 3226 3280
f 3234 3280 3281
f 3288 3290 3259
f 3260 3250 3276
f 3289 3212 3278
f 3210 3209 3224
f 3199 3202 3201
f 3228 3231 3230
f 3290 3288 3285
f 3282 3279 3271
f 3260 3263 3262
f 3243 3241 3268
f 3267 3268 3241
f 3194 3207 3208
f 3191 3270 3269
f 3270 3191 3192
f 3275 3274 3230
f 3264 3269 3270
f 3252 3251 3276
f 3248 3252 3291
f 3213 3271 3279
f 3272 3266 3289
f 3277 3278 3212
f 3228 3263 3281
f 3220 3225 3253
f 3219 3253 3217
f 3256 3218 3222
f 3247 3239 3252
f 3245 3267 3232
f 3266 3211 3212
f 3208 3205 3255
f 3288 3289 3284
f 3204 3205 3208
f 560 1899 3187
f 3209 3210 3201
f 3189 3192 3191
f 448 1980 807
f 647 648 122
f 1833 1848 1780
f 510 509 508
f 3210 1949 1887
f 1887 15 3200
f 15 16 3197
f 16 3188 3195
f 3195 3188 3187
f 3194 3187 1899
f 3207 1899 375
f 387 173 126
f 3189 1791 1760
f 3577 763 757
f 763 3577 2172
f 3583 3582 3580
f 3581 3580 3579
f 3594 3597 3596
f 3400 3601 3602
f 3626 3624 3625
f 3631 3635 3599
f 3636 3637 3595
f 3647 3584 3588
f 3650 3582 3584
f 3653 3579 3580
f 3653 2176 3654
f 1801 1864 3656
f 3651 3580 3582
f 3644 3638 3595
f 1767 1768 3659
f 1597 3663 3661
f 1708 1707 3665
f 3671 3668 3667
f 3666 3667 3673
f 1588 1708 3664
f 2080 3671 3666
f 2082 3666 3672
f 3674 3677 3635
f 3677 3678 3636
f 3682 3647 3645
f 3692 3651 3650
f 3681 3645 3644
f 786 3694 3692
f 3694 3653 3651
f 785 3692 3686
f 497 3686 3682
f 650 3682 3681
f 3696 564 3681
f 3405 3606 3605
f 3702 3699 3678
f 3699 3698 3679
f 3645 3588 3638
f 1799 3657 3659
f 3708 3704 3458
f 3462 3710 3708
f 3714 463 564
f 3615 3606 3602
f 3710 3714 3696
f 3635 3636 3596
f 3629 3626 3627
f 3597 3600 3599
f 3630 3716 3715
f 3627 3625 3597
f 3717 3716 3723
f 3715 3663 3660
f 3716 3717 3725
f 3668 3665 3661
f 3668 3725 3717
f 3667 3717 3718
f 3727 3728 3673
f 3728 1576 3672
f 3726 3727 3718
f 1576 2101 2084
f 3727 3726 3731
f 3203 376 1387
f 3190 1387 1791
f 3283 2152 1949
f 317 240 259
f 2000 2176 3653
f 3601 3599 3600
f 3589 3588 3584
f 3577 758 756
f 3585 3584 3582
f 3678 3679 3637
f 3204 375 376
f 1801 3655 3657
f 3729 3735 3728
f 1575 3735 3738
f 3735 1575 1576
f 1776 1795 1796
f 1293 1294 1290
f 1326 14 1327
f 1294 1245 1234
f 878 1244 1330
f 497 373 374
f 122 648 413
f 3699 3702 3704
f 3606 3405 3401
f 3708 3710 3698
f 3464 3714 3710
f 3704 3674 3443
f 439 398 399
f 1512 1528 1526
f 1668 1741 1738
f 839 849 1362
f 1362 1357 826
f 3843 740 1896
f 2053 2054 2118
f 3888 3887 2120
f 696 697 3816
f 1826 1878 639
f 3740 3739 3729
f 956 885 886
f 1980 806 1922
f 33 34 105
f 1343 1344 3856
f 3907 2127 2128
f 1766 1581 1582
f 14 1326 2163
f 595 98 99
f 3233 3238 3246
f 1346 1035 1044
f 748 1888 1425
f 3193 3208 3254
f 3190 3191 3206
f 3612 3605 3606
f 3624 3612 3615
f 3631 3415 3443
f 3679 3680 3644
f 3686 3650 3647
f 3702 3677 3674
f 3625 3615 3600
f 3601 3400 3415
f 3739 3738 3735
f 3630 3627 3594
f 3741 3723 3716
f 1284 1290 1288
f 3698 3696 3680
f 1778 1781 1780
f 1792 1759 1584
f 695 570 571
f 3638 3741 3594
f 3741 3638 3588
f 3247 3248 3209
f 3292 3293 3294
f 3296 3297 3298
f 3299 3298 3300
f 3302 3303 3304
f 3306 3307 3308
f 3307 3310 3311
f 3303 3302 3301
f 3312 3305 3304
f 3314 3315 3316
f 3318 3319 3320
f 3324 3318 3321
f 3326 3327 3328
f 3329 3330 3331
f 3333 3334 3335
f 3337 3338 3339
f 3333 3336 3341
f 3342 3341 3343
f 3319 3345 3344
f 3338 3335 3334
f 3346 3301 3302
f 3305 3348 3347
f 3312 3224 3223
f 3350 3337 3340
f 3312 3349 3348
f 3352 3343 3341
f 3311 3353 3354
f 3341 3336 3327
f 3359 3360 3361
f 3360 3359 3250
f 3318 3363 3345
f 3364 3363 3318
f 3314 3364 3324
f 3366 3299 3301
f 3299 3366 3367
f 3308 3354 3368
f 3369 3317 3295
f 3317 3369 3364
f 3370 3295 3317
f 3325 3371 3365
f 3352 3320 3319
f 3296 3367 3353
f 3297 3296 3311
f 3363 3368 3354
f 3345 3354 3353
f 3344 3353 3367
f 3366 3333 3342
f 3347 3339 3334
f 3339 3347 3348
f 3348 3349 3351
f 3363 3364 3369
f 3294 3309 3368
f 3293 3306 3309
f 3331 3373 3374
f 3346 3334 3333
f 3323 3322 3352
f 3356 3355 3321
f 3355 3357 3325
f 3357 3358 3371
f 3322 3356 3320
f 3361 3330 3329
f 3373 3372 3375
f 3374 3375 3376
f 3329 3332 3376
f 3327 3375 3372
f 3336 3335 3375
f 3335 3338 3376
f 3376 3338 3337
f 3337 3350 3359
f 3359 3350 3276
f 3377 3292 3295
f 3277 3316 3315
f 3371 3378 3379
f 3378 3371 3358
f 3365 3379 3315
f 3316 3277 3279
f 3282 3377 3370
f 3313 3283 3224
f 3378 3285 3284
f 3380 3286 3285
f 3379 3284 3278
f 3276 3350 3351
f 3291 3351 3349
f 3313 3304 2965
f 2965 3304 3303
f 222 3303 3300
f 223 3300 3298
f 3298 3297 3185
f 3297 3310 2977
f 3310 3307 1213
f 3307 3306 1214
f 2532 1214 3306
f 2894 2532 3293
f 2871 2894 3292
f 3253 3225 3240
f 3283 3313 3013
f 1997 1996 1889
f 1237 745 744
f 1535 1534 120
f 1531 1532 201
f 1119 1241 1032
f 946 948 824
f 163 8 5
f 3589 3726 3723
f 1155 1156 1162
f 427 213 327
f 553 1902 796
f 3381 2232 2231
f 3381 3178 2230
f 2237 3183 3180
f 3383 3384 3385
f 3384 3386 3387
f 3386 3388 3389
f 3388 3390 3391
f 3392 3393 3394
f 3395 3394 3396
f 3398 3399 3397
f 3400 3401 3399
f 3403 3404 3405
f 3406 3407 3404
f 3408 3409 3407
f 3410 3411 3409
f 3412 3413 3411
f 3415 3400 3398
f 3414 3398 3396
f 3416 3396 3394
f 3417 3394 3393
f 3393 3419 3420
f 3419 3390 3421
f 3390 3388 3422
f 3388 3386 3423
f 3386 3384 3424
f 3384 3383 3425
f 3425 3383 3426
f 2904 3427 3428
f 3429 3427 2904
f 3430 3429 2902
f 2875 3431 3430
f 3432 3433 2733
f 2825 3434 3435
f 3437 3438 3439
f 3441 3437 3436
f 2724 2723 3434
f 3436 3439 3115
f 3440 3436 3117
f 3443 3415 3414
f 3442 3414 3416
f 3444 3416 3417
f 3445 3417 3418
f 3446 3418 3420
f 3420 3421 3448
f 3421 3422 3449
f 3422 3423 3450
f 3423 3424 3451
f 3424 3425 3452
f 3425 3184 3056
f 3451 3452 2253
f 3450 3451 2252
f 3449 3450 1727
f 3448 3449 2150
f 3453 3447 3448
f 3454 3446 3447
f 3455 3445 3446
f 3456 3444 3445
f 3442 3444 3456
f 3443 3442 3457
f 3459 3460 3458
f 3457 3456 3455
f 3459 3455 3454
f 3462 3460 3459
f 3461 3454 3453
f 3464 3462 3461
f 3463 3453 1941
f 3404 3399 3401
f 3407 3397 3399
f 3409 3395 3397
f 3411 3392 3395
f 3465 3466 3413
f 3467 3468 3469
f 3465 3412 3431
f 3470 3467 3466
f 3438 3470 3432
f 3467 3470 3438
f 3468 3467 3437
f 3471 3469 3468
f 3472 3468 3441
f 3473 3441 3440
f 2712 3440 3119
f 3475 3471 3472
f 3474 3472 3473
f 3476 3473 2712
f 3477 3476 2711
f 3478 3474 3476
f 3479 3475 3474
f 3392 3411 3413
f 3466 3469 3480
f 3419 3393 3392
f 3390 3419 3480
f 3469 3471 3391
f 3389 3391 3471
f 3387 3389 3475
f 3385 3387 3479
f 3482 3477 2400
f 3483 3478 3477
f 3481 3479 3478
f 3484 3482 2402
f 3058 3484 2707
f 3061 3485 3484
f 3485 3483 3482
f 3382 3385 3481
f 3486 3481 3483
f 3426 3383 3382
f 3487 3382 3486
f 3486 3485 3061
f 1961 3057 3487
f 3057 3184 3426
f 3428 3403 3402
f 3427 3406 3403
f 3429 3408 3406
f 3430 3410 3408
f 3431 3412 3410
f 3470 3465 3433
f 3434 3439 3438
f 2723 3115 3439
f 2875 2733 3433
f 2736 2824 3435
f 2947 3428 3488
f 3464 3463 1360
f 1900 1925 1924
f 1736 1717 1718
f 1955 1952 1943
f 1671 1738 1735
f 1696 1750 1698
f 1800 1865 1864
f 2063 2055 2056
f 1737 1734 1717
f 1751 1735 1697
f 943 3885 3899
f 3656 3488 3402
f 1577 1578 1764
f 3917 1598 1599
f 1945 146 82
f 68 6 7
f 147 1542 1543
f 1109 1135 1133
f 1503 1910 1907
f 1499 1501 1909
f 452 1922 735
f 1824 2068 3835
f 1825 2067 2068
f 1463 1462 1022
f 841 1012 1009
f 1568 1547 1955
f 1910 1503 1502
f 1939 1502 422
f 309 280 1940
f 1804 1851 1866
f 269 1482 1954
f 2065 1607 2060
f 3812 1685 1758
f 280 276 552
f 1875 1873 1869
f 1739 1721 1734
f 1778 1779 1790
f 310 1920 1915
f 1909 1908 1906
f 1789 1783 1778
f 978 981 980
f 1584 1759 1731
f 425 426 311
f 148 1543 115
f 2044 3897 3894
f 277 1910 1939
f 1943 1946 1945
f 1461 1462 1463
f 2253 3452 3056
f 2981 2254 3489
f 2209 2998 3489
f 2254 2253 3055
f 2998 926 958
f 2826 2817 2721
f 3490 2739 2721
f 2816 3491 3490
f 2334 2297 2296
f 2298 2297 2334
f 2301 2298 2336
f 2311 2301 2338
f 2312 2311 2354
f 2359 2358 2361
f 2335 2296 2359
f 2414 2413 2365
f 2413 2270 2361
f 2355 2352 2540
f 2541 2540 2539
f 2722 2721 2739
f 3114 2722 2738
f 3110 3112 3121
f 3108 3110 3120
f 3122 1754 3127
f 3112 3122 3126
f 3127 1754 1753
f 3139 3133 2529
f 3744 3775 3133
f 3490 2789 2740
f 3491 2790 2789
f 228 229 91
f 245 244 243
f 248 7 247
f 2 297 296
f 145 146 300
f 327 213 210
f 329 332 331
f 239 241 240
f 373 376 375
f 178 177 176
f 1218 1225 1228
f 3862 1231 1295
f 808 809 824
f 3858 3859 1013
f 3813 3810 1411
f 2154 2149 2159
f 3845 3835 1758
f 306 807 1922
f 2157 2153 1976
f 708 709 2031
f 1450 1226 1227
f 1672 1604 1605
f 1813 1814 1821
f 1717 1716 1715
f 176 159 402
f 1710 1705 3916
f 1712 1580 1577
f 1705 1713 1711
f 971 978 979
f 822 823 1094
f 2909 2810 2793
f 2810 2769 2795
f 2799 2910 2249
f 3662 3643 2910
f 2769 2768 2801
f 3177 3176 3178
f 3178 3381 3180
f 3181 1394 1393
f 3181 1633 1632
f 3182 1632 2244
f 3183 2244 2243
f 3492 2791 2790
f 2808 3492 3491
f 2239 3574 3572
f 1149 1150 3571
f 1150 2009 3567
f 2202 3569 3566
f 2921 3564 3565
f 3568 3560 2133
f 1777 1579 1759
f 1201 1196 1183
f 3561 3554 2195
f 3553 3576 2770
f 3927 3925 1687
f 1516 152 154
f 3549 3562 2974
f 3550 3548 2779
f 2771 2772 3575
f 3070 2771 3546
f 3547 3544 2775
f 1376 1375 1370
f 2767 3543 3556
f 2195 3554 3543
f 2775 3544 3542
f 3377 3282 3545
f 3804 3802 3539
f 2776 3542 3538
f 2240 3572 3535
f 2920 3535 3669
f 3548 3534 2786
f 1805 1850 1851
f 3534 3532 2787
f 2951 2773 3540
f 2772 2951 3531
f 2973 2224 3530
f 2224 2223 3537
f 1957 1953 320
f 306 305 304
f 2770 3576 3528
f 2913 3528 3574
f 2923 3565 3527
f 308 1940 431
f 207 208 132
f 1879 1876 1881
f 3733 3787 3525
f 2475 3070 3558
f 2476 2475 3524
f 2223 2476 3523
f 3522 3549 2803
f 2037 3563 11
f 1959 1958 450
f 2003 3555 3520
f 9 10 334
f 2009 2008 3518
f 2008 2973 3536
f 3877 672 673
f 3515 3550 2778
f 2935 3514 3513
f 111 1149 3570
f 3510 3514 2935
f 683 3876 3885
f 3508 3557 2810
f 736 733 732
f 1795 1804 1803
f 3505 3510 2938
f 3507 3505 2939
f 2950 3512 3504
f 2940 2949 3504
f 3801 3791 3512
f 2868 3509 3502
f 2869 3502 3522
f 1024 1034 1023
f 3500 3503 2948
f 551 1939 442
f 2972 3499 3568
f 2032 3533 3499
f 216 93 1924
f 203 202 201
f 1828 1848 1847
f 1958 1957 449
f 272 271 178
f 2871 3545 3495
f 3619 3669 3564
f 2801 2768 3643
f 2005 3758 3654
f 960 886 899
f 3657 3655 3612
f 3780 3788 3646
f 3151 3646 3593
f 2193 3604 3623
f 3607 3603 3145
f 3603 3649 2761
f 3592 3607 3144
f 2926 3658 3634
f 3634 3592 3104
f 3755 3754 3746
f 566 567 3758
f 3488 3656 1864
f 1602 1586 2079
f 2868 3658 3611
f 2922 3611 3610
f 2923 3610 3618
f 3670 3613 2918
f 3619 3670 3614
f 2921 3618 3670
f 2920 3614 3586
f 3613 3642 2915
f 2917 2766 3622
f 2916 2917 3641
f 2239 3587 3652
f 2911 3640 3652
f 3643 3640 2911
f 2797 2801 3662
f 2797 3591 3598
f 3622 3628 2763
f 3608 3628 2764
f 2194 3623 3648
f 2221 3648 3649
f 2756 3608 3609
f 2750 3598 3609
f 3669 3535 1817
f 3763 3770 1691
f 2515 3621 3590
f 2548 3590 3593
f 2513 2489 3632
f 2513 3616 3621
f 2509 3633 3620
f 2510 3632 3633
f 2289 3620 3639
f 2283 3639 3617
f 2240 3586 3587
f 3659 3657 3624
f 716 2121 3887
f 727 1999 3761
f 2165 2171 2170
f 3660 3659 3626
f 3743 3581 3578
f 2175 2172 769
f 2100 500 2095
f 3758 567 3757
f 640 3560 3568
f 1653 3576 3553
f 1895 3536 3530
f 746 3530 3537
f 1653 1810 3528
f 3762 1603 1604
f 2093 2075 2073
f 959 996 995
f 962 899 919
f 1400 1401 1398
f 1000 817 1127
f 956 959 884
f 1662 3548 3550
f 2034 3558 3546
f 3926 1689 3539
f 3535 3572 766
f 3572 3574 765
f 334 3570 3571
f 1868 3531 3540
f 1684 1651 1652
f 1682 1683 775
f 1585 1603 3762
f 3763 3762 1672
f 2173 2174 490
f 1658 3544 3547
f 3556 3543 1650
f 1571 3754 2010
f 1587 3664 3671
f 2099 2095 2077
f 787 3761 1999
f 2000 3694 786
f 3155 339 3697
f 3713 3155 3683
f 2180 2179 3685
f 3496 2180 3684
f 1684 3846 3840
f 1760 464 3495
f 2607 3689 3693
f 2581 3676 3689
f 2371 2502 3700
f 2371 3695 3693
f 2587 3676 3675
f 2586 3675 3697
f 2497 3691 3687
f 2502 2503 3687
f 2494 3691 3690
f 3690 3688 2472
f 3688 3701 2468
f 3701 3703 2469
f 726 3908 3892
f 581 3567 3518
f 10 3511 3570
f 1837 3514 3510
f 741 3537 3523
f 1299 3524 3558
f 1851 3507 3504
f 3527 3565 1820
f 580 3518 3536
f 1758 1685 3522
f 1693 3557 3508
f 3504 3512 1867
f 1894 1826 3568
f 2126 1418 3813
f 3906 2126 3841
f 2113 3911 3867
f 2179 3713 3789
f 624 3903 3904
f 2192 3604 3788
f 2177 3541 3787
f 1364 3824 3833
f 3858 3855 1470
f 3135 1753 3775
f 2069 3812 3835
f 1351 3861 3853
f 2108 3882 3901
f 2089 2092 3736
f 3828 3834 1358
f 2001 3749 3783
f 2187 3783 3719
f 2130 3756 3752
f 2004 3752 3749
f 2014 3724 3779
f 2201 3779 3756
f 3167 3720 3759
f 3168 3724 3720
f 3159 3709 3764
f 3160 3764 3765
f 3730 3707 3158
f 3158 3707 3709
f 2200 3069 3730
f 3685 3789 3742
f 3722 3774 2197
f 3790 3736 2092
f 3774 3790 3721
f 3154 3706 3790
f 3155 3713 3706
f 2091 3719 3721
f 2196 3148 3750
f 2193 2196 3776
f 3604 2193 3781
f 2086 2192 3780
f 2087 2086 3778
f 2204 3742 3751
f 2205 3751 3750
f 3909 3886 574
f 2124 2087 3777
f 2208 2124 3760
f 3711 3785 3140
f 3785 3745 3138
f 3745 3744 3139
f 3771 3712 3136
f 3712 3711 3137
f 3775 3767 3131
f 3767 3782 3132
f 1813 3839 3838
f 1293 3854 3856
f 2184 2321 3748
f 2181 2184 3732
f 3765 3768 3079
f 3768 3734 3080
f 709 3873 3875
f 2774 2961 3737
f 3786 3769 2134
f 3809 3808 766
f 2968 3784 3766
f 2969 3759 3784
f 2958 3747 3737
f 2132 3747 3766
f 2321 2185 3771
f 3860 3848 1449
f 3905 3874 582
f 3886 3889 577
f 3847 3826 1818
f 705 3902 3887
f 3816 3912 3907
f 2111 3883 3911
f 3810 3829 1366
f 1812 3839 3822
f 675 3851 3852
f 3496 3705 3851
f 2110 3867 3868
f 2104 3896 3901
f 2109 3868 3899
f 3842 3831 703
f 1680 3811 3846
f 1639 1627 3819
f 623 3904 3906
f 2139 2140 3866
f 1808 1640 3844
f 3820 3821 1819
f 3872 3914 3900
f 1646 3832 3830
f 3889 3890 633
f 2139 3865 3875
f 2156 2155 3871
f 674 3852 3913
f 2117 3817 3812
f 1815 3822 3847
f 3855 3849 1444
f 697 3906 3912
f 866 842 3836
f 3864 3869 2136
f 3585 3731 3726
f 3583 3740 3731
f 3753 3746 3738
f 3740 3583 3581
f 1088 3738 3746
f 3739 3740 3743
f 2791 3492 3493
f 3492 2808 2807
f 2792 3493 3494
f 3493 2807 2806
f 3508 2909 3494
f 3516 3494 2806
f 2948 3503 3791
f 2105 3908 3896
f 3538 3802 3804
f 680 3878 3876
f 1891 1890 3910
f 2905 3799 3801
f 2900 3797 3799
f 2901 3797 3807
f 2734 2878 3806
f 2877 3807 3806
f 2820 3800 3794
f 2818 3796 3792
f 2823 3793 3792
f 2822 3793 3798
f 2819 2735 3800
f 2817 3796 3795
f 2809 3805 3795
f 2808 3805 3803
f 2805 3804 3803
f 1702 3921 3923
f 3922 3920 1797
f 3915 3916 1706
f 3918 3927 1692
f 1657 3898 3880
f 1890 1877 3895
f 3772 3770 1674
f 1689 1690 3772
f 3926 3802 3538
f 3516 3539 1689
f 3917 3923 1703
f 1598 3917 3928
f 3880 3884 1876
f 1691 1690 3925
f 3925 3926 1688
f 3934 3933 3937
f 3934 3938 3939
f 3932 3936 3937
f 3938 3942 3943
f 3937 3936 3940
f 3937 3941 3942
f 3942 3946 3947
f 3941 3940 3944
f 3942 3941 3945
f 3947 3946 3950
f 3944 3948 3949
f 3945 3949 3950
f 3950 3954 3955
f 3949 3948 3952
f 3950 3949 3953
f 3955 3954 3958
f 3953 3952 3956
f 3953 3957 3958
f 3959 3958 3962
f 3957 3956 3960
f 3958 3957 3961
f 3962 3966 3967
f 3960 3964 3965
f 3961 3965 3966
f 3966 3970 3971
f 3965 3964 3968
f 3966 3965 3969
f 3970 3974 3975
f 3968 3972 3973
f 3969 3973 3974
f 3974 3978 3979
f 3973 3972 3976
f 3974 3973 3977
f 3979 3978 3982
f 3976 3980 3981
f 3977 3981 3982
f 3982 3986 3987
f 3981 3980 3984
f 3982 3981 3985
f 3987 3986 3990
f 3984 3988 3989
f 3985 3989 3990
f 3991 3990 3994
f 3989 3988 3992
f 3990 3989 3993
f 3995 3994 3998
f 3992 3996 3997
f 3993 3997 3998
f 3998 4002 4003
f 3997 3996 4000
f 3998 3997 4001
f 4002 4006 4007
f 4000 4004 4005
f 4001 4005 4006
f 4006 4010 4011
f 4005 4004 4008
f 4006 4005 4009
f 4011 4010 4014
f 4008 4012 4013
f 4009 4013 4014
f 4014 4018 4019
f 4013 4012 4016
f 4014 4013 4017
f 4019 4018 4022
f 4016 4020 4021
f 4017 4021 4022
f 4023 4022 4026
f 4021 4020 4024
f 4022 4021 4025
f 4027 4026 4030
f 4024 4028 4029
f 4025 4029 4030
f 4031 4030 4034
f 4029 4028 4032
f 4030 4029 4033
f 4034 4038 4039
f 4032 4036 4037
f 4033 4037 4038
f 4038 4042 4043
f 4037 4036 4040
f 4038 4037 4041
f 4043 4042 4046
f 4040 4044 4045
f 4041 4045 4046
f 4046 4050 4051
f 4045 4044 4048
f 4046 4045 4049
f 4051 4050 4055
f 4048 4053 4054
f 4049 4054 4055
f 4056 4055 4059
f 4053 4057 4058
f 4055 4054 4058
f 4060 4059 3934
f 4058 4057 3932
f 4058 3933 3934
f 4069 4068 4081
f 4066 4079 4080
f 4065 4064 4077
f 4063 4062 4075
f 4071 4084 4085
f 4069 4082 4083
f 4067 4080 4081
f 4066 4065 4078
f 4063 4076 4077
f 4061 4074 4075
f 4072 4085 4086
f 4071 4070 4083
f 4076 4089 4090
f 4074 4087 4088
f 4086 4085 4098
f 4083 4096 4097
f 4082 4081 4094
f 4079 4092 4093
f 4078 4077 4090
f 4076 4075 4088
f 4085 4084 4097
f 4082 4095 4096
f 4080 4093 4094
f 4079 4078 4091
f 4089 4102 4103
f 4088 4087 4100
f 4098 4111 4112
f 4096 4109 4110
f 4095 4094 4107
f 4092 4105 4106
f 4090 4103 4104
f 4089 4088 4101
f 4097 4110 4111
f 4095 4108 4109
f 4094 4093 4106
f 4092 4091 4104
f 4103 4102 4115
f 4100 4113 4114
f 4112 4111 4124
f 4110 4109 4122
f 4107 4120 4121
f 4105 4118 4119
f 4103 4116 4117
f 4101 4114 4115
f 4110 4123 4124
f 4109 4108 4121
f 4107 4106 4119
f 4105 4104 4117
f 4115 4128 4129
f 4114 4113 4126
f 4124 4137 4138
f 4123 4122 4135
f 4120 4133 4134
f 4119 4118 4131
f 4117 4116 4129
f 4114 4127 4128
f 4124 4123 4136
f 4122 4121 4134
f 4119 4132 4133
f 4117 4130 4131
f 4129 4128 4141
f 4126 4139 4140
f 4138 4137 4150
f 4136 4135 4148
f 4133 4146 4147
f 4131 4144 4145
f 4130 4129 4142
f 4127 4140 4141
f 4137 4136 4149
f 4135 4134 4147
f 4132 4145 4146
f 4131 4130 4143
f 4142 4141 4154
f 4140 4139 4152
f 4150 4163 4164
f 4149 4148 4161
f 4146 4159 4160
f 4144 4157 4158
f 4142 4155 4156
f 4140 4153 4154
f 4149 4162 4163
f 4148 4147 4160
f 4146 4145 4158
f 4144 4143 4156
f 4155 4154 4167
f 4153 4152 4165
f 4163 4176 4177
f 4161 4174 4175
f 4159 4172 4173
f 4158 4157 4170
f 4155 4168 4169
f 4153 4166 4167
f 4163 4162 4175
f 4161 4160 4173
f 4159 4158 4171
f 4156 4169 4170
f 4167 4180 4181
f 4165 4178 4179
f 4176 4189 4190
f 4175 4174 4187
f 4173 4172 4185
f 4170 4183 4184
f 4169 4168 4181
f 4167 4166 4179
f 4175 4188 4189
f 4173 4186 4187
f 4171 4184 4185
f 4170 4169 4182
f 4180 4193 4194
f 4178 4191 4192
f 4190 4189 4202
f 4187 4200 4201
f 4186 4185 4198
f 4183 4196 4197
f 4182 4181 4194
f 4180 4179 4192
f 4189 4188 4201
f 4186 4199 4200
f 4184 4197 4198
f 4183 4182 4195
f 4193 4206 4207
f 4192 4191 4204
f 4202 4215 4216
f 4200 4213 4214
f 4199 4198 4211
f 4196 4209 4210
f 4194 4207 4208
f 4193 4192 4205
f 4201 4214 4215
f 4199 4212 4213
f 4198 4197 4210
f 4196 4195 4208
f 4207 4206 4219
f 4204 4217 4218
f 4216 4215 4228
f 4213 4226 4227
f 4211 4224 4225
f 4209 4222 4223
f 4207 4220 4221
f 4205 4218 4219
f 4214 4227 4228
f 4213 4212 4225
f 4211 4210 4223
f 4209 4208 4221
f 4219 4232 4233
f 4218 4217 4230
f 4228 4241 4242
f 4226 4239 4240
f 4225 4224 4237
f 4223 4222 4235
f 4221 4220 4233
f 4218 4231 4232
f 4228 4227 4240
f 4226 4225 4238
f 4223 4236 4237
f 4221 4234 4235
f 4233 4232 4245
f 4230 4243 4244
f 4242 4241 4254
f 4240 4239 4252
f 4237 4250 4251
f 4235 4248 4249
f 4234 4233 4246
f 4231 4244 4245
f 4241 4240 4253
f 4239 4238 4251
f 4236 4249 4250
f 4235 4234 4247
f 4246 4245 4258
f 4244 4243 4256
f 4254 4267 4268
f 4253 4252 4265
f 4250 4263 4264
f 4248 4261 4262
f 4246 4259 4260
f 4244 4257 4258
f 4253 4266 4267
f 4252 4251 4264
f 4250 4249 4262
f 4248 4247 4260
f 4259 4258 4271
f 4257 4256 4269
f 4267 4280 4281
f 4265 4278 4279
f 4263 4276 4277
f 4262 4261 4274
f 4259 4272 4273
f 4257 4270 4271
f 4266 4279 4280
f 4265 4264 4277
f 4263 4262 4275
f 4260 4273 4274
f 4271 4284 4285
f 4269 4282 4283
f 4281 4280 4293
f 4279 4278 4291
f 4277 4276 4289
f 4274 4287 4288
f 4273 4272 4285
f 4271 4270 4283
f 4280 4279 4292
f 4277 4290 4291
f 4275 4288 4289
f 4274 4273 4286
f 4284 4297 4298
f 4282 4295 4296
f 4294 4293 4306
f 4291 4304 4305
f 4290 4289 4302
f 4287 4300 4301
f 4286 4285 4298
f 4284 4283 4296
f 4293 4292 4305
f 4290 4303 4304
f 4288 4301 4302
f 4287 4286 4299
f 4297 4310 4311
f 4296 4295 4308
f 4306 4319 4320
f 4304 4317 4318
f 4303 4302 4315
f 4300 4313 4314
f 4298 4311 4312
f 4297 4296 4309
f 4305 4318 4319
f 4304 4303 4316
f 4302 4301 4314
f 4300 4299 4312
f 4310 4323 4324
f 4308 4321 4322
f 4320 4319 4332
f 4318 4317 4330
f 4316 4315 4328
f 4313 4326 4327
f 4311 4324 4325
f 4310 4309 4322
f 4318 4331 4332
f 4316 4329 4330
f 4315 4314 4327
f 4312 4325 4326
f 4323 4336 4337
f 4322 4321 4334
f 4332 4345 4346
f 4330 4343 4344
f 4329 4328 4341
f 4327 4326 4339
f 4325 4324 4337
f 4322 4335 4336
f 4332 4331 4344
f 4330 4329 4342
f 4327 4340 4341
f 4325 4338 4339
f 4337 4336 4350
f 4334 4348 4349
f 4346 4345 4359
f 4344 4343 4357
f 4341 4355 4356
f 4340 4339 4353
f 4338 4337 4351
f 4335 4349 4350
f 4345 4344 4358
f 4343 4342 4356
f 4340 4354 4355
f 4338 4352 4353
f 4351 4350 4363
f 4349 4348 4361
f 4359 4372 4373
f 4358 4357 4370
f 4355 4368 4369
f 4354 4353 4366
f 4351 4364 4365
f 4349 4362 4363
f 4358 4371 4372
f 4357 4356 4369
f 4355 4354 4367
f 4352 4365 4366
f 4364 4363 4376
f 4362 4361 4374
f 4373 4372 4385
f 4370 4383 4384
f 4368 4381 4382
f 4367 4366 4379
f 4364 4377 4378
f 4362 4375 4376
f 4372 4371 4384
f 4370 4369 4382
f 4368 4367 4380
f 4365 4378 4379
f 4376 4389 4390
f 4374 4387 4388
f 4385 4398 4399
f 4384 4383 4396
f 4382 4381 4394
f 4379 4392 4393
f 4378 4377 4390
f 4376 4375 4388
f 4384 4397 4398
f 4382 4395 4396
f 4380 4393 4394
f 4379 4378 4391
f 4389 4402 4403
f 4387 4400 4401
f 4399 4398 4411
f 4396 4409 4410
f 4395 4394 4407
f 4393 4392 4405
f 4391 4390 4403
f 4389 4388 4401
f 4398 4397 4410
f 4395 4408 4409
f 4393 4406 4407
f 4391 4404 4405
f 4402 4415 4416
f 4401 4400 4413
f 4411 4424 4425
f 4409 4422 4423
f 4408 4407 4420
f 4406 4405 4418
f 4403 4416 4417
f 4402 4401 4414
f 4410 4423 4424
f 4408 4421 4422
f 4407 4406 4419
f 4404 4417 4418
f 4416 4415 4428
f 4413 4426 4427
f 4425 4424 4437
f 4423 4422 4435
f 4421 4420 4433
f 4418 4431 4432
f 4416 4429 4430
f 4415 4414 4427
f 4423 4436 4437
f 4421 4434 4435
f 4420 4419 4432
f 4418 4417 4430
f 4428 4441 4442
f 4426 4439 4440
f 4437 4450 4451
f 4435 4448 4449
f 4434 4433 4446
f 4432 4431 4444
f 4430 4429 4442
f 4427 4440 4441
f 4437 4436 4449
f 4435 4434 4447
f 4432 4445 4446
f 4430 4443 4444
f 4442 4441 4454
f 4439 4452 4453
f 4451 4450 4463
f 4449 4448 4461
f 4446 4459 4460
f 4444 4457 4458
f 4443 4442 4455
f 4440 4453 4454
f 4450 4449 4462
f 4447 4460 4461
f 4445 4458 4459
f 4444 4443 4456
f 4455 4454 4467
f 4453 4452 4465
f 4463 4476 4477
f 4462 4461 4474
f 4459 4472 4473
f 4457 4470 4471
f 4455 4468 4469
f 4453 4466 4467
f 4462 4475 4476
f 4461 4460 4473
f 4459 4458 4471
f 4457 4456 4469
f 4468 4467 4063
f 4466 4465 4061
f 4477 4476 4072
f 4474 4070 4071
f 4472 4068 4069
f 4471 4470 4066
f 4468 4064 4065
f 4466 4062 4063
f 4476 4475 4071
f 4474 4473 4069
f 4472 4471 4067
f 4469 4065 4066
f 3935 4061 4465
f 4465 4452 4056
f 4452 4439 4051
f 4439 4426 4047
f 4047 4426 4413
f 4043 4413 4400
f 4039 4400 4387
f 4387 4374 4031
f 4031 4374 4361
f 4361 4348 4023
f 4348 4334 4019
f 4334 4321 4015
f 4015 4321 4308
f 4011 4308 4295
f 4007 4295 4282
f 4282 4269 3999
f 3999 4269 4256
f 4256 4243 3991
f 4243 4230 3987
f 4230 4217 3983
f 3983 4217 4204
f 3979 4204 4191
f 3975 4191 4178
f 4178 4165 3967
f 3967 4165 4152
f 4152 4139 3959
f 4139 4126 3955
f 4126 4113 3951
f 3951 4113 4100
f 3947 4100 4087
f 3943 4087 4074
f 4074 4061 3935
f 4480 4479 4483
f 4480 4484 4485
f 4479 4478 4482
f 4484 4488 4489
f 4482 4486 4487
f 4483 4487 4488
f 4488 4492 4493
f 4487 4486 4490
f 4488 4487 4491
f 4493 4492 4496
f 4490 4494 4495
f 4491 4495 4496
f 4496 4500 4501
f 4495 4494 4498
f 4496 4495 4499
f 4501 4500 4504
f 4498 4502 4503
f 4499 4503 4504
f 4505 4504 4508
f 4503 4502 4506
f 4504 4503 4507
f 4509 4508 4512
f 4506 4510 4511
f 4507 4511 4512
f 4513 4512 4516
f 4511 4510 4514
f 4512 4511 4515
f 4516 4520 4521
f 4514 4518 4519
f 4515 4519 4520
f 4520 4524 4525
f 4518 4522 4523
f 4520 4519 4523
f 4525 4524 4528
f 4522 4526 4527
f 4523 4527 4528
f 4528 4532 4533
f 4527 4526 4530
f 4528 4527 4531
f 4533 4532 4536
f 4530 4534 4535
f 4531 4535 4536
f 4537 4536 4540
f 4534 4538 4539
f 4536 4535 4539
f 4541 4540 4544
f 4539 4538 4542
f 4539 4543 4544
f 4544 4548 4549
f 4542 4546 4547
f 4544 4543 4547
f 4548 4552 4553
f 4547 4546 4550
f 4547 4551 4552
f 4552 4556 4557
f 4551 4550 4554
f 4552 4551 4555
f 4557 4556 4560
f 4554 4558 4559
f 4555 4559 4560
f 4560 4564 4565
f 4559 4558 4562
f 4560 4559 4563
f 4565 4564 4568
f 4562 4566 4567
f 4563 4567 4568
f 4569 4568 4572
f 4567 4566 4570
f 4568 4567 4571
f 4572 4576 4577
f 4570 4574 4575
f 4571 4575 4576
f 4576 4580 4581
f 4575 4574 4578
f 4576 4575 4579
f 4580 4584 4585
f 4578 4582 4583
f 4579 4583 4584
f 4584 4588 4589
f 4583 4582 4586
f 4584 4583 4587
f 4589 4588 4592
f 4586 4590 4591
f 4587 4591 4592
f 4592 4596 4597
f 4591 4590 4594
f 4592 4591 4595
f 4597 4596 4601
f 4594 4599 4600
f 4595 4600 4601
f 4602 4601 4605
f 4600 4599 4603
f 4601 4600 4604
f 4606 4605 4480
f 4603 4478 4479
f 4604 4479 4480
f 4615 4614 4627
f 4612 4625 4626
f 4611 4610 4623
f 4609 4608 4621
f 4618 4617 4630
f 4615 4628 4629
f 4613 4626 4627
f 4612 4611 4624
f 4609 4622 4623
f 4607 4620 4621
f 4619 4618 4631
f 4617 4616 4629
f 4622 4635 4636
f 4620 4633 4634
f 4632 4631 4644
f 4629 4642 4643
f 4628 4627 4640
f 4626 4625 4638
f 4624 4623 4636
f 4622 4621 4634
f 4631 4630 4643
f 4628 4641 4642
f 4626 4639 4640
f 4624 4637 4638
f 4635 4648 4649
f 4634 4633 4646
f 4644 4657 4658
f 4642 4655 4656
f 4641 4640 4653
f 4639 4638 4651
f 4636 4649 4650
f 4635 4634 4647
f 4643 4656 4657
f 4642 4641 4654
f 4640 4639 4652
f 4637 4650 4651
f 4648 4661 4662
f 4646 4659 4660
f 4658 4657 4670
f 4656 4655 4668
f 4653 4666 4667
f 4651 4664 4665
f 4649 4662 4663
f 4648 4647 4660
f 4656 4669 4670
f 4654 4667 4668
f 4653 4652 4665
f 4651 4650 4663
f 4661 4674 4675
f 4660 4659 4672
f 4670 4683 4684
f 4668 4681 4682
f 4667 4666 4679
f 4665 4664 4677
f 4663 4662 4675
f 4661 4660 4673
f 4670 4669 4682
f 4667 4680 4681
f 4665 4678 4679
f 4663 4676 4677
f 4675 4674 4687
f 4672 4685 4686
f 4684 4683 4696
f 4682 4681 4694
f 4679 4692 4693
f 4678 4677 4690
f 4676 4675 4688
f 4673 4686 4687
f 4683 4682 4695
f 4681 4680 4693
f 4678 4691 4692
f 4676 4689 4690
f 4688 4687 4700
f 4686 4685 4698
f 4696 4709 4710
f 4695 4694 4707
f 4692 4705 4706
f 4691 4690 4703
f 4688 4701 4702
f 4686 4699 4700
f 4695 4708 4709
f 4694 4693 4706
f 4692 4691 4704
f 4689 4702 4703
f 4701 4700 4713
f 4699 4698 4711
f 4710 4709 4722
f 4707 4720 4721
f 4705 4718 4719
f 4704 4703 4716
f 4701 4714 4715
f 4699 4712 4713
f 4709 4708 4721
f 4707 4706 4719
f 4705 4704 4717
f 4702 4715 4716
f 4713 4726 4727
f 4711 4724 4725
f 4723 4722 4735
f 4721 4720 4733
f 4719 4718 4731
f 4716 4729 4730
f 4715 4714 4727
f 4713 4712 4725
f 4721 4734 4735
f 4719 4732 4733
f 4717 4730 4731
f 4716 4715 4728
f 4726 4739 4740
f 4724 4737 4738
f 4736 4735 4748
f 4733 4746 4747
f 4732 4731 4744
f 4730 4729 4742
f 4728 4727 4740
f 4726 4725 4738
f 4735 4734 4747
f 4732 4745 4746
f 4730 4743 4744
f 4728 4741 4742
f 4739 4752 4753
f 4738 4737 4750
f 4748 4761 4762
f 4746 4759 4760
f 4745 4744 4757
f 4743 4742 4755
f 4740 4753 4754
f 4739 4738 4751
f 4747 4760 4761
f 4745 4758 4759
f 4744 4743 4756
f 4741 4754 4755
f 4753 4752 4765
f 4750 4763 4764
f 4762 4761 4774
f 4759 4772 4773
f 4758 4757 4770
f 4755 4768 4769
f 4753 4766 4767
f 4752 4751 4764
f 4760 4773 4774
f 4758 4771 4772
f 4757 4756 4769
f 4755 4754 4767
f 4765 4778 4779
f 4764 4763 4776
f 4774 4787 4788
f 4772 4785 4786
f 4771 4770 4783
f 4769 4768 4781
f 4767 4766 4779
f 4765 4764 4777
f 4774 4773 4786
f 4771 4784 4785
f 4769 4782 4783
f 4767 4780 4781
f 4779 4778 4791
f 4776 4789 4790
f 4788 4787 4800
f 4786 4785 4798
f 4783 4796 4797
f 4782 4781 4794
f 4780 4779 4792
f 4777 4790 4791
f 4787 4786 4799
f 4785 4784 4797
f 4782 4795 4796
f 4780 4793 4794
f 4792 4791 4804
f 4790 4789 4802
f 4800 4813 4814
f 4799 4798 4811
f 4796 4809 4810
f 4795 4794 4807
f 4792 4805 4806
f 4790 4803 4804
f 4799 4812 4813
f 4798 4797 4810
f 4796 4795 4808
f 4793 4806 4807
f 4805 4804 4817
f 4803 4802 4815
f 4814 4813 4826
f 4811 4824 4825
f 4809 4822 4823
f 4808 4807 4820
f 4805 4818 4819
f 4803 4816 4817
f 4813 4812 4825
f 4811 4810 4823
f 4809 4808 4821
f 4806 4819 4820
f 4817 4830 4831
f 4815 4828 4829
f 4826 4839 4840
f 4825 4824 4837
f 4823 4822 4835
f 4820 4833 4834
f 4819 4818 4831
f 4817 4816 4829
f 4825 4838 4839
f 4823 4836 4837
f 4821 4834 4835
f 4820 4819 4832
f 4830 4843 4844
f 4828 4841 4842
f 4840 4839 4852
f 4837 4850 4851
f 4836 4835 4848
f 4834 4833 4846
f 4832 4831 4844
f 4830 4829 4842
f 4839 4838 4851
f 4836 4849 4850
f 4834 4847 4848
f 4832 4845 4846
f 4843 4856 4857
f 4842 4841 4854
f 4852 4865 4866
f 4850 4863 4864
f 4849 4848 4861
f 4847 4846 4859
f 4844 4857 4858
f 4843 4842 4855
f 4851 4864 4865
f 4849 4862 4863
f 4848 4847 4860
f 4845 4858 4859
f 4857 4856 4869
f 4855 4854 4867
f 4866 4865 4878
f 4864 4863 4876
f 4862 4861 4874
f 4859 4872 4873
f 4857 4870 4871
f 4856 4855 4868
f 4864 4877 4878
f 4862 4875 4876
f 4861 4860 4873
f 4859 4858 4871
f 4869 4882 4883
f 4868 4867 4880
f 4878 4891 4892
f 4877 4876 4889
f 4874 4887 4888
f 4873 4872 4885
f 4871 4870 4883
f 4868 4881 4882
f 4878 4877 4890
f 4876 4875 4888
f 4873 4886 4887
f 4871 4884 4885
f 4883 4882 4896
f 4880 4894 4895
f 4892 4891 4905
f 4890 4889 4903
f 4887 4901 4902
f 4885 4899 4900
f 4884 4883 4897
f 4881 4895 4896
f 4891 4890 4904
f 4889 4888 4902
f 4886 4900 4901
f 4885 4884 4898
f 4897 4896 4909
f 4895 4894 4907
f 4905 4918 4919
f 4904 4903 4916
f 4901 4914 4915
f 4899 4912 4913
f 4897 4910 4911
f 4895 4908 4909
f 4904 4917 4918
f 4903 4902 4915
f 4901 4900 4913
f 4899 4898 4911
f 4910 4909 4922
f 4908 4907 4920
f 4919 4918 4931
f 4916 4929 4930
f 4914 4927 4928
f 4913 4912 4925
f 4910 4923 4924
f 4908 4921 4922
f 4918 4917 4930
f 4916 4915 4928
f 4914 4913 4926
f 4911 4924 4925
f 4922 4935 4936
f 4920 4933 4934
f 4931 4944 4945
f 4930 4929 4942
f 4928 4927 4940
f 4925 4938 4939
f 4924 4923 4936
f 4922 4921 4934
f 4930 4943 4944
f 4928 4941 4942
f 4926 4939 4940
f 4925 4924 4937
f 4935 4948 4949
f 4933 4946 4947
f 4945 4944 4957
f 4942 4955 4956
f 4941 4940 4953
f 4938 4951 4952
f 4937 4936 4949
f 4935 4934 4947
f 4944 4943 4956
f 4941 4954 4955
f 4939 4952 4953
f 4938 4937 4950
f 4948 4961 4962
f 4947 4946 4959
f 4957 4970 4971
f 4955 4968 4969
f 4954 4953 4966
f 4951 4964 4965
f 4949 4962 4963
f 4948 4947 4960
f 4956 4969 4970
f 4954 4967 4968
f 4953 4952 4965
f 4951 4950 4963
f 4962 4961 4974
f 4959 4972 4973
f 4971 4970 4983
f 4968 4981 4982
f 4966 4979 4980
f 4964 4977 4978
f 4962 4975 4976
f 4960 4973 4974
f 4969 4982 4983
f 4967 4980 4981
f 4966 4965 4978
f 4964 4963 4976
f 4975 4974 4987
f 4973 4972 4985
f 4983 4996 4997
f 4981 4994 4995
f 4979 4992 4993
f 4978 4977 4990
f 4976 4975 4988
f 4973 4986 4987
f 4983 4982 4995
f 4981 4980 4993
f 4978 4991 4992
f 4976 4989 4990
f 4988 4987 5000
f 4985 4998 4999
f 4997 4996 5009
f 4995 4994 5007
f 4992 5005 5006
f 4991 4990 5003
f 4989 4988 5001
f 4986 4999 5000
f 4996 4995 5008
f 4994 4993 5006
f 4991 5004 5005
f 4989 5002 5003
f 5001 5000 5013
f 4999 4998 5011
f 5009 5022 5023
f 5008 5007 5020
f 5005 5018 5019
f 5004 5003 5016
f 5001 5014 5015
f 4999 5012 5013
f 5008 5021 5022
f 5007 5006 5019
f 5005 5004 5017
f 5002 5015 5016
f 5014 5013 4609
f 5012 5011 4607
f 5022 4618 4619
f 5020 4616 4617
f 5018 4614 4615
f 5017 5016 4612
f 5014 4610 4611
f 5012 4608 4609
f 5021 4617 4618
f 5020 5019 4615
f 5018 5017 4613
f 5015 4611 4612
f 4481 4607 5011
f 5011 4998 4602
f 4998 4985 4597
f 4985 4972 4593
f 4593 4972 4959
f 4589 4959 4946
f 4585 4946 4933
f 4933 4920 4577
f 4577 4920 4907
f 4907 4894 4569
f 4894 4880 4565
f 4880 4867 4561
f 4561 4867 4854
f 4557 4854 4841
f 4553 4841 4828
f 4828 4815 4545
f 4545 4815 4802
f 4802 4789 4537
f 4789 4776 4533
f 4776 4763 4529
f 4529 4763 4750
f 4525 4750 4737
f 4521 4737 4724
f 4724 4711 4513
f 4513 4711 4698
f 4698 4685 4505
f 4685 4672 4501
f 4672 4659 4497
f 4497 4659 4646
f 4493 4646 4633
f 4489 4633 4620
f 4620 4607 4481
