# Face Semantic ICP Wrap export
v 0.38982490 0.09151769 -0.01309109
v 0.41238186 0.08588471 -0.00460424
v 0.41513091 0.09595988 -0.00205228
v 0.39306769 0.09969244 -0.00985487
v 0.44681919 0.10085685 -0.05943135
v 0.43401125 0.12236504 -0.03884320
v 0.43259016 0.14155047 -0.03778661
v 0.43538934 0.14184484 -0.05806221
v 0.15906538 -0.10143688 -0.40313450
v 0.07140791 -0.09964868 -0.42915258
v 0.07004486 -0.17576215 -0.42184481
v 0.15080269 -0.18750896 -0.39126953
v 0.26316258 -0.32803133 -0.29004017
v 0.23408487 -0.27795067 -0.31706119
v 0.22406156 -0.35345918 -0.35339463
v 0.27269226 -0.37390408 -0.29516059
v 0.24627568 0.42028275 0.57824081
v 0.29196337 0.41649619 0.54211545
v 0.28944591 0.37678635 0.56521869
v -0.40105355 0.08917546 -0.00396683
v -0.42364857 0.08355539 0.00511786
v -0.42609802 0.09322998 0.00782335
v -0.40097305 0.09855797 -0.00088301
v -0.45987591 0.10208675 -0.05324750
v -0.44813463 0.12263845 -0.03283059
v -0.44506603 0.13974094 -0.03171865
v -0.44724590 0.14114897 -0.05154582
v 0.24428816 0.37591934 0.59518242
v 0.56628370 0.23255642 -0.12066066
v 0.56389952 0.21677177 -0.12810460
v 0.56661701 0.20742810 -0.11620325
v 0.56576097 0.22213463 -0.11121020
v 0.54032326 0.11994947 -0.11561664
v 0.53778517 0.16687626 -0.12409168
v 0.54860485 0.18237995 -0.12643647
v 0.54788458 0.16943806 -0.12361698
v 0.53273815 0.05769673 -0.09374440
v 0.52902961 0.06191542 -0.09011328
v 0.53733915 0.08971147 -0.10199398
v 0.54177868 0.08771826 -0.10677463
v 0.44850796 -0.06370290 0.04656265
v 0.46489531 -0.04816577 0.03572889
v 0.46585885 -0.06323596 0.02656806
v 0.43962646 -0.07346827 0.03617030
v 0.42141268 -0.06613239 0.03042744
v 0.44870275 -0.07029953 0.00584925
v 0.44433963 -0.05186899 0.00052143
v 0.42206115 -0.05144242 0.01968333
v 0.54706514 0.29221836 -0.02620886
v 0.54620129 0.27556425 -0.02465921
v 0.53458863 0.27203369 -0.00847341
v 0.53779060 0.28836167 -0.00676499
v 0.44889092 0.09845134 -0.09597696
v 0.43648267 0.05638291 -0.08228821
v 0.47401232 0.08293773 -0.09470900
v 0.47608617 0.10033220 -0.09801511
v 0.52418405 0.22886586 -0.08097809
v 0.53056890 0.23459721 -0.09950463
v 0.53118944 0.22193702 -0.10685128
v 0.52448344 0.21185528 -0.09185331
v 0.54385948 0.24436752 -0.12685063
v 0.54171556 0.22670659 -0.13699035
v 0.43822995 -0.00804789 0.05828240
v 0.43573457 0.01391937 0.06468730
v 0.43934679 0.02457912 0.05773057
v 0.44219977 0.01911466 0.05086797
v 0.43418497 0.09773988 -0.04083528
v 0.43768293 0.12759395 -0.02780372
v 0.50960916 -0.00564195 -0.06037341
v 0.50935066 0.00601780 -0.05573693
v 0.52123380 0.03019156 -0.07684059
v 0.52185488 0.02202470 -0.08280869
v 0.49923575 0.02222039 -0.04312752
v 0.51284283 0.03622139 -0.06536826
v 0.51860237 0.04014381 -0.07634293
v 0.51086527 0.02757895 -0.06396884
v 0.54947847 0.25210258 -0.07556418
v 0.53864455 0.26615417 -0.04606178
v 0.54323179 0.26409733 -0.04358086
v 0.55232698 0.24985652 -0.07529026
v 0.49358463 0.16807429 -0.08950450
v 0.48899502 0.19799395 -0.07634470
v 0.47983727 0.19655426 -0.07571592
v 0.48379892 0.17060527 -0.08656423
v 0.54535598 0.22865832 -0.11505491
v 0.54692304 0.21286793 -0.12160773
v 0.53231615 0.20623654 -0.11535688
v 0.46638379 0.21371667 -0.01743572
v 0.46975079 0.21860686 -0.02522989
v 0.47139817 0.20834804 -0.02884869
v 0.47029459 0.20068657 -0.02149885
v 0.46468613 -0.07069585 0.00699397
v 0.42505896 -0.00215210 -0.04264685
v 0.43524256 0.00059449 -0.04969595
v 0.45247394 0.02475384 -0.06748702
v 0.44336864 0.03536923 -0.06977664
v 0.42217201 -0.05458727 0.05829955
v 0.44024625 -0.05292630 0.06000505
v 0.44498867 -0.05969004 0.05268128
v 0.42599577 -0.06568111 0.04975241
v 0.48526260 0.24012202 -0.02397216
v 0.49850100 0.23674244 -0.03736170
v 0.48787457 0.23043022 -0.03328880
v 0.47747603 0.23270699 -0.02391030
v 0.53081208 0.15495686 -0.11365568
v 0.52555305 0.19513644 -0.10140111
v 0.53726405 0.09799615 -0.07822688
v 0.53696460 0.09883766 -0.09720658
v 0.53121883 0.07377453 -0.08722597
v -0.17412353 -0.10383871 -0.39474070
v -0.08680873 -0.10052096 -0.42587999
v -0.08428016 -0.17710023 -0.41709039
v -0.16527997 -0.19087851 -0.38151094
v 0.53231686 0.07449599 -0.06931888
v 0.53421599 0.14752068 -0.07760184
v 0.53285801 0.14803128 -0.09942453
v 0.55136967 0.20362681 -0.11175391
v 0.54916215 0.16642442 -0.11466590
v 0.55161649 0.20661503 -0.11735739
v 0.47046885 0.22335391 -0.06158144
v 0.46888590 0.25141969 -0.08719628
v 0.46130586 0.21473274 -0.10143599
v 0.47054607 0.21078970 -0.07172962
v 0.44478586 0.04972201 0.05466847
v 0.45281637 0.06355478 0.04636918
v 0.44419187 0.04993610 0.03716045
v 0.44162172 0.03614040 0.04012671
v 0.45661503 0.01102652 -0.06028899
v 0.44064179 -0.00678949 -0.04445400
v 0.44346827 -0.01023838 -0.04034600
v 0.45948118 0.00003605 -0.05142599
v 0.51201814 0.24414289 -0.04852718
v 0.51203537 0.21204965 -0.05443655
v 0.50362164 0.21182461 -0.04665592
v 0.48380595 0.03552235 0.01296205
v 0.48776320 0.04451395 -0.00028777
v 0.49247915 0.02386146 -0.01173604
v 0.48573768 0.01099893 -0.00105294
v 0.48953763 -0.04502666 -0.02397847
v 0.47406885 -0.04822518 -0.02904109
v 0.46071902 -0.06192043 -0.01042099
v 0.47747985 -0.06112363 -0.00757374
v 0.44195396 0.02954311 0.04688925
v 0.44131881 0.03339992 0.05575018
v 0.50726926 0.16947475 -0.10150541
v 0.50346023 0.20597446 -0.08518398
v 0.52311504 0.20144686 -0.07740530
v 0.52524775 0.18711898 -0.08487470
v 0.45563295 0.12824357 0.01807557
v 0.44218978 0.13248555 0.00930313
v 0.44363353 0.12758853 0.00896316
v 0.45981357 0.11818647 0.01977569
v 0.45931643 0.12725337 0.02787381
v 0.46299592 0.11738051 0.02896796
v 0.46168518 0.11564240 0.03687341
v 0.45905852 0.12123065 0.03747660
v 0.43926728 0.13389634 0.00333950
v 0.44043916 0.13214807 0.00671293
v 0.44164065 0.13547848 0.00500083
v 0.46146721 0.15150315 -0.06665744
v 0.46898323 0.10570112 -0.08030784
v 0.46015123 0.10146292 -0.07153466
v 0.44727835 0.14557160 -0.06581210
v 0.53622359 0.10549454 -0.10835896
v 0.51555753 0.26719192 0.01898396
v 0.50564456 0.27697358 0.01810815
v 0.52056670 0.29703775 -0.00900206
v 0.44620028 0.04969708 -0.02006239
v 0.46650302 0.05318692 0.00041427
v 0.45827088 0.05094500 0.00952104
v 0.44681793 0.04559091 -0.00951692
v 0.44326693 0.07618942 0.01871527
v 0.43082598 0.05508272 0.02246756
v 0.45423335 0.06685074 0.02958079
v 0.45785055 0.16357857 0.02983083
v 0.44863698 0.14073342 0.00989578
v 0.45407328 0.13473868 0.02006241
v 0.45550379 0.13678193 0.02927867
v 0.53368503 0.05311836 -0.10045940
v 0.54260808 0.08533817 -0.11518757
v 0.53248608 0.08360052 -0.12389047
v 0.52332991 0.04932329 -0.10861857
v 0.42827845 -0.03210063 0.06696041
v 0.40617430 -0.04635261 0.04612995
v 0.42802653 -0.01273007 0.07185256
v 0.56658083 0.27351263 -0.08462439
v 0.54569530 0.28684023 -0.08531208
v 0.54576761 0.27447698 -0.10157939
v 0.56747377 0.26097456 -0.09903263
v 0.43743193 0.17508160 -0.03189856
v 0.43545225 0.16333877 -0.02927095
v 0.44108203 0.17015368 -0.01877137
v 0.44283044 0.18118815 -0.01942546
v 0.30682689 -0.02306406 -0.29536685
v 0.36428818 -0.03314780 -0.18069044
v 0.38398650 0.05665818 -0.22494271
v 0.33474371 0.06329419 -0.32260814
v 0.49630472 -0.02734458 -0.02064652
v 0.49042097 -0.04018571 -0.00445912
v 0.47243157 0.20968221 0.04162126
v 0.47026470 0.22272372 0.05118112
v 0.47938570 0.25547254 0.04435197
v 0.48250112 0.23463443 0.04161373
v 0.54246342 0.17729865 -0.14402500
v 0.56029892 0.17234454 -0.13246439
v 0.48495111 0.24276005 -0.01065918
v 0.50721741 0.26357991 -0.02624676
v 0.49310467 0.24822907 -0.02445201
v 0.48195806 0.23946282 -0.01564581
v 0.47659421 0.19627562 0.00425275
v 0.48149657 0.20347278 0.00680050
v 0.47347450 0.20787181 0.00326884
v 0.46662432 0.19986859 0.00202118
v 0.47522435 0.25326863 0.06213784
v 0.48031718 0.28528717 0.04304118
v 0.41538557 -0.00150485 -0.04507605
v 0.48111552 0.20293894 0.02375771
v 0.48757443 0.21902509 0.02808272
v 0.48821059 0.21367358 0.01075543
v -0.27258912 -0.33816633 -0.27422714
v -0.24495107 -0.28551972 -0.30258903
v -0.23520744 -0.36118042 -0.34171659
v -0.27904555 -0.38627651 -0.28095064
v 0.43475917 0.01793806 0.07690295
v 0.43831909 0.02988509 0.06532723
v 0.47722155 0.23378630 -0.01530334
v 0.47224006 0.22694321 -0.01565524
v 0.46415406 0.20487511 -0.01077943
v 0.46459720 0.19442835 -0.01904466
v 0.50554365 0.15313302 -0.05621473
v 0.51542407 0.10518330 -0.06916785
v 0.41375476 0.05097451 -0.14048105
v 0.39946505 -0.04056735 -0.05603871
v 0.46735668 0.20899446 0.00156675
v 0.46790597 0.21014664 -0.00132303
v 0.46312085 0.20504126 -0.00438463
v 0.46137282 0.20242208 -0.00045828
v 0.48217225 -0.05161204 0.00932214
v 0.49941614 0.18985994 -0.04177701
v 0.47694853 0.18113816 -0.03171332
v 0.48125020 0.19294830 -0.03120575
v 0.54414111 0.11695890 -0.10862353
v 0.55243188 0.16638573 -0.11290471
v 0.56071174 0.16841254 -0.12172863
v 0.55010700 0.11621718 -0.11529452
v 0.41250741 -0.05728975 0.03918229
v 0.43032822 0.15884461 -0.03617430
v 0.43860048 0.14832388 -0.02804979
v 0.45176989 0.18501402 -0.01962971
v 0.45509434 0.19568734 -0.00932025
v 0.44124517 0.04844340 0.06744107
v 0.54128557 0.25344336 -0.09782007
v 0.54367489 0.24179746 -0.10684149
v 0.52968037 0.24475874 -0.09175271
v 0.52878159 0.25185886 -0.08182569
v 0.52747917 0.26103082 -0.06362099
v 0.52969158 0.26921290 -0.05919064
v 0.53705698 0.26203883 -0.08537710
v 0.46857846 0.18842773 -0.02600263
v 0.47535345 0.19573349 -0.02618461
v 0.47604996 0.02611224 0.02179694
v 0.47711629 -0.01086310 0.01373941
v 0.52277005 0.05317537 -0.07268017
v 0.52150929 0.05923104 -0.05509782
v 0.52007306 0.11743797 -0.12952206
v 0.51828891 0.17469586 -0.13551739
v 0.51416385 0.17116842 -0.11591107
v 0.51465619 0.11753859 -0.11734749
v 0.47825775 0.13384397 -0.09402827
v 0.45570526 0.14841047 -0.09840672
v 0.45903313 0.12817042 0.04203127
v 0.45230621 0.15153807 0.05464811
v 0.44718635 0.18427049 -0.02099277
v 0.45100915 0.19294152 -0.00905609
v 0.48149019 0.02660570 -0.07567856
v 0.45629755 -0.01808419 -0.03121447
v 0.48073220 0.01274216 -0.06590679
v 0.43212676 -0.02034011 -0.01799408
v 0.42989865 -0.02639676 -0.00358465
v 0.44499442 -0.02742780 -0.01376163
v 0.50155151 0.03481946 -0.03751127
v 0.51256800 0.04066150 -0.05489137
v 0.43826839 0.13147886 -0.00127705
v 0.43079266 0.12170777 -0.01081786
v 0.43415925 0.12859049 0.00072964
v 0.52666831 0.14834645 -0.06299592
v 0.53157264 0.10081637 -0.06747346
v 0.48211068 0.21601909 0.00487912
v 0.45861599 0.15943535 -0.00105575
v 0.47043785 0.17814916 0.01289925
v 0.50141609 0.23907842 0.01268902
v 0.49046138 0.22851890 0.00555492
v 0.48791993 0.22201695 0.00608242
v 0.49470782 0.22572955 0.01332436
v 0.40559989 0.06810373 -0.00985011
v 0.42264083 0.05893714 0.00246067
v 0.43150839 0.08035649 0.00616111
v 0.52230245 0.26906210 -0.04807749
v 0.52170748 0.25655389 -0.05774546
v 0.51161033 0.21118009 -0.09838691
v 0.47406286 0.22056665 -0.03144066
v 0.47815061 0.21101686 -0.03556716
v 0.47931632 0.30507657 -0.05082908
v 0.47640699 0.28553432 -0.02936401
v 0.47895932 0.28479412 -0.02213569
v 0.48264369 0.31894484 -0.02083823
v 0.42528254 -0.04249240 0.01449404
v 0.44125551 -0.04046895 -0.00132324
v 0.44018146 -0.03345463 -0.00357065
v 0.42773032 -0.03431923 0.00780960
v 0.45437700 0.04901353 0.01278173
v 0.44657281 0.04329982 -0.00326806
v 0.52691513 0.06149416 -0.09069657
v 0.52490723 0.05612354 -0.08434173
v 0.53300464 0.07997787 -0.09784189
v 0.53441715 0.08794175 -0.10383771
v 0.44936693 0.17603964 -0.04272913
v 0.43713838 0.17439957 -0.04631617
v 0.49014577 0.24128091 -0.04002878
v 0.50480080 0.25535482 -0.04889966
v 0.49708152 0.27250031 -0.02685587
v 0.48652869 0.26057050 -0.02676212
v 0.51727140 0.21832342 -0.11703860
v 0.47752717 0.20253696 -0.03296571
v 0.48291546 0.20373307 -0.03745789
v 0.47513467 0.20480405 -0.03112762
v 0.46074155 0.19471493 0.00007196
v 0.47007281 0.18930066 0.00036811
v 0.49669904 0.24077989 0.00161221
v 0.52143949 0.26275238 -0.01545664
v 0.51650590 0.26036730 -0.01876947
v 0.49565032 0.24343567 -0.00194309
v 0.47050947 0.21895574 -0.00797646
v 0.07846210 -0.02263000 -0.45902669
v 0.08948611 0.03893955 -0.50366205
v -0.24535538 0.41956019 0.57868594
v -0.29132748 0.41542059 0.54278934
v -0.28847510 0.37474552 0.56695127
v -0.24316622 0.37480533 0.59617281
v 0.48936325 0.27838004 0.01883139
v 0.49424645 0.28835696 -0.00469474
v 0.50220329 0.29270458 -0.00736894
v 0.49417758 0.28263322 0.01326301
v 0.52728260 0.24415281 -0.07923102
v 0.55281943 0.22212861 -0.11024112
v 0.44534189 0.13919555 -0.01598225
v 0.43472323 0.11689654 -0.01751151
v 0.38950810 0.10951191 -0.01765613
v 0.38983080 0.11727365 -0.01553230
v 0.39522693 0.11467975 -0.02364470
v 0.39454708 0.10647874 -0.02670036
v 0.41141775 0.07546876 -0.03498119
v 0.42413378 0.06919235 -0.02189717
v 0.41923475 0.05701627 -0.01098307
v 0.40578794 0.06047653 -0.02858549
v 0.38862291 0.08858183 -0.02333918
v 0.38931799 0.09972480 -0.01964654
v 0.39448583 0.09521034 -0.03002944
v 0.39340883 0.08359002 -0.03618008
v 0.51924127 0.26881930 -0.03532203
v 0.53246087 0.26965937 -0.04615826
v 0.55600828 0.21678928 -0.10481909
v 0.55550611 0.20320813 -0.10998811
v 0.55098373 0.24743874 -0.09251885
v 0.55244404 0.23556873 -0.10160928
v 0.45786059 0.07914284 0.04806966
v 0.46107399 0.08081145 0.03593484
v 0.45908043 0.07115722 0.03625472
v 0.56521225 0.23527507 -0.10308301
v 0.56735718 0.24676003 -0.11072289
v 0.44161654 -0.02997513 0.05951612
v 0.43616140 -0.03980009 0.06545968
v 0.28672907 -0.46019390 0.08614443
v 0.33602858 -0.42490157 0.01404656
v 0.33328500 -0.48244178 0.01128580
v 0.28222895 -0.51794767 0.07781615
v 0.50424892 0.25269386 0.02571307
v 0.49711221 0.26647231 0.02876213
v 0.38849506 0.07773825 -0.01817149
v 0.38920042 0.07371720 -0.02764562
v 0.40262127 0.05943100 -0.02075774
v 0.41572568 0.10595086 -0.00032790
v 0.39201581 0.10910871 -0.00766719
v 0.41392627 0.08653286 -0.03312568
v 0.41326535 0.11899612 -0.01789997
v 0.41314018 0.12604453 -0.00822945
v 0.42670977 0.04263824 0.01717821
v 0.43627858 0.03781351 0.00370625
v 0.44529617 0.03644124 0.02514434
v 0.39374813 0.06903543 -0.03734063
v 0.45006362 0.18111421 -0.03076388
v 0.42749411 0.09134867 -0.02608766
v 0.43857646 0.07785925 -0.03332992
v 0.43882090 0.06520683 -0.02636638
v 0.42749980 0.07941932 -0.02648473
v 0.49182180 0.01883699 -0.02396243
v 0.49577519 0.03043126 -0.02306075
v 0.44583365 0.05444847 -0.03320341
v 0.47098076 0.05453226 -0.01913238
v 0.44469827 0.15673378 -0.01990880
v 0.45914185 0.17529553 -0.00800096
v 0.43825608 0.13347228 -0.00082150
v 0.42780805 0.10547522 -0.02115317
v 0.43636727 0.09176731 -0.03138871
v 0.41535965 0.11431137 -0.00014799
v 0.43672717 0.11464898 0.00595987
v 0.43549076 0.12110167 0.00383192
v 0.41435099 0.12038784 -0.00173189
v 0.49313465 0.21160430 -0.04228061
v 0.48997948 0.25394356 0.03600173
v 0.49741220 0.23619995 0.02814088
v 0.49330229 0.33511087 -0.12580851
v 0.47841370 0.28616527 -0.15965319
v 0.47582591 0.28520557 -0.07544044
v 0.41407230 0.09819339 -0.02962789
v 0.39310825 0.12223727 -0.01378327
v 0.39404178 0.12026821 -0.00580167
v 0.51860428 0.03770250 -0.07495562
v 0.45047116 0.03594290 0.02945174
v 0.45019665 0.18474951 -0.00590912
v 0.51501983 0.08508312 -0.11880837
v 0.50697190 0.05277887 -0.10540064
v 0.44877955 0.19053411 -0.00781605
v 0.45395204 0.19636005 -0.00256230
v 0.44244152 0.03986153 -0.00096344
v 0.45112813 0.04304824 0.01861193
v 0.45681083 0.19854218 -0.00182814
v 0.45839193 0.07828345 0.02748094
v 0.52061051 0.21073070 -0.07153028
v 0.46278882 -0.03543932 -0.03265433
v 0.45260879 -0.04423857 -0.01432918
v 0.39315787 0.11548325 -0.00612695
v 0.41585058 0.05473573 -0.00974451
v 0.41450024 0.10986310 -0.02470657
v 0.44893080 0.10207324 0.01607214
v 0.44697317 0.08872537 0.01781923
v 0.46073917 0.09175175 0.02652200
v 0.47689891 0.05615981 -0.03138930
v 0.44901362 0.06490630 -0.04599335
v 0.45627141 0.06940407 -0.06035951
v 0.48713520 0.05994316 -0.04314797
v 0.49708259 0.02313035 -0.09122945
v 0.48628992 -0.00317297 -0.07057689
v 0.50010163 -0.00935444 -0.06724196
v 0.51277357 0.01739295 -0.08997938
v 0.50043803 0.43270877 -0.17299798
v 0.50056666 0.36899972 -0.07875933
v 0.51100689 0.47038010 -0.09705988
v 0.51871246 0.26580325 -0.08342713
v 0.51774114 0.25145745 -0.09423400
v 0.54648370 0.25942144 -0.11490289
v 0.48006073 0.30576080 0.01299571
v 0.47922051 0.28423217 -0.01178760
v 0.48550621 0.28782687 -0.00064019
v 0.53663284 0.11708964 -0.13749228
v 0.46618339 0.18566963 0.03690507
v 0.47547600 0.18975458 0.01866089
v 0.47613016 0.03519141 -0.07972796
v 0.49686238 0.05050922 -0.02573474
v 0.50837868 0.05179534 -0.04034922
v 0.55477613 0.27346852 -0.04324051
v 0.53448880 0.26628608 -0.02780491
v 0.07812934 -0.54953682 0.24702580
v 0.07631069 -0.58709592 0.21634184
v 0.05221494 0.04401306 0.65650207
v 0.06111502 0.04286937 0.64771461
v 0.05403319 0.05439731 0.64165038
v 0.05004090 0.05478080 0.64606696
v 0.05496055 -0.00989798 0.64698994
v 0.05202878 -0.00056702 0.64176488
v 0.05876487 -0.00188262 0.63649625
v 0.06377408 -0.00926813 0.64143175
v 0.03620903 0.05376109 0.64194494
v 0.02768290 0.03697843 0.65805030
v 0.03519215 0.04247549 0.66591126
v 0.04193201 0.05694871 0.64629883
v 0.55361712 0.29031229 -0.04733502
v 0.07797680 -0.00907220 0.64414603
v 0.07099244 0.00022935 0.63819271
v 0.07509656 0.00383476 0.64998776
v 0.08699528 -0.00352402 0.65722466
v 0.02680829 -0.00491783 0.69583750
v 0.03535556 0.00689667 0.69697404
v 0.02659890 0.00205377 0.68188369
v 0.02619508 -0.00866559 0.67919713
v 0.04768293 0.01054987 0.69389057
v 0.06048262 0.00903366 0.70532590
v 0.07165288 0.01030607 0.69464356
v 0.05752339 0.01092933 0.68426859
v 0.03130424 0.01573577 0.65416312
v 0.03521956 0.00354847 0.66039109
v 0.02511412 0.01620374 0.67479992
v 0.07382504 0.01636817 0.63934892
v 0.06781410 0.01051457 0.63143635
v 0.06110861 0.03267046 0.62767625
v 0.06625684 0.03663933 0.63274765
v 0.30822274 -0.36974776 0.10058963
v 0.34357509 -0.34729180 0.01805728
v 0.21827893 0.14495121 0.54481220
v 0.21372561 0.12712467 0.55021065
v 0.18689026 0.13279307 0.55408877
v 0.19222574 0.14871158 0.54956621
v 0.46503437 0.10519014 0.03239070
v 0.46180427 0.10955522 0.03948715
v 0.51738328 0.23499356 -0.10522689
v 0.54888731 0.25637487 -0.07977366
v 0.51913792 0.27698293 -0.06961841
v 0.51151770 0.28970522 -0.03923063
v 0.50462383 0.27941436 -0.03260425
v 0.51148397 0.26518935 -0.05836318
v 0.56469971 0.25751945 -0.07887823
v 0.45753336 0.02821502 0.03383523
v 0.51394480 0.18543932 -0.04964373
v 0.50616550 0.29341388 -0.02317709
v 0.52865332 0.30214316 -0.02689468
v 0.54071927 0.11803913 -0.10924495
v 0.56513816 0.24723789 -0.09189831
v 0.55376971 0.24003695 -0.08688679
v 0.51248455 0.25229120 0.01027553
v 0.46516442 0.08525110 -0.07490031
v 0.50848097 0.08338477 -0.06371742
v 0.49855268 0.06760519 -0.05324782
v -0.57162607 0.23515642 -0.12063459
v -0.57015961 0.21848212 -0.12808396
v -0.57203746 0.20869505 -0.11464398
v -0.57136858 0.22303715 -0.10941928
v -0.54560214 0.12107966 -0.11135530
v -0.54535067 0.16711417 -0.12035478
v -0.55544400 0.18276946 -0.12345929
v -0.55551940 0.16962564 -0.12010755
v 0.46190298 0.07277945 -0.06883081
v 0.43104130 0.16900580 -0.04620412
v 0.44045728 0.05117805 0.08161577
v 0.48841399 -0.00846545 -0.00744999
v -0.54114366 0.05645529 -0.08969027
v -0.53809923 0.06064171 -0.08635876
v -0.54570043 0.08911552 -0.09798090
v -0.55054253 0.08621334 -0.10327172
v 0.49276203 -0.00285318 -0.02345019
v 0.17640211 -0.02079101 -0.42540044
v 0.19798425 0.04717654 -0.46421903
v 0.55065250 0.11623511 -0.12590584
v 0.51860434 0.26452261 -0.04453726
v 0.46910053 0.02689041 0.02813338
v 0.46080640 -0.00998554 0.02990016
v 0.45225257 -0.00805701 0.04048222
v 0.48097745 0.20611618 -0.03730133
v 0.47146916 0.04357713 -0.08164344
v 0.47134066 0.06000967 -0.08787490
v 0.39550430 0.11998906 -0.02175720
v 0.48218194 0.00539643 -0.06682120
v 0.46027300 -0.02669900 -0.03156304
v 0.35793531 -0.32225725 -0.06235407
v 0.33718300 -0.29547265 -0.15117756
v -0.45557785 -0.05911217 0.05236878
v -0.47272989 -0.04479452 0.04257818
v -0.47319520 -0.05885503 0.03440392
v -0.44705415 -0.06940930 0.04317980
v 0.34081590 -0.36413208 -0.14793135
v 0.35544282 -0.39412904 -0.06375371
v 0.45034868 0.13928460 0.07836165
v 0.45585793 0.09546464 0.06097788
v 0.45027786 0.08756828 0.07225453
v 0.16620928 -0.49172279 0.22497331
v 0.14442265 -0.55495328 0.18960781
v 0.44667992 0.05227108 0.10532824
v 0.44941130 0.04255081 0.17008567
v 0.45752290 0.14179155 0.17542720
v 0.45413220 0.11283974 0.11230548
v 0.38347661 0.32201967 0.41639960
v 0.39484033 0.33139831 0.38665611
v 0.39986077 0.26893672 0.38247243
v 0.38608190 0.27348933 0.40859964
v 0.12494610 0.68238980 0.54119861
v 0.06189944 0.68601435 0.55507493
v 0.06093754 0.73519295 0.52353871
v 0.12572055 0.73020071 0.50797421
v 0.21399871 0.09294531 -0.49760154
v 0.22788094 0.15759595 -0.52807754
v 0.10612597 0.13999474 -0.57247800
v 0.09769212 0.08009332 -0.53871435
v 0.12947333 0.85600334 0.37823632
v 0.06233198 0.86404014 0.39581388
v 0.06293941 0.89951396 0.33319286
v -0.42989612 -0.06396315 0.03934479
v -0.45491260 -0.06562389 0.01561925
v -0.45084196 -0.04890473 0.01158577
v -0.43119770 -0.05030342 0.03082979
v 0.13061400 0.88894534 0.31690413
v 0.34369352 0.13630927 0.48900482
v 0.35778347 0.09918833 0.48785955
v 0.33355626 0.09413882 0.51092362
v 0.32165173 0.13189292 0.50746655
v 0.45783225 -0.04076409 0.04305173
v 0.45092052 -0.03619276 0.05006572
v -0.55384320 0.29498905 -0.02458314
v -0.55311340 0.27807242 -0.02328038
v -0.54095817 0.27410394 -0.00792117
v -0.54433739 0.29124072 -0.00486245
v -0.45996398 0.09651499 -0.08675501
v -0.44705841 0.05372524 -0.07318251
v -0.48440754 0.08064567 -0.08808666
v -0.48506123 0.09943512 -0.09261752
v 0.06355658 0.92999375 0.25869942
v 0.13210456 0.91794366 0.24473104
v 0.07659678 0.18732442 0.59176975
v -0.53045011 0.23049769 -0.07905827
v -0.53634065 0.23625128 -0.09762233
v -0.53820527 0.22271124 -0.10436609
v -0.53237224 0.21261318 -0.08891838
v -0.54946834 0.24700212 -0.12670653
v -0.54733533 0.22887960 -0.13749357
v -0.44591233 -0.00855392 0.06545210
v -0.44294533 0.01292225 0.07183729
v -0.44748434 0.02404661 0.06478621
v -0.45030972 0.01887969 0.05751804
v -0.44718850 0.09783974 -0.03467062
v -0.45142689 0.12614809 -0.02259387
v -0.51819855 -0.00473437 -0.05268083
v -0.51912487 0.00630819 -0.04863526
v -0.53026515 0.02947229 -0.07154972
v -0.53003728 0.02195527 -0.07689290
v 0.07876714 0.20020244 0.57701916
v 0.10211717 0.17840271 0.56819761
v 0.10041725 0.16498598 0.58040529
v 0.04921550 0.49967840 0.62407631
v 0.05499386 0.55507416 0.61117649
v 0.11205360 0.55749136 0.60000038
v 0.10310988 0.50324023 0.61573130
v 0.13132213 0.16188461 0.55927956
v 0.12780444 0.14941686 0.56803942
v 0.06111818 0.78191555 0.48645234
v 0.12732151 0.77639037 0.46933517
v 0.12516788 0.97331488 -0.07487933
v -0.50917989 0.02182270 -0.03729038
v -0.52182132 0.03615642 -0.06085444
v -0.52771610 0.03951397 -0.07161177
v -0.52028906 0.02707955 -0.05876649
v 0.12805633 0.97122997 -0.02000979
v 0.05855880 0.98559242 -0.02201043
v -0.55448091 0.25433773 -0.07478367
v -0.54389703 0.26828805 -0.04531381
v -0.54789841 0.26650253 -0.04336629
v -0.55697936 0.25219637 -0.07452738
v 0.06520671 0.98611170 -0.10243382
v 0.41699630 0.17243539 -0.26910356
v 0.43799487 0.15976214 -0.17148960
v 0.45910621 0.23368913 -0.17726173
v 0.45093498 0.27220836 -0.28137434
v 0.23408195 -0.44372049 0.17268625
v 0.21644890 -0.50912571 0.14460023
v -0.50347340 0.16866614 -0.08367583
v -0.49676347 0.19972992 -0.07035507
v -0.48763034 0.19863577 -0.06981613
v -0.49248546 0.17237598 -0.08247129
v -0.55178261 0.22932446 -0.11276330
v -0.55370325 0.21331224 -0.11885630
v -0.53960770 0.20685726 -0.11247601
v -0.47576147 0.21529777 -0.01660992
v -0.48031288 0.21826552 -0.02363506
v -0.48239368 0.20886612 -0.02747973
v -0.47837189 0.20135525 -0.02085158
v -0.47241184 -0.06724980 0.01586538
v -0.43607616 -0.00545846 -0.03139210
v -0.44649592 -0.00364914 -0.03997001
v -0.46198463 0.02113639 -0.05965541
v -0.45413625 0.03165950 -0.06098662
v 0.33747339 0.46375665 0.47150049
v 0.34735164 0.50005424 0.44623008
v 0.37113607 0.45659554 0.42018560
v 0.35873228 0.42609796 0.44771945
v 0.04084859 0.41184342 0.64335454
v 0.08925202 0.41383892 0.64121002
v 0.07803747 0.37212086 0.64159161
v 0.03645821 0.37104380 0.64287269
v -0.43009898 -0.05403926 0.06458047
v -0.44791463 -0.04986817 0.06422563
v -0.45250151 -0.05588565 0.05743846
v -0.43363887 -0.06287374 0.05533818
v 0.38534895 0.22606815 0.40920788
v 0.40258268 0.20931295 0.38946587
v 0.39743918 0.15484163 0.41709810
v 0.37848794 0.17979291 0.43116415
v 0.35949528 0.14591183 0.46927100
v -0.49638817 0.24008851 -0.02215953
v -0.50916910 0.23760936 -0.03573039
v -0.49874663 0.23096037 -0.03185539
v -0.48900479 0.23268026 -0.02224766
v 0.37501955 0.11051148 0.46527836
v -0.54022920 0.15519646 -0.10882236
v -0.53368002 0.19593287 -0.09742839
v 0.12020167 0.61948967 0.57655275
v 0.05924779 0.62104851 0.58899450
v 0.38757849 0.39829311 0.39825258
v 0.37456465 0.37683758 0.42836866
v 0.05889324 0.20682481 0.60654676
v 0.06353161 0.21783787 0.58747149
v 0.04734144 0.24856722 0.60630769
v -0.54684854 0.09894558 -0.07439177
v -0.54540795 0.09950083 -0.09313884
v -0.53974128 0.07478651 -0.08357435
v -0.54158181 0.07518712 -0.06495840
v 0.02858495 0.24016340 0.63673389
v 0.02678527 0.26500306 0.62818253
v 0.04514502 0.26750994 0.61017376
v 0.21312693 0.50676256 0.57045394
v 0.22316633 0.55613661 0.55098629
v 0.27024725 0.54950494 0.51556176
v 0.26136649 0.50385427 0.53740877
v 0.12853210 0.81782633 0.42752030
v -0.54418778 0.14808290 -0.07414398
v -0.54227024 0.14838387 -0.09499415
v 0.06154465 0.82436359 0.44512233
v 0.02955069 0.32310912 0.63270313
v 0.05894005 0.32472882 0.62529904
v 0.05038598 0.30383688 0.61703777
v -0.55878508 0.20402086 -0.10835771
v -0.55725366 0.16654707 -0.11060648
v -0.55839229 0.20738319 -0.11436949
v -0.48012975 0.22418754 -0.05379657
v -0.47660792 0.25056219 -0.07765944
v -0.47001994 0.21341601 -0.09081309
v -0.48052686 0.21100715 -0.06335430
v 0.02800204 0.30269727 0.62744379
v 0.15548417 0.13965091 0.55975032
v 0.16017868 0.15384948 0.55401391
v 0.40735629 -0.03834115 0.01543432
v 0.41497543 -0.04689111 0.02261105
v 0.47280198 0.24825428 0.10256694
v 0.45550862 0.18098740 0.10999311
v 0.46311036 0.22698684 0.17450377
v 0.46529770 0.31171441 0.16364767
v 0.47346929 0.38744351 0.14444768
v 0.48400456 0.44440556 0.11688429
v 0.48368400 0.34989616 0.06504681
v 0.47816214 0.30707455 0.08939342
v 0.30335930 -0.34147328 -0.22242732
v 0.28960532 -0.27818859 -0.23442546
v 0.02757959 0.21896270 0.65136421
v 0.02769262 0.19910161 0.66590613
v 0.12213030 0.40940303 -0.63242227
v -0.45305502 0.04919470 0.06101432
v -0.46049032 0.06337386 0.05259341
v -0.45384255 0.05065621 0.04388526
v -0.45160195 0.03690835 0.04693102
v 0.11857563 0.32167536 -0.62556165
v 0.24594873 0.34477735 -0.57124698
v 0.24648954 0.42829761 -0.57535827
v 0.39565876 0.10622859 -0.24682479
v -0.46595910 0.00764569 -0.05177025
v -0.45058405 -0.01001266 -0.03425053
v -0.45340353 -0.01279123 -0.02973843
v -0.47008041 -0.00324146 -0.04207422
v 0.42595065 0.10201565 -0.15827136
v 0.06556457 0.02402174 0.65881389
v 0.04751349 0.05205198 0.63101131
v 0.04965006 0.03065897 0.62912530
v 0.04685882 0.04723803 0.63025880
v 0.06816706 0.00966263 0.67056268
v 0.08338844 0.00648065 0.67983758
v 0.05428466 0.00809222 0.63054430
v 0.04929919 0.00949810 0.63334727
v 0.04555788 0.03249626 0.63077044
v 0.05370583 0.05428337 0.63476986
v 0.01221009 -0.01693732 0.71095043
v 0.01652974 -0.00908527 0.73026866
v 0.03962488 0.00079203 0.72307992
v 0.02853110 -0.00731332 0.70920295
v 0.03514689 0.04881199 0.63976163
v 0.03045674 0.03453238 0.64513451
v 0.03154249 0.02111803 0.68606460
v 0.04374560 0.04385982 0.66311324
v 0.04606609 0.05615864 0.64655441
v 0.04276137 0.02471576 0.68181002
v 0.03508693 -0.00903704 0.66310668
v 0.05383112 0.02563587 0.67165911
v -0.51912528 0.24530908 -0.04785068
v -0.52198988 0.21336040 -0.05169082
v -0.51360077 0.21289966 -0.04431455
v -0.49415511 0.03627899 0.01962628
v -0.49959764 0.04549543 0.00675672
v -0.50237155 0.02424774 -0.00528526
v -0.49539748 0.01179483 0.00579458
v 0.49166134 0.04873773 -0.01240783
v 0.35997188 -0.25153625 0.05854270
v 0.38317716 -0.15752342 0.02840241
v 0.37390059 -0.15649979 -0.00546786
v -0.49751624 -0.04297352 -0.01479033
v -0.48248467 -0.04745464 -0.01948288
v -0.46968621 -0.05982669 -0.00065992
v -0.48541042 -0.05886342 0.00164643
v -0.45181894 0.02999552 0.05383402
v -0.44946593 0.03310939 0.06280927
v -0.51509917 0.17043468 -0.09718447
v -0.51009846 0.20836531 -0.08151755
v 0.35891777 -0.25253248 0.00609956
v 0.49559414 0.20191503 -0.04370505
v 0.42143935 0.50616980 0.30569044
v 0.43016389 0.58086425 0.25221893
v 0.46792096 0.51374984 0.17644757
v -0.53165746 0.20271727 -0.07427455
v -0.53404284 0.18814257 -0.08122931
v 0.46138632 0.44552618 0.20369975
v 0.43197897 0.64446318 0.20388806
v 0.47211644 0.58397979 0.13457659
v 0.49773893 0.51146239 0.07072069
v 0.50218922 0.38776481 -0.02379594
v 0.26248038 0.23022817 0.53208387
v 0.26464704 0.22842851 0.53153312
v 0.25533852 0.22552383 0.53901929
v -0.46576765 0.12543371 0.02438821
v -0.45263350 0.12974913 0.01593476
v -0.45426890 0.12493296 0.01603689
v -0.47014138 0.11557142 0.02648040
v 0.25363439 0.22764020 0.53968519
v 0.25971505 0.23078766 0.53064656
v 0.25162238 0.22911029 0.53647494
v -0.46902072 0.12410176 0.03387372
v -0.47265270 0.11445891 0.03526260
v -0.47110733 0.11285681 0.04301196
v -0.46872944 0.11824709 0.04334660
v 0.26678416 0.23226433 0.52525210
v 0.26916403 0.23235863 0.52699149
v 0.27073312 0.23056020 0.52606773
v 0.15797667 0.23010731 0.55423856
v 0.16016541 0.23202835 0.54947209
v 0.17533548 0.22811009 0.55630773
v 0.17461826 0.22665520 0.56092799
v 0.15759072 0.22774251 0.55530864
v 0.17615186 0.22357564 0.56076217
v -0.45068201 0.13123286 0.01012618
v -0.45129749 0.12957464 0.01355375
v -0.45260882 0.13305309 0.01135619
v -0.47326317 0.15032487 -0.06366795
v -0.48238268 0.10556301 -0.07572185
v -0.47191775 0.10233219 -0.06567340
v -0.45643803 0.14572658 -0.06144583
v 0.15152696 0.23926599 0.51637620
v 0.15005690 0.24267502 0.51653653
v -0.54254651 0.10650672 -0.10407931
v 0.15791444 0.23362471 0.51820201
v 0.14369752 0.24200533 0.53332651
v 0.14215948 0.24815366 0.53436047
v -0.52357703 0.26826999 0.02032806
v -0.51388544 0.27821550 0.02100743
v -0.52798575 0.29963025 -0.00598314
v 0.14664616 0.25313452 0.51855326
v 0.14864533 0.24593286 0.51672119
v 0.14512515 0.23893118 0.53414232
v -0.46041313 0.05176549 -0.01262382
v -0.48112407 0.05676601 0.00859308
v -0.47263733 0.05408694 0.01806805
v -0.46117768 0.04858509 -0.00139107
v -0.45400041 0.07577381 0.02697049
v -0.44208837 0.05576928 0.03035286
v -0.46356529 0.06717276 0.03695938
v -0.46569011 0.16125806 0.03308797
v -0.45828423 0.13864246 0.01512855
v -0.46378955 0.13145959 0.02583363
v -0.46508586 0.13386911 0.03439219
v -0.54135454 0.05214915 -0.09624909
v -0.54989648 0.08415411 -0.11149079
v -0.53997600 0.08258619 -0.12140232
v -0.53105748 0.04836853 -0.10470278
v 0.13567519 0.23790781 0.53720468
v 0.13318276 0.24077632 0.53589642
v -0.43558994 -0.03227603 0.07409900
v -0.41510898 -0.04888543 0.05442633
v -0.43527099 -0.01472312 0.08010838
v -0.57247007 0.27680257 -0.08397438
v -0.55177855 0.29010093 -0.08401272
v -0.55215293 0.27799910 -0.10060291
v -0.57335925 0.26429081 -0.09880171
v -0.44811568 0.17347746 -0.02648874
v -0.44464719 0.16194053 -0.02358388
v -0.45009860 0.16982317 -0.01393183
v -0.45348597 0.17971240 -0.01476576
v 0.13333689 0.24422340 0.53761744
v 0.20684817 0.21748224 0.56045693
v 0.20928147 0.21325302 0.55825305
v 0.17987080 0.21555646 0.55916834
v 0.17830864 0.21996805 0.56008607
v 0.20479518 0.22089362 0.56179476
v 0.22557220 0.22160660 0.55737120
v 0.22828218 0.21833445 0.55519509
v 0.22997141 0.21442197 0.55240482
v -0.32010269 -0.02784066 -0.28161302
v -0.37563425 -0.03878111 -0.16395126
v -0.39744005 0.05156998 -0.21131644
v -0.34971729 0.05822069 -0.31140006
v -0.50653142 -0.02580859 -0.01162564
v -0.49957833 -0.03794109 0.00465045
v -0.48178530 0.20686212 0.04319110
v -0.47879213 0.21986991 0.05409445
v -0.48844853 0.25427651 0.04831543
v -0.49143904 0.23281191 0.04510950
v 0.15772933 0.22114863 0.55557930
v 0.15725008 0.22509420 0.55559760
v 0.23134069 0.21018727 0.54906809
v 0.21101949 0.20872745 0.55492431
v -0.54787773 0.17917673 -0.14472887
v -0.56528795 0.17385074 -0.13144261
v 0.18123691 0.21040067 0.55730379
v 0.15782779 0.21723510 0.55579627
v 0.13783723 0.22589454 0.55208308
v 0.14190748 0.22810456 0.55177146
v 0.21160987 0.20393242 0.55195695
v 0.21200079 0.19810462 0.55117857
v 0.18060200 0.19976842 0.55454946
v 0.18107133 0.20510790 0.55493909
v -0.49476516 0.24339721 -0.01001501
v -0.51499683 0.26397315 -0.02606682
v -0.50293040 0.24934164 -0.02313242
v -0.49254322 0.24028942 -0.01380443
v -0.48550716 0.19539596 0.00748267
v -0.49009255 0.20349301 0.00926692
v -0.48241749 0.20741375 0.00636672
v -0.47587690 0.19919935 0.00555880
v 0.23182151 0.20515993 0.54539114
v 0.23201662 0.19908401 0.54406500
v -0.48344681 0.25134960 0.06396739
v -0.48980856 0.28439111 0.04648342
v 0.28165928 0.23149604 0.51369590
v 0.28509542 0.23401295 0.50907248
v 0.28639591 0.23004442 0.50751269
v -0.42313498 -0.00331145 -0.03117441
v 0.28480124 0.22760051 0.51000178
v 0.30662265 0.21344376 0.48297694
v 0.31167790 0.22265959 0.47852495
v 0.32478586 0.21709204 0.46709678
v -0.48875737 0.20170164 0.02505072
v -0.49616742 0.21777409 0.02912246
v -0.49596298 0.21372975 0.01182284
v -0.44152486 0.01590048 0.08459483
v -0.44548172 0.02879306 0.07278235
v -0.48744312 0.23432331 -0.01402548
v -0.48253825 0.22741827 -0.01469259
v -0.47353545 0.20523246 -0.00940111
v -0.47420073 0.19321388 -0.01762159
v 0.31751639 0.20704855 0.47468725
v -0.51582599 0.15496440 -0.05416767
v -0.52624196 0.10640532 -0.06582595
v 0.37149411 0.15911417 0.44939923
v 0.33059675 0.19235919 0.46912614
v 0.33972880 0.20329753 0.45690382
v 0.27749038 0.22923855 0.51873153
v 0.27243114 0.22749563 0.52448946
v 0.27583572 0.23239709 0.52053648
v 0.27992383 0.23454224 0.51567167
v 0.28093854 0.22528480 0.51514894
v 0.27504918 0.22330293 0.52170569
v 0.26673973 0.22544928 0.53018761
v 0.26942340 0.22102784 0.52779639
v 0.25986493 0.21825065 0.53582299
v 0.25777280 0.22233583 0.53748947
v 0.24473324 0.22003208 0.54657173
v -0.42529389 0.04664261 -0.12655047
v -0.40538967 -0.04422127 -0.03845108
v 0.24220604 0.22310628 0.54835182
v 0.24635701 0.21586736 0.54433626
v 0.26164910 0.21359776 0.53375053
v 0.24862376 0.21156000 0.54177082
v 0.27205455 0.21629430 0.52438027
v 0.27863193 0.21896747 0.51710474
v 0.28418022 0.22153741 0.51024276
v 0.28838599 0.22414768 0.50523156
v 0.29081878 0.22821558 0.50231320
v 0.28798389 0.21715267 0.50350124
v 0.29297745 0.21270007 0.49726248
v 0.28485045 0.20894131 0.50608754
v 0.28176975 0.21422057 0.51127815
v 0.29331043 0.22070295 0.49778402
v 0.29909915 0.21730702 0.49036080
v -0.47629759 0.20882018 0.00421706
v -0.47702771 0.21078886 0.00087634
v -0.47266641 0.20466597 -0.00177618
v -0.47082245 0.20187651 0.00240951
v 0.27400106 0.21179929 0.52020317
v 0.27587926 0.20657526 0.51583725
v 0.26362985 0.20354827 0.52673936
v 0.26283300 0.20942400 0.53070539
v -0.49073192 -0.04832556 0.01761818
v -0.50961995 0.19121163 -0.03916536
v -0.48872665 0.18086404 -0.02886117
v -0.49430344 0.19242701 -0.02866950
v 0.25112197 0.20694408 0.53856468
v 0.25157845 0.20097421 0.53484863
v -0.55036581 0.11725564 -0.10449064
v -0.56167728 0.16617405 -0.10834678
v -0.56784552 0.16853699 -0.11719321
v -0.55623776 0.11642362 -0.11154619
v 0.20284830 0.22334775 0.56251597
v 0.20206106 0.22458336 0.55947340
v 0.22248006 0.22491887 0.55560035
v 0.22308506 0.22392356 0.55850321
v 0.23969856 0.22552827 0.54887754
v -0.42110974 -0.05698666 0.04811011
v -0.44097480 0.15720604 -0.03076774
v -0.44864243 0.14607650 -0.02232734
v 0.23935585 0.22695978 0.54586405
v 0.22198337 0.21795130 0.53926706
v 0.21619165 0.22224808 0.51450717
v 0.23429058 0.22309016 0.50938427
v 0.24278259 0.22005473 0.53260940
v -0.46065030 0.18306789 -0.01754758
v -0.46507093 0.19474486 -0.00632421
v 0.19837594 0.21639270 0.54230332
v 0.19513632 0.22401685 0.51824552
v 0.17511572 0.21993881 0.54319960
v -0.44872126 0.04699333 0.07412273
v 0.17435533 0.22827473 0.51895016
v 0.15905467 0.23000301 0.54137141
v 0.21743427 0.29727688 0.57206684
v 0.21938609 0.30169287 0.57302886
v 0.24613680 0.29821786 0.56645226
v 0.24345030 0.29336390 0.56580728
v 0.31127849 0.17456409 -0.46410254
v 0.31942037 0.27047804 -0.49145198
v 0.23981805 0.24439368 -0.55382001
v 0.26370955 0.27385664 0.55730551
v 0.26472884 0.28111476 0.55703163
v 0.27926794 0.27417219 0.54564506
v 0.27700898 0.26757696 0.54561841
v 0.26183292 0.26643386 0.55588138
v -0.54794204 0.25380412 -0.09619680
v -0.55001915 0.24252619 -0.10474636
v -0.53753275 0.24552189 -0.09001596
v -0.53701949 0.25243482 -0.08031073
v -0.53430128 0.26121983 -0.06179548
v -0.53610736 0.27044332 -0.05781363
v -0.54437602 0.26221916 -0.08421145
v -0.47999001 0.18694325 -0.02397452
v -0.48707670 0.19508134 -0.02446668
v 0.27416188 0.26125264 0.54297745
v 0.24259870 0.27233583 0.56736428
v -0.48528636 0.02702927 0.02745960
v -0.48633334 -0.00898497 0.02120846
v -0.53204018 0.05357756 -0.06873356
v -0.53085858 0.05946754 -0.05025357
v -0.52407187 0.11799718 -0.12650105
v -0.52423537 0.17530797 -0.13330786
v -0.52015853 0.17175177 -0.11222495
v -0.51899767 0.11828618 -0.11358262
v 0.24385566 0.28090838 0.56886548
v 0.24379279 0.28778818 0.56703150
v 0.27426523 0.25961739 0.50835973
v 0.26823032 0.26934946 0.51389748
v -0.48721403 0.13426997 -0.08954141
v -0.46587026 0.14749511 -0.09011510
v -0.46918455 0.12534870 0.04776734
v -0.46093121 0.14895438 0.05922134
v -0.45850953 0.18305622 -0.01665234
v -0.46160817 0.19151889 -0.00532743
v -0.49063095 0.02399141 -0.06845976
v -0.46603775 -0.02003258 -0.02131616
v -0.48985320 0.01044908 -0.05817353
v -0.44224361 -0.02264351 -0.00622805
v -0.44019023 -0.02820712 0.00848423
v -0.45496914 -0.02882511 -0.00262913
v 0.26674870 0.25692192 0.53045833
v 0.27173010 0.25193310 0.52291501
v 0.27771610 0.25534490 0.50334167
v 0.27516767 0.24888143 0.51652539
v 0.27318668 0.26045319 0.48168278
v 0.26825514 0.26549223 0.48641813
v 0.26091921 0.27206472 0.49317703
v -0.51103532 0.03469058 -0.03166554
v -0.52159929 0.04075799 -0.04961942
v 0.27626237 0.25627223 0.47885031
v -0.44980416 0.12901887 0.00483858
v -0.43975675 0.12100061 -0.00510839
v -0.44589829 0.12623625 0.00781779
v -0.53503251 0.15077750 -0.06114408
v -0.54156011 0.10177687 -0.06406294
v -0.49054408 0.21654020 0.00707796
v 0.27813557 0.25231838 0.47752312
v -0.46761280 0.15715903 0.00279693
v -0.47820124 0.17642818 0.01567314
v -0.51007634 0.23972563 0.01282090
v -0.50014007 0.22883849 0.00670452
v -0.49606693 0.22280817 0.00762019
v -0.50259173 0.22619697 0.01396697
v -0.41628015 0.06547743 0.00032886
v -0.43423122 0.05705861 0.01208714
v -0.44279516 0.07849937 0.01566459
v 0.27770111 0.24766153 0.47655934
v 0.27560648 0.24302989 0.47813454
v 0.38878268 0.06042715 0.44730639
v 0.38826674 0.12771378 0.44177297
v -0.52830720 0.26983085 -0.04795442
v -0.52864635 0.25703394 -0.05669058
v -0.51744413 0.21343932 -0.09616802
v 0.40435746 0.08023860 0.42021570
v 0.27365869 0.23439421 0.52177697
v -0.48552999 0.22013138 -0.02932333
v -0.49015924 0.21082544 -0.03368425
v 0.27771953 0.23674026 0.51689595
v -0.48649749 0.30298930 -0.04135243
v -0.48604175 0.28461877 -0.02203248
v -0.48819268 0.28434235 -0.01591567
v -0.49138841 0.31680438 -0.01369249
v 0.27083865 0.23491326 0.52048111
v -0.43450835 -0.04245150 0.02630585
v -0.45118564 -0.04070062 0.01008473
v -0.45022744 -0.03450274 0.00795518
v -0.43718457 -0.03510007 0.01993189
v -0.46838009 0.05207016 0.02134906
v -0.46073592 0.04657469 0.00508692
v 0.27338895 0.23687613 0.51666218
v -0.53551590 0.06099330 -0.08646341
v -0.53386682 0.05600512 -0.07987463
v -0.54049605 0.08047831 -0.09376353
v -0.54207611 0.08800415 -0.09968131
v 0.28087002 0.23927858 0.51184320
v 0.28398922 0.23729114 0.51015908
v 0.26360694 0.22449778 0.51661152
v 0.25906283 0.22870998 0.49688849
v 0.26601025 0.23203456 0.49085355
v -0.45772004 0.17546882 -0.04108343
v -0.44910321 0.17232241 -0.04138097
v -0.49856836 0.24351022 -0.03539786
v -0.51115626 0.25861171 -0.04550993
v -0.50409228 0.27520382 -0.02320939
v -0.49425501 0.26221392 -0.02191026
v -0.52267283 0.21994726 -0.11542875
v 0.26975459 0.23003533 0.50874019
v 0.25589547 0.22200631 0.52381819
v 0.24858752 0.22513826 0.50312811
v 0.26991796 0.23548107 0.48657304
v 0.27321270 0.23926166 0.48157009
v -0.49076384 0.20214392 -0.03111152
v -0.49612027 0.20342407 -0.03520546
v 0.27309138 0.23356070 0.50548267
v -0.48699453 0.20487410 -0.02964228
v 0.27579167 0.23723948 0.50025433
v 0.27566943 0.23970853 0.51229542
v -0.47047701 0.19392799 0.00368969
v -0.47921327 0.18855985 0.00402336
v -0.50562817 0.24137743 0.00193464
v -0.52806365 0.26461887 -0.01553453
v -0.52304739 0.26163885 -0.01949931
v -0.50410318 0.24387969 -0.00198053
v 0.27931103 0.24445719 0.49627352
v 0.28009239 0.24777287 0.49755335
v 0.27744219 0.24162607 0.50856531
v -0.47947258 0.21971901 -0.00636225
v 0.28007349 0.24471830 0.50555342
v 0.27794981 0.24165478 0.49684447
v -0.09276466 -0.02334165 -0.45509195
v -0.10294439 0.03875406 -0.49949670
v 0.27952173 0.25164929 0.49975830
v 0.27823117 0.24654676 0.51010627
v 0.28780508 0.23415990 0.50555438
v 0.28733194 0.24008454 0.50610006
v 0.29325026 0.24602087 0.50139087
v 0.29227430 0.23370826 0.50090402
v -0.49785811 0.27923018 0.02277436
v -0.50149524 0.28987041 -0.00048238
v -0.50890917 0.29480252 -0.00379759
v -0.50177187 0.28397936 0.01702452
v -0.53283536 0.24577986 -0.07796872
v 0.29945359 0.23380321 0.49396601
v 0.29681697 0.22593023 0.49430898
v 0.30290058 0.24912897 0.49748796
v 0.31259376 0.25357229 0.49278700
v -0.55913752 0.22350328 -0.10843678
v -0.45581973 0.13781269 -0.01169060
v -0.44468504 0.11655356 -0.01209156
v 0.30773222 0.23471633 0.48674053
v 0.30322945 0.22482255 0.48699826
v 0.28393689 0.24178195 0.50789779
v -0.39747435 0.10716242 -0.00890840
v -0.39806247 0.11505628 -0.00763081
v -0.40326434 0.11187086 -0.01569301
v -0.40200540 0.10338578 -0.01782840
v 0.28601772 0.24442314 0.50552219
v 0.29877803 0.25398123 0.50775629
v -0.42202127 0.07385182 -0.02762512
v -0.43700963 0.06833594 -0.01409448
v -0.43221962 0.05613369 -0.00253605
v -0.41809469 0.05876576 -0.02009220
v 0.30559912 0.25983244 0.50616354
v 0.28999540 0.24990673 0.51012945
v 0.28656471 0.25247225 0.52018392
v 0.29377338 0.25778854 0.52042884
v -0.39620522 0.08683717 -0.01434739
v -0.39706627 0.09746401 -0.01107158
v -0.40206021 0.09303314 -0.02164373
v -0.40303728 0.08058892 -0.02622355
v 0.29880142 0.26353392 0.52050060
v 0.28677434 0.26193449 0.53269637
v -0.52679628 0.27072906 -0.03476483
v -0.53674233 0.27183586 -0.04563209
v 0.29063562 0.26825777 0.53317308
v 0.28144044 0.25641754 0.53084660
v 0.28295195 0.24722572 0.51153916
v -0.56353331 0.21734647 -0.10159912
v -0.56364506 0.20350631 -0.10609891
v -0.55712646 0.24911486 -0.09151323
v -0.55887896 0.23731612 -0.10051417
v 0.27964169 0.24947748 0.51868075
v 0.27557105 0.25237930 0.52743191
v 0.27032778 0.25596756 0.53756136
v -0.46596444 0.07768525 0.05403098
v -0.46994150 0.07967055 0.04260829
v -0.46756151 0.07053176 0.04293417
v -0.57111007 0.23636506 -0.10070717
v -0.57278293 0.24980994 -0.11072630
v -0.44974419 -0.02904178 0.06638984
v -0.44373125 -0.03824554 0.07134961
v -0.27294049 -0.47565153 0.09497098
v -0.32834896 -0.44164494 0.02746721
v -0.32537812 -0.50126958 0.02275055
v -0.26850954 -0.53404778 0.08584069
v -0.51313955 0.25306508 0.02707335
v -0.50684929 0.26659122 0.03175881
v 0.25975206 0.26148835 0.55133206
v 0.25653192 0.26308119 0.54361212
v 0.24128368 0.26610696 0.56302691
v -0.39972943 0.07560886 -0.00838628
v -0.40002906 0.07054547 -0.01805374
v -0.41437089 0.05785682 -0.01130384
v -0.42708951 0.10297304 0.00828031
v -0.40316388 0.10628565 0.00114584
v 0.23859444 0.26651227 0.55512846
v 0.22376776 0.30825317 0.57607657
v 0.25429800 0.30668461 0.56866032
v 0.23892657 0.28329071 0.53582400
v 0.22905906 0.28230080 0.51427370
v 0.21255103 0.28328633 0.52333724
v 0.21694177 0.28524470 0.54759794
v -0.42223594 0.08602684 -0.02546277
v 0.14249362 0.25251937 0.53776240
v 0.14496855 0.25895101 0.54344791
v -0.42260069 0.11819504 -0.01238973
v -0.42521980 0.12345786 -0.00110234
v -0.43857142 0.04366912 0.02395198
v -0.44911787 0.04139194 0.01137961
v -0.45731920 0.03871733 0.03269196
v -0.40365985 0.06787769 -0.02609877
v -0.45958126 0.18011008 -0.02945837
v 0.14906764 0.26553971 0.52512842
v 0.14565988 0.25857076 0.52071702
v 0.13802458 0.24891646 0.54291755
v 0.14457218 0.25459945 0.54963440
v -0.43699774 0.09146796 -0.01855715
v -0.45082295 0.07737744 -0.02587274
v -0.45134592 0.06540071 -0.01851754
v -0.43713635 0.07950212 -0.01873077
v -0.50268501 0.01895016 -0.01709395
v -0.50538403 0.03046963 -0.01687797
v -0.45697114 0.05610972 -0.02696583
v -0.48367128 0.05742827 -0.01223750
v -0.45387852 0.15551108 -0.01496943
v -0.46835628 0.17454483 -0.00365317
v -0.44966313 0.13090760 0.00506432
v -0.43772078 0.10541493 -0.01475851
v -0.44675970 0.09227790 -0.02485881
v -0.42708725 0.11147519 0.00746311
v -0.44819173 0.11183143 0.01373719
v -0.44720134 0.11848309 0.01132431
v -0.42628470 0.11754834 0.00536448
v -0.50550020 0.21185181 -0.04013098
v -0.49926382 0.25391665 0.04057824
v -0.50401759 0.23625270 0.02959911
v -0.49891612 0.33282107 -0.11602455
v -0.48484144 0.28374991 -0.14881650
v -0.48270106 0.28380004 -0.06575056
v -0.42218223 0.09705354 -0.02085458
v -0.40192461 0.12055755 -0.00579442
v -0.40580410 0.11740490 0.00181935
v -0.52813011 0.03656240 -0.07042024
v -0.46193200 0.03765300 0.03705995
v -0.46003664 0.18393178 -0.00152474
v -0.52258205 0.08383577 -0.11496203
v -0.51445270 0.05101712 -0.10124651
v -0.45957273 0.18945956 -0.00391617
v -0.46414492 0.19549860 0.00097948
v -0.45574388 0.04344162 0.00734291
v -0.46468318 0.04565922 0.02678939
v -0.46659753 0.19775672 0.00131868
v -0.46802086 0.07776328 0.03482868
v -0.52956194 0.21192439 -0.06875593
v 0.16802695 0.27707878 0.55561048
v 0.17233413 0.27844030 0.53031522
v -0.47226667 -0.03562509 -0.02260790
v -0.46211770 -0.04370004 -0.00361749
v 0.15585773 0.27396435 0.52894837
v -0.40447226 0.11264732 0.00201865
v 0.15301700 0.26834571 0.55077010
v -0.42707855 0.05198212 -0.00062888
v -0.42333755 0.10781746 -0.01638304
v 0.17400676 0.26519728 0.56429207
v 0.15624814 0.25906128 0.55697441
v 0.21680622 0.26905254 0.56308287
v -0.45947754 0.10004800 0.02409311
v -0.45745954 0.08740982 0.02586643
v -0.47059426 0.09019681 0.03391429
v 0.12822309 0.63654363 -0.59734666
v 0.12683304 0.53735363 -0.62396288
v -0.48953107 0.05841142 -0.02479204
v -0.46200109 0.06588810 -0.04152472
v -0.46961811 0.07017820 -0.05480597
v -0.49956766 0.06204097 -0.03602733
v -0.50537550 0.02113257 -0.08593532
v -0.49496666 -0.00432583 -0.06285211
v -0.50932062 -0.01013048 -0.05955191
v -0.52134490 0.01695641 -0.08397412
v 0.24537507 0.54612571 -0.56550717
v 0.24267131 0.63190651 -0.54209650
v -0.50494051 0.43099177 -0.16394989
v -0.50686878 0.36641851 -0.07036263
v -0.51614708 0.46849734 -0.08925929
v -0.52491713 0.26913336 -0.08153088
v -0.52412343 0.25447235 -0.09252110
v -0.55016619 0.26344991 -0.11477091
v -0.48982659 0.30485970 0.01813218
v -0.48906380 0.28426740 -0.00693898
v -0.49354562 0.28878742 0.00462597
v -0.54155552 0.11777508 -0.13625506
v 0.25841022 0.27817363 0.52343178
v 0.24698766 0.27818474 0.50374800
v 0.30131152 0.63609505 -0.48907915
v 0.29372114 0.69036061 -0.46605474
v 0.24248938 0.70442212 -0.50269049
v 0.21213408 -0.20270720 -0.34062251
v 0.15068029 -0.26387811 -0.39051801
v -0.47340840 0.18347110 0.03830071
v -0.48330185 0.18804906 0.02081315
v 0.13405734 0.24691677 0.55144858
v -0.48520499 0.03209405 -0.07297300
v 0.14344093 0.25269976 0.55637240
v -0.50717980 0.05126017 -0.01914711
v -0.51748776 0.05263628 -0.03454799
v -0.56029838 0.27630487 -0.04212116
v -0.53862691 0.26902068 -0.02799526
v 0.12772256 0.24290009 0.54720110
v 0.12116127 0.24291983 0.54899037
v 0.12714198 0.24881306 0.55263829
v 0.13672812 0.25613084 0.55835438
v 0.15500501 0.25881049 0.56190664
v 0.14963439 0.26375806 0.56553799
v 0.16928795 0.27151260 0.57227373
v 0.17355539 0.26543176 0.56888908
v 0.21666051 0.26861352 0.57120723
v 0.21559864 0.27518788 0.57421744
v 0.16617313 0.27906102 0.57264882
v 0.14590484 0.27031922 0.56555420
v 0.16379671 0.28639254 0.57218480
v 0.14408614 0.27868894 0.56501538
v 0.21473129 0.29084861 0.57304287
v 0.21481407 0.28302801 0.57503027
v 0.14166312 0.23041572 0.55090666
v 0.12422908 0.23452410 0.54847950
v 0.14307433 0.23299091 0.54885352
v 0.12947179 0.23666164 0.54640895
v 0.14897417 0.23438129 0.54268610
v 0.12556344 0.23907611 0.54543078
v 0.11952440 0.23765641 0.54765463
v -0.06071639 -0.55406922 0.25097224
v -0.05863820 -0.59225082 0.22010131
v 0.14832705 0.23557541 0.53589398
v 0.12105175 0.25284311 0.54998398
v 0.11457254 0.24386778 0.54815650
v 0.11342373 0.25660211 0.54725045
v 0.10723262 0.24494100 0.54607671
v 0.12546699 0.27003202 0.55430967
v 0.13142245 0.26226282 0.55536205
v 0.11298896 0.23624033 0.54747629
v 0.11665615 0.23259513 0.54867274
v 0.10676785 0.23558156 0.54626703
v 0.11058018 0.23068462 0.54708725
v 0.15663007 0.21296929 0.55561346
v 0.15458062 0.20833719 0.55422843
v 0.13383737 0.22210395 0.55278730
v 0.13013545 0.21821184 0.55121183
v 0.21038796 0.19090731 0.54848218
v 0.23133643 0.19227366 0.54231107
v 0.20702006 0.18275169 0.54604053
v -0.05076824 0.04594444 0.65599316
v -0.05927694 0.04467322 0.64726013
v -0.05229187 0.05615847 0.64113331
v -0.04855765 0.05667988 0.64564168
v 0.22874579 0.18291700 0.53950441
v 0.17474996 0.18566971 0.55070645
v 0.17855804 0.19301975 0.55258399
v 0.21286888 -0.55641001 0.12976672
v 0.29890224 0.20724608 0.49164867
v 0.30731478 0.19858503 0.48619190
v 0.29652765 0.19233407 0.49714556
v 0.28933826 0.20316614 0.50116009
v 0.27877015 0.19970804 0.51129019
v -0.05290485 -0.00851231 0.64662004
v -0.04971245 0.00086648 0.64142162
v -0.05624221 -0.00022434 0.63621026
v -0.06139292 -0.00768086 0.64121944
v 0.28203908 0.18796691 0.50953126
v 0.26567957 0.18571454 0.52085429
v 0.26511663 0.19652930 0.52270901
v 0.25166836 0.19415119 0.53207290
v 0.24945448 0.18409646 0.53023452
v 0.31776494 0.23350923 0.47637746
v 0.32767054 0.25462028 0.47788292
v 0.33117488 0.22936623 0.46375129
v 0.34226191 0.25371641 0.46204013
v 0.10381169 0.26247820 0.54873008
v -0.03503867 0.05568322 0.64128894
v -0.02630579 0.03860579 0.65671664
v -0.03409337 0.04404796 0.66510111
v -0.04109723 0.05891931 0.64587110
v 0.09863995 0.24764319 0.54576892
v 0.08997124 0.26760706 0.55497169
v 0.08714054 0.25098798 0.55011505
v 0.10003188 0.28581035 0.56471378
v 0.11367372 0.28160089 0.55801308
v 0.10130135 0.23552944 0.54556584
v 0.10505997 0.22835451 0.54560202
v 0.09257273 0.23432472 0.54713905
v 0.09873732 0.22484799 0.54682195
v 0.15134627 0.20191064 0.55226010
v 0.14705601 0.19493419 0.55116498
v 0.12576276 0.21350124 0.54971552
v 0.11917566 0.20785291 0.54986387
v 0.29655632 0.10622637 -0.43385723
v 0.32698196 0.36992136 -0.50641233
v 0.30736318 0.33693087 0.55004251
v 0.29089248 0.31712705 0.55542284
v 0.26629496 0.32279098 0.57086641
v 0.28039664 0.34569427 0.57108134
v 0.32012519 0.36662680 0.53647184
v 0.33729303 0.34659958 0.51735115
v 0.32390699 0.32392099 0.53055316
v 0.30803806 0.30732268 0.53846014
v 0.33345097 0.27301621 0.48617068
v 0.32241973 0.27109373 0.49752688
v 0.32296008 0.28300071 0.50762427
v 0.33422726 0.28851405 0.49761039
v 0.34814936 0.27531919 0.46980503
v 0.35084730 0.29770380 0.48224401
v 0.33086157 0.30459180 0.51287317
v 0.31700996 0.29455730 0.52237427
v 0.34604758 0.32009318 0.50036919
v 0.15187293 0.31699517 0.58386916
v 0.15857887 0.30922848 0.57601357
v 0.13673075 0.29662564 0.56615329
v 0.12586688 0.29929954 0.57123977
v 0.14410645 0.32431212 0.59122807
v 0.11360578 0.30268094 0.57605803
v 0.23933135 0.34999120 0.59153813
v 0.23054847 0.32543427 0.58342993
v 0.16165745 0.29195112 0.57051420
v 0.14613317 0.28434041 0.56661546
v 0.16193981 0.29683363 0.57013935
v 0.14493190 0.28768304 0.56464881
v 0.34561229 0.75444043 -0.34763640
v 0.36326975 0.79020721 -0.26787433
v 0.26341754 0.86396825 -0.30635005
v 0.25593102 0.81878603 -0.38642481
v 0.26549020 0.28586239 0.55558670
v 0.26708409 0.29198110 0.55628884
v 0.28307641 0.28593493 0.54399860
v 0.28034014 0.27960354 0.54399896
v 0.29193950 0.27427334 0.53161889
v 0.29610735 0.28044519 0.53019208
v 0.30612236 0.27408555 0.51699626
v 0.30129716 0.26919350 0.51886570
v 0.30648682 0.26671275 0.50990784
v 0.31109473 0.26757109 0.50605994
v 0.14391606 0.29328829 0.56685215
v 0.16087189 0.30097991 0.57185888
v 0.31530008 0.56123561 -0.50560534
v 0.28033176 0.59780687 0.48543006
v 0.32512680 0.57794863 0.44385186
v 0.31339020 0.53518957 0.47763047
v 0.27615461 0.30111730 0.55714619
v 0.29296282 0.29449669 0.54263514
v 0.30539224 0.28710341 0.52784222
v 0.31349584 0.27854189 0.51474345
v 0.31632406 0.27222580 0.50604469
v 0.44574738 0.06938177 0.07192662
v 0.45009530 0.07013783 0.06121432
v 0.49088189 0.12669432 -0.09458121
v 0.47678447 0.17230131 -0.08681599
v 0.46872979 0.19546251 -0.07890527
v 0.48816612 0.24406773 -0.00691362
v 0.50985330 0.26334435 -0.02219133
v 0.50748962 0.01863697 -0.05643272
v 0.49241593 0.00912094 -0.03088937
v -0.56021225 0.29369828 -0.04593605
v 0.50913984 0.02411257 -0.05954019
v 0.55014718 0.24261373 -0.08872689
v 0.55076432 0.23085834 -0.09758583
v 0.55495507 0.22893441 -0.09615717
v 0.24859565 -0.02231819 -0.36837542
v 0.27489936 0.05623247 -0.40294108
v 0.55151230 0.21804984 -0.10613099
v 0.46177000 0.09976969 0.04544692
v 0.49873868 0.12189237 -0.09723810
v 0.50965768 0.11823756 -0.10883288
v 0.51094985 0.08688838 -0.11071634
v 0.50769633 0.08961226 -0.10532658
v 0.50362611 0.05645462 -0.10028671
v 0.50121641 0.06124427 -0.09643394
v 0.51880348 0.03923692 -0.07674296
v 0.52705812 0.06188308 -0.09253547
v 0.51791579 0.26715019 -0.02903982
v 0.51347196 0.26193139 -0.01987991
v 0.52448732 0.26688260 -0.03012921
v 0.46390206 0.09290355 0.03625615
v 0.47640440 0.23164482 -0.00902205
v 0.47473356 0.21940628 0.00146928
v 0.47324604 0.22044320 -0.00317327
v 0.44200140 0.12398882 0.00626667
v 0.44042060 0.12972374 0.00620847
v 0.44744807 0.11526081 0.01230173
v 0.46116713 0.10589308 0.02286354
v 0.42832938 0.05703036 0.01441847
v 0.42512333 0.05030510 0.00171525
v 0.42373848 0.04435379 0.00957375
v 0.53547961 0.30092150 -0.04664084
v 0.47464588 0.21428050 0.00381162
v 0.48241431 0.22165088 0.00481255
v 0.48439041 0.22928746 0.00323246
v 0.52968794 0.26622346 -0.03052699
v 0.48703346 0.23543450 0.00191182
v 0.48216715 0.23282421 -0.00063767
v 0.49233171 0.24433483 -0.00408491
v 0.47901222 0.23151527 -0.00425716
v 0.45708504 0.08227562 -0.06799895
v 0.44854328 0.08159734 -0.05563302
v 0.45573220 0.20066518 0.07144501
v 0.45740157 0.18612278 0.05438274
v 0.48847142 0.00710584 -0.01571042
v 0.47226441 0.23255987 -0.05071577
v 0.47094584 0.25435734 -0.05939844
v 0.53480923 0.09020780 -0.10179495
v 0.49972710 0.05907973 -0.03885415
v 0.48796359 0.05667322 -0.02644914
v 0.51193339 0.06544911 -0.04936039
v 0.52405936 0.08015218 -0.05918936
v 0.44281453 0.18005438 -0.03180700
v 0.51584589 0.19878368 -0.05713429
v 0.52273417 0.18493558 -0.06207994
v 0.50698459 0.19938537 -0.04820162
v 0.47328916 0.27888826 -0.04826923
v 0.47599074 0.27362856 -0.03457131
v 0.47701961 0.24201357 -0.03987636
v 0.47796339 0.25976396 -0.03256311
v 0.43975061 0.07925659 0.01369331
v 0.43468913 0.04255507 -0.00647392
v 0.43700087 0.05278403 -0.01503412
v 0.44257671 0.04287784 -0.01034522
v 0.44298947 0.04850043 -0.02062923
v 0.44293323 0.05848238 -0.03057799
v 0.44289842 0.07096703 -0.04007247
v 0.44306806 0.08347872 -0.04508642
v 0.43737841 0.10468759 0.00740166
v 0.48152778 0.27358812 0.02663015
v 0.43600616 0.09302495 0.00714673
v 0.44396037 0.11549244 0.00883657
v 0.44470975 0.10445398 0.01205724
v 0.44375196 0.09210151 0.01348760
v 0.47368017 0.04200814 0.01847821
v 0.47771585 0.05217626 0.00157086
v 0.46363333 0.04408081 0.02111482
v 0.48202121 0.05554306 -0.01326196
v 0.45616871 0.04448491 0.02191240
v 0.47385201 0.23965818 -0.04409098
v 0.47385797 0.26100680 -0.04359760
v 0.44878629 0.08972521 0.08483835
v 0.41688633 0.11529472 0.38934839
v 0.42465803 0.17816032 0.35707325
v 0.15897846 -0.21248603 0.49851540
v 0.15179536 -0.23285863 0.50071347
v 0.36879671 0.04201245 0.47400185
v 0.34204116 0.02154454 0.50248426
v 0.15922756 -0.18052076 0.56249517
v 0.15431298 -0.18509552 0.56276393
v 0.14714622 -0.18141018 0.56487370
v 0.15235509 -0.17893635 0.56275630
v 0.13594802 -0.17912725 0.55839330
v 0.14111049 -0.17866886 0.55337536
v 0.14310987 -0.17796648 0.55870670
v 0.13832803 -0.17728001 0.56311268
v 0.18937111 -0.08504616 0.58290327
v 0.21407361 -0.05697656 0.57798696
v 0.22884524 -0.08458990 0.56798601
v 0.20698912 -0.10779404 0.57472622
v 0.15240401 -0.18348742 0.51345634
v 0.15135449 -0.17317061 0.51482433
v 0.14366964 -0.17505702 0.53427607
v 0.14621745 -0.17990440 0.53357494
v 0.15057918 -0.20178089 0.51402825
v 0.14465046 -0.18898878 0.53358608
v 0.16307864 -0.18746334 0.49870774
v 0.15919460 -0.17046307 0.50092864
v 0.21995999 -0.22097564 0.53716260
v 0.19654529 -0.20772487 0.54800647
v 0.20225109 -0.18823346 0.55413032
v 0.22553818 -0.19220857 0.54419804
v 0.16284798 -0.00803827 0.58740431
v 0.18974918 -0.03084788 0.58536536
v 0.17051640 -0.05917148 0.58604294
v 0.14482409 -0.03089604 0.58676827
v 0.11967365 -0.00361121 0.58756781
v 0.13555533 0.01703177 0.58776653
v 0.10842607 0.04411373 0.61204463
v 0.11447076 0.01961171 0.61934519
v 0.11430209 0.01023521 0.64157742
v 0.11470638 0.02713825 0.63412637
v 0.10154074 -0.01510954 0.63021767
v 0.11542170 0.00481941 0.61067176
v 0.07478900 -0.02340967 0.63144296
v -0.07547837 -0.00719970 0.64427531
v -0.06842723 0.00211830 0.63819909
v -0.07287388 0.00586877 0.64965582
v -0.08459195 -0.00144717 0.65685475
v 0.07261344 -0.01916372 0.63706464
v 0.09980874 -0.01659375 0.61842501
v -0.02634873 -0.00442985 0.69490129
v -0.03459984 0.00719512 0.69567305
v -0.02664780 0.00312367 0.68116879
v -0.02526768 -0.00759644 0.67844194
v 0.10025327 -0.02070921 0.60348165
v 0.07831773 -0.02682876 0.62390208
v 0.06741060 -0.01357057 0.64167875
v 0.08612066 -0.01225527 0.64269096
v -0.04589538 0.01133677 0.69248009
v -0.05774558 0.01054719 0.70401442
v -0.06898034 0.01183766 0.69350231
v -0.05537029 0.01221508 0.68307447
v -0.02904670 0.01693707 0.65304512
v -0.03394474 0.00482324 0.65976536
v -0.02427137 0.01765694 0.67389983
v -0.07127430 0.01831707 0.63908726
v -0.06526599 0.01235747 0.63117075
v -0.05889983 0.03464437 0.62712693
v -0.06397563 0.03854085 0.63225424
v 0.09878156 -0.00262399 0.65614265
v 0.02336455 -0.01115074 0.69403338
v 0.03269876 -0.00424341 0.70708811
v 0.05805168 0.19162568 0.62315160
v 0.07741263 0.17105071 0.60548335
v 0.05974931 0.17348935 0.63532090
v 0.07787209 0.15525818 0.61705023
v 0.09254858 0.01021946 0.67920184
v 0.10466894 0.02486220 0.67040670
v 0.07647825 0.01711405 0.70167744
v 0.08388967 0.03541100 0.70099914
v 0.02632107 0.28515849 0.62597185
v 0.01374497 -0.03145026 0.66793519
v 0.01647068 -0.03440402 0.66497654
v 0.01135519 -0.02520943 0.67835504
v 0.13122556 0.78366643 -0.51104391
v 0.13442788 0.85845363 -0.43318999
v 0.13165328 0.94132710 -0.28093809
v 0.11843206 0.96465695 -0.20137215
v 0.03743369 -0.13062790 0.66655862
v 0.03561958 -0.11416900 0.66550678
v 0.07756965 -0.13208330 0.58287609
v 0.04274713 -0.13186701 0.59222615
v 0.04065086 -0.15623234 0.60631126
v 0.07256877 -0.15644252 0.59647959
v 0.09841374 -0.15693766 0.58215809
v 0.10399339 -0.13315083 0.56997132
v 0.08171734 -0.10813269 0.57475877
v 0.04602655 -0.10779560 0.58461821
v 0.07215431 -0.17211014 0.61809027
v 0.04126667 -0.17155585 0.63168192
v 0.04116004 -0.15994620 0.64886594
v 0.07344060 -0.16357243 0.63200980
v 0.11865007 -0.04300202 0.59958243
v 0.09228808 -0.04203436 0.61385435
v 0.06572098 -0.04377437 0.63463080
v 0.04531692 -0.04569346 0.65219557
v 0.04116162 -0.03425892 0.65422893
v 0.05807240 -0.03037734 0.64037305
v 0.03757696 -0.02989451 0.65607768
v 0.05401335 -0.02631920 0.64386696
v 0.05172865 -0.02259763 0.64667994
v 0.05430746 -0.01500248 0.64751059
v 0.04168143 -0.01599317 0.65541315
v 0.04494311 -0.00951786 0.65372437
v 0.03563308 -0.02601754 0.65778410
v 0.02972021 0.13427363 0.70902258
v 0.02875636 0.15729415 0.69398993
v 0.06422877 -0.10491526 0.65303952
v 0.03393713 -0.10063675 0.66209757
v 0.02967371 -0.07594805 0.65908682
v 0.05704797 -0.07744850 0.65077907
v 0.08611893 -0.08259483 0.63482809
v 0.09589273 -0.11653508 0.63660991
v 0.01979890 -0.03849585 0.66274327
v 0.06657749 -0.11886916 0.65486735
v 0.06839745 -0.13497108 0.65359676
v 0.09823691 -0.13123055 0.63681901
v 0.09921084 -0.14560823 0.63425404
v 0.12637211 -0.13232684 0.61678064
v 0.12064710 -0.09407246 0.61749315
v 0.15764005 -0.10641296 0.59883183
v 0.15111025 -0.14852773 0.59582901
v 0.20012254 -0.16945820 0.56329960
v 0.16955534 -0.18223736 0.56105733
v 0.16947447 -0.17463727 0.56658852
v 0.16772440 -0.16739818 0.57384443
v 0.19679244 -0.14969251 0.57271904
v 0.22168128 -0.16405545 0.55441618
v 0.21730378 -0.13498956 0.56452882
v 0.18471301 -0.12812345 0.58436453
v 0.16326809 -0.15924761 0.58268315
v 0.15982902 -0.17618006 0.56686711
v 0.15301484 -0.17709355 0.56516403
v 0.15797196 -0.17169112 0.57252842
v 0.15118888 -0.17519435 0.56978422
v 0.15427436 -0.16724327 0.57979089
v 0.14780918 -0.17277488 0.57556212
v 0.14120921 -0.16903046 0.58515608
v 0.14658111 -0.16085921 0.59111208
v 0.13802670 -0.17666779 0.55704272
v 0.13152577 -0.17542671 0.56430715
v 0.13221143 -0.17679925 0.57216829
v 0.13881366 -0.17762659 0.56418169
v 0.14149289 -0.17762038 0.55315572
v 0.14219105 -0.17763682 0.56026596
v 0.14052388 -0.16984493 0.54049933
v 0.13271496 -0.16371737 0.55167049
v -0.29777989 -0.38392118 0.11244199
v -0.33797184 -0.36197203 0.03414276
v 0.14409697 -0.17892970 0.55016011
v 0.14514987 -0.17785463 0.55628705
v 0.14649564 -0.17751031 0.56305116
v 0.14580896 -0.17722054 0.56541723
v 0.14241071 -0.17635706 0.57014668
v 0.13603646 -0.17471334 0.57835782
v 0.09825815 -0.15762469 0.62639034
v 0.12197325 -0.15751122 0.61153483
v 0.11893383 -0.16723625 0.60221070
v 0.09652413 -0.16900775 0.61358392
v 0.11565866 -0.17325807 0.59220260
v 0.10899382 -0.11016729 0.56452280
v 0.09404787 -0.17278782 0.60201198
v 0.12532872 -0.13856220 0.55345732
v 0.13054176 -0.12057718 0.54270387
v 0.11793889 -0.15930274 0.56554478
v 0.14823201 -0.16203752 0.52069128
v 0.13855095 -0.14998852 0.53670114
v 0.15647855 -0.15737243 0.50720012
v 0.14500692 -0.13634945 0.52662122
v 0.11470287 -0.17448050 0.58066583
v 0.12480142 -0.14609089 0.61553091
v 0.07022956 -0.14972652 0.64550263
v 0.03892845 -0.14522904 0.65945596
v -0.21653555 0.14648595 0.54672891
v -0.21203582 0.12846982 0.55232650
v -0.18446301 0.13455917 0.55621308
v -0.18987814 0.15079364 0.55156595
v 0.03338422 0.08209425 0.74470705
v 0.03196178 0.11026619 0.72571093
v 0.14190848 -0.17857186 0.56574702
v 0.07688843 -0.62024766 0.19551726
v -0.47451350 0.10275532 0.03890493
v -0.47123632 0.10697634 0.04539722
v -0.52123415 0.23834383 -0.10434294
v 0.16437726 -0.18958741 0.55915952
v 0.14513534 -0.21678968 0.51324165
v 0.13951436 -0.19683184 0.53541315
v 0.20187329 -0.24965972 0.53451842
v 0.17091057 -0.27283686 0.54826868
v 0.15950298 -0.24947011 0.56169361
v 0.18381374 -0.22929463 0.54794550
v 0.14087543 -0.21285851 0.57910061
v 0.15494144 -0.19992818 0.56496578
v -0.55481917 0.25892922 -0.07952841
v 0.14584340 -0.19180502 0.57025188
v 0.13255489 -0.19971901 0.58534032
v 0.12457252 -0.18949483 0.58847064
v 0.13862129 -0.18473649 0.57275963
v 0.10991894 -0.17918749 0.58507460
v 0.08322531 -0.17760615 0.60374135
v 0.07881171 -0.20046043 0.57235366
v 0.10648952 -0.20100474 0.55866891
v 0.12826522 -0.19952880 0.54412246
v 0.12924545 -0.17974420 0.56521606
v -0.52542126 0.28064731 -0.06774317
v -0.51723212 0.29303351 -0.03700119
v -0.51033759 0.28271496 -0.02980047
v -0.51655239 0.26891842 -0.05578481
v 0.11536518 -0.17581515 0.58902758
v 0.13203454 -0.17650545 0.57080030
v 0.08765694 -0.17579372 0.60988963
v 0.14316022 -0.59320855 0.16872409
v 0.13484438 -0.17895439 0.57345057
v 0.11895706 -0.17941403 0.58956635
v 0.09323790 -0.18138385 0.61311823
v 0.10021164 -0.19482653 0.61347646
v 0.10754091 -0.20913100 0.61183965
v 0.11382424 -0.22565456 0.60358393
v 0.12814789 -0.26849756 0.57934219
v 0.13518707 -0.29707119 0.56831628
v 0.08780478 -0.27979231 0.59614849
v 0.09323559 -0.30963224 0.59156275
v 0.08121327 -0.23531838 0.62625402
v 0.07636796 -0.21588360 0.63685620
v 0.07110070 -0.19919015 0.63755983
v 0.06587467 -0.18423523 0.63351262
v 0.02395318 -0.04749130 0.66037863
v 0.03235483 -0.01620577 0.66355008
v 0.02476303 -0.01527718 0.67800659
v 0.04766246 0.00456747 0.71305490
v 0.01067183 -0.02132466 0.69331920
v 0.06601933 0.01611320 0.71170616
v 0.05503534 0.01184625 0.72044402
v 0.06051755 0.02312300 0.72683746
v 0.06855398 0.02746361 0.71987975
v 0.04519292 0.00718892 0.72864711
v 0.05428984 0.02182936 0.73361766
v 0.01980345 -0.00186139 0.74055123
v 0.02662958 0.02044302 0.75616395
v 0.03296027 0.05819509 0.75641042
v 0.02967209 0.03596273 0.76005048
v 0.06234619 0.03379448 0.73115885
v 0.06887775 0.04691955 0.72344631
v -0.56976020 0.25943834 -0.07734381
v 0.07065914 0.06530823 0.70886117
v 0.08566141 0.05306734 0.68591160
v 0.06225590 0.97559130 0.07944191
v 0.06059181 -0.17663880 0.62889701
v 0.05632943 -0.17847568 0.61679900
v -0.46824402 0.02911597 0.04080347
v -0.52332330 0.18716343 -0.04679974
v 0.07731775 -0.26051161 0.52832985
v 0.07719058 -0.23453650 0.54423136
v 0.05105158 -0.23614328 0.55203182
v -0.51313478 0.29583263 -0.02008792
v -0.53546888 0.30554149 -0.02467770
v 0.05165294 -0.26322317 0.53579438
v 0.02976456 -0.17852859 0.62264520
v -0.54801738 0.11836864 -0.10519731
v -0.57040352 0.24907309 -0.09035638
v -0.56002283 0.24151294 -0.08506550
v -0.51885289 0.25362384 0.01021852
v -0.47939020 0.08510059 -0.06869294
v -0.52084929 0.08398274 -0.05741430
v -0.51092494 0.06884222 -0.04625974
v -0.47522935 0.07351912 -0.06261194
v -0.44309050 0.16763519 -0.04049484
v 0.02758682 -0.20078903 0.58726442
v 0.05240463 -0.19988871 0.58171988
v 0.03252770 -0.17718387 0.63702279
v 0.03623506 -0.18605433 0.64352673
v 0.04036775 -0.20161995 0.65020001
v 0.02600971 -0.23841836 0.55574262
v 0.02803949 -0.26456317 0.53996187
v -0.44709584 0.04909438 0.08844268
v 0.13346994 -0.22754353 0.52006507
v -0.49920318 -0.00722542 0.00089281
v -0.50432050 -0.00229836 -0.01559341
v -0.19066024 -0.02272214 -0.41796562
v -0.21120016 0.04550608 -0.45674098
v -0.55494082 0.11700491 -0.12353695
v 0.13891989 -0.24775405 0.50656486
v 0.10683101 -0.23332579 0.53365952
v 0.10955151 -0.25824454 0.51847208
v 0.05122465 -0.31040162 0.60866243
v 0.04813699 -0.28170398 0.60631382
v 0.04360856 -0.22097492 0.65023863
v 0.04459605 -0.24200554 0.63868731
v 0.13438182 0.90677071 -0.35981721
v 0.39388952 0.62310976 0.30050156
v 0.38586503 0.57910097 0.34747481
v -0.52507222 0.26513082 -0.04335660
v 0.34074971 0.62342876 0.39400303
v 0.35179296 0.65894246 0.35113758
v 0.39844242 0.67513525 0.25208700
v 0.35599089 0.70439243 0.30486861
v 0.24206008 0.92731655 -0.04868166
v 0.24526554 0.91567725 0.04128055
v 0.13137968 0.96041685 0.07056941
v 0.21300085 0.94038618 -0.13747308
v 0.28694713 0.88768309 -0.19738755
v 0.29964450 0.89217049 -0.07386464
v 0.29893476 0.88297945 0.02189831
v -0.47911486 0.02781901 0.03401439
v -0.46963075 -0.00838314 0.03558969
v -0.46073344 -0.00775209 0.04619445
v -0.49367976 0.20591553 -0.03514678
v 0.14514861 -0.33729672 -0.40692085
v 0.32550851 0.45084003 -0.51102281
v 0.29166663 0.87097961 0.10861517
v 0.24262871 0.89990360 0.12834804
v 0.24183348 0.87807536 0.20670687
v 0.28594989 0.85434252 0.18260419
v 0.13220593 0.94247317 0.16220526
v 0.06349308 0.95563728 0.17536037
v 0.11443470 0.22073030 -0.60464853
v 0.02809186 0.17983863 0.67951041
v 0.28067291 -0.12769301 -0.27504659
v 0.34280983 -0.13478096 -0.16439776
v 0.35542530 -0.45026284 -0.06878296
v 0.42619884 -0.01644578 -0.02451363
v 0.42414421 -0.01300594 -0.03010592
v 0.36377713 -0.23643650 -0.06564469
v 0.37491566 -0.15174642 -0.05926665
v 0.22395954 -0.11673234 -0.34723893
v 0.48235020 0.05437747 -0.08918133
v 0.48731747 0.07735896 -0.09657920
v 0.48997265 0.04677412 -0.08764218
v 0.49589124 0.07141270 -0.09519570
v 0.49864870 0.09649666 -0.09825110
v 0.49273556 0.03508509 -0.08407618
v 0.48332158 0.27169022 -0.02061874
v 0.49100268 0.28194374 -0.01475674
v -0.48187652 0.03982224 -0.07484428
v -0.48150769 0.05654337 -0.08179528
v 0.42216077 -0.02597160 0.00214891
v 0.42151082 -0.02146671 -0.00844068
v -0.40390635 0.11761954 -0.01413204
v 0.41738680 -0.02231114 -0.00376181
v 0.41634968 -0.02645517 0.00461621
v 0.42097834 -0.03200724 0.01150798
v 0.41654271 -0.03048164 0.01102104
v 0.49419427 0.38342121 0.03161138
v 0.41274545 -0.02413132 -0.01624092
v 0.41964251 -0.01270274 -0.02829034
v 0.42003202 -0.01830524 -0.01802722
v 0.41579852 -0.02280507 -0.01033160
v 0.41504231 -0.02939616 0.00219494
v 0.41520962 -0.03556047 0.01272885
v 0.41798687 -0.03824709 0.01653457
v -0.49091023 0.00359438 -0.05917925
v -0.46972936 -0.02794460 -0.02196253
v -0.35860941 -0.33703211 -0.04257428
v -0.34343156 -0.30870458 -0.13157904
v -0.34432709 -0.37955737 -0.12960985
v -0.35399079 -0.41157207 -0.04559657
v -0.45888454 0.13543229 0.08369140
v -0.46553710 0.09308315 0.06726752
v -0.45766222 0.08498822 0.07866030
v 0.49380794 0.02951541 -0.08604460
v 0.44934487 -0.03451253 -0.01463941
v -0.15172552 -0.50130755 0.23245658
v -0.12772806 -0.56542021 0.19556841
v 0.48941916 0.22064969 -0.05729873
v 0.48766130 0.21057899 -0.06598263
v 0.50218576 0.22045113 -0.07542260
v 0.50377840 0.23341390 -0.06719764
v 0.35305932 0.11341336 -0.34891027
v 0.37408522 0.17907637 -0.38267651
v 0.06759857 -0.32779026 -0.43389601
v 0.07080305 -0.25240231 -0.42242077
v 0.47097355 0.37557465 -0.27286094
v 0.48986229 0.23057191 -0.04801165
v 0.50494593 0.24411020 -0.05839734
v 0.49078992 0.10217739 -0.09771376
v 0.47879586 0.22893974 -0.04709803
v 0.47922653 0.21919887 -0.05610241
v 0.51229954 0.25515506 -0.06940144
v 0.51150769 0.24183495 -0.07942297
v 0.51010758 0.22724208 -0.08796719
v 0.47859314 0.20941150 -0.06525496
v -0.45157364 0.04984581 0.11160163
v -0.45298591 0.03994920 0.17553043
v -0.46336010 0.13893126 0.17875865
v -0.46027184 0.10962538 0.11789116
v 0.47282705 0.26848412 -0.06000399
v 0.49932438 0.56038827 -0.10876632
v 0.48779795 0.52691168 -0.19987512
v 0.46897846 0.66689336 -0.12464133
v 0.45996359 0.63997680 -0.22188249
v 0.42866659 0.60708565 -0.32502460
v 0.45572358 0.48776942 -0.30550790
v 0.47794139 0.27187607 -0.02681138
v 0.49848804 0.28604060 -0.01880558
v 0.39851728 0.71661335 0.20390889
v 0.43057430 0.68674487 0.15573746
v 0.35603350 0.74302584 0.26118660
v 0.35131165 0.77587306 0.21881057
v 0.38992783 0.75466257 0.16058727
v 0.43582845 0.71594197 0.08229663
v 0.51054424 0.49915159 -0.01679756
v 0.49656391 0.59169054 -0.01770103
v 0.48055297 0.61421853 0.06841432
v -0.38489571 0.32120016 0.41671553
v -0.39731619 0.33070871 0.38722751
v -0.40228537 0.26864016 0.38320357
v -0.38733268 0.27274781 0.40922475
v 0.46198621 0.69395596 -0.02662203
v 0.40485942 0.77413791 0.04431161
v 0.42547351 0.75764018 -0.04845838
v 0.35949343 0.82978940 0.02200624
v 0.37219754 0.82481176 -0.06979622
v 0.37119779 0.81776261 -0.17123042
v 0.43329805 0.73887140 -0.14337933
v 0.37513012 0.78948760 0.12265971
v 0.33868033 0.80568284 0.18501224
v 0.34149176 0.83007145 0.10185829
v 0.32292366 0.83144170 0.15702079
v 0.46704578 0.62354761 0.11393388
v 0.39635900 -0.05658963 0.00324081
v 0.40626678 -0.06501191 0.03562048
v -0.12494758 0.68387973 0.54333991
v -0.06053210 0.68683231 0.55618501
v -0.06234541 0.73648173 0.52399355
v -0.12802075 0.73243988 0.50889516
v 0.43658727 0.00032402 0.09210361
v -0.22545812 0.09282695 -0.48858124
v -0.23716821 0.15788819 -0.51872224
v -0.11801527 0.13985492 -0.56877780
v -0.11065008 0.08004981 -0.53426093
v 0.44119257 0.13771294 0.31238014
v 0.43983704 0.21943925 0.30003360
v 0.45849302 0.17333931 0.23423912
v 0.44913459 0.08703731 0.24977100
v -0.13225988 0.85706633 0.37865531
v -0.06494638 0.86489242 0.39612609
v -0.06587040 0.90003020 0.33356327
v -0.13365744 0.88955235 0.31753552
v -0.34304905 0.13762414 0.49106768
v -0.35711995 0.09991772 0.48977676
v -0.33234772 0.09505430 0.51254809
v -0.32055333 0.13327017 0.50955540
v 0.43023369 0.30976361 0.29422522
v 0.45251712 0.26534209 0.22932936
v 0.45303059 0.35813478 0.22123995
v 0.43032551 0.40336147 0.29704109
v 0.37538734 0.57840306 -0.42577037
v 0.39282680 0.47214648 -0.42389157
v -0.46603221 -0.03745368 0.04925010
v -0.45930672 -0.03384300 0.05611712
v 0.39738214 0.39184916 -0.41589558
v 0.30568701 0.49506193 0.50081050
v -0.06663276 0.92950791 0.25882801
v -0.13522291 0.91741031 0.24521491
v 0.12954004 0.72428751 -0.55346090
v 0.29299471 0.64829391 0.44163767
v 0.32288381 0.70993996 -0.41882768
v -0.00704548 -0.25106212 -0.42875361
v 0.24691872 0.75343168 -0.46291366
v 0.42409864 0.71332067 -0.23820642
v 0.40035146 0.68345720 -0.32462919
v 0.35229099 0.64835095 -0.42223883
v 0.39159808 0.29075229 -0.40775350
v 0.29289448 0.83019072 0.23088536
v 0.36285332 0.27615938 0.44892678
v 0.35764295 0.24790072 0.44112787
v 0.36433220 0.30642518 0.46100032
v 0.34595177 0.21776599 0.44790503
v 0.09943537 0.15101507 0.59099942
v 0.09709603 0.13727617 0.60184461
v 0.09446610 0.12212273 0.61135566
v 0.11929115 0.12023549 0.58782494
v 0.11527165 0.10095343 0.59669292
v 0.07661587 0.11835283 0.64089143
v 0.07770159 0.13720205 0.62869233
v 0.09240688 0.10300522 0.62058455
v 0.09073191 0.08216727 0.62709236
v 0.07659598 0.09873500 0.65171796
v 0.11322276 0.00752796 0.59375829
v 0.11928816 0.03794302 0.59152520
v 0.10569291 0.06217363 0.60443532
v 0.13868348 0.08442496 0.58791435
v 0.13053541 0.06317939 0.59264755
v 0.11000606 0.08305313 0.60209888
v 0.14606094 0.10536705 0.57850105
v 0.09712800 0.06139027 0.63960654
v 0.10569168 0.03960227 0.65806323
v 0.07911098 0.07554574 0.66705817
v 0.06794233 0.08690412 0.68970156
v 0.06485266 0.11128888 0.67333061
v 0.12325992 0.13521881 0.57815784
v 0.15128624 0.12263267 0.56912261
v 0.15362166 0.04302459 0.59025300
v 0.18240090 0.02344169 0.58837968
v 0.16620253 0.07069909 0.58324349
v 0.19520541 0.05494020 0.58015633
v 0.17411104 0.09337081 0.57311445
v 0.20336457 0.07978518 0.56984735
v 0.20945251 0.00030518 0.58388817
v 0.23323545 -0.02398125 0.57538843
v 0.25529015 -0.05765422 0.56065905
v 0.25279576 0.00986334 0.56706303
v 0.27759069 -0.02341458 0.55202860
v 0.26499140 0.04374191 0.55816329
v 0.29547027 0.01284153 0.54251701
v -0.07390836 0.18810138 0.59244430
v -0.07644910 0.20106497 0.57785332
v -0.09996320 0.17951472 0.56948042
v -0.09797203 0.16614169 0.58162540
v -0.04735029 0.49971423 0.62424302
v -0.05320895 0.55512780 0.61153477
v -0.11106623 0.55782527 0.60193664
v -0.10140007 0.50313723 0.61636913
v 0.22524300 0.03515921 0.57544440
v 0.23595701 0.06283621 0.56551188
v 0.20957620 0.10378218 0.55929482
v 0.18066075 0.11380667 0.56273371
v 0.27018490 0.11365167 0.54057693
v 0.27070072 0.07860919 0.54939318
v 0.24059436 0.09231899 0.55570459
v 0.24210958 0.12092889 0.54601949
v 0.30484951 0.05634386 0.53449130
v 0.30169457 0.10397551 0.52958536
v 0.29426032 0.13497762 0.52185428
v 0.20148063 0.17163609 0.54634714
v 0.16972598 0.17516378 0.55060971
v 0.22484632 0.17067923 0.54054290
v 0.26655215 0.13841453 0.53210801
v 0.24324411 0.14145908 0.53884119
v 0.31772143 0.18382336 0.48351327
v 0.30361271 0.17674606 0.49720836
v 0.26540256 0.17073894 0.52296150
v 0.24649957 0.17007603 0.53251863
v 0.28493157 0.17310509 0.51112050
v 0.14061214 0.18476212 0.55204529
v 0.11245472 0.19856992 0.55318415
v 0.33727869 -0.21528766 -0.15664683
v 0.06173652 0.13261564 0.66114324
v 0.06086380 0.15334646 0.64823866
v 0.09559050 0.30476844 0.58585221
v 0.08206262 0.28756341 0.57525337
v 0.04635725 0.28607252 0.61262631
v 0.12289946 0.32797110 0.60367185
v 0.08983654 0.21623868 0.55607975
v -0.12934475 0.16341729 0.56087106
v -0.12554321 0.15070511 0.56971616
v 0.08040895 0.23112084 0.55774039
v 0.07349658 0.25126833 0.56080747
v 0.07429971 0.26924765 0.56733841
v -0.06306858 0.78272927 0.48651725
v -0.12979360 0.77789766 0.46960726
v -0.13039242 0.97464764 -0.07386236
v -0.13274367 0.97160155 -0.01904364
v -0.06334730 0.98625886 -0.02149495
v -0.07069926 0.98743385 -0.10190322
v 0.19559257 0.41787919 0.60828537
v 0.17970176 0.37285569 0.62288558
v 0.36634704 0.53389663 0.40325156
v 0.39339769 0.48139054 0.37579098
v 0.32367614 0.40099639 0.51251155
v 0.34507349 0.37394282 0.49253383
v 0.36002880 0.34098125 0.47437811
v 0.40796742 0.40833396 0.35326761
v 0.41239312 0.32834306 0.34306681
v 0.41958791 0.25055972 0.34434128
v -0.42718089 0.16906354 -0.25728583
v -0.44924837 0.15584719 -0.16053972
v -0.46763074 0.23075725 -0.16607590
v -0.45634565 0.27049038 -0.26977423
v 0.30522436 0.72971618 0.36016017
v -0.22039597 -0.45708865 0.18123659
v -0.20035078 -0.52354342 0.15148979
v -0.00694664 -0.32576895 -0.43855092
v 0.30469802 0.76827729 0.31890738
v 0.30140927 0.68762201 0.40218917
v 0.24360566 0.85302848 0.26731128
v 0.24650629 0.82414818 0.32084265
v 0.30025062 0.80146182 0.27574813
v 0.25008205 0.78929561 0.36585158
v 0.25139117 0.74972242 0.40593329
v 0.24715056 0.70718300 0.44741386
v 0.24111742 0.66493708 0.48423061
v 0.23253138 0.60983002 0.52438098
v 0.27147409 -0.19890045 -0.26464793
v 0.04930268 0.05634499 0.63705850
v 0.04498126 0.05701879 0.64126927
v -0.33813232 0.46364883 0.47197744
v -0.34945670 0.50086153 0.44686547
v -0.37342352 0.45680320 0.42138603
v -0.35963270 0.42526847 0.44829118
v 0.04390169 0.05328096 0.63447595
v 0.03952422 0.05445541 0.63849533
v 0.03857919 0.04589045 0.63625115
v 0.04471191 0.00126719 0.65010881
v 0.03833685 0.01294218 0.64421111
v 0.03583748 0.03382532 0.63782555
v 0.42526197 -0.03950187 0.07505219
v -0.03891977 0.41240335 0.64346063
v -0.08733572 0.41443127 0.64076704
v -0.07607675 0.37350684 0.64065975
v -0.03460648 0.37194780 0.64283741
v -0.38676697 0.22555558 0.41083655
v -0.40463942 0.20890903 0.39109173
v -0.39840031 0.15491883 0.41891530
v -0.37936121 0.17966354 0.43277091
v -0.35918695 0.14726514 0.47116405
v -0.37499708 0.11115301 0.46703371
v -0.11954779 0.62023699 0.57897633
v -0.05742288 0.62137204 0.59026641
v -0.38947985 0.39766985 0.39890915
v -0.37560174 0.37585285 0.42891482
v -0.05540838 0.20713079 0.60665661
v -0.06058344 0.21833892 0.58786678
v -0.04333232 0.24864933 0.60594916
v -0.02464041 0.23974009 0.63606650
v -0.02322432 0.26525477 0.62751341
v -0.04134167 0.26795197 0.60967588
v -0.21287522 0.50665206 0.57185209
v -0.22391565 0.55684340 0.55305499
v -0.27181515 0.55046976 0.51718694
v -0.26157385 0.50400764 0.53835386
v -0.13125086 0.81926090 0.42790264
v -0.06391082 0.82515281 0.44525579
v -0.02747749 0.32399222 0.63272434
v -0.05670245 0.32599020 0.62515217
v -0.04750978 0.30497050 0.61677247
v -0.02545752 0.30345508 0.62734646
v -0.15429130 0.14076984 0.56172210
v -0.15939471 0.15520047 0.55579996
v -0.41378036 -0.03902254 0.02869483
v -0.42408824 -0.04689168 0.03388355
v -0.47864944 0.24635717 0.10310800
v -0.46276787 0.17745419 0.11217058
v -0.46799442 0.22637938 0.17564857
v -0.47207394 0.31060603 0.16382480
v -0.48263893 0.38465384 0.14609933
v -0.49312216 0.44196880 0.11996682
v -0.49336731 0.34672290 0.06869321
v -0.48747003 0.30521843 0.09118783
v -0.31040293 -0.35420924 -0.20508111
v -0.29846197 -0.28840560 -0.21709342
v -0.02361872 0.21871065 0.65069145
v -0.02330928 0.19897127 0.66535729
v -0.13192932 0.40920103 -0.63190347
v -0.12923558 0.32130843 -0.62476408
v -0.25279167 0.34506798 -0.56686085
v -0.25356108 0.42795953 -0.57235765
v -0.40886551 0.10149271 -0.23533359
v -0.43855193 0.09756467 -0.14637023
v -0.06363100 0.02587688 0.65839934
v -0.04549284 0.05372649 0.63030219
v -0.04763247 0.03228719 0.62850308
v -0.04574700 0.04958725 0.62960839
v -0.06618958 0.01137676 0.66993815
v -0.08072950 0.00834380 0.67893332
v -0.05190918 0.00986299 0.63020945
v -0.04719177 0.01112674 0.63306677
v -0.04347257 0.03398107 0.63011527
v -0.05181451 0.05602783 0.63417137
v -0.01040404 -0.01668538 0.71065593
v -0.01440943 -0.00858391 0.72982687
v -0.03741592 0.00190597 0.72188145
v -0.02712766 -0.00671304 0.70819587
v -0.03394041 0.05044183 0.63847685
v -0.02862510 0.03610888 0.64428437
v -0.03046406 0.02215130 0.68511367
v -0.04251483 0.04572005 0.66248459
v -0.04491997 0.05811102 0.64613086
v -0.04138870 0.02637973 0.68100482
v -0.03367819 -0.00787588 0.66229004
v -0.05235972 0.02756350 0.67109156
v -0.50195968 0.04999652 -0.00580293
v -0.35752273 -0.26333466 0.07303547
v -0.38572255 -0.16700765 0.04240678
v -0.37661511 -0.16486874 0.01031180
v -0.35752022 -0.26408324 0.02398530
v -0.50831622 0.20200528 -0.04129189
v -0.42803049 0.50464696 0.30641705
v -0.43737802 0.58214015 0.25400466
v -0.47626403 0.51314723 0.17872715
v -0.46951294 0.44298357 0.20499513
v -0.43872279 0.64514148 0.20680496
v -0.48007879 0.58398384 0.13803083
v -0.50561672 0.51036537 0.07510588
v -0.50905395 0.38518211 -0.01687014
v -0.26317024 0.23214304 0.53057230
v -0.26524013 0.23043066 0.53032762
v -0.25598311 0.22771168 0.53786421
v -0.25442952 0.22961017 0.53833324
v -0.26054147 0.23269738 0.52862298
v -0.25292489 0.22965072 0.53448534
v -0.26699370 0.23526540 0.52398962
v -0.26985630 0.23437777 0.52549845
v -0.27125728 0.23255637 0.52477598
v -0.15863848 0.23184837 0.55296433
v -0.16029893 0.23275892 0.54818112
v -0.17527489 0.22972456 0.55336028
v -0.17538297 0.22837532 0.55965972
v -0.15801494 0.22983386 0.55407214
v -0.17670365 0.22557919 0.55919951
v -0.15082817 0.24108601 0.51409793
v -0.14939804 0.24478801 0.51471555
v -0.15703677 0.23539990 0.51526499
v -0.14353485 0.24548052 0.53238571
v -0.14327009 0.25106764 0.53481799
v -0.14747253 0.25523767 0.51732683
v -0.14814177 0.24858728 0.51500040
v -0.14448792 0.24142310 0.53316820
v -0.13514778 0.24031208 0.53662342
v -0.13358757 0.24336492 0.53539532
v -0.13407154 0.24751431 0.53915828
v -0.20739648 0.21947117 0.55915874
v -0.20964760 0.21550420 0.55727142
v -0.18013957 0.21766789 0.55824542
v -0.17875648 0.22179900 0.55874437
v -0.20541938 0.22289895 0.55989134
v -0.22602008 0.22390851 0.55589139
v -0.22867234 0.22063997 0.55411214
v -0.23013557 0.21710850 0.55176294
v -0.15800560 0.22314128 0.55444527
v -0.15757255 0.22705890 0.55428612
v -0.23125678 0.21291612 0.54899663
v -0.21100141 0.21139497 0.55401385
v -0.18121205 0.21285312 0.55633539
v -0.15786470 0.21937788 0.55486149
v -0.13787679 0.22819670 0.55031735
v -0.14202213 0.23034608 0.55022901
v -0.21143165 0.20647611 0.55193597
v -0.21143541 0.20049480 0.55157793
v -0.18008062 0.20230976 0.55504107
v -0.18087520 0.20773539 0.55454826
v -0.23164473 0.20752281 0.54608613
v -0.23134927 0.20136166 0.54488248
v -0.28163749 0.23349626 0.51248068
v -0.28511167 0.23587236 0.50801593
v -0.28611445 0.23174244 0.50665557
v -0.28444773 0.22947247 0.50902772
v -0.30589554 0.21392304 0.48346424
v -0.31124070 0.22262046 0.47894874
v -0.32475305 0.21650045 0.46804029
v -0.31726331 0.20705049 0.47564030
v -0.37194508 0.15971746 0.45105007
v -0.33017141 0.19247817 0.47051966
v -0.33968458 0.20297933 0.45826754
v -0.27773607 0.23123169 0.51758450
v -0.27285329 0.22943519 0.52347964
v -0.27621654 0.23443599 0.51914495
v -0.28017667 0.23649389 0.51439303
v -0.28079641 0.22733998 0.51424813
v -0.27541125 0.22529584 0.52103162
v -0.26726282 0.22755799 0.52929401
v -0.26983905 0.22318259 0.52726096
v -0.26019102 0.22067364 0.53516787
v -0.25817701 0.22485782 0.53656399
v -0.24480876 0.22271128 0.54520279
v -0.24252154 0.22570591 0.54694271
v -0.24631657 0.21874177 0.54358655
v -0.26176757 0.21584797 0.53346056
v -0.24856746 0.21416172 0.54129630
v -0.27205661 0.21844873 0.52405030
v -0.27831641 0.22108267 0.51645964
v -0.28360507 0.22354794 0.50956815
v -0.28787574 0.22584794 0.50468582
v -0.29060003 0.22947183 0.50194699
v -0.28750095 0.21878110 0.50338084
v -0.29237333 0.21399979 0.49760458
v -0.28425586 0.21046248 0.50641519
v -0.28125748 0.21611424 0.51101768
v -0.29295641 0.22199778 0.49775469
v -0.29865223 0.21811350 0.49072990
v -0.27352875 0.21392432 0.51990569
v -0.27515239 0.20848066 0.51594043
v -0.26276368 0.20569304 0.52720839
v -0.26248717 0.21154571 0.53108329
v -0.25105196 0.20897074 0.53880173
v -0.25102645 0.20288883 0.53553414
v -0.20374289 0.22567344 0.56048745
v -0.20160227 0.22660719 0.55546230
v -0.22206683 0.22783549 0.55205876
v -0.22362702 0.22662462 0.55705553
v -0.24038354 0.22789663 0.54753411
v -0.23910537 0.22911146 0.54333860
v -0.22128078 0.21992481 0.53570133
v -0.21533482 0.22413981 0.51123780
v -0.23393503 0.22494251 0.50642014
v -0.24242088 0.22182563 0.52942246
v -0.19734120 0.21810621 0.53836834
v -0.19418611 0.22596684 0.51502073
v -0.17430575 0.22162168 0.53938717
v -0.17339164 0.23016787 0.51564407
v -0.15866652 0.23135248 0.53871906
v -0.21740687 0.29524195 0.57266319
v -0.21865244 0.29966161 0.57344401
v -0.24574821 0.29550883 0.56689626
v -0.24359462 0.29080322 0.56592047
v -0.31866655 0.17389886 -0.45351663
v -0.32537055 0.26999822 -0.48271608
v -0.24719134 0.24496140 -0.54712558
v -0.26355907 0.27201986 0.55523628
v -0.26460841 0.27868468 0.55533820
v -0.27882832 0.27245918 0.54341877
v -0.27665335 0.26644444 0.54317254
v -0.26231626 0.26542437 0.55387866
v -0.27424243 0.26076022 0.54081160
v -0.24338001 0.27102906 0.56541353
v -0.24416403 0.27842438 0.56687051
v -0.24407972 0.28524649 0.56606978
v -0.27521151 0.26200044 0.50701934
v -0.26917908 0.27157858 0.51267779
v -0.26750416 0.25785431 0.52854860
v -0.27214214 0.25312600 0.52083892
v -0.27837878 0.25785354 0.50225824
v -0.27549428 0.25037074 0.51489246
v -0.27399641 0.26314294 0.48069683
v -0.26913851 0.26822779 0.48533705
v -0.26168242 0.27481568 0.49211380
v -0.27676791 0.25884923 0.47803319
v -0.27830434 0.25464466 0.47687215
v -0.27771080 0.24976774 0.47622070
v -0.27568904 0.24498047 0.47784641
v -0.38883644 0.06009427 0.44932038
v -0.38878578 0.12810533 0.44341677
v -0.40486360 0.07971658 0.42218828
v -0.27420112 0.23631005 0.52026266
v -0.27812400 0.23852828 0.51561642
v -0.27085727 0.23727672 0.51967835
v -0.27340940 0.23906966 0.51635981
v -0.28105894 0.24095286 0.51080751
v -0.28415397 0.23903580 0.50906742
v -0.26351258 0.22684498 0.51532173
v -0.25970379 0.23008320 0.49506927
v -0.26670989 0.23376992 0.48978490
v -0.26928797 0.23293504 0.50824928
v -0.25650769 0.22269575 0.52102900
v -0.24863537 0.22662376 0.50060970
v -0.27051082 0.23712866 0.48554212
v -0.27345389 0.24114589 0.48096237
v -0.27297986 0.23595619 0.50481910
v -0.27582517 0.23942554 0.50007588
v -0.27584687 0.24168305 0.51259911
v -0.27949533 0.24709785 0.49619141
v -0.28014815 0.25025487 0.49702826
v -0.27767074 0.24344753 0.50842720
v -0.28018141 0.24669795 0.50490522
v -0.27813289 0.24378462 0.49675483
v -0.27973157 0.25405335 0.49885133
v -0.27806303 0.24820332 0.50895584
v -0.28780055 0.23560514 0.50481617
v -0.28691837 0.24146158 0.50527167
v -0.29302418 0.24694842 0.50060129
v -0.29214093 0.23464347 0.50029951
v -0.29917425 0.23415655 0.49340227
v -0.29654256 0.22663015 0.49418852
v -0.30204290 0.24962674 0.49631998
v -0.31133780 0.25325894 0.49160868
v -0.30722946 0.23466656 0.48634160
v -0.30276227 0.22518176 0.48712760
v -0.28334981 0.24322183 0.50694937
v -0.28585649 0.24554044 0.50467032
v -0.29779974 0.25429147 0.50601083
v -0.30427793 0.25954443 0.50466973
v -0.28951654 0.25058135 0.50830668
v -0.28608781 0.25270125 0.51807290
v -0.29290468 0.25768462 0.51843125
v -0.29748288 0.26312992 0.51859105
v -0.28616822 0.26138660 0.53051966
v -0.28966245 0.26727465 0.53086722
v -0.28113940 0.25622222 0.52873200
v -0.28280446 0.24809366 0.50998771
v -0.27957153 0.24991922 0.51686215
v -0.27562290 0.25248325 0.52543032
v -0.27057481 0.25579077 0.53557789
v -0.26071504 0.26126358 0.54941690
v -0.25793421 0.26472554 0.54174578
v -0.24249008 0.26523593 0.56133580
v -0.24104831 0.27009097 0.55482340
v -0.22199853 0.30591637 0.57667637
v -0.25317970 0.30367047 0.56916147
v -0.24015756 0.28620663 0.53505582
v -0.22922722 0.28556609 0.51323789
v -0.21243952 0.28646222 0.52219677
v -0.21756130 0.28855360 0.54704076
v -0.14510022 0.25300348 0.53715736
v -0.14749864 0.25848562 0.54145437
v -0.15007666 0.26667061 0.52251482
v -0.14694229 0.25971019 0.51872343
v -0.13961691 0.24934664 0.54361761
v -0.14757194 0.25390035 0.54855895
v -0.16851647 0.27884603 0.55292803
v -0.17198308 0.28113693 0.52785647
v -0.15617707 0.27585137 0.52614248
v -0.15464544 0.26885220 0.54801732
v -0.17529930 0.26588693 0.56185734
v -0.15875009 0.25915897 0.55511636
v -0.21828465 0.27250323 0.56281883
v -0.13692793 0.63720584 -0.59746748
v -0.13585976 0.53726411 -0.62389374
v -0.25183356 0.54634362 -0.56218421
v -0.24939948 0.63321334 -0.53985959
v -0.25938803 0.28045753 0.52240127
v -0.24748760 0.28104779 0.50285649
v -0.30606616 0.63707775 -0.48476455
v -0.29978147 0.69251889 -0.46340075
v -0.24981205 0.70695937 -0.50180173
v -0.22567581 -0.20815511 -0.32743573
v -0.16315228 -0.26790375 -0.38118893
v -0.13460836 0.24765031 0.55139875
v -0.14411969 0.25285149 0.55645108
v -0.12837212 0.24401467 0.54679769
v -0.12134247 0.24395683 0.54879290
v -0.12743185 0.24932177 0.55299538
v -0.13707389 0.25617182 0.55893630
v -0.15599447 0.25906995 0.56184053
v -0.15041563 0.26340833 0.56578356
v -0.17043978 0.27084079 0.57177132
v -0.17477819 0.26596230 0.56816369
v -0.21798162 0.26844394 0.56948090
v -0.21667957 0.27384263 0.57269967
v -0.16688409 0.27773917 0.57283545
v -0.14612277 0.26964307 0.56649977
v -0.16433923 0.28478912 0.57253957
v -0.14439327 0.27777076 0.56547397
v -0.21543519 0.28887963 0.57279605
v -0.21552844 0.28112438 0.57375896
v -0.14195618 0.23273069 0.54936379
v -0.12457959 0.23659882 0.54664916
v -0.14358200 0.23512067 0.54718590
v -0.13013157 0.23853257 0.54466271
v -0.14870866 0.23564935 0.54227763
v -0.12631300 0.24099426 0.54402924
v -0.11944936 0.23966876 0.54606128
v -0.14789025 0.23711433 0.53463322
v -0.12081921 0.25348818 0.55061918
v -0.11413690 0.24502236 0.54790306
v -0.11262090 0.25751406 0.54784685
v -0.10628627 0.24615371 0.54595327
v -0.12523393 0.27014887 0.55505431
v -0.13119482 0.26233771 0.55668867
v -0.11239567 0.23805122 0.54607427
v -0.11632245 0.23470958 0.54681844
v -0.10558914 0.23721127 0.54526383
v -0.10981499 0.23272584 0.54559660
v -0.15646033 0.21527717 0.55474567
v -0.15416031 0.21080624 0.55392551
v -0.13354394 0.22441617 0.55098653
v -0.12942384 0.22055678 0.55024958
v -0.20940329 0.19320609 0.54943866
v -0.23016436 0.19464618 0.54331297
v -0.20499627 0.18527511 0.54742199
v -0.22749850 0.18506844 0.54130471
v -0.17338565 0.18796347 0.55205667
v -0.17745124 0.19542977 0.55345362
v -0.19571598 -0.56948727 0.13592511
v -0.29815570 0.20820630 0.49232629
v -0.30721697 0.19910975 0.48688725
v -0.29511827 0.19361185 0.49808556
v -0.28851199 0.20455837 0.50201410
v -0.27768338 0.20129240 0.51206970
v -0.28078556 0.18944162 0.51109159
v -0.26419875 0.18734784 0.52241099
v -0.26398456 0.19842826 0.52366263
v -0.25062907 0.19603251 0.53329718
v -0.24809743 0.18607719 0.53176814
v -0.31729648 0.23279190 0.47628874
v -0.32670918 0.25330570 0.47695515
v -0.33059567 0.22843365 0.46425602
v -0.34214315 0.25218180 0.46188363
v -0.10242774 0.26343590 0.54920006
v -0.09727074 0.24886838 0.54553986
v -0.08835798 0.26838967 0.55542499
v -0.08504897 0.25184175 0.55069160
v -0.09848909 0.28652447 0.56497121
v -0.11268135 0.28216639 0.55839145
v -0.09953263 0.23696199 0.54517698
v -0.10367729 0.23023956 0.54512763
v -0.09072800 0.23571861 0.54744631
v -0.09727718 0.22651438 0.54688025
v -0.15056378 0.20435396 0.55297053
v -0.14589892 0.19736414 0.55215758
v -0.12444726 0.21583009 0.54958808
v -0.11821888 0.20990485 0.55055231
v -0.30678177 0.10457376 -0.42219281
v -0.33052918 0.36989635 -0.49751204
v -0.30563781 0.33432612 0.55069053
v -0.28938389 0.31441325 0.55560374
v -0.26466486 0.31990641 0.57115114
v -0.27865586 0.34320906 0.57164025
v -0.31958941 0.36466947 0.53781414
v -0.33663285 0.34459853 0.51817071
v -0.32242036 0.32162020 0.53087384
v -0.30677673 0.30502698 0.53863710
v -0.33256876 0.27110142 0.48617572
v -0.32053417 0.26978457 0.49724349
v -0.32115120 0.28117231 0.50792474
v -0.33313286 0.28640577 0.49811110
v -0.34741062 0.27363810 0.46967587
v -0.34960577 0.29586995 0.48236352
v -0.32928744 0.30238220 0.51320314
v -0.31573653 0.29242030 0.52256739
v -0.34486613 0.31809968 0.50085604
v -0.15029238 0.31673265 0.58463210
v -0.15711664 0.30824488 0.57673830
v -0.13595629 0.29603603 0.56718844
v -0.12462653 0.29966173 0.57162082
v -0.14248551 0.32486603 0.59164417
v -0.11224616 0.30322874 0.57659423
v -0.23683810 0.34800473 0.59167969
v -0.22811294 0.32318068 0.58398402
v -0.16190512 0.29027477 0.57195193
v -0.14633082 0.28324637 0.56756830
v -0.16192718 0.29507107 0.57123977
v -0.14466505 0.28655851 0.56544471
v -0.35023379 0.75601721 -0.34403518
v -0.36692563 0.79080224 -0.26327372
v -0.27027264 0.86686218 -0.30455250
v -0.26369792 0.82214814 -0.38570258
v -0.26542744 0.28335637 0.55505496
v -0.26679671 0.28917080 0.55654901
v -0.28314888 0.28354803 0.54385287
v -0.28022799 0.27735475 0.54288352
v -0.29182816 0.27260602 0.53054541
v -0.29598242 0.27849042 0.52994579
v -0.30510965 0.27244553 0.51677155
v -0.30037248 0.26814562 0.51799339
v -0.30545089 0.26555073 0.50904387
v -0.30974856 0.26633793 0.50541449
v -0.14333914 0.29206985 0.56804419
v -0.16012515 0.29910192 0.57313746
v -0.31776291 0.56108105 -0.49814042
v -0.28285086 0.59902924 0.48682985
v -0.32797748 0.57855946 0.44486561
v -0.31531271 0.53607613 0.47830322
v -0.27528954 0.29814848 0.55750525
v -0.29249254 0.29208428 0.54264277
v -0.30461803 0.28500044 0.52770221
v -0.31189358 0.27683091 0.51470679
v -0.31482059 0.27083054 0.50583076
v -0.45269716 0.06730010 0.07849020
v -0.45765018 0.06855953 0.06761961
v -0.49942788 0.12792069 -0.09084361
v -0.48562279 0.17301694 -0.07946692
v -0.47823271 0.19640826 -0.07128481
v -0.49762133 0.24479857 -0.00598579
v -0.51783305 0.26487881 -0.02200708
v -0.51776761 0.01816137 -0.05050090
v -0.50357097 0.00909037 -0.02411637
v -0.51905727 0.02332492 -0.05430859
v -0.55642903 0.24373156 -0.08704489
v -0.55746776 0.23196971 -0.09542611
v -0.56185675 0.23004685 -0.09360511
v -0.26229069 -0.02571971 -0.35776848
v -0.28883323 0.05244339 -0.39349133
v -0.55860895 0.21872288 -0.10325252
v -0.47073439 0.09741963 0.05151503
v -0.50676978 0.12265693 -0.09256035
v -0.51678234 0.11863756 -0.10432170
v -0.51714832 0.08652488 -0.10634270
v -0.51448441 0.08929645 -0.10091358
v -0.51153010 0.05474513 -0.09540829
v -0.50999945 0.05936589 -0.09142776
v -0.52813303 0.03802098 -0.07238539
v -0.53615457 0.06089914 -0.08864462
v -0.52525485 0.26883686 -0.02896744
v -0.52052790 0.26293725 -0.02064464
v -0.52950549 0.26873937 -0.03027010
v -0.47271284 0.09099016 0.04276337
v -0.48681948 0.23276635 -0.00724982
v -0.48320901 0.22041149 0.00330682
v -0.48176503 0.22157584 -0.00143071
v -0.45311731 0.12127125 0.01378187
v -0.45153958 0.12714683 0.01331731
v -0.45818096 0.11287960 0.01969910
v -0.47138995 0.10362134 0.03000269
v -0.44045454 0.05647784 0.02308867
v -0.43887028 0.04996825 0.00955817
v -0.43716866 0.04629130 0.01624167
v -0.54208672 0.30450210 -0.04480309
v -0.48336080 0.21475768 0.00569116
v -0.49072656 0.22249015 0.00628404
v -0.49403206 0.22986537 0.00463563
v -0.53449959 0.26845607 -0.03036544
v -0.49605548 0.23606411 0.00264317
v -0.49174768 0.23369549 0.00063118
v -0.50137448 0.24466725 -0.00378680
v -0.48883957 0.23250321 -0.00274516
v -0.47034141 0.08339520 -0.06129702
v -0.46317506 0.08131873 -0.04963115
v -0.46469462 0.19658177 0.07406029
v -0.46631485 0.18269370 0.05654518
v -0.49985597 0.00762988 -0.00827273
v -0.48232827 0.23508890 -0.04430158
v -0.47999877 0.25559571 -0.05249482
v -0.54371339 0.08968422 -0.09822232
v -0.51072228 0.06040160 -0.03208450
v -0.49935368 0.05926008 -0.01911683
v -0.52343243 0.06579850 -0.04351780
v -0.53483093 0.08078769 -0.05451530
v -0.45492068 0.17845739 -0.02733575
v -0.52569270 0.19995394 -0.05413786
v -0.53129274 0.18693480 -0.05904535
v -0.51734769 0.20038971 -0.04576437
v -0.48344091 0.27791265 -0.04036698
v -0.48554742 0.27348983 -0.02775258
v -0.48786297 0.24341385 -0.03406816
v -0.48680490 0.26063573 -0.02674205
v -0.45072991 0.07789309 0.02249508
v -0.44830257 0.04500856 0.00130082
v -0.44976643 0.05411877 -0.00647817
v -0.45690140 0.04572563 -0.00182978
v -0.45614415 0.05077188 -0.01224021
v -0.45567945 0.05989926 -0.02304966
v -0.45615116 0.07084931 -0.03319942
v -0.45550138 0.08360516 -0.03793823
v -0.44858950 0.10210149 0.01575263
v -0.49307764 0.27315101 0.03193738
v -0.44708973 0.09077421 0.01638916
v -0.45480230 0.11289312 0.01674059
v -0.45554855 0.10209033 0.02023926
v -0.45457718 0.09009086 0.02224183
v -0.48688039 0.04370675 0.02615909
v -0.49157682 0.05486823 0.00922114
v -0.47703338 0.04628162 0.02944575
v -0.49381217 0.05869581 -0.00590974
v -0.46904075 0.04671057 0.02999228
v -0.48438069 0.24164781 -0.03711636
v -0.48373324 0.26154685 -0.03670251
v -0.45561817 0.08698729 0.09105016
v -0.41852093 0.11447679 0.39121228
v -0.42717853 0.17745310 0.35885486
v -0.15731728 -0.20999436 0.49715763
v -0.15039779 -0.23037785 0.49943021
v -0.36816469 0.04179908 0.47602308
v -0.34012324 0.02219925 0.50500852
v -0.15709971 -0.18029064 0.56508452
v -0.15199873 -0.18498254 0.56567806
v -0.14527500 -0.18100579 0.56739640
v -0.15043068 -0.17838392 0.56513500
v -0.13501097 -0.17667131 0.55798084
v -0.14017850 -0.17667873 0.55308634
v -0.14184265 -0.17639101 0.55862671
v -0.13706502 -0.17589489 0.56332177
v -0.18593219 -0.08527123 0.58545804
v -0.21127455 -0.05734681 0.58025652
v -0.22540544 -0.08487485 0.57077527
v -0.20308703 -0.10799470 0.57752758
v -0.15227666 -0.18151352 0.51230502
v -0.15158500 -0.17168684 0.51366067
v -0.14356852 -0.17348142 0.53401756
v -0.14632274 -0.17789300 0.53300923
v -0.14977868 -0.19941863 0.51284540
v -0.14448154 -0.18659526 0.53278387
v -0.16191709 -0.18515342 0.49731484
v -0.15869941 -0.16861680 0.49970159
v -0.21663256 -0.22212097 0.54060006
v -0.19374225 -0.20850055 0.55158311
v -0.19946486 -0.18899959 0.55785418
v -0.22213943 -0.19327089 0.54766381
v -0.15981857 -0.00741233 0.58977342
v -0.18689421 -0.03093394 0.58773059
v -0.16693503 -0.05902632 0.58877164
v -0.14102602 -0.03042824 0.58923560
v -0.11644750 -0.00246483 0.58961397
v -0.13311009 0.01800775 0.58983845
v -0.10549212 0.04497589 0.61393666
v -0.11122959 0.02101243 0.62082434
v -0.11082886 0.01178364 0.64205831
v -0.11130536 0.02839010 0.63529205
v -0.09870518 -0.01273016 0.63026905
v -0.11261120 0.00666676 0.61178458
v -0.07164283 -0.02158294 0.63146639
v -0.06972866 -0.01738921 0.63679624
v -0.09668911 -0.01423458 0.61910635
v -0.09678395 -0.01920118 0.60512841
v -0.07443211 -0.02512565 0.62410247
v -0.06488499 -0.01188480 0.64156711
v -0.08346481 -0.01014341 0.64261717
v -0.09600399 -0.00027946 0.65560818
v -0.02220209 -0.01051494 0.69331789
v -0.03149907 -0.00368802 0.70582730
v -0.05413809 0.19182402 0.62295282
v -0.07413533 0.17170936 0.60605693
v -0.05556262 0.17378902 0.63515484
v -0.07427956 0.15592729 0.61744434
v -0.08949110 0.01220958 0.67832488
v -0.10091379 0.02627938 0.67021900
v -0.07316568 0.01890392 0.70041794
v -0.08039179 0.03659108 0.70034623
v -0.02333718 0.28573325 0.62567621
v -0.01152873 -0.03066430 0.66736817
v -0.01413338 -0.03380647 0.66451555
v -0.00922226 -0.02463421 0.67801028
v -0.13961922 0.78498334 -0.51129454
v -0.14277035 0.86070347 -0.43403158
v -0.13865034 0.94404954 -0.28014010
v -0.12444267 0.96651733 -0.20037529
v -0.03229660 -0.13026592 0.66715610
v -0.03095274 -0.11370825 0.66578293
v -0.07349544 -0.13157876 0.58319831
v -0.03872414 -0.13131276 0.59238863
v -0.03654601 -0.15547696 0.60674953
v -0.06848614 -0.15527141 0.59719211
v -0.09452530 -0.15572110 0.58263588
v -0.10080637 -0.13207038 0.57001150
v -0.07789963 -0.10768711 0.57483292
v -0.04200038 -0.10715050 0.58495325
v -0.06801009 -0.17081717 0.61925119
v -0.03645088 -0.17050320 0.63264811
v -0.03613503 -0.15956229 0.64947724
v -0.06938139 -0.16265328 0.63302082
v -0.11491453 -0.04197023 0.60150272
v -0.08852714 -0.04074550 0.61474055
v -0.06213877 -0.04269441 0.63480079
v -0.04201903 -0.04485639 0.65194166
v -0.03782799 -0.03336229 0.65385067
v -0.05444006 -0.02916824 0.64030123
v -0.03472872 -0.02888346 0.65531600
v -0.05099493 -0.02507781 0.64340055
v -0.04893559 -0.02117043 0.64601153
v -0.05213965 -0.01359347 0.64713085
v -0.03968975 -0.01480087 0.65481645
v -0.04318991 -0.00820532 0.65320313
v -0.03315334 -0.02482184 0.65709454
v -0.02460558 0.13416615 0.70836771
v -0.02388366 0.15717831 0.69342905
v -0.05998865 -0.10421842 0.65414464
v -0.03044144 -0.10029280 0.66234398
v -0.02627847 -0.07546617 0.65921366
v -0.05348319 -0.07673787 0.65110183
v -0.08251412 -0.08172588 0.63579053
v -0.09199825 -0.11510742 0.63818800
v -0.01685263 -0.03790384 0.66238880
v -0.06210072 -0.11792983 0.65631592
v -0.06352619 -0.13403827 0.65494418
v -0.09442134 -0.12997387 0.63868380
v -0.09530748 -0.14436655 0.63595587
v -0.12217353 -0.13073906 0.61890328
v -0.11675064 -0.09306395 0.61951876
v -0.15315761 -0.10544682 0.60148215
v -0.14732103 -0.14746265 0.59808820
v -0.19709980 -0.17008410 0.56677389
v -0.16754445 -0.18229359 0.56406868
v -0.16737673 -0.17465697 0.56942070
v -0.16513042 -0.16723396 0.57639712
v -0.19354433 -0.14988056 0.57591778
v -0.21830839 -0.16488318 0.55778730
v -0.21379560 -0.13547748 0.56760538
v -0.18095538 -0.12787423 0.58727443
v -0.16007276 -0.15862712 0.58495271
v -0.15757820 -0.17595598 0.56939673
v -0.15102527 -0.17637224 0.56708521
v -0.15537894 -0.17130899 0.57475501
v -0.14899486 -0.17462856 0.57181501
v -0.15119039 -0.16665311 0.58191395
v -0.14521843 -0.17216922 0.57758236
v -0.13803019 -0.16818786 0.58727688
v -0.14277296 -0.15981817 0.59338576
v -0.13635361 -0.17510201 0.55817878
v -0.12927540 -0.17380314 0.56550485
v -0.12966681 -0.17549248 0.57371038
v -0.13671054 -0.17599230 0.56542969
v -0.14054078 -0.17602548 0.55361569
v -0.14050396 -0.17596082 0.56107169
v -0.13940230 -0.16842034 0.54068989
v -0.13075027 -0.16233081 0.55213267
v -0.14363389 -0.17709416 0.55005777
v -0.14408357 -0.17622806 0.55635244
v -0.14474934 -0.17637725 0.56430829
v -0.14387944 -0.17601271 0.56689972
v -0.14016750 -0.17539115 0.57189083
v -0.13327596 -0.17393690 0.58036000
v -0.09443549 -0.15657255 0.62796456
v -0.11808223 -0.15638061 0.61362749
v -0.11548764 -0.16645065 0.60437304
v -0.09284648 -0.16821511 0.61528289
v -0.11244680 -0.17221117 0.59416068
v -0.10662469 -0.10912081 0.56472528
v -0.09001920 -0.17117178 0.60330606
v -0.12308983 -0.13756862 0.55371130
v -0.12937218 -0.11964595 0.54290658
v -0.11493886 -0.15779175 0.56590688
v -0.14765820 -0.16089718 0.51979667
v -0.13720068 -0.14884019 0.53651291
v -0.15616447 -0.15592095 0.50603193
v -0.14443474 -0.13503276 0.52604288
v -0.11152780 -0.17275047 0.58211130
v -0.12077727 -0.14482796 0.61770850
v -0.06604151 -0.14873731 0.64653289
v -0.03379071 -0.14485723 0.66022527
v -0.02898135 0.08219724 0.74402606
v -0.02690506 0.11017292 0.72498995
v -0.14039403 -0.17776166 0.56711966
v -0.05927427 -0.62503201 0.19878778
v -0.16202867 -0.18972205 0.56191611
v -0.14381433 -0.21399099 0.51204526
v -0.13873705 -0.19386797 0.53431481
v -0.19853306 -0.25110069 0.53871149
v -0.16713108 -0.27402106 0.55327106
v -0.15554439 -0.24994299 0.56612211
v -0.18090370 -0.23015419 0.55186999
v -0.13759126 -0.21334969 0.58172566
v -0.15238529 -0.20016144 0.56760806
v -0.14360018 -0.19194445 0.57288665
v -0.12989326 -0.20017669 0.58770353
v -0.12235185 -0.18969430 0.59063858
v -0.13683894 -0.18452039 0.57519835
v -0.10870641 -0.17706785 0.58537769
v -0.08165696 -0.17631546 0.60347569
v -0.07634526 -0.19809328 0.57178479
v -0.10445349 -0.19843246 0.55858600
v -0.12802465 -0.19623306 0.54253024
v -0.12814350 -0.17714426 0.56535673
v -0.11364131 -0.17505305 0.59037125
v -0.13047375 -0.17535426 0.57126015
v -0.08562128 -0.17515406 0.61073136
v -0.12545460 -0.60330492 0.17439735
v -0.13324891 -0.17841028 0.57486588
v -0.11690784 -0.17923208 0.59132528
v -0.09073796 -0.18106090 0.61424518
v -0.09738412 -0.19476503 0.61512631
v -0.10428050 -0.20960349 0.61407048
v -0.10989206 -0.22624560 0.60612845
v -0.12325902 -0.26890108 0.58286804
v -0.13008702 -0.29770806 0.57232738
v -0.08234783 -0.28017089 0.59883088
v -0.08645931 -0.30992439 0.59487575
v -0.07640114 -0.23569871 0.62829417
v -0.07309169 -0.21578445 0.63835770
v -0.06804428 -0.19900785 0.63904542
v -0.06311840 -0.18391606 0.63457203
v -0.02101710 -0.04687443 0.66017544
v -0.03066056 -0.01507446 0.66277075
v -0.02315076 -0.01419363 0.67714107
v -0.04544613 0.00573673 0.71178228
v -0.00871306 -0.02088726 0.69303858
v -0.06267319 0.01786628 0.71037924
v -0.05191130 0.01340291 0.71917343
v -0.05672450 0.02467126 0.72571111
v -0.06470675 0.02894788 0.71872193
v -0.04230468 0.00850868 0.72751409
v -0.05061024 0.02317564 0.73270994
v -0.01728698 -0.00119696 0.74001580
v -0.02339231 0.02106329 0.75584412
v -0.02927483 0.05849569 0.75601429
v -0.02625024 0.03645292 0.75977111
v -0.05847616 0.03502269 0.73015654
v -0.06473977 0.04771873 0.72228569
v -0.06603545 0.06557734 0.70772356
v -0.08184177 0.05387576 0.68559068
v -0.06609644 0.97485113 0.07959023
v -0.05814653 -0.17621613 0.62951952
v -0.05444306 -0.17778417 0.61705798
v -0.07451996 -0.25843784 0.52841979
v -0.07456657 -0.23244719 0.54427052
v -0.04790069 -0.23437464 0.55107594
v -0.04821299 -0.26154447 0.53574240
v -0.02758561 -0.17834820 0.62284684
v -0.02573134 -0.20054820 0.58720213
v -0.05040487 -0.19877963 0.58125097
v -0.02926072 -0.17716154 0.63739055
v -0.03235661 -0.18582535 0.64443445
v -0.03619616 -0.20168178 0.65129602
v -0.02358442 -0.23756991 0.55547577
v -0.02485598 -0.26326612 0.53983402
v -0.13249916 -0.22413594 0.51856261
v -0.13695048 -0.24567932 0.50532037
v -0.10507383 -0.22988629 0.53209633
v -0.10749896 -0.25566608 0.51769376
v -0.04418463 -0.31035691 0.61053365
v -0.04189774 -0.28196156 0.60775191
v -0.03918947 -0.22107567 0.65130252
v -0.04121743 -0.24170482 0.63934660
v -0.14208712 0.90888172 -0.35969815
v -0.40038180 0.62543303 0.30208066
v -0.39053452 0.57949221 0.34815255
v -0.34454015 0.62404275 0.39496839
v -0.35709807 0.66160089 0.35206386
v -0.40483770 0.67653376 0.25422952
v -0.36162221 0.70632410 0.30646336
v -0.24716410 0.92870122 -0.04662545
v -0.24996746 0.91678721 0.04321945
v -0.13530108 0.95996010 0.07125935
v -0.21868999 0.94257188 -0.13581893
v -0.29243648 0.88990813 -0.19481459
v -0.30503413 0.89382917 -0.07100243
v -0.30398661 0.88433695 0.02445492
v -0.15715128 -0.34194586 -0.39836490
v -0.32812583 0.45064518 -0.50281054
v -0.29570451 0.87134516 0.11067066
v -0.24639605 0.89991188 0.12987977
v -0.24522710 0.87783772 0.20807102
v -0.28935909 0.85403025 0.18434574
v -0.13545315 0.94124812 0.16265179
v -0.06671067 0.95429969 0.17529950
v -0.12491839 0.22072837 -0.60193914
v -0.02341548 0.17972863 0.67901486
v -0.29363653 -0.13367704 -0.25935695
v -0.35351732 -0.14251496 -0.14590320
v -0.35214418 -0.46985522 -0.05376008
v -0.43628252 -0.01889456 -0.01255598
v -0.43452275 -0.01610941 -0.01877047
v -0.36689103 -0.24805732 -0.04503120
v -0.37994361 -0.16035748 -0.03969370
v -0.23792708 -0.12102678 -0.33488303
v -0.49228761 0.05144355 -0.08368775
v -0.49689698 0.07562787 -0.09149477
v -0.49938843 0.04419340 -0.08194555
v -0.50484431 0.06968942 -0.09046447
v -0.50656635 0.09646770 -0.09379181
v -0.50188965 0.03272704 -0.07795297
v -0.49213859 0.27334085 -0.01588764
v -0.49871200 0.28338903 -0.01026487
v -0.43283126 -0.02792162 0.01519805
v -0.43199018 -0.02368819 0.00456026
v -0.42891639 -0.02514725 0.01034338
v -0.42765608 -0.02863068 0.01818321
v -0.43100172 -0.03306579 0.02413196
v -0.42647251 -0.03181640 0.02450976
v -0.50285411 0.38081017 0.03681334
v -0.41706938 -0.02382721 -0.00165421
v -0.42964962 -0.01518164 -0.01533705
v -0.43018204 -0.02033102 -0.00457905
v -0.42555335 -0.02416874 0.00423292
v -0.42124125 -0.02856248 0.01634288
v -0.42154863 -0.03458811 0.02678819
v -0.42737156 -0.03903576 0.02907078
v -0.50220239 0.02746644 -0.07999010
v -0.45918775 -0.03506010 -0.00371284
v -0.49786222 0.22320564 -0.05247521
v -0.49598467 0.21278015 -0.06028956
v -0.50858575 0.22343846 -0.07141066
v -0.50983340 0.23656157 -0.06357575
v -0.36488312 0.11001935 -0.33693486
v -0.38103059 0.17755853 -0.37092331
v -0.08115850 -0.33034882 -0.42855933
v -0.08438297 -0.25420222 -0.41696140
v -0.47477373 0.37413391 -0.26250976
v -0.49785477 0.23315266 -0.04368052
v -0.51075101 0.24758054 -0.05506092
v -0.49903497 0.10232432 -0.09337029
v -0.48881739 0.23073255 -0.04070158
v -0.48931304 0.22086608 -0.04950474
v -0.51659578 0.25914308 -0.06699437
v -0.51586831 0.24563447 -0.07704885
v -0.51552427 0.23034874 -0.08574377
v -0.48862773 0.21101448 -0.05873717
v -0.48305312 0.26788172 -0.05210285
v -0.50491166 0.55931544 -0.10197803
v -0.49239314 0.52565622 -0.19195710
v -0.47510436 0.66686863 -0.11868724
v -0.46405977 0.63925648 -0.21489926
v -0.43153611 0.60642505 -0.31726754
v -0.45987394 0.48660517 -0.29673818
v -0.48723018 0.27212581 -0.02075716
v -0.50567544 0.28826210 -0.01518238
v -0.40461013 0.71748430 0.20670569
v -0.43725520 0.68729353 0.15919891
v -0.36159089 0.74440223 0.26343292
v -0.35614878 0.77635044 0.22120075
v -0.39529270 0.75485659 0.16355786
v -0.44180152 0.71574879 0.08612049
v -0.51657903 0.49737969 -0.01059312
v -0.50243700 0.59087127 -0.01224637
v -0.48734424 0.61377674 0.07286027
v -0.46820891 0.69406366 -0.02184386
v -0.41009358 0.77449954 0.04788919
v -0.43213174 0.75910896 -0.04415804
v -0.36513579 0.83140504 0.02526040
v -0.37864926 0.82696354 -0.06590598
v -0.37618703 0.81894016 -0.16693275
v -0.43969491 0.73980981 -0.13825335
v -0.37932864 0.78908569 0.12539510
v -0.34259340 0.80544037 0.18724944
v -0.34564301 0.83030689 0.10443113
v -0.32643041 0.83106232 0.15912595
v -0.47416502 0.62369913 0.11773178
v -0.40447450 -0.06290016 0.01527389
v -0.41277087 -0.06975536 0.04642681
v -0.44159567 -0.00284375 0.09933414
v -0.44397271 0.13647634 0.31511128
v -0.44385943 0.21944089 0.30192119
v -0.46308812 0.17175117 0.23709281
v -0.45259508 0.08459622 0.25395906
v -0.43513036 0.30985716 0.29506972
v -0.45813537 0.26593402 0.23019533
v -0.45861059 0.35671484 0.22074240
v -0.43479520 0.40175807 0.29694372
v -0.37805203 0.57811671 -0.41770706
v -0.39542803 0.47139800 -0.41435066
v -0.40114015 0.39073876 -0.40626651
v -0.30621523 0.49548146 0.50134277
v -0.13813037 0.72543317 -0.55344296
v -0.29598588 0.64903325 0.44275421
v -0.32883242 0.71237361 -0.41601568
v -0.25475627 0.75665241 -0.46259618
v -0.42808706 0.71308196 -0.23230402
v -0.40350121 0.68351305 -0.31877312
v -0.35652810 0.64922208 -0.41701412
v -0.39624825 0.28907114 -0.39727542
v -0.29661548 0.83027112 0.23267174
v -0.36200643 0.27503231 0.44961178
v -0.35721034 0.24690707 0.44201651
v -0.36368871 0.30495298 0.46123692
v -0.34605768 0.21705009 0.44915861
v -0.09661824 0.15206148 0.59221900
v -0.09389219 0.13826749 0.60265356
v -0.09106461 0.12312177 0.61192161
v -0.11667199 0.12154904 0.58915657
v -0.11236666 0.10221960 0.59774601
v -0.07227134 0.11905670 0.64085388
v -0.07377055 0.13791929 0.62889147
v -0.08876356 0.10393203 0.62101245
v -0.08672190 0.08286740 0.62761986
v -0.07204064 0.09937967 0.65163714
v -0.11110668 0.00888323 0.59577978
v -0.11723761 0.03896374 0.59325725
v -0.10252143 0.06304228 0.60583067
v -0.13583487 0.08595373 0.58928543
v -0.12786500 0.06443892 0.59400117
v -0.10692271 0.08414643 0.60315406
v -0.14338924 0.10697617 0.58018714
v -0.09334619 0.06214118 0.64048070
v -0.10191204 0.04065237 0.65843445
v -0.07482261 0.07616213 0.66699767
v -0.06288196 0.08715083 0.68889564
v -0.05977556 0.11168724 0.67291349
v -0.12087641 0.13650534 0.57976085
v -0.14912264 0.12411088 0.57107055
v -0.15126029 0.04418508 0.59191781
v -0.18023252 0.02408800 0.59046024
v -0.16354372 0.07226366 0.58496648
v -0.19286393 0.05625572 0.58243281
v -0.17161424 0.09506764 0.57514453
v -0.20121631 0.08133350 0.57226622
v -0.20710431 0.00047473 0.58641237
v -0.23114774 -0.02430196 0.57788265
v -0.25209421 -0.05769986 0.56368458
v -0.25014406 0.01037945 0.57013762
v -0.27487710 -0.02333453 0.55498183
v -0.26282659 0.04456949 0.56080687
v -0.29271829 0.01353366 0.54534400
v -0.22290474 0.03612812 0.57822341
v -0.23382367 0.06425348 0.56813270
v -0.20754515 0.10522729 0.56156534
v -0.17851524 0.11536372 0.56498796
v -0.26838917 0.11487003 0.54264653
v -0.26832128 0.07985017 0.55138129
v -0.23857526 0.09370048 0.55783027
v -0.24043085 0.12221753 0.54803383
v -0.30235162 0.05745438 0.53639853
v -0.29956540 0.10548555 0.53175443
v -0.29259768 0.13641615 0.52380580
v -0.19924720 0.17393298 0.54794055
v -0.16839163 0.17719622 0.55201072
v -0.22310686 0.17244399 0.54210269
v -0.26474360 0.13997224 0.53394073
v -0.24146447 0.14296550 0.54057246
v -0.31767592 0.18408526 0.48458287
v -0.30209276 0.17774402 0.49868608
v -0.26387551 0.17241716 0.52432233
v -0.24486445 0.17186837 0.53386915
v -0.28338647 0.17444870 0.51257610
v -0.13905293 0.18687227 0.55316955
v -0.11133321 0.20021534 0.55389619
v -0.34600234 -0.22562197 -0.13773407
v -0.05708012 0.13309993 0.66084915
v -0.05639781 0.15374261 0.64806741
v -0.09390152 0.30577028 0.58592165
v -0.07977091 0.28854880 0.57531822
v -0.04288435 0.28682765 0.61233646
v -0.12129101 0.32892194 0.60357511
v -0.08837238 0.21764301 0.55666673
v -0.07902422 0.23192933 0.55819458
v -0.07141060 0.25171670 0.56153369
v -0.07189590 0.26983711 0.56766427
v -0.19414416 0.41783655 0.60835081
v -0.17829567 0.37336108 0.62348521
v -0.36973426 0.53380853 0.40391293
v -0.39687914 0.48057687 0.37661731
v -0.32344493 0.39960912 0.51327330
v -0.34522554 0.37235689 0.49348655
v -0.35977876 0.33945906 0.47533548
v -0.41122264 0.40736237 0.35352182
v -0.41597328 0.32782742 0.34372842
v -0.42318884 0.25034538 0.34537566
v -0.30967095 0.73166162 0.36107770
v -0.30935228 0.76987761 0.32044488
v -0.30566183 0.69022322 0.40281323
v -0.24709080 0.85335994 0.26864251
v -0.24995227 0.82499379 0.32186958
v -0.30447417 0.80224204 0.27749524
v -0.25370878 0.79077542 0.36668688
v -0.25493377 0.75165522 0.40651369
v -0.25083864 0.70996654 0.44811851
v -0.24331562 0.66641647 0.48603332
v -0.23400380 0.61125040 0.52661175
v -0.28300822 -0.20651598 -0.24813974
v -0.04777069 0.05816463 0.63662446
v -0.04381520 0.05896854 0.64084131
v -0.04209987 0.05504783 0.63381147
v -0.03811458 0.05634987 0.63787097
v -0.03727951 0.04753451 0.63530064
v -0.04285439 0.00265640 0.64969981
v -0.03575185 0.01432364 0.64345992
v -0.03412430 0.03523354 0.63696891
v -0.42911911 -0.04221154 0.08373716
v -0.34594631 -0.43754342 -0.13867937
v -0.31799477 -0.41061145 -0.21476491
v 0.34513110 -0.42047086 -0.15401345
v 0.31299123 -0.39598054 -0.22992352
v 0.14229058 -0.62748671 0.15422034
v 0.21279931 -0.59678084 0.11841592
v 0.21668074 -0.64365029 0.10486402
v 0.14310133 -0.66986465 0.13892874
v 0.37264648 -0.51512653 -0.19892596
v 0.35294574 -0.46938831 -0.16935317
v 0.32561427 -0.44506314 -0.25353330
v 0.35337248 -0.48918483 -0.29316998
v 0.28135705 -0.42840427 -0.32923466
v 0.30951479 -0.47691932 -0.37768614
v 0.24426199 -0.47501871 -0.44604799
v 0.22087517 -0.41922611 -0.38893002
v 0.14836144 -0.41319937 -0.43617260
v 0.16677742 -0.47506937 -0.49438429
v 0.28275478 -0.56333572 0.06794730
v 0.33433685 -0.52872586 0.00112665
v 0.34319046 -0.58051687 -0.01802428
v 0.28750646 -0.61343926 0.05392919
v 0.35837901 -0.49878848 -0.07926682
v 0.36934146 -0.54763573 -0.10441459
v 0.07983822 -0.47148430 -0.51938343
v 0.07070091 -0.40158653 -0.45727438
v 0.15246731 -0.77688169 0.10988553
v 0.07329633 -0.79781365 0.12033901
v 0.07308652 -0.73976636 0.13892737
v 0.14696777 -0.72185552 0.12171690
v 0.34796894 -0.78074944 0.00942277
v 0.43751591 -0.73869127 -0.06919107
v 0.47775230 -0.79050863 -0.05339208
v 0.37665987 -0.83790779 0.02631475
v 0.61233139 -0.76771289 -0.12818576
v 0.67146552 -0.69122475 -0.26295045
v 0.24847782 -0.81260550 0.06879435
v 0.26507518 -0.87038040 0.09267467
v -0.00548993 -0.53704840 -0.58851665
v -0.00673575 -0.46753982 -0.51788902
v 0.60829151 -0.66425192 -0.28158215
v 0.60165995 -0.63393301 -0.43421736
v 0.68066883 -0.66187322 -0.42471001
v 0.34269693 -0.75729632 -0.70773524
v 0.34532222 -0.79859853 -0.72971117
v 0.43975332 -0.76910484 -0.70931822
v 0.41304719 -0.73101336 -0.68332577
v 0.47304550 -0.56095183 -0.39554465
v 0.40227255 -0.56490874 -0.49714449
v 0.45397630 -0.60565639 -0.53632236
v 0.53580827 -0.59859818 -0.42624727
v 0.23326886 -0.66178644 -0.65638512
v 0.34613681 -0.63202357 -0.60773540
v 0.30763716 -0.58548796 -0.57057965
v 0.20614508 -0.60141903 -0.61569697
v 0.54894179 -0.63247263 -0.28170881
v 0.48278323 -0.59793460 -0.26445007
v 0.50394124 -0.68795246 -0.16585073
v 0.45106521 -0.64359438 -0.15438823
v 0.39878631 -0.68311805 -0.05901831
v 0.35437480 -0.51862675 -0.43926120
v 0.27697405 -0.52835637 -0.51226860
v 0.18584113 -0.53810835 -0.56090462
v 0.08980447 -0.53998208 -0.58508635
v -0.00167365 -0.84020734 -0.73371005
v -0.00240364 -0.76488900 -0.71260893
v 0.11413337 -0.67737830 -0.67399347
v 0.10161888 -0.61053705 -0.63686025
v 0.55563504 -0.72705513 -0.15770906
v 0.40100953 -0.59633172 -0.13289364
v 0.36215690 -0.63380229 -0.04150867
v 0.41345555 -0.89296776 0.08478137
v 0.52857333 -0.84542960 -0.00804315
v 0.29039964 -0.92935574 0.15207306
v 0.17768647 -0.95723587 0.18915308
v 0.12624635 -0.75572658 -0.70547748
v 0.12174287 -0.83039081 -0.72784871
v 0.24329926 -0.81348687 -0.72746474
v 0.26563549 -0.73612314 -0.69620246
v 0.32102832 -0.72055691 0.01776517
v 0.23621550 -0.75214428 0.07253773
v 0.15644224 -0.83599782 0.10933956
v 0.40622678 -0.52332789 -0.34190416
v 0.41793627 -0.55645561 -0.23334941
v 0.30025637 -0.66797191 0.03284417
v 0.22537914 -0.69889712 0.08659695
v 0.07423460 -0.69078374 0.16026008
v 0.16411719 -0.89660478 0.13497844
v 0.61082524 -0.68392217 -0.56571591
v 0.52927673 -0.72856247 -0.65713274
v 0.48415852 -0.70796961 -0.64817303
v -0.00465732 -0.68385088 -0.68033308
v 0.00429161 -0.74821198 0.14389318
v 0.00294006 -0.80257273 0.12063754
v 0.00595774 -0.69864345 0.16896170
v 0.51278508 -0.65591788 -0.57756013
v 0.38428503 -0.68547511 -0.65077388
v 0.00941286 -0.66074419 0.18911442
v -0.00661491 -0.39971247 -0.46108401
v 0.00319887 -0.86435443 0.10846411
v 0.00390683 -0.93244410 0.13329278
v 0.00547466 -0.99992061 0.19255371
v 0.07537676 -0.65076262 0.17948204
v 0.07912724 -0.92198855 0.13762495
v 0.07444600 -0.85801792 0.11345574
v 0.08692942 -0.98661590 0.19270016
v -0.00524856 -0.60979658 -0.64235491
v -0.12499718 -0.63634008 0.15977217
v -0.19652374 -0.60867137 0.12479448
v -0.20378304 -0.65496331 0.11053506
v -0.12942910 -0.67760348 0.14342272
v -0.37426817 -0.52870017 -0.19119036
v -0.35293749 -0.48649535 -0.15806398
v -0.32926264 -0.45960531 -0.24147797
v -0.35850933 -0.49993140 -0.28544810
v -0.28834811 -0.43861079 -0.31899193
v -0.31803343 -0.48376656 -0.37067729
v -0.25443214 -0.47872269 -0.44044116
v -0.23179743 -0.42371219 -0.38157633
v -0.16038336 -0.41417167 -0.43137774
v -0.17745067 -0.47702059 -0.48977816
v -0.27056900 -0.57942820 0.07660554
v -0.32612416 -0.54827726 0.01137279
v -0.33484945 -0.59649980 -0.01007814
v -0.27645317 -0.62775511 0.06172154
v -0.35407406 -0.51912409 -0.06791466
v -0.36570039 -0.56509155 -0.09713826
v -0.09215304 -0.47283861 -0.51643765
v -0.08363364 -0.40366730 -0.45290163
v -0.14253704 -0.78199124 0.11357769
v -0.06525125 -0.79944563 0.12211957
v -0.06154406 -0.74260789 0.14157586
v -0.13570727 -0.72793943 0.12632075
v -0.33761805 -0.79227376 0.00752426
v -0.42963374 -0.74811381 -0.06929768
v -0.46855888 -0.79934806 -0.05104739
v -0.36692968 -0.84401160 0.03078803
v -0.60570866 -0.77791864 -0.12361842
v -0.66858536 -0.70120507 -0.25769708
v -0.23869425 -0.82024705 0.07128607
v -0.25595847 -0.87619543 0.09525214
v -0.60644019 -0.67226416 -0.27636263
v -0.60432452 -0.64096600 -0.42825282
v -0.68191183 -0.67043227 -0.41847530
v -0.34814608 -0.76007724 -0.70573324
v -0.35024372 -0.80129492 -0.72766393
v -0.44418955 -0.77256888 -0.70663029
v -0.41834655 -0.73465919 -0.68028331
v -0.47758463 -0.56629133 -0.39006281
v -0.40807015 -0.56981081 -0.49301532
v -0.45958039 -0.61075014 -0.53166270
v -0.53880900 -0.60553110 -0.42039093
v -0.24053219 -0.66346025 -0.65524834
v -0.35372990 -0.63398850 -0.60472393
v -0.31533432 -0.58502150 -0.56574249
v -0.21560542 -0.60197955 -0.61506522
v -0.54829025 -0.64097261 -0.27707097
v -0.48504972 -0.60673833 -0.26030114
v -0.49936095 -0.69774985 -0.16311432
v -0.44818223 -0.65400636 -0.15261231
v -0.39227900 -0.69440234 -0.06082569
v -0.36270592 -0.52449179 -0.43403021
v -0.28530937 -0.53177625 -0.50724262
v -0.19464470 -0.53934282 -0.55776697
v -0.09912076 -0.54178602 -0.58524394
v -0.12282081 -0.68155366 -0.67416120
v -0.11303252 -0.60367155 -0.63281822
v -0.54971170 -0.73641515 -0.15448502
v -0.40038329 -0.60784042 -0.12935968
v -0.35600865 -0.64614642 -0.03832719
v -0.40349090 -0.89918727 0.09171247
v -0.51955879 -0.85480171 -0.00216150
v -0.27900079 -0.93475801 0.15381154
v -0.16650264 -0.96217698 0.19105984
v -0.13002725 -0.75716931 -0.70519549
v -0.12477242 -0.83187044 -0.72629964
v -0.24908458 -0.81433654 -0.72652799
v -0.27175093 -0.73804277 -0.69494611
v -0.31317094 -0.73104626 0.01829553
v -0.22689234 -0.76086968 0.07613397
v -0.14746110 -0.83980346 0.11138888
v -0.41211510 -0.53187591 -0.33582792
v -0.42050484 -0.56645179 -0.22749333
v -0.29137152 -0.67929173 0.03873267
v -0.21460733 -0.70791525 0.09185858
v -0.05932058 -0.69455552 0.16293509
v -0.15483259 -0.90043175 0.13615328
v -0.61545920 -0.69062257 -0.56054533
v -0.53424996 -0.73352903 -0.65319103
v -0.48928294 -0.71268272 -0.64373612
v -0.51816463 -0.66148329 -0.57293469
v -0.39083314 -0.68895197 -0.64779913
v -0.05869319 -0.65519929 0.18228152
v -0.07127734 -0.92454553 0.13745698
v -0.06744265 -0.85982108 0.11385327
v -0.07638261 -0.99030024 0.19348244
v -0.04430258 0.04798941 0.63048661
v -0.43362394 -0.07089035 0.20962824
v -0.42537683 -0.11576174 0.16016276
v -0.40648946 -0.18364167 0.19430359
v -0.41646555 -0.13613516 0.24348505
v -0.37327293 -0.25342184 0.23754451
v -0.39345461 -0.19501956 0.28228676
v -0.33618382 -0.30659911 0.28583750
v -0.36432722 -0.24711612 0.32009029
v -0.30340853 -0.34026572 0.33918023
v -0.33307320 -0.28358552 0.36394107
v -0.21021420 -0.37531257 0.46783108
v -0.20043726 -0.40353179 0.43659821
v -0.15615845 -0.42372105 0.48433349
v -0.15940000 -0.40346080 0.51660043
v -0.10943842 -0.44179067 0.52692300
v -0.11179272 -0.42062297 0.55777794
v -0.05719601 -0.44867229 0.55174232
v -0.05675756 -0.42741743 0.58427143
v 0.00487790 -0.44809130 0.56392664
v 0.00434907 -0.42437348 0.59441477
v 0.00407766 -0.36811435 0.62160993
v -0.05178693 -0.37200463 0.61533070
v -0.05512173 -0.40163159 0.60430008
v 0.00382977 -0.40065134 0.61056554
v -0.10089654 -0.36771795 0.59223127
v -0.10861292 -0.39696443 0.57772183
v -0.14520289 -0.35073459 0.55698341
v -0.15476578 -0.38010398 0.53998876
v -0.19186687 -0.32492077 0.51929104
v -0.20388404 -0.35196999 0.49632606
v -0.23270378 -0.29337317 0.49853331
v -0.25341976 -0.30842525 0.46862429
v -0.05161665 -0.46116161 0.50519073
v 0.00438397 -0.46166816 0.52034390
v -0.10064974 -0.45407632 0.48329911
v -0.14646669 -0.43995917 0.44730714
v -0.18530655 -0.42490250 0.40459162
v -0.26177180 -0.36731586 0.39138308
v -0.22510533 -0.40659559 0.35665041
v -0.27038911 -0.37647533 0.31205097
v -0.30375323 -0.34610212 0.25341097
v -0.34721953 -0.29266647 0.19664210
v -0.38905185 -0.21968360 0.14766167
v -0.41394022 -0.13941881 0.11175989
v -0.43551382 -0.06276958 0.13316031
v -0.09202640 -0.34056503 0.59738207
v -0.04819762 -0.34146199 0.61685842
v -0.13721441 -0.32408208 0.56577790
v -0.17891122 -0.29859176 0.53719854
v -0.21527475 -0.27306521 0.52157933
v -0.24736667 -0.19695117 0.53153747
v -0.23915735 -0.23666610 0.52399385
v -0.23872891 -0.11912680 0.55638444
v -0.24326144 -0.15771434 0.54374921
v -0.29282814 -0.07034577 0.53207785
v -0.30145630 -0.12579118 0.50497621
v -0.27305114 -0.14762060 0.52474195
v -0.26653585 -0.09817450 0.54498518
v -0.31657055 -0.03030039 0.51888800
v -0.32899129 -0.09451890 0.48387000
v -0.04672532 -0.47161910 0.46499020
v 0.00462452 -0.47469860 0.47035649
v -0.09048586 -0.46621272 0.44481170
v -0.12968189 -0.45838019 0.41014382
v -0.15799481 -0.45099539 0.36836255
v -0.18820193 -0.43980405 0.32233763
v -0.22159700 -0.42253792 0.27291027
v -0.26367116 -0.39151624 0.21886574
v -0.31817806 -0.33297443 0.15547141
v -0.36923203 -0.24681640 0.10424642
v -0.39627221 -0.16286783 0.06872380
v -0.13527955 -0.48327103 0.28522265
v -0.10939427 -0.48240465 0.32323426
v -0.08597702 -0.48441043 0.35786074
v -0.06592377 -0.48688170 0.38832057
v -0.03520829 -0.49309003 0.38264537
v 0.00624880 -0.49446118 0.37557846
v -0.03207729 -0.50215125 0.33133093
v 0.00808225 -0.50165492 0.33077621
v -0.04775378 -0.51326364 0.30120566
v 0.00893621 -0.51339340 0.30437192
v -0.06176049 -0.52770114 0.27744472
v 0.00933062 -0.53826302 0.27835879
v -0.26044816 -0.25148803 0.49856007
v -0.28766018 -0.25115326 0.46691233
v -0.30149791 -0.18766819 0.48099667
v -0.33126155 -0.16508138 0.45160785
v -0.31989163 -0.24086107 0.42957416
v -0.27402705 -0.20090614 0.50761420
v -0.35449490 -0.21167678 0.38859102
v -0.36070833 -0.13097325 0.42121041
v -0.35534802 -0.05371389 0.46382618
v -0.38233721 -0.09793355 0.39273751
v -0.38172263 -0.17131229 0.35159796
v -0.37872145 -0.02290761 0.43957368
v -0.39719900 0.00529859 0.41519836
v -0.40044919 -0.06043045 0.36522520
v -0.40034941 -0.12966543 0.32297501
v -0.28526086 -0.32045183 0.41718164
v -0.41748807 -0.08171863 0.28871676
v -0.41287425 0.03270160 0.38771102
v -0.41398504 -0.02680429 0.33924246
v -0.42867833 0.07058653 0.35301021
v -0.43162838 0.02053892 0.30186045
v -0.43370709 -0.03192209 0.25145903
v -0.44667244 -0.01237155 0.16223702
v 0.00405044 -0.33769423 0.62269688
v -0.39875299 -0.05252371 -0.01315824
v -0.13852593 -0.07636508 0.60368443
v -0.10381988 -0.06580134 0.61808860
v -0.07198589 -0.06209273 0.63520724
v -0.04711205 -0.06050051 0.65109229
v -0.02292819 -0.06106687 0.65926456
v 0.00915144 -0.59870142 0.22570796
v 0.00130866 0.36958724 0.64446193
v 0.00892686 -0.56317633 0.25456706
v 0.00097426 -0.26480576 0.54128838
v -0.00167199 0.95888716 0.18301150
v 0.00367443 -0.30799872 0.61524630
v 0.00106025 -0.23879117 0.55734783
v 0.00235839 0.11245253 0.73339689
v 0.00335476 -0.28160247 0.61040974
v 0.00271860 -0.22477002 0.65425503
v 0.00208878 -0.18697725 0.64660263
v 0.00179530 0.61932778 0.59437454
v 0.00270921 -0.20371355 0.65361637
v 0.00081847 -0.04944853 0.66076851
v 0.00216689 0.08461320 0.75152212
v 0.00162830 -0.17739289 0.63858187
v -0.00755653 -0.09976444 -0.43336436
v 0.00290522 -0.24098550 0.63948268
v 0.00026625 -0.20160264 0.58923006
v 0.00115237 -0.17868491 0.62565017
v 0.00237062 -0.10867994 0.58810997
v 0.00172060 -0.06518430 0.65800089
v 0.00210752 0.22426522 0.65506738
v -0.00663905 0.13413166 -0.58005857
v 0.00170010 0.20472020 0.66972393
v -0.00083678 0.78231335 0.49282491
v 0.00109970 0.68602514 0.56162256
v 0.00243392 0.13870285 0.71518987
v -0.00461822 0.53409439 -0.64266449
v -0.00472386 0.63861787 -0.61790347
v 0.00115720 0.49672970 0.62670666
v -0.00308799 0.97766012 -0.22127685
v 0.00205858 0.05957796 0.76288432
v 0.00097599 -0.02277535 0.69306427
v -0.00147455 0.90225273 0.34090850
v -0.00536430 0.31484368 -0.64004004
v -0.00403345 0.92013013 -0.38049433
v 0.00253112 -0.16233680 0.65405041
v -0.00158410 0.93323708 0.26597935
v 0.00244236 -0.17164451 0.63562459
v 0.00119935 -0.00379448 0.74243337
v -0.00579278 0.21447939 -0.61589360
v -0.00536362 0.40277353 -0.64858168
v 0.00158126 -0.10287584 0.66003615
v 0.00164551 -0.07989592 0.65751517
v -0.00351033 0.95509785 -0.30259639
v 0.00220731 0.40975609 0.64420974
v 0.00180854 -0.11741850 0.66699916
v 0.00077821 0.28517118 0.63102365
v 0.00252445 -0.13391422 0.67000049
v 0.00976780 -0.63130027 0.20634910
v -0.00384851 0.79410458 -0.53030533
v 0.00251307 -0.14938141 0.66425681
v 0.00236811 -0.15632062 0.60977858
v 0.00224747 0.16276568 0.69825625
v 0.00234715 -0.13264090 0.59602302
v 0.00150563 0.55268669 0.61505777
v 0.00076920 -0.03534700 0.66760379
v 0.00095255 -0.03220072 0.67076129
v 0.00084756 0.26657251 0.63341814
v -0.00052146 0.73656744 0.52894157
v 0.00102476 0.30168852 0.63194555
v 0.00126254 -0.03926301 0.66480577
v -0.00420035 0.73283184 -0.57333928
v -0.00273841 0.99161243 -0.10914861
v -0.00247165 0.99132192 -0.02565266
v 0.00148731 0.24445081 0.64261806
v 0.00231551 0.18545234 0.68314546
v -0.00676877 -0.17387083 -0.42699641
v 0.00177316 0.01785376 0.76061195
v 0.00190401 0.03591482 0.76498246
v -0.00128112 0.86519498 0.40375012
v -0.00712990 0.07716757 -0.54377639
v -0.00195993 0.97980255 0.08361660
v -0.00112706 0.82474738 0.45232338
v -0.00735957 -0.02377900 -0.46342018
v -0.00717310 0.03659424 -0.50816482
v 0.00106380 -0.01119294 0.73067009
v 0.00023838 0.32225892 0.63639063
v 0.00088495 -0.01883703 0.71052563
v -0.00375002 0.87171143 -0.45203352
v 0.00101854 -0.02729822 0.67882365
v 0.04575332 0.04592733 0.63110930
v 0.43162027 -0.06730472 0.20271616
v 0.42351860 -0.11049975 0.15204540
v 0.40569195 -0.17867501 0.18566503
v 0.41516429 -0.13303980 0.23601627
v 0.37460619 -0.24724807 0.22918835
v 0.39368719 -0.19110298 0.27492711
v 0.33904287 -0.29990676 0.27716073
v 0.36580878 -0.24236909 0.31238455
v -0.02619289 -0.00352543 0.72658408
v -0.01885489 -0.01215973 0.70991546
v 0.30842313 -0.33410043 0.33172539
v 0.33599415 -0.27905312 0.35698837
v -0.09807622 0.24215591 0.54535437
v -0.05082988 -0.01559438 0.64696479
v -0.04311860 0.12506786 0.69381338
v -0.08763307 0.24294636 0.54853719
v 0.21704958 -0.37151569 0.46169424
v 0.20722139 -0.39957035 0.43082726
v 0.16290748 -0.42028314 0.47836301
v 0.16652942 -0.40098259 0.51075548
v -0.06686783 -0.01288142 0.63998950
v 0.11682049 -0.43979919 0.52265364
v 0.11978807 -0.41936046 0.55390728
v 0.06630717 -0.44792908 0.54953182
v 0.06572244 -0.42646828 0.58186442
v -0.04049341 0.16982186 0.66550863
v -0.05103252 0.23334536 0.59616947
v 0.05900127 -0.37156847 0.61300737
v 0.06351510 -0.40081677 0.60200030
v -0.04069800 0.14709690 0.68034232
v -0.10530189 0.00374769 0.64925683
v -0.09173142 -0.01089674 0.63781118
v -0.04421124 0.03612684 0.74695581
v -0.04902344 0.05414112 0.74110740
v 0.10767069 -0.36675006 0.58849472
v -0.04726385 0.01715431 0.73100305
v -0.03056793 0.00356050 0.73491764
v 0.11610828 -0.39548516 0.57395464
v -0.11218870 0.24099855 0.54613459
v -0.14806706 0.25199127 0.51582080
v -0.03911825 0.02270649 0.74529690
v -0.01993881 0.00760501 0.74823785
v -0.13337456 0.24530402 0.53594518
v -0.10505061 0.24160154 0.54563105
v -0.07775065 0.02849767 0.70153201
v -0.04233237 0.22432724 0.61977559
v 0.15129787 -0.34907642 0.55219483
v 0.16132829 -0.37849244 0.53503817
v 0.19667307 -0.32288861 0.51426309
v 0.20967874 -0.34949729 0.49038506
v -0.09626218 0.01991082 0.67572391
v 0.23680139 -0.29097688 0.49394202
v 0.25785685 -0.30540696 0.46327740
v 0.06140226 -0.46048737 0.50268233
v -0.11918875 0.24126327 0.54631078
v -0.12578928 0.24222350 0.54453290
v -0.04680085 0.10106860 0.70984972
v 0.10927855 -0.45168623 0.47841346
v 0.15486872 -0.43587661 0.44125563
v 0.19431126 -0.41969198 0.39882600
v 0.26879793 -0.36209941 0.38508901
v -0.14353076 0.24866538 0.53268594
v -0.01647722 -0.01997394 0.67766863
v -0.06447965 0.02416179 0.71459043
v -0.05491069 0.02046460 0.72345984
v -0.02041467 -0.02305796 0.66601241
v 0.23448493 -0.39991191 0.35049129
v 0.27910626 -0.36797571 0.30395621
v -0.07452113 0.24071985 0.55958563
v 0.30986273 -0.33626267 0.24267325
v -0.03953759 0.20758902 0.63864887
v -0.04000493 0.18828917 0.65284020
v 0.35118040 -0.28319722 0.18527865
v 0.38988149 -0.21173063 0.13686116
v -0.01576047 -0.01624884 0.69344544
v 0.41201964 -0.13296755 0.10120912
v 0.43239135 -0.05848560 0.12570001
v 0.09896025 -0.33993635 0.59346938
v 0.05550944 -0.34142742 0.61440277
v 0.14303601 -0.32291558 0.56144810
v -0.04900610 0.07604123 0.72810936
v 0.18329117 -0.29707077 0.53194010
v 0.21943882 -0.27117053 0.51705486
v 0.25049552 -0.19566213 0.52749145
v -0.03583388 -0.01867992 0.65654051
v 0.24295163 -0.23508102 0.51992756
v 0.24201415 -0.11854400 0.55330557
v 0.24661244 -0.15671021 0.54014558
v 0.29611796 -0.07058400 0.52860957
v 0.30409554 -0.12502486 0.50113815
v 0.27588511 -0.14641698 0.52088416
v 0.00148924 0.00558543 0.75224298
v -0.03444868 0.01198191 0.74073094
v 0.26998943 -0.09797247 0.54162800
v 0.31931126 -0.03065561 0.51555669
v 0.33103499 -0.09430504 0.47952455
v 0.05763884 -0.47098318 0.46164536
v -0.19028847 0.33179814 0.59285057
v -0.19081572 0.31690815 0.58427864
v 0.10109288 -0.46376854 0.43988425
v 0.14040630 -0.45412022 0.40466073
v 0.16862783 -0.44536775 0.36241558
v 0.20000905 -0.43232548 0.31563485
v 0.23346224 -0.41281769 0.26504669
v 0.27356827 -0.37978914 0.20838080
v -0.14636482 0.34803659 0.61848342
v -0.03111994 0.34628636 0.63841075
v -0.06599733 0.34783438 0.63448548
v 0.32510808 -0.32139355 0.14276561
v -0.18971333 0.28006870 0.57529742
v -0.19425070 0.27080479 0.56336015
v -0.18973747 0.30349252 0.57743531
v -0.19551429 0.26794761 0.57023704
v -0.19209711 0.27308238 0.57361335
v 0.37146869 -0.23701590 0.09116361
v -0.18856336 0.29903394 0.57513076
v 0.39419857 -0.15479106 0.05620728
v -0.18971878 0.29378015 0.57493854
v 0.14985925 -0.47718599 0.27794006
v -0.18477976 0.34793627 0.60649830
v 0.12362593 -0.47791979 0.31722802
v 0.10018294 -0.48027813 0.35305092
v -0.18870054 0.28738236 0.57518423
v -0.19193883 0.28431779 0.55369931
v 0.07880669 -0.48361117 0.38388395
v -0.19254509 0.28546676 0.52694243
v 0.04817275 -0.49053186 0.37977591
v 0.00085520 0.34446713 0.64086229
v -0.13736972 0.41557303 0.63091433
v -0.32916915 0.42966494 0.49274293
v 0.04822300 -0.49884322 0.32817703
v -0.34951964 0.39494592 0.47330531
v 0.06469252 -0.50991768 0.29732671
v -0.30958560 0.15813336 0.50280273
v -0.32787976 0.16540740 0.48681444
v -0.12186112 0.37207896 0.63693005
v 0.07935079 -0.52349389 0.27301592
v 0.26364580 -0.24901110 0.49378088
v 0.29040244 -0.24855597 0.46140566
v 0.30357972 -0.18594263 0.47605407
v 0.33246741 -0.16338737 0.44635183
v -0.16897024 0.55794340 0.58389312
v -0.19617359 0.87236297 0.29530317
v -0.15831777 0.50566190 0.59968847
v -0.25158179 0.46126112 0.55834931
v 0.32160482 -0.23825672 0.42361745
v -0.19796278 0.84164530 0.35289356
v 0.27656484 -0.19887331 0.50292647
v 0.35514233 -0.20933057 0.38194913
v 0.36102924 -0.12975562 0.41500482
v 0.35657474 -0.05323651 0.45967138
v 0.38214761 -0.09621049 0.38696891
v -0.29709831 0.45492882 0.52145433
v 0.38164365 -0.16939124 0.34443188
v -0.35943773 0.20272598 0.44208822
v -0.04319575 0.45230508 0.63648212
v -0.36905208 0.23900674 0.42908013
v 0.37945333 -0.02257647 0.43556145
v -0.09450130 0.45543602 0.63176543
v -0.17200707 0.96199679 -0.10203674
v 0.39740428 0.00643216 0.41181031
v 0.40002039 -0.05915910 0.35948965
v 0.39979815 -0.12748247 0.31611401
v 0.29035670 -0.31660855 0.41042238
v -0.08742184 0.32735905 0.61612433
v 0.41638422 -0.08007707 0.28197682
v -0.24324770 0.15921521 0.53580385
v -0.26334843 0.15781447 0.52772993
v 0.41215876 0.03384730 0.38452810
v -0.19458729 0.95138943 -0.03000751
v -0.35262880 0.18616699 0.45520338
v -0.18727463 0.67743111 0.52040046
v -0.05993573 0.28765622 0.59496170
v -0.07005888 0.30513552 0.60137022
v -0.19234483 0.72358251 0.48372069
v 0.41315690 -0.02462110 0.33442283
v 0.42690516 0.07197852 0.35022837
v 0.42953554 0.02290563 0.29751611
v -0.19556795 0.76706076 0.44306403
v 0.43141612 -0.02897108 0.24575141
v 0.44345480 -0.00916421 0.15556480
v -0.19623752 0.89885986 0.22740266
v -0.13393377 0.17602549 0.55517679
v 0.39195824 -0.04757140 -0.02865478
v 0.14247385 -0.07702129 0.60102606
v 0.10768254 -0.06691200 0.61624926
v -0.36545268 0.35481638 0.45548964
v -0.37289974 0.31198555 0.44362769
v -0.19786213 0.94004375 0.05784001
v -0.19478764 0.16360369 0.54914248
v -0.37274748 0.27476847 0.43337789
v -0.09969013 0.97850960 -0.15263399
v 0.07576543 -0.06309363 0.63444865
v -0.34230173 0.17408884 0.47073323
v 0.05094643 -0.06144346 0.65083826
v 0.02634110 -0.06165782 0.65922540
v -0.20332173 0.46071249 0.59034723
v -0.22023828 0.16074580 0.54341364
v -0.05557296 0.26904449 0.58819163
v -0.10485913 0.18999663 0.55871087
v -0.08212855 0.21016268 0.56398934
v -0.19737205 0.80648589 0.40124714
v -0.06857169 0.22676416 0.57077366
v -0.05653339 0.25069410 0.58184975
v -0.16410834 0.16718756 0.55323690
v -0.17978267 0.61779410 0.55857456
v -0.19613674 0.92221999 0.14691696
v -0.28635192 0.15731871 0.51647246
v -0.00286895 0.98544139 -0.16988847
v 0.00113062 0.44935590 0.63743830
v -0.06160913 0.23726568 0.57669485
v -0.10510699 0.34775305 0.63029712
v -0.14870515 0.45836768 0.61737031
v 0.00334399 -0.25968936 0.61905587
v -0.16864027 -0.14600416 0.58800262
v -0.17769890 -0.16051491 0.57796109
v -0.17602611 -0.19677290 0.55801439
v -0.12127554 -0.11299462 0.61933905
v -0.14978634 -0.12994273 0.60181469
v -0.11527348 -0.24631250 0.59508532
v -0.17976020 -0.17304598 0.56945539
v -0.07895850 -0.25541919 0.61297882
v -0.18195899 -0.18479151 0.56284666
v -0.04131879 -0.25908858 0.62114286
v 0.00167163 -0.09086365 0.65734172
v -0.05693039 -0.08999850 0.65226460
v -0.02763934 -0.08792871 0.65981597
v -0.08865890 -0.09876764 0.63686222
v -0.16363622 -0.21238127 0.56092310
v -0.14506721 -0.23112661 0.57489097
v 0.02831807 -0.00443444 0.72748446
v 0.02042388 -0.01254493 0.71053195
v 0.09957670 0.24089696 0.54581594
v 0.05330796 -0.01698573 0.64752978
v 0.04827642 0.12504531 0.69459963
v 0.08964360 0.24188989 0.54826093
v 0.06970839 -0.01468194 0.64033616
v 0.04518823 0.16986085 0.66614443
v 0.05456928 0.23315030 0.59618562
v 0.04563124 0.14706905 0.68101788
v 0.10846111 0.00148537 0.64972425
v 0.09462500 -0.01343186 0.63817370
v 0.04762110 0.03520017 0.74737805
v 0.05297149 0.05361370 0.74193639
v 0.05061211 0.01581917 0.73197937
v 0.03312817 0.00259970 0.73572218
v 0.11274401 0.23953679 0.54717720
v 0.14808832 0.24873519 0.51692671
v 0.04242666 0.02173219 0.74584389
v 0.02282043 0.00688329 0.74875033
v 0.13224384 0.24267454 0.53555536
v 0.10606143 0.24021016 0.54648769
v 0.08118490 0.02694724 0.70249599
v 0.04661442 0.22464126 0.62030035
v 0.09952417 0.01802651 0.67635202
v 0.11928166 0.23976809 0.54723001
v 0.12532507 0.24058282 0.54547024
v 0.05226105 0.10121597 0.71097857
v 0.14272900 0.24443042 0.53247041
v 0.01860286 -0.02103041 0.67845166
v 0.06811360 0.02243754 0.71586740
v 0.05847336 0.01882634 0.72465998
v 0.02256129 -0.02422505 0.66681075
v 0.07633128 0.24006389 0.55906260
v 0.04400456 0.20800261 0.63936174
v 0.04452682 0.18851037 0.65365696
v 0.01743420 -0.01690612 0.69397628
v 0.05393983 0.07611967 0.72940218
v 0.03809178 -0.01994355 0.65718979
v 0.03747953 0.01095178 0.74145699
v 0.19274844 0.33279350 0.59225202
v 0.19315735 0.31848672 0.58377630
v 0.14816412 0.34706303 0.61870039
v 0.03292346 0.34539977 0.63821399
v 0.06793389 0.34653321 0.63500708
v 0.18871501 0.28176260 0.57589531
v 0.19381465 0.26929483 0.56553179
v 0.19116017 0.30556262 0.57617921
v 0.19421460 0.26795307 0.57158726
v 0.19077845 0.27402326 0.57487905
v 0.18901259 0.30094439 0.57441956
v 0.18938394 0.29567349 0.57433277
v 0.18654394 0.34806827 0.60603958
v 0.18803476 0.28923142 0.57498521
v 0.19186527 0.28183940 0.55540788
v 0.19290902 0.28237894 0.52858090
v 0.13929212 0.41552520 0.63120735
v 0.32932189 0.43066871 0.49243531
v 0.34922341 0.39636567 0.47285488
v 0.31083930 0.15665981 0.50095379
v 0.32821745 0.16447237 0.48524880
v 0.12353145 0.37135461 0.63769186
v 0.16907114 0.55735725 0.58130282
v 0.19293898 0.87192988 0.29441845
v 0.15958527 0.50573480 0.59847319
v 0.25224054 0.46170005 0.55778855
v 0.19491200 0.84068066 0.35225630
v 0.29756621 0.45545495 0.52106565
v 0.35882041 0.20321310 0.44055948
v 0.04523466 0.45197502 0.63609773
v 0.36861315 0.23977485 0.42774537
v 0.09644846 0.45544073 0.63155615
v 0.16658880 0.96037346 -0.10337044
v 0.08943053 0.32620943 0.61627930
v 0.24499285 0.15761307 0.53417921
v 0.26494825 0.15609017 0.52613980
v 0.18978344 0.95063502 -0.03149453
v 0.35245180 0.18595646 0.45370609
v 0.18586083 0.67563432 0.51767612
v 0.06331196 0.28660181 0.59514415
v 0.07270673 0.30376619 0.60167480
v 0.18919688 0.72079557 0.48274016
v 0.19246757 0.76501048 0.44245991
v 0.19299230 0.89923280 0.22647339
v 0.13575257 0.17415956 0.55398166
v 0.36483502 0.35617089 0.45476303
v 0.37252903 0.31315190 0.44334888
v 0.19365101 0.93979937 0.05653158
v 0.19712003 0.16137588 0.54743338
v 0.37280297 0.27562618 0.43276849
v 0.09396473 0.97702259 -0.15338668
v 0.34265617 0.17320901 0.46909326
v 0.20435275 0.46103624 0.58982807
v 0.22198737 0.15910862 0.54164433
v 0.05921729 0.26848507 0.58831555
v 0.10653269 0.18866891 0.55779397
v 0.08418051 0.20917815 0.56324953
v 0.19421892 0.80488425 0.40059617
v 0.07099549 0.22621268 0.57041621
v 0.05970071 0.25038937 0.58164573
v 0.16499113 0.16548842 0.55174959
v 0.17910840 0.61665487 0.55569518
v 0.19270048 0.92284405 0.14590663
v 0.28775916 0.15571940 0.51470965
v 0.06440739 0.23681329 0.57632810
v 0.10697947 0.34691024 0.63065559
v 0.15067777 0.45851600 0.61693627
v 0.17217733 -0.14653929 0.58527070
v 0.18071193 -0.16055356 0.57499939
v 0.17850198 -0.19644645 0.55473310
v 0.12566580 -0.11451446 0.61730403
v 0.15396041 -0.13115835 0.59923559
v 0.11933407 -0.24570319 0.59236288
v 0.18226421 -0.17271507 0.56634498
v 0.08417518 -0.25460622 0.61049849
v 0.18421237 -0.18434604 0.55928028
v 0.04591293 -0.25931376 0.62029767
v 0.06080869 -0.09087461 0.65173286
v 0.03093300 -0.08833888 0.65968645
v 0.09233096 -0.09980419 0.63557100
v 0.16671351 -0.21206976 0.55776590
v 0.14897728 -0.23053256 0.57152063
v 0.19938710 0.25609639 0.47617581
v -0.19919500 0.25832364 0.47414470
v 0.19015463 0.25198483 0.55802679
v 0.18008900 0.25211617 0.55613691
v 0.17080000 0.25232705 0.55320382
v 0.16299511 0.25257808 0.54973346
v 0.19035451 0.25401977 0.55816883
v 0.18047401 0.25610813 0.55643034
v 0.17136258 0.25811875 0.55363137
v 0.16372027 0.25989240 0.55025136
v 0.19095132 0.25597751 0.55831534
v 0.18164706 0.25994882 0.55669421
v 0.17305513 0.26369181 0.55401945
v 0.16584304 0.26691100 0.55074793
v 0.19190946 0.25777751 0.55844098
v 0.18353242 0.26347986 0.55695343
v 0.17580038 0.26883447 0.55437553
v 0.16931026 0.27338791 0.55118668
v 0.19321536 0.25935858 0.55853724
v 0.18607841 0.26657802 0.55715686
v 0.17949279 0.27333504 0.55467677
v 0.17396560 0.27906492 0.55157679
v 0.19479315 0.26066077 0.55862200
v 0.18918166 0.26912701 0.55731964
v 0.18400180 0.27702433 0.55491054
v 0.17966115 0.28372532 0.55186260
v 0.19660492 0.26161727 0.55868506
v 0.19272727 0.27101669 0.55742842
v 0.18914855 0.27977073 0.55507427
v 0.18615210 0.28718263 0.55206954
v 0.19856919 0.26221487 0.55870140
v 0.19657724 0.27218193 0.55748922
v 0.19473369 0.28146705 0.55516678
v 0.19318494 0.28932136 0.55218458
v 0.20060766 0.26241750 0.55868763
v 0.20057681 0.27258241 0.55747914
v 0.20054428 0.28204441 0.55516279
v 0.20051093 0.29005578 0.55219251
v 0.20264833 0.26221812 0.55866534
v 0.20458134 0.27218819 0.55742896
v 0.20635895 0.28147671 0.55508536
v 0.20783830 0.28933331 0.55208910
v 0.20461208 0.26162240 0.55860472
v 0.20843165 0.27102944 0.55731452
v 0.21194087 0.27979141 0.55492622
v 0.21488063 0.28720742 0.55189306
v 0.20642652 0.26066756 0.55852109
v 0.21197917 0.26914594 0.55715936
v 0.21710312 0.27705374 0.55469477
v 0.22138405 0.28376284 0.55160475
v 0.20800531 0.25936747 0.55840695
v 0.21509360 0.26660293 0.55695206
v 0.22162464 0.27337444 0.55439943
v 0.22709218 0.27911437 0.55124038
v 0.20931558 0.25779155 0.55827928
v 0.21765605 0.26351541 0.55671245
v 0.22533275 0.26888388 0.55404466
v 0.23177177 0.27344981 0.55078936
v 0.21027534 0.25599480 0.55813414
v 0.21954863 0.25998929 0.55642396
v 0.22809327 0.26375070 0.55364603
v 0.23525552 0.26698476 0.55029041
v 0.21087444 0.25404155 0.55797595
v 0.22071332 0.25615606 0.55611104
v 0.22979298 0.25818786 0.55320621
v 0.23739235 0.25997561 0.54974478
v 0.21107668 0.25201163 0.55781907
v 0.22111338 0.25217175 0.55580246
v 0.23036610 0.25240690 0.55275428
v 0.23812640 0.25267637 0.54918581
v 0.21087179 0.24998440 0.55765480
v 0.22071233 0.24818444 0.55548644
v 0.22978966 0.24662207 0.55230558
v 0.23739351 0.24538113 0.54862595
v 0.21028082 0.24802099 0.55752957
v 0.21955955 0.24435355 0.55522484
v 0.22810602 0.24105689 0.55190289
v 0.23527308 0.23836929 0.54811615
v 0.20932294 0.24622259 0.55741191
v 0.21766710 0.24082594 0.55495799
v 0.22536778 0.23592591 0.55154157
v 0.23182414 0.23188713 0.54766822
v 0.20802905 0.24463691 0.55734032
v 0.21513835 0.23772129 0.55478525
v 0.22168538 0.23142269 0.55124211
v 0.22718114 0.22619531 0.54730576
v 0.20645078 0.24335100 0.55721509
v 0.21203254 0.23518203 0.55459905
v 0.21718991 0.22771981 0.55101132
v 0.22149713 0.22153342 0.54699564
v 0.20464607 0.24238510 0.55716282
v 0.20850225 0.23328021 0.55449492
v 0.21204114 0.22497299 0.55084366
v 0.21501040 0.21806327 0.54678702
v 0.20268349 0.24178579 0.55713147
v 0.20465544 0.23210879 0.55443490
v 0.20646696 0.22326559 0.55076528
v 0.20797411 0.21591078 0.54667944
v 0.20064597 0.24157678 0.55714637
v 0.20065559 0.23170733 0.55444270
v 0.20065536 0.22267637 0.55076939
v 0.20064630 0.21516964 0.54668057
v 0.19860561 0.24177259 0.55718207
v 0.19665356 0.23208606 0.55450970
v 0.19484092 0.22323366 0.55086017
v 0.19331326 0.21587919 0.54678136
v 0.19663987 0.24236225 0.55726057
v 0.19279924 0.23323962 0.55463618
v 0.18925130 0.22491902 0.55102247
v 0.18626955 0.21800263 0.54698318
v 0.19482487 0.24331722 0.55737180
v 0.18924949 0.23512931 0.55479860
v 0.18409950 0.22765616 0.55125064
v 0.17976880 0.22145212 0.54728067
v 0.19324267 0.24461432 0.55745453
v 0.18613574 0.23766485 0.55501509
v 0.17957470 0.23133986 0.55155957
v 0.17405887 0.22609389 0.54768574
v 0.19193238 0.24619398 0.55757052
v 0.18357839 0.24075833 0.55525023
v 0.17586112 0.23583047 0.55192637
v 0.16937482 0.23177007 0.54813385
v 0.20063254 0.25195774 0.55860406
v 0.19096608 0.24799041 0.55771434
v 0.18167171 0.24428989 0.55553359
v 0.17309424 0.24096012 0.55233604
v 0.16588978 0.23825015 0.54864532
v 0.19036086 0.24994664 0.55786872
v 0.18048742 0.24811880 0.55583823
v 0.17139621 0.24653125 0.55275607
v 0.16375479 0.24527404 0.54916549
v 0.15538797 0.25287881 0.54537022
v 0.14363256 0.25353172 0.53611046
v 0.13359721 0.25435027 0.52457839
v 0.12613270 0.25525600 0.51188904
v 0.12152589 0.25614068 0.49971572
v 0.11992341 0.25771418 0.47740898
v 0.12139446 0.25931349 0.45504063
v 0.12592080 0.26022497 0.44281334
v 0.13330416 0.26117116 0.43005407
v 0.14326403 0.26203150 0.41843244
v 0.15540487 0.26275185 0.40874103
v 0.16928142 0.26329502 0.40146625
v 0.18433185 0.26363593 0.39694315
v 0.15624747 0.26166677 0.54598784
v 0.14471625 0.26458317 0.53689885
v 0.13486324 0.26735219 0.52552050
v 0.12753370 0.26969874 0.51292872
v 0.12301406 0.27148199 0.50080925
v 0.12142779 0.27335945 0.47851560
v 0.12286888 0.27465346 0.45615831
v 0.12731603 0.27466413 0.44385207
v 0.13456321 0.27416897 0.43098214
v 0.14433827 0.27307871 0.41922489
v 0.15625057 0.27144018 0.40935767
v 0.16984779 0.26927745 0.40189266
v 0.18462156 0.26668653 0.39715675
v 0.15881339 0.27010727 0.54658198
v 0.14793296 0.27522892 0.53764659
v 0.13865027 0.27986443 0.52640128
v 0.13173912 0.28360111 0.51391691
v 0.12747024 0.28623492 0.50184411
v 0.12596919 0.28840292 0.47957540
v 0.12731969 0.28940630 0.45720655
v 0.13151097 0.28856733 0.44483095
v 0.13833925 0.28667945 0.43186906
v 0.14754385 0.28371987 0.41998062
v 0.15876777 0.27978849 0.40995473
v 0.17159019 0.27503359 0.40229806
v 0.18551201 0.26961696 0.39735973
v 0.16296181 0.27789173 0.54711670
v 0.15317109 0.28503382 0.53831935
v 0.14480633 0.29138923 0.52719975
v 0.13857776 0.29641291 0.51480347
v 0.13472722 0.29982609 0.50279981
v 0.13336562 0.30227008 0.48053905
v 0.13457648 0.30299675 0.45814005
v 0.13834679 0.30137566 0.44572321
v 0.14448842 0.29820383 0.43267360
v 0.15276799 0.29352492 0.42067146
v 0.16287415 0.28749222 0.41049069
v 0.17441492 0.28033254 0.40266547
v 0.18695588 0.27232245 0.39754394
v 0.16857347 0.28471285 0.54756552
v 0.16023006 0.29362524 0.53888988
v 0.15309963 0.30149421 0.52787495
v 0.14779146 0.30763993 0.51556689
v 0.14451449 0.31175315 0.50361753
v 0.14333785 0.31441590 0.48136964
v 0.14436083 0.31491721 0.45894870
v 0.14755681 0.31260154 0.44649333
v 0.15277171 0.30830762 0.43337360
v 0.15981320 0.30211842 0.42125511
v 0.16840875 0.29424688 0.41095436
v 0.17823297 0.28498340 0.40298355
v 0.18890004 0.27468145 0.39770201
v 0.17540710 0.29031697 0.54792333
v 0.16883451 0.30067718 0.53934091
v 0.16321222 0.30978653 0.52841878
v 0.15902445 0.31685895 0.51617277
v 0.15643857 0.32154074 0.50425863
v 0.15549313 0.32440501 0.48203576
v 0.15628213 0.32471010 0.45960948
v 0.15878196 0.32182199 0.44711056
v 0.16287564 0.31660113 0.43392205
v 0.16840596 0.30917037 0.42173359
v 0.17516381 0.29978710 0.41132516
v 0.18288454 0.28880531 0.40323693
v 0.19126616 0.27663249 0.39782968
v 0.18320163 0.29446781 0.54817092
v 0.17865671 0.30592060 0.53966564
v 0.17475589 0.31595507 0.52880371
v 0.17185685 0.32370707 0.51660484
v 0.17004810 0.32881880 0.50471145
v 0.16938560 0.33182916 0.48251289
v 0.16988453 0.33198991 0.46008888
v 0.17160361 0.32867280 0.44755059
v 0.17440985 0.32277057 0.43431908
v 0.17822015 0.31441271 0.42206308
v 0.18287337 0.30390668 0.41158915
v 0.18818794 0.29163840 0.40341848
v 0.19397452 0.27807274 0.39792019
v 0.19166732 0.29704347 0.54830295
v 0.18932393 0.30915695 0.53984046
v 0.18729548 0.31976125 0.52901387
v 0.18578163 0.32794541 0.51683646
v 0.18483040 0.33330497 0.50497746
v 0.18445015 0.33639663 0.48278084
v 0.18466450 0.33647516 0.46034554
v 0.18552341 0.33290586 0.44780260
v 0.18694036 0.32657483 0.43453902
v 0.18887094 0.31764179 0.42224950
v 0.19123495 0.30644226 0.41172972
v 0.19395219 0.29339013 0.40351906
v 0.19690974 0.27897289 0.39797139
v 0.20047271 0.29791147 0.54831940
v 0.20040338 0.31025118 0.53986216
v 0.20033230 0.32105955 0.52903414
v 0.20026526 0.32938942 0.51687068
v 0.20020793 0.33483440 0.50501895
v 0.20013398 0.33794153 0.48283777
v 0.20004222 0.33800101 0.46037489
v 0.20000188 0.33434784 0.44784248
v 0.19996852 0.32786992 0.43458170
v 0.19994736 0.31873849 0.42228115
v 0.19994000 0.30730924 0.41176075
v 0.19994633 0.29397804 0.40353650
v 0.19996588 0.27926889 0.39797938
v 0.20927683 0.29706001 0.54819757
v 0.21149282 0.30917364 0.53972369
v 0.21337345 0.31979120 0.52887928
v 0.21475555 0.32797739 0.51669866
v 0.21559541 0.33334142 0.50482631
v 0.21580362 0.33643392 0.48263270
v 0.21542390 0.33650738 0.46020797
v 0.21448582 0.33293390 0.44767499
v 0.21300058 0.32659832 0.43442303
v 0.21102251 0.31765884 0.42215469
v 0.20864870 0.30645326 0.41165555
v 0.20594224 0.29339609 0.40346861
v 0.20302303 0.27897370 0.39794493
v 0.21774599 0.29450130 0.54796541
v 0.22216634 0.30596510 0.53943050
v 0.22592828 0.31601289 0.52854037
v 0.22869951 0.32377222 0.51633048
v 0.23039427 0.32888770 0.50442415
v 0.23088938 0.33189940 0.48222595
v 0.23021764 0.33205321 0.45981836
v 0.22842145 0.32872862 0.44729781
v 0.22554624 0.32281664 0.43409172
v 0.22169210 0.31444567 0.42187336
v 0.21702008 0.30392808 0.41144320
v 0.21171388 0.29164869 0.40331900
v 0.20596153 0.27807379 0.39786938
v 0.22556706 0.29036501 0.54762435
v 0.23201567 0.30074158 0.53899914
v 0.23749751 0.30986610 0.52803761
v 0.24155469 0.31695151 0.51576704
v 0.24403310 0.32164145 0.50384212
v 0.24480392 0.32450622 0.48162255
v 0.24385244 0.32480270 0.45921445
v 0.24127160 0.32190275 0.44674209
v 0.23710696 0.31666738 0.43359429
v 0.23152795 0.30921882 0.42145675
v 0.22474600 0.29981887 0.41111237
v 0.21702723 0.28882021 0.40309256
v 0.20867400 0.27663365 0.39775521
v 0.23242375 0.28476921 0.54718280
v 0.24064584 0.29370764 0.53844613
v 0.24764699 0.30159312 0.52738255
v 0.25282869 0.30775350 0.51504618
v 0.25600007 0.31187096 0.50307858
v 0.25700441 0.31454080 0.48084301
v 0.25581807 0.31503293 0.45844182
v 0.25253928 0.31270322 0.44602397
v 0.24724770 0.30838999 0.43295598
v 0.24015048 0.30217892 0.42090321
v 0.23152250 0.29428592 0.41068208
v 0.22169310 0.28500265 0.40279743
v 0.21104088 0.27468291 0.39760822
v 0.23805118 0.27796263 0.54665542
v 0.24773808 0.28512910 0.53778142
v 0.25598326 0.29150698 0.52661395
v 0.26209462 0.29654706 0.51418889
v 0.26583862 0.29997107 0.50216132
v 0.26703247 0.30241349 0.47991842
v 0.26565623 0.30313087 0.45754209
v 0.26180008 0.30149239 0.44517019
v 0.25557625 0.29829693 0.43218288
v 0.24723122 0.29359448 0.42025673
v 0.23708476 0.28753772 0.41017094
v 0.22552875 0.28035465 0.40244702
v 0.21299873 0.27232480 0.39743266
v 0.24223256 0.27018958 0.54606515
v 0.25301263 0.27533686 0.53704351
v 0.26219335 0.27999386 0.52574837
v 0.26899549 0.28374773 0.51322699
v 0.27316326 0.28639114 0.50113535
v 0.27449414 0.28854924 0.47887972
v 0.27297390 0.28955162 0.45653543
v 0.26869175 0.28869337 0.44420931
v 0.26177481 0.28678077 0.43131989
v 0.25249791 0.28379399 0.41951838
v 0.24122378 0.27983752 0.40959695
v 0.22837666 0.27505767 0.40205652
v 0.21445343 0.26961944 0.39723647
v 0.24481426 0.26175910 0.54541695
v 0.25627282 0.26470336 0.53624833
v 0.26603392 0.26749191 0.52481925
v 0.27325830 0.26985481 0.51218581
v 0.27768788 0.27164468 0.50005209
v 0.27910697 0.27351752 0.47777244
v 0.27749449 0.27480194 0.45544028
v 0.27294734 0.27479228 0.44318777
v 0.26560342 0.27427134 0.43039405
v 0.25574771 0.27315429 0.41873333
v 0.24377507 0.27148920 0.40897629
v 0.23014054 0.26930279 0.40163380
v 0.21535398 0.26668957 0.39702514
v 0.24569798 0.25298592 0.54475975
v 0.25739139 0.25365877 0.53542811
v 0.26734987 0.25449479 0.52384663
v 0.27471992 0.25541607 0.51112437
v 0.27923742 0.25630522 0.49892926
v 0.28069773 0.25787127 0.47663909
v 0.27904075 0.25945696 0.45430434
v 0.27440071 0.26034740 0.44212928
v 0.26691401 0.26126862 0.42944798
v 0.25686610 0.26210415 0.41792515
v 0.24465603 0.26280099 0.40834838
v 0.23073864 0.26332170 0.40119973
v 0.21565619 0.26364073 0.39680728
v 0.24480565 0.24421693 0.54406464
v 0.25629261 0.24260715 0.53459579
v 0.26607734 0.24148656 0.52288926
v 0.27332723 0.24096319 0.51007152
v 0.27775675 0.24095842 0.49779963
v 0.27916729 0.24223578 0.47547704
v 0.27755135 0.24410787 0.45319778
v 0.27299953 0.24589333 0.44108018
v 0.26564938 0.24825789 0.42849675
v 0.25578961 0.25104588 0.41712737
v 0.24380998 0.25411117 0.40771887
v 0.23016545 0.25733301 0.40077329
v 0.21536618 0.26059082 0.39659420
v 0.24226233 0.23577620 0.54347241
v 0.25307593 0.23196250 0.53381741
v 0.26229677 0.22896567 0.52199107
v 0.26911956 0.22704916 0.50907242
v 0.27328986 0.22618596 0.49672782
v 0.27460870 0.22717811 0.47438774
v 0.27308300 0.22934106 0.45213568
v 0.26879269 0.23198478 0.44007239
v 0.26186663 0.23574217 0.42759946
v 0.25257945 0.24040256 0.41636524
v 0.24129163 0.24576081 0.40713158
v 0.22842506 0.25158334 0.40036920
v 0.21447708 0.25765434 0.39639184
v 0.23813729 0.22797222 0.54295605
v 0.24786350 0.22213745 0.53314751
v 0.25613374 0.21742913 0.52117348
v 0.26225787 0.21423480 0.50815189
v 0.26600930 0.21258841 0.49576753
v 0.26719800 0.21329656 0.47340125
v 0.26581392 0.21574658 0.45115882
v 0.26194814 0.21917352 0.43916497
v 0.25571200 0.22421204 0.42678845
v 0.24735147 0.23059490 0.41568208
v 0.23718296 0.23805287 0.40658987
v 0.22559908 0.24628815 0.39999831
v 0.21303251 0.25495830 0.39620590
v 0.23254499 0.22114311 0.54250020
v 0.24080364 0.21353440 0.53255832
v 0.24782968 0.20731013 0.52046400
v 0.25302526 0.20298666 0.50736213
v 0.25620162 0.20065036 0.49493343
v 0.25720894 0.20113996 0.47254941
v 0.25601879 0.20381334 0.45032284
v 0.25273198 0.20793395 0.43838775
v 0.24742387 0.21410355 0.42609444
v 0.24030586 0.22200128 0.41508281
v 0.23164938 0.23130074 0.40612650
v 0.22178254 0.24163277 0.39968064
v 0.21108380 0.25259423 0.39604849
v 0.22570331 0.21553528 0.54211789
v 0.23218988 0.20647126 0.53207392
v 0.23770010 0.19900914 0.51990008
v 0.24177855 0.19375622 0.50673741
v 0.24426736 0.19084027 0.49426875
v 0.24504414 0.19113861 0.47187489
v 0.24409120 0.19400950 0.44966784
v 0.24150161 0.19871502 0.43776631
v 0.23731871 0.20581451 0.42553297
v 0.23171319 0.21495025 0.41461676
v 0.22489622 0.22576357 0.40575668
v 0.21713190 0.23781459 0.39942747
v 0.20872366 0.25064582 0.39592093
v 0.19999015 0.26374292 0.39537713
v 0.21789271 0.21137136 0.54185331
v 0.22235492 0.20121722 0.53173965
v 0.22614768 0.19282351 0.51950651
v 0.22894557 0.18688235 0.50630701
v 0.23065586 0.18354772 0.49379513
v 0.23115781 0.18371180 0.47140208
v 0.23048538 0.18672453 0.44921547
v 0.22867912 0.19185729 0.43732756
v 0.22578478 0.19964689 0.42513782
v 0.22190177 0.20971169 0.41427830
v 0.21718925 0.22165135 0.40549687
v 0.21183142 0.23498246 0.39925027
v 0.20601709 0.24920538 0.39583269
v 0.20942999 0.20879011 0.54171360
v 0.21169060 0.19797096 0.53156620
v 0.21360411 0.18900020 0.51929361
v 0.21501604 0.18263984 0.50606114
v 0.21587391 0.17905389 0.49354872
v 0.21609154 0.17913643 0.47114930
v 0.21571246 0.18223491 0.44896162
v 0.21476424 0.18762302 0.43709818
v 0.21325752 0.19583985 0.42492288
v 0.21124767 0.20648593 0.41409594
v 0.20882866 0.21912131 0.40534627
v 0.20606574 0.23323335 0.39914832
v 0.20308092 0.24831283 0.39578170
v 0.20062621 0.20790650 0.54171342
v 0.20060009 0.19686404 0.53154814
v 0.20056716 0.18769838 0.51926738
v 0.20053019 0.18120213 0.50603080
v 0.20049375 0.17753659 0.49352565
v 0.20043084 0.17757304 0.47113755
v 0.20034038 0.18071979 0.44891790
v 0.20028904 0.18619330 0.43706393
v 0.20023385 0.19454962 0.42489928
v 0.20017892 0.20539390 0.41406906
v 0.20012467 0.21824875 0.40532914
v 0.20007288 0.23265146 0.39913532
v 0.20002517 0.24801661 0.39577547
v 0.19181512 0.20875522 0.54183167
v 0.18950775 0.19793932 0.53169155
v 0.18752708 0.18896770 0.51944524
v 0.18604237 0.18261285 0.50621313
v 0.18511397 0.17902823 0.49371150
v 0.18474440 0.17911293 0.47131360
v 0.18495995 0.18221717 0.44911337
v 0.18580790 0.18761052 0.43723732
v 0.18720390 0.19583003 0.42504969
v 0.18909955 0.20647867 0.41419959
v 0.19141586 0.21911435 0.40542459
v 0.19407527 0.23322846 0.39920151
v 0.19696686 0.24831177 0.39580899
v 0.18334518 0.21130654 0.54208273
v 0.17883576 0.20115703 0.53199840
v 0.17497510 0.19275868 0.51980066
v 0.17210478 0.18682636 0.50660962
v 0.17031762 0.18349795 0.49410728
v 0.16966523 0.18366639 0.47171700
v 0.17016558 0.18668878 0.44951522
v 0.17187446 0.19182934 0.43760487
v 0.17466064 0.19962637 0.42538577
v 0.17843641 0.20969561 0.41448209
v 0.18304451 0.22163859 0.40565148
v 0.18830399 0.23497316 0.39935276
v 0.19402823 0.24920356 0.39588523
v 0.17552806 0.21544774 0.54244643
v 0.16899395 0.20637637 0.53244752
v 0.16340923 0.19891378 0.52032280
v 0.15924972 0.19367012 0.50718498
v 0.15668249 0.19076476 0.49471906
v 0.15574652 0.19107102 0.47232997
v 0.15653695 0.19395386 0.45010123
v 0.15902798 0.19867229 0.43816793
v 0.16310272 0.20578191 0.42588803
v 0.16860093 0.21492499 0.41491175
v 0.17531686 0.22574243 0.40598163
v 0.18298812 0.23780127 0.39957765
v 0.19131364 0.25064275 0.39599714
v 0.16867034 0.22104037 0.54291773
v 0.16036470 0.21341990 0.53303248
v 0.15326931 0.20719272 0.52098894
v 0.14798512 0.20288044 0.50792634
v 0.14472353 0.20054767 0.49550959
v 0.14355516 0.20104961 0.47312245
v 0.14457944 0.20373651 0.45086846
v 0.14776729 0.20787403 0.43889299
v 0.15296537 0.21405697 0.42654330
v 0.15997976 0.22196592 0.41545662
v 0.16853999 0.23127353 0.40641162
v 0.17832112 0.24161544 0.39987189
v 0.18894063 0.25259072 0.39614570
v 0.16303666 0.22785652 0.54345858
v 0.15327556 0.22201008 0.53370929
v 0.14493869 0.21729666 0.52178442
v 0.13872744 0.21410273 0.50880301
v 0.13489094 0.21246587 0.49643388
v 0.13353512 0.21318614 0.47406539
v 0.13474986 0.21565056 0.45179671
v 0.13851234 0.21909420 0.43975446
v 0.14464137 0.22414975 0.42730832
v 0.15290001 0.23054799 0.41611582
v 0.16297700 0.23801909 0.40692285
v 0.17448428 0.24626744 0.40022272
v 0.18698719 0.25495446 0.39631969
v 0.15886110 0.23564540 0.54406714
v 0.14800268 0.23181944 0.53447676
v 0.13873884 0.22882813 0.52267331
v 0.13184302 0.22690344 0.50978792
v 0.12758531 0.22604543 0.49745750
v 0.12608789 0.22705129 0.47512183
v 0.12743819 0.22922523 0.45283508
v 0.13162504 0.23188809 0.44072115
v 0.13844296 0.23566537 0.42817268
v 0.14763318 0.24034563 0.41684306
v 0.15883878 0.24572091 0.40749806
v 0.17163807 0.25156042 0.40061516
v 0.18553399 0.25765055 0.39651677
v 0.15626891 0.24408932 0.54470801
v 0.14475057 0.24246682 0.53528976
v 0.13491102 0.24133795 0.52362001
v 0.12758864 0.24080713 0.51082778
v 0.12307457 0.24079821 0.49857700
v 0.12149002 0.24208538 0.47624725
v 0.12292825 0.24397495 0.45393130
v 0.12737411 0.24578132 0.44175908
v 0.13461605 0.24816865 0.42909786
v 0.14438432 0.25098005 0.41762772
v 0.15628673 0.25406644 0.40810466
v 0.16987200 0.25730824 0.40103459
v 0.18463263 0.26058680 0.39672643
v -0.21008898 0.25402647 0.55594361
v -0.22014299 0.25416279 0.55401915
v -0.22942318 0.25437728 0.55105686
v -0.23723218 0.25462773 0.54758620
v -0.20988786 0.25605905 0.55609071
v -0.21976027 0.25815028 0.55432087
v -0.22887503 0.26016223 0.55150485
v -0.23651847 0.26193556 0.54812104
v -0.20930253 0.25801459 0.55623907
v -0.21860889 0.26198715 0.55461484
v -0.22719672 0.26573130 0.55191970
v -0.23440057 0.26895115 0.54862696
v -0.20834975 0.25981444 0.55637348
v -0.21672866 0.26551771 0.55487490
v -0.22446322 0.27087396 0.55229497
v -0.23095004 0.27542794 0.54909408
v -0.20704675 0.26139280 0.55648482
v -0.21418552 0.26861390 0.55509430
v -0.22077475 0.27537581 0.55260789
v -0.22629778 0.28110689 0.54949880
v -0.20547213 0.26269564 0.55657375
v -0.21108192 0.27116385 0.55526578
v -0.21627028 0.27906477 0.55285573
v -0.22061242 0.28576854 0.54980695
v -0.20366198 0.26365367 0.55663729
v -0.20754251 0.27305385 0.55538088
v -0.21111816 0.28181210 0.55302680
v -0.21412334 0.28922805 0.55002803
v -0.20170011 0.26425248 0.55667347
v -0.20369625 0.27422065 0.55545473
v -0.20554304 0.28350925 0.55312979
v -0.20708922 0.29136708 0.55014873
v -0.19965991 0.26445496 0.55667484
v -0.19969329 0.27462184 0.55546379
v -0.19972982 0.28408763 0.55314445
v -0.19976230 0.29210317 0.55017149
v -0.19762023 0.26425415 0.55665255
v -0.19569065 0.27422911 0.55542511
v -0.19391416 0.28352061 0.55308425
v -0.19243184 0.29138103 0.55008554
v -0.19565420 0.26365793 0.55659455
v -0.19183683 0.27306822 0.55531108
v -0.18832222 0.28183442 0.55293036
v -0.18538830 0.28925672 0.54989964
v -0.19383919 0.26270282 0.55651522
v -0.18828444 0.27118272 0.55515975
v -0.18316457 0.27909556 0.55270821
v -0.17888279 0.28580958 0.54962307
v -0.19225794 0.26140189 0.55641067
v -0.18517348 0.26863632 0.55495834
v -0.17864151 0.27541173 0.55242217
v -0.17316867 0.28115687 0.54927182
v -0.19094633 0.25982231 0.55629587
v -0.18261223 0.26554370 0.55473286
v -0.17493013 0.27091748 0.55208546
v -0.16848831 0.27548769 0.54883987
v -0.18998060 0.25802463 0.55616474
v -0.18071049 0.26201782 0.55446523
v -0.17216441 0.26578113 0.55170339
v -0.16499647 0.26901644 0.54836756
v -0.18936968 0.25606939 0.55602044
v -0.17952387 0.25818110 0.55419141
v -0.17044584 0.26021409 0.55131048
v -0.16284305 0.26200417 0.54786092
v -0.18916798 0.25403631 0.55587608
v -0.17912182 0.25419244 0.55390090
v -0.16985595 0.25442529 0.55089009
v -0.16208997 0.25469732 0.54734373
v -0.18936026 0.25199947 0.55572438
v -0.17950344 0.25019762 0.55361313
v -0.17041266 0.24862728 0.55047953
v -0.16280529 0.24739181 0.54681468
v -0.18996225 0.25004199 0.55558813
v -0.18067129 0.24636573 0.55333233
v -0.17210659 0.24306050 0.55006343
v -0.16492543 0.24037045 0.54630846
v -0.19091973 0.24824277 0.55546033
v -0.18255916 0.24282792 0.55308110
v -0.17485167 0.23792244 0.54969305
v -0.16839197 0.23388557 0.54583144
v -0.19222516 0.24666366 0.55534738
v -0.18510528 0.23973152 0.55286074
v -0.17854461 0.23342060 0.54936826
v -0.17305565 0.22820130 0.54542929
v -0.19380163 0.24536784 0.55525446
v -0.18820655 0.23718798 0.55267638
v -0.18305293 0.22972481 0.54910296
v -0.17874488 0.22354545 0.54508555
v -0.19561256 0.24440597 0.55518532
v -0.19175065 0.23529457 0.55253810
v -0.18819793 0.22698511 0.54891080
v -0.18523479 0.22008811 0.54484195
v -0.19757460 0.24380927 0.55514157
v -0.19559765 0.23412883 0.55246180
v -0.19377987 0.22528717 0.54880250
v -0.19226581 0.21794744 0.54470825
v -0.19961205 0.24360615 0.55513567
v -0.19959609 0.23373866 0.55243713
v -0.19958767 0.22471532 0.54876482
v -0.19958857 0.21721701 0.54467672
v -0.20164901 0.24381088 0.55514592
v -0.20359415 0.23412804 0.55247110
v -0.20539664 0.22528608 0.54881811
v -0.20691219 0.21793854 0.54474223
v -0.20361152 0.24440673 0.55519807
v -0.20744263 0.23529002 0.55256635
v -0.21097316 0.22697590 0.54895264
v -0.21394821 0.22006720 0.54491711
v -0.20542164 0.24537067 0.55526799
v -0.21098068 0.23718433 0.55270779
v -0.21612851 0.22971109 0.54916453
v -0.22044119 0.22352055 0.54518151
v -0.20700277 0.24666190 0.55537707
v -0.21409887 0.23971850 0.55292332
v -0.22064213 0.23340344 0.54944766
v -0.22613344 0.22817625 0.54553318
v -0.20831266 0.24823815 0.55550271
v -0.21665964 0.24280383 0.55317622
v -0.22435287 0.23789026 0.54980755
v -0.23080254 0.23385379 0.54595071
v -0.19962931 0.25399148 0.55657983
v -0.20927630 0.25003442 0.55564237
v -0.21855961 0.24633762 0.55344433
v -0.22711089 0.24302325 0.55018830
v -0.23429079 0.24032587 0.54644984
v -0.20987226 0.25199744 0.55578506
v -0.21972819 0.25017273 0.55370945
v -0.22881776 0.24859120 0.55059922
v -0.23645486 0.24733295 0.54699999
v -0.24481346 0.25493023 0.54318637
v -0.25656292 0.25558066 0.53392214
v -0.26661912 0.25639874 0.52241671
v -0.27411634 0.25730568 0.50975895
v -0.27874774 0.25819209 0.49759337
v -0.28038669 0.25976166 0.47529736
v -0.27891898 0.26135230 0.45294052
v -0.27439263 0.26225489 0.44071302
v -0.26701921 0.26319128 0.42795569
v -0.25707096 0.26404804 0.41633594
v -0.24494058 0.26476780 0.40664724
v -0.23107456 0.26531538 0.39937571
v -0.21603228 0.26566440 0.39485809
v -0.24397846 0.26370740 0.54384536
v -0.25550810 0.26662987 0.53474450
v -0.26537848 0.26939777 0.52338696
v -0.27272233 0.27174979 0.51080334
v -0.27726272 0.27353135 0.49869177
v -0.27886370 0.27540311 0.47641107
v -0.27743289 0.27669194 0.45405406
v -0.27299517 0.27669433 0.44175157
v -0.26575777 0.27618980 0.42888454
v -0.25599492 0.27509478 0.41712964
v -0.24409395 0.27345526 0.40726483
v -0.23050596 0.27129662 0.39980337
v -0.21574138 0.26871482 0.39507321
v -0.24143267 0.27214634 0.54446155
v -0.25231013 0.27727064 0.53551763
v -0.26160240 0.28190792 0.52428478
v -0.26852363 0.28564832 0.51180398
v -0.27280423 0.28828305 0.49973154
v -0.27431706 0.29044592 0.47747442
v -0.27297384 0.29144481 0.45510525
v -0.26879415 0.29059699 0.44273183
v -0.26197857 0.28870043 0.42977279
v -0.25278646 0.28573674 0.41788566
v -0.24157532 0.28180563 0.40786338
v -0.22876461 0.27705514 0.40021107
v -0.21485129 0.27164707 0.39527759
v -0.23729073 0.27993309 0.54501450
v -0.24708402 0.28707704 0.53620708
v -0.25544950 0.29343408 0.52509558
v -0.26168296 0.29845977 0.51270223
v -0.26554137 0.30187505 0.50069207
v -0.26691687 0.30431402 0.47844568
v -0.26571569 0.30503544 0.45604530
v -0.26195708 0.30340615 0.44363156
v -0.25582761 0.30022573 0.43058205
v -0.24755961 0.29554343 0.41857979
v -0.23746644 0.28951102 0.40840188
v -0.22593756 0.28235680 0.40057907
v -0.21340637 0.27435496 0.39546221
v -0.23169652 0.28675345 0.54548657
v -0.24003598 0.29567185 0.53680724
v -0.24716017 0.30354062 0.52578497
v -0.25246876 0.30968764 0.51347452
v -0.25575599 0.31379458 0.50152105
v -0.25694218 0.31646094 0.47928202
v -0.25593013 0.31695715 0.45686066
v -0.25274584 0.31463417 0.44440523
v -0.24754147 0.31033346 0.43128499
v -0.24051446 0.30414084 0.41916633
v -0.23193206 0.29626983 0.40886861
v -0.22212037 0.28701374 0.40090051
v -0.21145701 0.27671769 0.39562330
v -0.22486556 0.29236516 0.54585928
v -0.23143548 0.30272537 0.53727257
v -0.23704965 0.31183544 0.52634472
v -0.24123915 0.31890988 0.51409578
v -0.24383382 0.32358897 0.50217795
v -0.24478799 0.32645193 0.47995403
v -0.24400984 0.32675117 0.45752952
v -0.24151951 0.32385784 0.44502684
v -0.23743723 0.31863272 0.43183914
v -0.23192126 0.31119978 0.41964930
v -0.22517832 0.30181769 0.40924355
v -0.21746957 0.29083940 0.40115833
v -0.20909677 0.27867246 0.39575291
v -0.21706435 0.29651943 0.54612577
v -0.22161309 0.30797219 0.53761417
v -0.22550958 0.31800702 0.52674097
v -0.22841544 0.32575807 0.51454079
v -0.23023109 0.33086860 0.50263780
v -0.23090172 0.33387741 0.48043686
v -0.23040777 0.33403230 0.45801577
v -0.22869979 0.33071178 0.44547507
v -0.22590429 0.32480755 0.43223992
v -0.22210939 0.31644827 0.41998571
v -0.21747065 0.30594477 0.40951332
v -0.21216843 0.29367992 0.40134379
v -0.20638989 0.28011823 0.39584577
v -0.20860420 0.29909307 0.54626578
v -0.21095297 0.31120127 0.53780091
v -0.21297348 0.32181323 0.52696282
v -0.21449278 0.32999551 0.51478434
v -0.21545419 0.33535677 0.50290960
v -0.21584477 0.33844724 0.48071101
v -0.21563590 0.33852130 0.45827851
v -0.21478505 0.33494940 0.44573498
v -0.21337651 0.32861826 0.43246785
v -0.21145466 0.31968617 0.42018038
v -0.20911025 0.30848819 0.40965995
v -0.20640340 0.29543909 0.40144920
v -0.20345405 0.28102326 0.39589974
v -0.19980146 0.29996020 0.54629225
v -0.19986765 0.31230086 0.53783029
v -0.19993861 0.32311052 0.52699572
v -0.20001027 0.33143947 0.51482594
v -0.20007572 0.33688486 0.50296807
v -0.20018123 0.33999431 0.48077503
v -0.20026378 0.34005097 0.45831403
v -0.20030928 0.33639750 0.44578105
v -0.20035198 0.32991987 0.43251899
v -0.20038573 0.32079178 0.42021811
v -0.20040552 0.30936420 0.40969637
v -0.20041001 0.29603374 0.40146998
v -0.20039761 0.28132349 0.39591098
v -0.19099189 0.29910839 0.54618752
v -0.18878356 0.31123096 0.53770220
v -0.18689664 0.32184133 0.52685720
v -0.18552199 0.33002812 0.51466197
v -0.18469411 0.33539245 0.50279129
v -0.18449615 0.33848414 0.48058906
v -0.18488178 0.33856133 0.45815668
v -0.18582690 0.33499020 0.44562078
v -0.18732080 0.32865664 0.43237123
v -0.18930532 0.31972119 0.42009780
v -0.19169709 0.30851644 0.40959686
v -0.19441320 0.29545876 0.40140721
v -0.19734034 0.28103220 0.39588007
v -0.18251288 0.29655188 0.54597402
v -0.17810130 0.30801636 0.53742665
v -0.17434171 0.31806162 0.52653110
v -0.17158052 0.32582319 0.51430589
v -0.16989531 0.33093923 0.50239766
v -0.16940889 0.33395171 0.48019338
v -0.17008564 0.33411062 0.45777723
v -0.17189160 0.33079067 0.44525418
v -0.17477609 0.32488307 0.43204898
v -0.17864162 0.31651667 0.41982603
v -0.18332529 0.30599928 0.40938997
v -0.18864156 0.29371768 0.40126097
v -0.19440149 0.28013733 0.39580640
v -0.17470081 0.29241291 0.54564214
v -0.16825674 0.30279213 0.53700590
v -0.16277261 0.31191733 0.52603990
v -0.15872142 0.31900308 0.51376122
v -0.15625721 0.32369328 0.50182807
v -0.15549402 0.32656258 0.47960031
v -0.15645473 0.32686505 0.45718291
v -0.15904275 0.32397106 0.44470873
v -0.16321644 0.31874120 0.43155873
v -0.16880558 0.31129673 0.41941702
v -0.17559780 0.30189636 0.40906563
v -0.18332593 0.29089451 0.40103942
v -0.19168739 0.27870062 0.39569569
v -0.16784306 0.28682229 0.54521513
v -0.15962237 0.29575714 0.53647268
v -0.15262724 0.30364475 0.52539790
v -0.14745104 0.30980873 0.51305330
v -0.14429258 0.31393212 0.50108188
v -0.14329822 0.31660140 0.47883025
v -0.14449325 0.31709972 0.45642230
v -0.14777939 0.31477746 0.44399789
v -0.15307724 0.31046987 0.43092698
v -0.16018264 0.30426371 0.41886926
v -0.16881928 0.29636979 0.40864164
v -0.17865825 0.28708217 0.40074912
v -0.18931386 0.27675363 0.39554977
v -0.16220596 0.28000826 0.54470646
v -0.15252529 0.28718123 0.53583556
v -0.14428709 0.29356256 0.52465159
v -0.13818733 0.29860637 0.51221186
v -0.13445707 0.30202997 0.50017893
v -0.13327464 0.30448058 0.47791335
v -0.13465957 0.30520362 0.45553005
v -0.13852207 0.30357301 0.44315085
v -0.14475057 0.30038455 0.43015775
v -0.15310082 0.29568541 0.41822916
v -0.16325587 0.28962725 0.40813413
v -0.17482127 0.28243804 0.40040144
v -0.18736072 0.27439678 0.39537722
v -0.15802442 0.27223134 0.54413807
v -0.14724271 0.27738783 0.53512305
v -0.13808107 0.28205302 0.52380186
v -0.13129814 0.28580901 0.51126254
v -0.12714468 0.28845638 0.49915749
v -0.12582152 0.29062274 0.47688258
v -0.12734547 0.29162893 0.45453295
v -0.13163194 0.29077867 0.44219893
v -0.13855243 0.28887415 0.42930022
v -0.14783479 0.28589052 0.41749281
v -0.15911743 0.28193122 0.40756175
v -0.17197470 0.27714455 0.40001011
v -0.18590704 0.27169365 0.39518005
v -0.15542381 0.26379740 0.54352605
v -0.14398380 0.26674935 0.53435022
v -0.13424517 0.26954848 0.52288824
v -0.12703152 0.27191669 0.51023865
v -0.12262636 0.27371302 0.49808127
v -0.12121814 0.27559507 0.47577944
v -0.12283264 0.27688563 0.45344150
v -0.12737855 0.27688533 0.44118032
v -0.13472368 0.27637061 0.42837933
v -0.14458477 0.27525571 0.41670913
v -0.15656506 0.27358642 0.40694302
v -0.17020886 0.27138999 0.39959010
v -0.18500586 0.26876310 0.39497003
v -0.15453665 0.25501817 0.54290146
v -0.14286374 0.25570276 0.53354859
v -0.13292818 0.25654829 0.52193314
v -0.12557091 0.25747657 0.50918412
v -0.12107235 0.25837326 0.49697393
v -0.11964566 0.25995451 0.47465047
v -0.12129436 0.26154819 0.45230705
v -0.12592278 0.26244730 0.44012678
v -0.13341016 0.26337233 0.42743695
v -0.14346392 0.26420844 0.41590446
v -0.15568313 0.26489866 0.40631822
v -0.16961190 0.26540735 0.39915687
v -0.18470512 0.26571238 0.39475262
v -0.15538344 0.24623118 0.54226238
v -0.14394261 0.24464081 0.53273940
v -0.13419469 0.24353549 0.52098495
v -0.12697156 0.24302486 0.50813144
v -0.12255949 0.24302906 0.49584454
v -0.12114952 0.24432006 0.47350433
v -0.12276445 0.24620557 0.45120928
v -0.12731582 0.24799903 0.43908194
v -0.13466817 0.25036591 0.42648962
v -0.14453824 0.25315267 0.41510713
v -0.15652907 0.25620887 0.40568593
v -0.17018488 0.25941753 0.39872825
v -0.18499498 0.26266110 0.39453676
v -0.15794608 0.23778585 0.54165208
v -0.14715832 0.23399213 0.53195953
v -0.13797688 0.23102304 0.52007556
v -0.13117336 0.22911483 0.50712955
v -0.12701027 0.22826679 0.49476528
v -0.12568657 0.22926991 0.47242031
v -0.12721436 0.23144482 0.45015147
v -0.13150997 0.23409481 0.43807733
v -0.13844423 0.23785308 0.42559353
v -0.14774357 0.24250840 0.41434699
v -0.15904658 0.24785587 0.40509793
v -0.17192736 0.25366497 0.39831746
v -0.18588582 0.25972185 0.39433146
v -0.16209635 0.22999395 0.54108417
v -0.15239470 0.22417660 0.53124505
v -0.14413218 0.21948424 0.51924783
v -0.13801017 0.21630543 0.50621170
v -0.13426444 0.21467665 0.49381089
v -0.13308026 0.21539807 0.47142941
v -0.13447171 0.21785641 0.44917214
v -0.13834605 0.22128689 0.43716908
v -0.14459430 0.22632349 0.42477927
v -0.15296881 0.23269817 0.41366172
v -0.16315353 0.24014291 0.40455559
v -0.17475300 0.24836351 0.39794940
v -0.18733010 0.25702104 0.39414564
v -0.16770399 0.22316888 0.54060227
v -0.15945145 0.21557808 0.53063911
v -0.15242526 0.20937161 0.51853126
v -0.14722574 0.20507194 0.50542176
v -0.14405134 0.20274362 0.49297917
v -0.14305335 0.20324464 0.47058025
v -0.14425476 0.20592517 0.44833699
v -0.14755721 0.21004772 0.43638816
v -0.15287893 0.21621226 0.42408407
v -0.16001387 0.22410004 0.41305923
v -0.16868880 0.23338456 0.40408757
v -0.17857116 0.24370302 0.39762840
v -0.18927491 0.25465301 0.39398617
v -0.17453952 0.21756424 0.54020113
v -0.16805208 0.20851892 0.53014082
v -0.16253215 0.20107599 0.51796532
v -0.15845436 0.19584376 0.50478935
v -0.15597431 0.19294208 0.49229926
v -0.15520774 0.19324732 0.46989796
v -0.15617576 0.19612211 0.44767630
v -0.15878192 0.20082615 0.43576249
v -0.16298290 0.20791730 0.42351633
v -0.16860797 0.21704111 0.41258726
v -0.17544429 0.22783828 0.40371248
v -0.18322368 0.23987764 0.39737076
v -0.19164149 0.25270036 0.39385638
v -0.20038532 0.26578975 0.39330339
v -0.18233882 0.21340773 0.53991550
v -0.17787126 0.20328057 0.52978957
v -0.17407265 0.19489945 0.51755416
v -0.17128253 0.18897769 0.50433326
v -0.16958161 0.18565379 0.49181199
v -0.16909145 0.18581982 0.46941257
v -0.16977711 0.18883342 0.44721314
v -0.17160246 0.19396169 0.43531379
v -0.17451736 0.20174107 0.42311412
v -0.17842269 0.21179262 0.41223860
v -0.18315518 0.22371954 0.40344489
v -0.18852800 0.23703893 0.39718717
v -0.19435056 0.25125599 0.39376435
v -0.19079648 0.21083881 0.53974438
v -0.18852913 0.20004074 0.52958333
v -0.18660821 0.19108291 0.51731741
v -0.18520378 0.18473807 0.50406754
v -0.18436123 0.18115766 0.49155006
v -0.18416023 0.18124108 0.46914470
v -0.18455553 0.18433875 0.44694263
v -0.18552175 0.18971929 0.43506920
v -0.18704779 0.19792405 0.42288724
v -0.18907432 0.20855683 0.41204616
v -0.19151764 0.22117965 0.40328631
v -0.19429313 0.23528309 0.39708170
v -0.19728647 0.25035936 0.39371029
v -0.19959773 0.20996566 0.53971189
v -0.19961138 0.19893725 0.52954447
v -0.19964048 0.18978556 0.51726002
v -0.19968475 0.18329749 0.50401938
v -0.19973531 0.17963549 0.49150807
v -0.19983931 0.17967412 0.46910596
v -0.19993240 0.18281445 0.44688320
v -0.19999979 0.18827844 0.43502393
v -0.20007518 0.19662274 0.42285001
v -0.20015188 0.20745388 0.41201070
v -0.20022365 0.22029914 0.40326372
v -0.20028879 0.23469613 0.39706275
v -0.20034373 0.25006008 0.39369664
v -0.20839673 0.21082430 0.53979331
v -0.21069781 0.20001368 0.52966350
v -0.21267731 0.19105525 0.51740485
v -0.21417275 0.18470208 0.50418127
v -0.21512063 0.18112111 0.49166945
v -0.21551006 0.18120468 0.46926489
v -0.21531196 0.18430012 0.44706580
v -0.21448320 0.18968216 0.43518603
v -0.21310709 0.19789103 0.42298815
v -0.21122722 0.20852785 0.41213295
v -0.20893353 0.22115676 0.40335324
v -0.20628525 0.23526734 0.39712596
v -0.20340143 0.25035137 0.39373249
v -0.21685906 0.21337980 0.54000878
v -0.22136469 0.20322795 0.52993202
v -0.22522822 0.19484252 0.51773119
v -0.22811311 0.18890953 0.50455093
v -0.22991702 0.18557990 0.49204913
v -0.23058708 0.18574651 0.46965501
v -0.23010342 0.18875913 0.44745374
v -0.22841649 0.19389044 0.43553999
v -0.22565199 0.20167626 0.42331329
v -0.22189717 0.21173617 0.41240737
v -0.21730621 0.22367445 0.40357551
v -0.21205838 0.23700777 0.39727488
v -0.20634073 0.25124022 0.39380708
v -0.22467250 0.21752341 0.54033858
v -0.23120943 0.20845121 0.53035200
v -0.23679410 0.20099252 0.51822913
v -0.24096392 0.19574709 0.50509673
v -0.24355088 0.19283611 0.49264547
v -0.24450517 0.19313943 0.47025210
v -0.24373621 0.19601385 0.44802767
v -0.24126607 0.20072258 0.43609124
v -0.23721237 0.20782238 0.42380798
v -0.23173261 0.21695825 0.41283134
v -0.22503191 0.22777276 0.40390050
v -0.21737190 0.23983169 0.39749631
v -0.20905325 0.25267717 0.39391783
v -0.23151788 0.22312233 0.54076517
v -0.23983188 0.21549544 0.53089881
v -0.24693824 0.20926657 0.51887119
v -0.25223342 0.20494407 0.50581753
v -0.25551471 0.20261152 0.49341649
v -0.25670135 0.20310807 0.47103491
v -0.25569767 0.20578830 0.44878602
v -0.25253120 0.20991579 0.43680876
v -0.24735095 0.21609060 0.42445642
v -0.24035424 0.22399457 0.41336861
v -0.23180822 0.23329957 0.40432507
v -0.22203837 0.24364342 0.39778823
v -0.21142051 0.25462320 0.39406437
v -0.23712507 0.22994614 0.54126060
v -0.24691948 0.22407916 0.53155339
v -0.25527224 0.21935870 0.51965356
v -0.26150051 0.21616019 0.50668710
v -0.26535535 0.21452051 0.49433094
v -0.26672736 0.21523781 0.47196940
v -0.26553363 0.21769574 0.44970509
v -0.26178923 0.22113129 0.43766433
v -0.25567827 0.22617890 0.42521757
v -0.24743448 0.23257196 0.41402471
v -0.23737058 0.24004188 0.40483350
v -0.22587399 0.24829207 0.39813587
v -0.21337819 0.25698477 0.39423722
v -0.24130316 0.23772661 0.54185396
v -0.25217858 0.23388681 0.53228879
v -0.26147717 0.23087609 0.52052695
v -0.26840261 0.22895199 0.50766480
v -0.27267879 0.22809289 0.49535516
v -0.27418575 0.22910017 0.47301954
v -0.27285081 0.23126654 0.45074099
v -0.26868013 0.23392077 0.43862501
v -0.26187721 0.23769103 0.42607924
v -0.25270179 0.24236546 0.41475040
v -0.24150985 0.24773945 0.40540802
v -0.22872145 0.25358245 0.39852867
v -0.21483222 0.25967950 0.39443386
v -0.24390410 0.24615492 0.54250503
v -0.25542665 0.24452643 0.53308988
v -0.26529828 0.24338886 0.52145737
v -0.27265382 0.24285606 0.50869572
v -0.27719671 0.24284907 0.49646428
v -0.27879789 0.24413352 0.47414070
v -0.27737135 0.24601544 0.45183197
v -0.27293718 0.24781224 0.43966112
v -0.26570642 0.25019151 0.42700171
v -0.25595188 0.25299776 0.41553387
v -0.24406062 0.25608301 0.40601313
v -0.23048410 0.25932834 0.39894557
v -0.21573156 0.26261464 0.39464340
f 4 2 1
f 8 6 5
f 13 15 14
f 17 19 18
f 32 30 29
f 36 34 33
f 37 39 38
f 21 23 20
f 25 27 24
f 41 43 42
f 48 46 45
f 52 50 49
f 53 55 54
f 60 58 57
f 29 62 61
f 66 64 63
f 67 6 68
f 72 70 69
f 76 74 73
f 77 79 78
f 81 83 82
f 59 86 85
f 88 90 89
f 96 94 93
f 100 98 97
f 101 103 102
f 106 34 87
f 108 115 107
f 117 36 118
f 124 126 125
f 131 129 128
f 132 134 133
f 142 140 139
f 148 60 147
f 144 127 124
f 149 151 150
f 156 154 153
f 159 158 157
f 116 164 105
f 171 169 168
f 174 173 172
f 179 181 180
f 186 188 187
f 194 196 195
f 199 139 198
f 206 208 207
f 213 211 210
f 202 214 201
f 96 216 54
f 92 43 44
f 97 246 100
f 250 229 228
f 252 58 253
f 258 256 255
f 260 229 259
f 110 112 113
f 114 263 109
f 265 267 266
f 56 270 269
f 274 249 250
f 185 63 64
f 280 278 276
f 285 283 157
f 288 211 212
f 141 92 46
f 289 175 176
f 148 105 106
f 312 170 171
f 238 42 43
f 318 160 317
f 310 308 307
f 241 325 324
f 160 240 317
f 47 307 308
f 108 315 164
f 345 86 119
f 348 350 349
f 356 358 357
f 355 353 352
f 363 32 362
f 149 150 176
f 364 253 365
f 366 368 367
f 183 371 63
f 163 161 160
f 209 101 208
f 378 165 166
f 379 381 380
f 383 3 4
f 284 386 385
f 387 389 388
f 391 229 249
f 73 397 396
f 405 407 406
f 203 411 410
f 414 413 412
f 1 357 4
f 277 131 275
f 254 57 58
f 358 415 351
f 417 386 408
f 401 192 420
f 419 127 143
f 421 182 422
f 103 302 409
f 428 368 174
f 380 359 356
f 62 266 323
f 140 431 430
f 357 351 348
f 356 379 380
f 415 403 434
f 437 436 435
f 438 440 439
f 188 450 449
f 452 454 453
f 265 181 421
f 224 64 225
f 237 213 427
f 275 128 458
f 281 460 459
f 50 79 461
f 73 282 281
f 468 466 465
f 390 352 359
f 482 484 483
f 489 487 486
f 493 495 494
f 472 470 469
f 502 500 499
f 220 222 223
f 512 143 66
f 518 511 80
f 513 230 286
f 205 31 244
f 189 451 188
f 163 532 8
f 533 225 251
f 446 447 412
f 335 540 334
f 544 546 545
f 329 291 292
f 199 262 238
f 385 416 550
f 532 191 247
f 363 118 243
f 236 237 250
f 578 580 579
f 573 571 570
f 561 562 272
f 241 259 240
f 590 592 591
f 545 595 594
f 503 155 504
f 606 624 623
f 478 480 479
f 646 648 647
f 590 689 684
f 564 651 650
f 728 184 727
f 714 716 715
f 692 575 693
f 541 581 578
f 346 248 400
f 161 230 160
f 128 94 95
f 698 704 703
f 574 576 575
f 290 401 328
f 630 725 726
f 733 735 734
f 755 496 493
f 759 481 760
f 757 762 761
f 764 466 467
f 768 3808 3809
f 759 488 489
f 492 475 771
f 474 769 473
f 773 465 772
f 771 486 483
f 484 775 491
f 774 489 486
f 495 764 756
f 495 761 494
f 137 784 136
f 325 797 547
f 165 51 52
f 369 29 370
f 730 568 569
f 90 301 89
f 243 516 242
f 800 806 805
f 817 808 816
f 816 823 822
f 306 447 807
f 815 809 808
f 829 828 825
f 726 501 502
f 274 424 423
f 879 881 880
f 884 879 885
f 219 217 211
f 906 904 897
f 455 205 542
f 898 830 829
f 903 880 881
f 906 897 898
f 377 519 165
f 923 948 946
f 946 951 950
f 3519 739 3517
f 900 886 880
f 225 65 144
f 182 442 422
f 809 947 824
f 954 962 961
f 927 965 966
f 885 880 886
f 925 966 967
f 343 341 340
f 965 971 968
f 968 970 969
f 972 969 973
f 963 981 978
f 336 338 339
f 992 827 828
f 810 996 959
f 1007 1002 1008
f 1012 827 1009
f 1011 1007 1008
f 294 292 291
f 907 920 919
f 1017 1019 1018
f 1020 1022 1021
f 1035 1020 1044
f 1061 1047 1046
f 1063 1046 1062
f 1044 1021 1045
f 1102 1097 1109
f 1116 1118 1117
f 1016 1014 1013
f 881 904 903
f 816 1127 817
f 1094 949 1097
f 514 167 515
f 146 81 82
f 1133 1130 1129
f 1102 1126 822
f 822 1116 816
f 1145 1148 1136
f 1076 1151 1069
f 1148 1086 1087
f 1109 1114 1136
f 1154 1156 1155
f 1153 967 1156
f 3464 463 3714
f 1144 1152 1151
f 1156 1163 1162
f 1164 1169 1165
f 1145 1176 1147
f 1114 1154 1171
f 1183 1164 1177
f 1184 1177 1185
f 1069 1062 1064
f 1023 1194 1022
f 1162 1170 1169
f 1195 1185 1191
f 1183 1176 1155
f 1201 1152 1196
f 1061 1201 1202
f 3825 843 3836
f 1203 1195 1034
f 1202 1184 1195
f 1218 1203 1217
f 1060 1202 1203
f 1225 1217 1219
f 671 694 670
f 1219 1024 1035
f 1217 1034 1024
f 1226 1015 1227
f 1243 1234 1233
f 1231 1229 1228
f 847 1233 843
f 843 1244 878
f 1233 1245 1244
f 1923 233 216
f 2100 499 500
f 3914 2135 3900
f 61 323 505
f 210 217 457
f 1299 1309 1300
f 3863 1231 3862
f 1066 1321 1322
f 1322 1228 1229
f 1060 1321 1047
f 1325 1323 1310
f 1244 1332 1330
f 1290 1242 1288
f 1337 1339 1338
f 1330 1340 1339
f 1341 1245 1294
f 1342 1332 1341
f 1343 1341 1344
f 1344 1294 1293
f 3857 1345 1346
f 1347 1342 1343
f 3856 1295 1345
f 1349 1348 1347
f 3861 1347 3853
f 3853 1343 3857
f 906 829 1353
f 905 1353 1354
f 865 1355 1357
f 1355 829 825
f 1357 825 826
f 1356 1353 1355
f 3834 1338 3833
f 866 1356 865
f 1358 1354 1356
f 3828 1337 3834
f 838 1012 841
f 1363 1338 1339
f 1368 1339 1340
f 1348 1340 1342
f 1371 3824 3829
f 524 526 523
f 528 530 527
f 1372 1369 1371
f 535 537 538
f 1367 1348 1350
f 1370 1359 1369
f 1369 3833 3824
f 1373 903 904
f 555 557 558
f 1374 910 1373
f 1373 905 1375
f 1374 1375 1376
f 1375 1354 1370
f 1378 908 1377
f 376 651 1387
f 1388 973 969
f 586 588 585
f 1390 1388 1391
f 1391 969 970
f 597 599 596
f 600 602 603
f 1392 970 979
f 608 610 607
f 612 523 611
f 614 616 613
f 617 25 24
f 620 622 619
f 1397 1391 1392
f 1398 1392 1399
f 1400 920 1378
f 1402 1165 1169
f 636 638 635
f 930 1402 929
f 641 643 644
f 929 1169 1170
f 1404 1403 1402
f 1411 1365 1406
f 1412 1415 1414
f 652 654 655
f 609 657 658
f 659 661 662
f 558 586 585
f 665 667 664
f 1413 1406 1412
f 1418 3810 3813
f 1417 1371 1416
f 1416 3829 3810
f 1419 1416 1418
f 1386 1374 1420
f 677 679 676
f 1385 1420 1421
f 1420 1376 1422
f 685 687 688
f 1421 1422 1423
f 528 691 658
f 1422 1372 1417
f 1018 747 1425
f 699 701 702
f 1424 579 1017
f 3663 1767 3660
f 700 711 712
f 1093 3754 1571
f 717 530 719
f 721 723 720
f 704 3543 3554
f 19 1426 1430
f 1429 1427 1426
f 1658 3542 3544
f 1439 1434 1438
f 1437 1435 1434
f 1426 1433 1432
f 1442 1432 1440
f 742 744 745
f 1432 1441 1440
f 751 753 750
f 1438 1403 1405
f 1446 1444 1443
f 1447 1446 1443
f 3860 1443 3848
f 1415 1445 1446
f 1414 1446 1448
f 2173 469 470
f 777 779 686
f 780 782 783
f 1676 1806 1675
f 3859 1349 3861
f 789 791 788
f 745 793 742
f 652 795 653
f 1455 1457 1456
f 1454 1350 1452
f 610 802 801
f 3831 698 703
f 1352 1045 1351
f 1015 1459 1460
f 811 813 814
f 2118 3817 2117
f 819 821 818
f 1466 1194 1190
f 1467 1465 1466
f 1182 1468 1467
f 832 833 831
f 835 837 834
f 1467 1190 1182
f 1469 1444 1445
f 840 712 690
f 1453 1469 1454
f 599 845 846
f 1226 3849 3855
f 851 853 850
f 855 856 854
f 858 860 857
f 861 863 864
f 1014 3855 3858
f 867 868 869
f 870 872 873
f 874 876 877
f 1310 1471 1309
f 1476 1427 1475
f 1461 1475 1460
f 887 889 890
f 788 892 891
f 894 896 893
f 1460 1227 1015
f 901 524 612
f 1465 1477 1464
f 1865 3500 1864
f 911 913 914
f 916 918 915
f 1850 3507 1851
f 921 895 894
f 1479 1436 1478
f 926 667 601
f 1481 563 1480
f 269 84 1482
f 931 933 916
f 934 614 869
f 936 688 937
f 938 662 939
f 1484 122 123
f 941 835 834
f 320 509 510
f 1849 3505 1850
f 84 1484 83
f 1487 1488 539
f 1757 3502 3509
f 365 1491 364
f 461 80 511
f 117 362 1496
f 1494 541 1495
f 926 957 958
f 1477 1433 1476
f 1709 1585 1700
f 119 1496 345
f 271 504 156
f 511 189 186
f 345 1492 365
f 255 344 254
f 57 299 132
f 1501 268 1500
f 267 1499 145
f 974 976 977
f 1678 1693 1676
f 3846 1807 3840
f 557 663 558
f 983 984 985
f 1443 3849 3848
f 421 268 265
f 989 991 988
f 1490 418 1504
f 279 309 310
f 997 676 679
f 998 999 875
f 1504 38 1505
f 1506 1507 1486
f 360 1508 1506
f 1506 207 360
f 939 1006 938
f 270 1483 269
f 66 546 512
f 1010 793 935
f 367 437 1509
f 244 363 243
f 1670 3534 1669
f 209 1510 226
f 235 1512 1511
f 1511 234 235
f 388 426 425
f 427 250 237
f 161 521 231
f 100 45 44
f 1025 608 1027
f 1029 1031 1028
f 939 1033 1032
f 41 594 99
f 1036 783 1037
f 702 1038 1039
f 1040 1042 1043
f 362 369 1493
f 187 477 186
f 70 539 198
f 1511 1521 234
f 1049 603 1048
f 613 869 614
f 860 1051 857
f 1005 1053 1006
f 753 1056 1054
f 1057 1059 1055
f 293 1522 292
f 288 1521 1522
f 292 1523 329
f 331 1508 1524
f 306 453 305
f 100 41 99
f 462 78 79
f 330 1524 462
f 635 1068 636
f 1485 1526 1528
f 206 1528 1510
f 1070 1072 831
f 942 1073 1074
f 916 1075 917
f 440 1530 439
f 157 1514 285
f 1529 5 1530
f 371 546 63
f 790 663 791
f 1077 857 1078
f 1403 1435 1165
f 1080 1082 1079
f 531 1529 440
f 21 1084 1085
f 272 1531 561
f 137 396 397
f 690 802 691
f 335 3567 581
f 1090 1029 1091
f 1092 794 1042
f 1533 137 138
f 661 1095 1096
f 69 445 72
f 1099 1101 1098
f 38 1536 1505
f 1104 1106 1103
f 852 1108 853
f 1377 909 1386
f 291 411 294
f 316 516 33
f 539 1533 534
f 1505 316 313
f 1110 1112 1113
f 1539 460 264
f 522 1537 1539
f 834 1120 1119
f 1122 1124 1121
f 612 1041 901
f 935 615 614
f 276 130 131
f 1686 3522 1685
f 193 1541 273
f 231 1540 287
f 556 982 557
f 365 85 345
f 190 318 1541
f 1810 3574 3528
f 3924 3512 3791
f 1132 985 1131
f 208 102 132
f 1134 662 661
f 1491 80 77
f 429 1542 147
f 1137 915 918
f 172 428 174
f 1139 1141 1142
f 549 54 55
f 1517 1518 296
f 976 1146 938
f 834 984 941
f 1543 286 115
f 1544 239 513
f 133 1544 1542
f 506 257 258
f 420 328 401
f 1158 1160 1157
f 587 1103 588
f 1513 1514 151
f 607 1027 608
f 304 1545 303
f 364 77 506
f 69 198 139
f 1006 976 938
f 700 1112 701
f 3877 3525 3787
f 1166 657 656
f 1167 858 1077
f 1300 3524 1299
f 1172 1174 1175
f 218 200 217
f 1179 1181 1178
f 372 97 98
f 89 227 88
f 1186 1188 1189
f 172 1517 1549
f 1482 81 1498
f 1090 1193 1030
f 394 353 1551
f 526 1198 1197
f 811 858 812
f 1199 1026 1025
f 606 697 696
f 1204 1206 743
f 1207 523 526
f 1209 867 613
f 914 685 936
f 1478 1441 1477
f 1029 1161 1091
f 1211 1213 1214
f 3858 1451 3859
f 844 1216 845
f 423 273 274
f 1220 1222 1083
f 22 1224 23
f 882 897 881
f 1519 173 387
f 1189 1232 1178
f 349 550 416
f 1071 1236 1072
f 1237 1239 745
f 1221 1189 1240
f 1510 1512 333
f 939 1241 1005
f 1556 5 67
f 1553 394 1551
f 404 67 347
f 1247 1249 1246
f 142 238 92
f 1251 635 1250
f 850 1253 851
f 1254 1077 1255
f 57 133 429
f 443 552 551
f 1187 1175 1188
f 1256 831 833
f 432 382 383
f 741 747 746
f 434 351 415
f 349 383 348
f 251 1481 1480
f 395 352 353
f 1518 1550 1551
f 1558 378 340
f 109 314 315
f 285 1513 407
f 395 393 392
f 202 410 1558
f 417 405 432
f 1246 1258 1247
f 3 297 2
f 1259 1261 1262
f 403 347 284
f 955 953 952
f 462 51 330
f 1096 687 1263
f 429 60 57
f 896 1265 932
f 1267 1268 1266
f 423 327 420
f 37 180 40
f 20 1187 1186
f 1256 1071 1070
f 155 156 504
f 1188 1269 1232
f 1236 1271 1262
f 1272 535 621
f 565 463 464
f 1273 745 1239
f 876 1255 1274
f 316 164 315
f 437 503 1509
f 194 1495 197
f 1275 864 863
f 624 631 630
f 1277 1137 1278
f 569 567 566
f 1481 125 366
f 324 547 326
f 1279 1107 1280
f 1525 329 1523
f 1281 1137 918
f 171 1553 1552
f 1488 396 1533
f 1557 1562 1559
f 1282 1206 1205
f 1053 1278 1281
f 778 607 1283
f 713 3566 3569
f 251 144 124
f 4 348 383
f 709 707 706
f 728 45 246
f 261 1563 544
f 789 1287 790
f 74 263 282
f 403 385 434
f 1178 1240 1189
f 1223 1289 1224
f 158 150 151
f 1220 1186 1221
f 296 354 433
f 784 1538 1566
f 1181 1291 1222
f 1269 1257 1246
f 1566 438 399
f 136 1566 1564
f 1563 169 1565
f 107 109 108
f 1297 1298 1296
f 1464 1476 1461
f 1520 507 508
f 1301 1303 1304
f 1306 1308 1305
f 175 1532 272
f 1532 200 201
f 1311 1312 1313
f 872 1315 1316
f 1317 1318 1319
f 3836 878 3828
f 1305 864 1276
f 1040 863 1320
f 1564 399 169
f 592 1575 591
f 591 1088 689
f 1581 1583 1582
f 1196 1147 1176
f 710 583 713
f 285 408 386
f 953 961 963
f 1594 1589 1593
f 1585 1587 1586
f 1592 1590 1589
f 3885 944 3899
f 1600 1598 1597
f 1604 1602 1601
f 1399 979 980
f 1589 1596 1595
f 1610 1608 1607
f 298 361 360
f 551 276 277
f 1627 3814 3819
f 859 818 860
f 1078 1328 1329
f 1555 1530 1556
f 572 680 681
f 772 776 774
f 977 918 917
f 404 392 393
f 1054 750 753
f 1644 1643 1642
f 932 1082 933
f 1067 1334 1068
f 1540 264 114
f 597 643 1336
f 471 762 470
f 1642 3831 3842
f 1644 3842 3843
f 923 950 927
f 96 548 95
f 520 522 521
f 445 443 442
f 849 848 842
f 480 755 493
f 1646 481 1639
f 311 1567 170
f 464 3497 3495
f 3497 1361 3495
f 234 236 235
f 190 192 191
f 153 152 149
f 231 286 230
f 1552 1551 1550
f 760 1648 488
f 3832 1649 3830
f 828 826 825
f 52 166 165
f 1663 1661 1660
f 287 115 286
f 668 670 669
f 634 640 639
f 553 559 554
f 118 33 516
f 492 491 490
f 3552 1651 3553
f 582 584 583
f 384 392 415
f 1381 1383 1380
f 1562 435 436
f 952 951 947
f 3529 583 584
f 1660 1667 1666
f 1394 1396 1393
f 1660 1664 1663
f 1671 1669 1668
f 1624 1673 1672
f 1407 1409 1410
f 1677 1675 1674
f 1613 1677 1625
f 1679 1676 1677
f 1626 3811 3814
f 534 198 539
f 176 150 159
f 803 734 800
f 400 191 192
f 65 143 144
f 3526 1656 3540
f 402 157 283
f 629 627 626
f 461 49 50
f 758 495 756
f 796 786 785
f 406 1513 1560
f 342 166 167
f 1694 1658 1695
f 1692 1694 1696
f 3557 1652 3552
f 3921 1703 3923
f 326 302 90
f 3916 1702 1706
f 3919 1698 1701
f 1699 3927 3918
f 1557 1560 1561
f 1127 1117 1128
f 400 289 346
f 1706 1707 1708
f 1707 1599 1600
f 1709 1708 1588
f 1714 1711 1713
f 3919 1709 1700
f 1704 1577 1703
f 1716 1713 1715
f 1559 1549 297
f 1722 1720 1719
f 1335 596 1489
f 410 377 378
f 973 1163 972
f 168 399 398
f 1571 1089 1093
f 1572 682 1571
f 749 647 754
f 1730 1723 1729
f 1594 1729 1592
f 1729 1591 1592
f 1731 1730 1583
f 1384 1377 1379
f 1732 1712 1714
f 1724 1731 1732
f 1712 1731 1580
f 1722 1732 1733
f 1721 1733 1734
f 1734 1716 1717
f 1735 1736 1697
f 1733 1714 1716
f 1663 1741 1668
f 1742 1740 1743
f 1738 1737 1735
f 1665 1666 1740
f 1665 1744 1664
f 1725 1746 1745
f 1591 1745 1590
f 1590 1747 1596
f 1745 1748 1747
f 1659 3538 3542
f 3287 3545 3282
f 1185 1182 1190
f 1664 1749 1741
f 1741 1739 1738
f 1746 1743 1748
f 1726 1742 1746
f 1153 924 925
f 1115 1153 1154
f 1654 3575 1655
f 1896 3549 1686
f 1720 1744 1726
f 1721 1749 1720
f 1750 1701 1698
f 1697 1750 1696
f 1151 1063 1062
f 1751 1670 1671
f 1695 1752 1751
f 961 986 981
f 1770 1768 1767
f 1766 1593 1765
f 1731 1579 1580
f 1579 1774 1578
f 3928 1771 3929
f 1764 3928 3917
f 1777 1775 1774
f 3762 1699 1700
f 1004 1128 1003
f 1774 1771 1772
f 987 1399 980
f 1578 1772 1764
f 1783 1781 1778
f 1597 1770 1767
f 639 3895 3884
f 3928 1769 1770
f 1793 1789 1788
f 3929 1798 1769
f 3508 3773 1806
f 1802 3924 3922
f 1788 1794 1793
f 1793 1795 1776
f 3773 1675 1806
f 1584 1783 1789
f 1771 3920 3929
f 1801 1798 1800
f 1768 1798 1799
f 1775 1797 1771
f 508 515 1520
f 1796 1802 1797
f 1800 3920 3922
f 1794 1804 1795
f 3532 1752 3547
f 485 1807 775
f 3809 1640 768
f 3837 1810 1653
f 485 1640 1808
f 1690 3770 3772
f 487 1648 1811
f 3839 1816 3822
f 3838 1648 3830
f 3839 1811 3838
f 1812 487 1811
f 1641 767 768
f 465 755 776
f 767 3823 3808
f 3822 3826 3847
f 1809 1815 767
f 3837 1651 3840
f 675 3541 3496
f 1814 1822 1821
f 1821 3821 3820
f 1824 1649 1825
f 1827 1850 1805
f 1668 1662 1663
f 1779 1848 1828
f 1790 1805 1794
f 1833 1853 1852
f 3521 693 575
f 1614 1616 1617
f 1852 3498 3501
f 1620 1622 1623
f 1855 1574 1861
f 1847 3501 3513
f 1766 1855 1782
f 1629 1631 1628
f 1633 1634 1632
f 1635 1637 1638
f 1848 1852 1847
f 1855 1863 1862
f 1803 1867 1802
f 1862 1831 1832
f 1782 1862 1781
f 3922 1865 1800
f 1873 1870 1869
f 1874 799 804
f 2045 3897 2044
f 1219 1295 1225
f 1615 1396 1395
f 3884 1877 1876
f 645 3786 3559
f 1345 1035 1346
f 634 3884 3880
f 15 1327 14
f 3910 1878 1893
f 1894 605 1893
f 3506 627 693
f 3560 645 3559
f 340 454 1558
f 1897 195 1898
f 1889 1877 1890
f 1901 129 1900
f 196 754 232
f 1705 3921 3916
f 340 166 343
f 1570 563 561
f 1904 194 1897
f 1781 1832 1780
f 1905 55 1906
f 1000 995 996
f 986 920 987
f 1191 1190 1194
f 2094 2075 2093
f 1920 1919 1915
f 453 1912 1911
f 1915 1918 1916
f 3882 2106 3901
f 1655 3531 1868
f 1916 1926 1925
f 704 3561 703
f 278 1925 1900
f 3565 1818 1820
f 1097 1115 1114
f 1927 727 1923
f 3578 3654 3758
f 1920 307 1929
f 1929 48 728
f 503 1497 1509
f 1902 787 796
f 1816 3820 3826
f 1925 1923 1924
f 1535 1568 1534
f 254 258 255
f 1509 366 367
f 119 35 36
f 219 293 294
f 141 47 431
f 542 244 245
f 1940 430 431
f 1779 1827 1790
f 1701 3915 3919
f 1661 3515 1667
f 270 754 647
f 197 749 196
f 1727 1212 1211
f 53 232 754
f 1465 1479 1478
f 1284 3854 1293
f 1951 412 413
f 168 1554 1553
f 1486 206 207
f 506 78 361
f 994 1007 993
f 951 963 964
f 1013 3861 1351
f 3826 1820 1818
f 1498 1954 1482
f 299 543 132
f 1754 1756 1753
f 1681 1683 1682
f 1696 1695 1697
f 13 738 737
f 473 475 474
f 482 768 1640
f 204 30 205
f 1761 820 819
f 611 1125 612
f 1501 1908 1909
f 1074 711 699
f 1960 82 83
f 120 1960 123
f 35 87 34
f 1773 1025 1031
f 1965 1569 1535
f 494 471 479
f 1966 1969 1968
f 446 1971 1967
f 174 125 126
f 1580 1578 1577
f 1785 1787 1784
f 1972 304 305
f 1254 875 999
f 1973 342 514
f 321 1973 509
f 1910 275 1907
f 509 514 508
f 1486 1527 1485
f 1974 804 1975
f 1977 1974 1978
f 1980 1966 1981
f 379 2 295
f 1718 1710 1701
f 884 992 883
f 1680 1678 1679
f 902 525 524
f 344 256 299
f 135 137 136
f 236 228 333
f 448 1967 1966
f 589 604 584
f 910 908 907
f 1981 1968 1987
f 1982 1987 1979
f 1988 1987 1989
f 1990 1989 1991
f 1991 1993 1992
f 322 320 319
f 992 830 883
f 1144 1086 1143
f 1995 1978 1994
f 1133 1118 1126
f 1997 1994 1996
f 870 1335 1489
f 805 1982 1998
f 727 2000 1999
f 1996 1988 1990
f 1994 1979 1988
f 1829 792 1273
f 1830 941 983
f 798 800 799
f 729 731 730
f 2011 2023 2022
f 1834 846 1159
f 402 284 347
f 2022 2024 2025
f 1838 989 988
f 810 952 809
f 1823 1840 644
f 1430 1432 1431
f 1215 1841 1079
f 149 176 177
f 1316 873 872
f 2112 1384 2106
f 1842 1844 1845
f 1159 845 1160
f 837 1846 1120
f 1971 2030 2027
f 517 370 189
f 858 833 812
f 1471 2027 1888
f 3551 626 627
f 2174 770 490
f 935 1854 1010
f 1613 1611 1618
f 1231 1225 1295
f 1856 891 892
f 1300 748 741
f 1150 1858 1859
f 1643 696 1642
f 1215 1264 1216
f 1320 902 901
f 1956 1944 1960
f 2031 669 1474
f 2034 1310 1299
f 1879 1656 1657
f 40 242 39
f 1992 2039 1456
f 888 957 889
f 1882 1996 1990
f 1078 1255 1077
f 1871 1192 1090
f 294 218 219
f 1323 2026 1471
f 123 83 1484
f 1324 2041 1323
f 384 359 352
f 1324 2038 2036
f 1883 1885 1829
f 287 114 107
f 1096 1134 661
f 915 931 916
f 806 1981 1982
f 3533 584 604
f 1425 2042 1018
f 1018 1948 1017
f 3562 740 3519
f 1948 649 646
f 1881 1990 1991
f 1900 130 278
f 992 994 993
f 923 925 924
f 3878 2047 3876
f 1643 625 606
f 2050 2051 2049
f 2045 1404 2047
f 3876 945 3885
f 1139 1079 1841
f 1037 892 982
f 2055 2057 2056
f 1198 718 717
f 1619 1612 1611
f 2058 1606 2059
f 2059 1607 2058
f 2058 1624 1605
f 71 179 37
f 405 1557 382
f 976 1006 977
f 322 1972 1911
f 2061 2063 2062
f 2066 2067 1825
f 2052 2064 2051
f 1609 2066 1647
f 1515 152 1516
f 1009 993 1007
f 1644 3815 2118
f 279 1916 278
f 1285 3862 1284
f 1647 1825 1649
f 2056 2067 2065
f 319 1953 1952
f 667 1913 1914
f 2070 625 2048
f 2052 2055 2063
f 2038 1655 1458
f 1606 2073 2072
f 1235 1270 1236
f 2072 2075 2074
f 2059 2072 2062
f 2074 2077 2076
f 1601 2078 2073
f 2049 1643 1645
f 1000 1001 994
f 1089 684 689
f 1931 1306 1930
f 1462 1021 1022
f 1932 1934 1935
f 875 1846 998
f 1936 1937 1938
f 44 46 92
f 1534 1956 120
f 1541 317 391
f 2081 2084 2083
f 146 1959 300
f 1360 1942 1361
f 985 1032 1033
f 1995 1892 2043
f 2079 2082 2081
f 2095 2076 2077
f 2081 2078 2079
f 2055 2054 2053
f 501 2095 500
f 2097 2099 2098
f 2098 2094 2083
f 2140 3893 3866
f 2141 3894 3893
f 2051 2048 2049
f 592 2101 1576
f 2071 2076 2096
f 2102 2098 2101
f 593 2102 592
f 1019 746 747
f 1950 12 1327
f 725 2096 501
f 1385 2104 1379
f 1379 2106 1384
f 2107 2100 2097
f 3908 502 3896
f 3896 499 3901
f 940 2109 944
f 928 1170 973
f 3868 684 3899
f 1962 1964 1961
f 3878 573 3897
f 2039 1968 1969
f 1389 2110 2109
f 1398 2113 1397
f 3757 3753 3743
f 3911 2107 2103
f 949 924 1115
f 260 324 326
f 1390 2113 2110
f 2070 2064 2071
f 3867 2103 593
f 2105 1421 2114
f 2114 1423 2115
f 3892 2115 3903
f 3908 2114 3892
f 554 1902 553
f 972 967 966
f 1765 1573 1574
f 1984 1986 1983
f 2053 2069 2057
f 3573 724 714
f 1625 1674 1673
f 3881 2119 2122
f 3903 2123 3904
f 56 1906 55
f 626 3879 629
f 2001 2003 2004
f 3912 2127 3907
f 2006 2008 2009
f 2127 1412 2128
f 2014 2016 2017
f 2018 2020 2021
f 1495 1947 197
f 1379 1386 1385
f 3814 1680 1618
f 2029 1884 2028
f 3902 2120 3887
f 629 3914 3872
f 682 943 1089
f 724 2121 716
f 1757 3821 3845
f 765 3844 3809
f 3851 715 3852
f 706 3870 3872
f 981 987 980
f 1457 1656 1880
f 2017 2032 2033
f 1458 1868 1457
f 1776 1792 1793
f 1959 1946 1958
f 3663 3725 3661
f 3913 2122 3850
f 1093 689 1088
f 966 968 972
f 3852 3881 3913
f 2172 2170 2171
f 670 2137 669
f 3761 1903 233
f 1429 28 1449
f 964 978 971
f 3841 1413 2127
f 1473 669 2137
f 3834 1359 1358
f 2138 1870 2137
f 1872 2137 1870
f 715 3888 3881
f 1881 1992 1880
f 3843 739 740
f 1837 3513 3514
f 253 59 85
f 1808 3840 1807
f 1647 3818 1609
f 3865 671 668
f 2112 3883 2111
f 1405 2044 1438
f 3829 1364 1366
f 273 391 249
f 576 3520 3555
f 3875 668 2031
f 1430 2140 2139
f 2136 3860 28
f 1430 18 19
f 3893 570 695
f 1442 2046 2141
f 1431 2141 2140
f 3869 3850 2136
f 3808 1817 766
f 3866 695 671
f 2142 798 2138
f 571 2142 694
f 3819 1618 1611
f 2143 2025 2142
f 694 2138 670
f 681 2144 572
f 2144 2022 2143
f 328 457 290
f 1572 2011 2144
f 630 3903 624
f 2085 2087 2088
f 2090 2092 2089
f 572 2143 571
f 1875 2153 2149
f 1873 2149 2154
f 2103 2097 2102
f 2157 2155 2156
f 2128 1414 2120
f 3874 589 582
f 3872 628 629
f 2149 2158 2159
f 2159 3905 3890
f 698 3902 705
f 3823 3827 1817
f 2158 3874 3905
f 1438 2046 1439
f 2035 2160 2161
f 2161 3889 3886
f 3871 605 589
f 3873 18 3875
f 370 61 451
f 649 413 648
f 2153 2156 2158
f 1428 1449 1450
f 1490 73 1488
f 3890 710 633
f 2155 3891 3871
f 1456 1880 1992
f 2125 2087 2124
f 2160 3890 3889
f 300 505 323
f 1064 1046 1065
f 2043 1891 2155
f 2129 2004 2003
f 2131 2133 2134
f 3848 1450 1449
f 1998 804 805
f 3879 3864 3914
f 474 490 770
f 1164 1182 1177
f 707 3909 3870
f 708 2162 707
f 2162 3886 3909
f 548 1905 458
f 1145 1114 1171
f 705 1650 704
f 2043 1977 1995
f 737 554 559
f 1034 1191 1023
f 458 1907 275
f 195 232 233
f 2040 1969 1970
f 2145 2147 2148
f 2054 2049 1645
f 3832 1639 3818
f 9 11 10
f 252 506 258
f 472 479 471
f 1865 3791 3503
f 900 910 907
f 1941 2151 1942
f 1921 1927 1919
f 2163 1898 2116
f 271 153 178
f 1904 12 9
f 282 264 460
f 1872 2154 2035
f 1326 1897 2163
f 628 693 627
f 1724 1719 1723
f 1549 436 172
f 1582 1730 1729
f 1921 1929 1928
f 3563 10 11
f 2152 1950 1949
f 475 774 771
f 769 2171 473
f 2171 476 473
f 476 772 475
f 1791 464 1760
f 2166 2168 2169
f 595 372 98
f 483 1641 482
f 762 2173 470
f 771 484 492
f 486 1809 483
f 297 1517 296
f 763 2174 762
f 776 759 489
f 184 2176 2000
f 412 303 414
f 2005 185 224
f 3811 1682 3846
f 2164 756 764
f 1472 2161 2162
f 950 964 965
f 2177 2179 2180
f 227 1510 333
f 764 467 2164
f 2182 2184 2181
f 2186 2018 2185
f 1985 2181 1986
f 214 729 1531
f 1545 1546 1569
f 865 842 866
f 849 1357 1362
f 452 1558 454
f 559 3188 737
f 16 737 3188
f 560 498 374
f 3193 3195 3194
f 3200 3198 3199
f 3211 3213 3212
f 3215 3217 3216
f 2187 2002 2001
f 2169 2189 2190
f 2192 2085 2191
f 2193 2195 2196
f 2198 2200 2197
f 1998 1979 1975
f 3664 3668 3671
f 2116 1903 1902
f 1859 2009 1150
f 3904 2126 3906
f 1135 1087 1130
f 2201 2015 2014
f 1149 110 1858
f 3221 3218 3215
f 2203 2205 2206
f 579 1895 1019
f 1755 2208 1756
f 3891 1893 605
f 1211 2150 1727
f 868 2210 2209
f 944 930 940
f 2130 2202 2201
f 233 1898 195
f 665 750 666
f 1167 999 618
f 2211 2213 2214
f 2215 2217 2218
f 3867 590 3868
f 2220 220 2219
f 823 948 1094
f 3225 3227 3226
f 266 455 265
f 3882 2107 3883
f 2221 3519 3517
f 2223 2225 2226
f 2207 2124 2208
f 673 3869 3864
f 817 996 815
f 2227 2146 2145
f 1947 646 749
f 3900 17 3873
f 2229 1638 1381
f 1679 1618 1680
f 1637 2232 2230
f 2233 1617 1616
f 2231 2236 2237
f 1381 2238 1382
f 3586 2242 3587
f 1630 2233 1631
f 1681 472 469
f 1408 2243 2244
f 3236 3238 3237
f 3232 3240 3235
f 1637 2238 1638
f 3237 3233 3234
f 1409 1634 2245
f 1380 2247 2246
f 1628 2245 1621
f 2249 1622 1633
f 1632 1408 2244
f 2248 1631 2250
f 2235 1637 1636
f 3245 3199 3198
f 631 2071 725
f 515 52 49
f 782 2251 1251
f 2253 2255 2252
f 397 459 784
f 1456 2040 1455
f 2040 2036 1455
f 1401 2111 1398
f 2041 1970 2026
f 1535 414 1965
f 1586 2080 2079
f 2256 1132 1886
f 1700 3918 3919
f 3815 1686 3817
f 1263 1886 1096
f 598 844 599
f 2257 2259 2260
f 2258 2262 2259
f 2259 2263 2216
f 2260 2216 2215
f 1967 1970 1969
f 2212 1963 2213
f 922 2218 2217
f 1312 1101 2264
f 1307 1286 789
f 1548 1546 1972
f 2266 2268 2265
f 2265 2270 2269
f 2272 2269 2271
f 2273 2265 2272
f 2275 2277 2274
f 2278 2277 2279
f 2284 3617 3639
f 2287 2286 2281
f 2288 2283 2287
f 2290 3639 3620
f 2291 2293 2294
f 2295 2294 2279
f 2296 2291 2295
f 2297 2292 2291
f 2294 2299 2300
f 2279 2300 2278
f 2298 2302 2292
f 2292 2303 2293
f 2293 2304 2299
f 2304 2306 2299
f 2306 2300 2299
f 2308 2310 2307
f 2302 2310 2303
f 2301 2307 2302
f 2312 2307 2311
f 2313 2315 2316
f 2318 2320 2317
f 3748 2322 2323
f 2324 2273 2326
f 2313 2326 2327
f 2328 2313 2316
f 2329 2324 2328
f 2331 2333 2330
f 2330 2267 2266
f 2325 2266 2273
f 2329 2330 2325
f 2333 2335 2267
f 2336 2333 2332
f 2338 2332 2337
f 2331 2337 2332
f 2329 2339 2331
f 2328 2340 2329
f 2316 2341 2328
f 2342 2315 2343
f 2344 2346 2347
f 2341 2347 2340
f 2342 2344 2341
f 2348 2345 2344
f 2350 2352 2353
f 2339 2353 2337
f 2340 2350 2339
f 2347 2351 2350
f 2337 2354 2338
f 2353 2355 2354
f 2356 2276 2357
f 2356 2358 2359
f 2356 2296 2295
f 2279 2356 2295
f 2360 2270 2268
f 2267 2360 2268
f 2362 2364 2365
f 2362 2361 2358
f 2366 2358 2357
f 2366 2363 2362
f 2357 2368 2366
f 2366 2369 2367
f 2276 2370 2368
f 2368 2282 2369
f 2372 2374 2371
f 2375 2377 2007
f 2378 2380 2381
f 2382 2381 2383
f 2384 2378 2382
f 2385 2379 2378
f 2388 2390 2387
f 2387 2392 2391
f 2393 2387 2391
f 2394 2388 2387
f 2186 2402 2400
f 2403 2327 2326
f 2272 2326 2273
f 2271 2403 2272
f 2405 2404 2403
f 2404 2408 2327
f 2409 2411 2412
f 2409 2271 2269
f 2413 2269 2270
f 2413 2410 2409
f 2417 2416 2418
f 2417 2406 2405
f 2412 2405 2271
f 2411 2417 2412
f 2406 2407 2404
f 3569 632 713
f 2420 2397 2421
f 2420 2423 2422
f 2424 2422 2419
f 2424 2398 2420
f 2425 2392 2426
f 2421 2426 2423
f 2397 2425 2421
f 2396 2391 2425
f 2427 2315 2314
f 2427 2408 2428
f 2430 2428 2429
f 2343 2427 2430
f 2432 2430 2431
f 2431 2429 2433
f 2435 2433 2434
f 2436 2431 2435
f 2428 2407 2437
f 2422 2407 2419
f 2438 2422 2423
f 2429 2437 2438
f 2440 2433 2439
f 2441 2433 2429
f 2442 2439 2441
f 2443 2440 2439
f 2445 2444 2443
f 2447 2443 2442
f 2383 2445 2447
f 2381 2446 2445
f 2448 2423 2426
f 2449 2426 2392
f 2441 2449 2442
f 2441 2438 2448
f 2449 2390 2450
f 2450 2389 2451
f 2447 2451 2383
f 2442 2450 2447
f 2451 2453 2452
f 2452 2455 2454
f 2382 2454 2384
f 2383 2452 2382
f 2456 2373 2372
f 2459 2461 2458
f 2463 2465 2462
f 2462 2285 2284
f 2466 2284 2290
f 2467 2462 2466
f 2461 3703 3701
f 2468 2470 2471
f 2472 2471 2473
f 2474 3701 3688
f 2475 2477 2478
f 2458 2453 2479
f 2479 2389 2388
f 2395 2479 2388
f 2480 2458 2479
f 2481 2483 2478
f 2484 2485 221
f 2471 2464 2463
f 2473 2463 2467
f 2487 2466 2486
f 2486 2290 2488
f 2490 2488 2489
f 2491 2486 2490
f 2492 2467 2487
f 2493 2487 2491
f 2494 2492 2493
f 2495 2473 2492
f 3690 2474 3688
f 3691 2496 3690
f 2498 2493 2499
f 2500 2499 2501
f 3700 2498 2500
f 3687 2494 2498
f 2306 2278 2300
f 2305 2504 2306
f 2504 2507 2506
f 2506 2288 2508
f 2274 2508 2275
f 2278 2506 2274
f 3633 2489 2488
f 3620 2488 2290
f 2507 2289 2288
f 2505 2509 2507
f 2508 2287 2511
f 2511 2281 2280
f 2370 2280 2282
f 2275 2511 2370
f 2512 2489 2513
f 2514 2513 2515
f 2517 2514 2516
f 2517 2490 2512
f 2499 2491 2517
f 2499 2516 2501
f 2510 2519 2518
f 2518 2521 2520
f 3616 2520 3621
f 3632 2518 3616
f 2522 2303 2310
f 2523 2310 2309
f 2305 2522 2524
f 2524 2523 2525
f 2519 2525 2521
f 2505 2524 2519
f 2308 2527 2526
f 2526 2529 2528
f 2531 2528 2530
f 2309 2526 2531
f 1214 2151 1211
f 2419 2418 2424
f 2533 2349 2317
f 2534 2317 2320
f 2535 2533 2534
f 2536 2345 2533
f 2537 2346 2536
f 2538 2536 2535
f 2539 2537 2538
f 2540 2351 2537
f 2312 2541 2527
f 2527 2542 2529
f 2543 2434 2544
f 2545 2544 2546
f 2319 2543 2545
f 2318 2435 2543
f 2514 2548 2547
f 2547 2550 2549
f 2552 2549 2551
f 2552 2514 2547
f 2520 2554 2553
f 2553 2556 2555
f 3590 2555 3593
f 3621 2553 3590
f 2523 2531 2557
f 2557 2530 2558
f 2525 2557 2559
f 2559 2558 2560
f 2554 2560 2556
f 2521 2559 2554
f 2561 2007 2006
f 2376 2225 2377
f 2564 2566 2563
f 2563 338 2567
f 2569 2567 2568
f 2570 2563 2569
f 2572 2574 2571
f 2571 2576 2575
f 2544 2575 2546
f 2544 2572 2571
f 2578 2569 2577
f 2579 2569 2568
f 2574 2579 2576
f 2573 2577 2574
f 2581 2583 2580
f 2584 2583 2585
f 3697 2580 2584
f 3676 2580 3675
f 2582 2552 2583
f 2583 2551 2585
f 2500 2589 2588
f 2590 2589 2591
f 3693 2588 2590
f 3695 2500 2588
f 2501 2591 2589
f 2592 2594 2595
f 2386 2503 2502
f 2596 2386 2374
f 2596 2373 2597
f 2599 2597 2598
f 2599 2379 2596
f 2600 2380 2599
f 2600 2598 2601
f 2603 2601 2602
f 2603 2446 2600
f 2604 2602 2605
f 2440 2605 2434
f 2444 2604 2440
f 2606 2581 2607
f 2606 2590 2591
f 2591 2582 2606
f 3676 2456 3689
f 3689 2372 3693
f 2478 2608 2481
f 2609 2611 2199
f 2564 2613 2612
f 2612 2598 2597
f 2457 2597 2373
f 2565 2612 2457
f 2614 2570 2578
f 2615 2578 2573
f 2602 2614 2615
f 2601 2613 2614
f 2572 2605 2616
f 2616 2602 2615
f 2573 2616 2615
f 1459 1045 1021
f 1265 1079 1082
f 1612 1609 1611
f 2067 2069 2068
f 1135 1136 1148
f 1938 2618 2617
f 95 458 128
f 2058 1608 1612
f 1454 1445 1367
f 655 1048 2619
f 722 2621 723
f 1131 1033 1134
f 562 366 1497
f 1723 1725 1591
f 1786 1122 1787
f 267 323 266
f 1325 1654 2038
f 1468 1435 1479
f 658 529 528
f 8 247 7
f 382 1559 3
f 788 1307 789
f 940 929 928
f 911 2623 912
f 2621 655 654
f 2624 2625 2626
f 998 27 26
f 635 2626 2625
f 2627 644 1840
f 2628 1840 2629
f 1200 2627 2628
f 1199 641 2627
f 1520 49 477
f 1452 1349 1451
f 2630 1859 1858
f 644 1335 1823
f 1197 717 2632
f 2632 719 1166
f 2628 1166 1200
f 2629 2632 2628
f 1762 1050 821
f 1823 873 1839
f 2634 794 652
f 1028 1027 1161
f 1042 2635 1043
f 93 1901 1924
f 2036 1458 1455
f 1527 1525 1526
f 877 1274 1277
f 134 797 1544
f 1328 931 1329
f 607 1091 1161
f 1043 2637 2636
f 2636 2639 2638
f 1275 2638 1276
f 1275 1043 2636
f 1272 2626 2640
f 2640 638 637
f 1110 2640 637
f 536 2640 2641
f 1472 1474 1473
f 2042 1951 649
f 1058 1105 1059
f 2642 2643 2644
f 1192 2644 1193
f 912 2642 1192
f 3898 3526 3786
f 1049 2620 2621
f 616 1885 613
f 1331 666 750
f 990 1198 525
f 1911 321 322
f 1298 1205 2645
f 76 1504 75
f 1502 421 422
f 610 658 691
f 1146 659 938
f 2646 914 936
f 1280 1238 1279
f 975 2647 2648
f 2647 975 974
f 1453 1452 1451
f 1514 158 151
f 835 1843 1842
f 1271 1173 1289
f 2649 813 2650
f 1893 1826 1894
f 1050 1937 1051
f 2651 814 813
f 1006 1281 977
f 2653 2654 2655
f 1001 1003 1002
f 585 679 558
f 2624 621 620
f 555 2028 556
f 1207 1197 2629
f 1626 478 472
f 426 419 1567
f 1030 1773 1031
f 3898 634 3880
f 534 138 262
f 1125 1042 1041
f 333 88 227
f 569 561 730
f 1489 871 870
f 1857 620 891
f 1673 3770 3763
f 622 864 1308
f 2647 974 2657
f 619 891 620
f 261 545 262
f 393 1556 404
f 2658 2647 2657
f 1075 2657 917
f 1081 2658 1075
f 1080 2659 2658
f 2644 1141 2660
f 2660 1140 1336
f 642 1336 643
f 1193 2660 642
f 679 555 558
f 1503 1500 1502
f 1318 1101 1100
f 2661 1139 1142
f 2661 2663 2662
f 2662 2659 2661
f 2662 2622 2664
f 2664 911 2646
f 2648 2646 1146
f 2648 2662 2664
f 2083 2093 2081
f 1442 1437 1439
f 519 330 51
f 1885 1209 613
f 799 805 804
f 1946 1952 1953
f 1302 1253 1252
f 566 224 533
f 1389 928 1388
f 683 681 680
f 836 1842 2665
f 2665 1845 1303
f 2666 1303 1302
f 24 2665 2666
f 831 2650 832
f 1845 1304 1303
f 2010 2012 2011
f 1051 2667 2668
f 1522 1511 1523
f 531 441 522
f 782 1251 1250
f 1250 2625 2669
f 2669 1857 1856
f 783 1856 1037
f 782 2669 783
f 720 2671 721
f 1055 1930 1056
f 1333 1251 2251
f 619 1308 1307
f 652 2619 2634
f 521 1539 1540
f 1838 537 2672
f 2672 536 2641
f 1113 2641 1110
f 1113 1838 2672
f 1016 1351 1045
f 3897 570 3894
f 226 104 101
f 3564 3827 1818
f 1036 1884 1883
f 2674 1304 2673
f 2673 1844 2675
f 1334 2675 1039
f 1333 2673 1334
f 2676 1039 2675
f 1843 2675 1844
f 942 2676 1843
f 1074 702 2676
f 811 859 858
f 752 1055 753
f 1200 656 1026
f 1120 874 2677
f 2677 877 1052
f 1241 1052 1005
f 1119 2677 1241
f 1560 151 1515
f 1208 611 523
f 215 736 214
f 1460 1462 1461
f 1208 1839 873
f 854 1282 1297
f 72 182 179
f 544 1565 512
f 217 456 457
f 2047 930 945
f 1204 1937 2633
f 913 686 685
f 840 1113 1112
f 1531 730 561
f 2678 1283 801
f 601 1914 602
f 1537 459 460
f 1819 3509 3527
f 991 862 538
f 2679 1073 1830
f 2680 983 2256
f 779 2256 1263
f 778 2680 779
f 2678 1830 2680
f 180 245 40
f 1886 1131 1134
f 1138 1274 1255
f 1841 1140 1139
f 75 314 74
f 193 420 192
f 2681 1099 1098
f 170 1565 169
f 349 417 432
f 1121 2684 2683
f 547 409 302
f 123 121 120
f 2643 1142 1141
f 1542 513 1543
f 899 907 919
f 1210 676 867
f 791 982 892
f 24 837 836
f 893 932 931
f 1860 863 862
f 535 862 861
f 832 813 812
f 2650 813 832
f 1569 1547 1568
f 181 542 180
f 660 937 688
f 2013 568 2012
f 887 2631 2630
f 1524 361 78
f 520 162 1529
f 2653 854 2685
f 1238 2655 2686
f 718 527 530
f 1492 518 1491
f 792 615 793
f 599 1835 596
f 290 456 175
f 312 1552 425
f 1248 1179 1249
f 153 177 178
f 1240 1222 1221
f 1257 1235 1071
f 1291 1083 1222
f 1052 1277 1053
f 743 2618 1204
f 444 430 443
f 23 1172 1187
f 2687 1180 1179
f 102 409 134
f 1283 610 801
f 373 650 651
f 1180 1084 1291
f 855 2655 1237
f 1173 1917 1174
f 2689 853 2688
f 2688 1108 1279
f 2686 1279 1238
f 2687 2688 2686
f 2691 1252 2690
f 2690 850 2689
f 1248 2689 2687
f 1248 2691 2690
f 2692 24 2666
f 2691 2666 1302
f 1247 2692 2691
f 1258 617 2692
f 394 1555 393
f 2693 1259 1223
f 1072 1262 1261
f 1257 1168 1258
f 398 1555 1554
f 871 1314 872
f 1178 1249 1179
f 1224 1173 1172
f 1010 2618 742
f 1175 1292 1269
f 2654 2686 2655
f 2694 1216 1264
f 71 1487 70
f 701 1111 1038
f 1072 2649 2650
f 1085 22 21
f 895 1264 896
f 1601 1605 1604
f 1259 1271 1289
f 21 1220 1083
f 988 538 537
f 598 1336 1140
f 820 1762 821
f 1050 818 821
f 1298 1761 2652
f 1168 618 617
f 858 1256 833
f 39 516 1536
f 2652 819 814
f 313 315 314
f 2026 1971 2027
f 2656 596 1835
f 814 818 811
f 2696 813 2649
f 1260 2649 1261
f 2693 2696 1260
f 2697 2651 2696
f 381 390 380
f 3818 1611 1609
f 1475 1428 1227
f 1292 1917 1235
f 1551 354 1518
f 1526 1523 1511
f 1593 1595 1573
f 1232 1246 1249
f 2695 1223 22
f 2698 1296 2697
f 2698 2693 2695
f 2685 2695 1085
f 2685 1297 2698
f 562 271 272
f 2652 1296 1298
f 1365 1364 1363
f 1958 1953 1957
f 585 2210 997
f 1561 1515 435
f 975 1146 976
f 347 68 346
f 1038 636 1068
f 2700 780 2699
f 2699 1036 1883
f 2701 1883 1829
f 851 2699 2701
f 2674 2251 2702
f 2702 781 2700
f 1253 2700 851
f 1301 2702 1253
f 1519 388 1550
f 1273 1280 2703
f 2703 1107 852
f 2701 852 851
f 1829 2703 2701
f 91 326 90
f 1784 2656 1785
f 2683 2705 2704
f 604 3499 3533
f 1669 3548 1662
f 2062 2060 2059
f 621 861 622
f 2023 732 2024
f 686 1263 687
f 857 2668 1328
f 883 882 879
f 637 1111 1110
f 2668 893 1328
f 2667 894 2668
f 1039 1068 1334
f 313 1504 1505
f 1911 305 453
f 1936 1964 2212
f 2707 2401 2183
f 2708 2183 2182
f 738 2116 554
f 2349 2432 2436
f 2711 2020 2019
f 2400 2019 2186
f 2714 2716 2713
f 2717 2719 2720
f 2721 2723 2724
f 2726 2728 2725
f 2725 2730 2729
f 2731 2729 2709
f 2732 2725 2731
f 2734 2736 2733
f 2738 2740 2737
f 2737 2741 2742
f 2744 2746 2743
f 2745 2748 2747
f 2749 2747 2751
f 2753 2751 2752
f 2250 2246 2248
f 2754 1614 2755
f 3598 2755 3609
f 3608 2747 3609
f 1617 2755 1614
f 2242 1620 2757
f 2191 2760 2759
f 2761 2760 2762
f 3648 2761 3649
f 3623 2759 3648
f 3209 3223 3224
f 1395 2236 2235
f 1395 1636 1615
f 1616 2229 2233
f 1617 2763 2756
f 2756 3628 3608
f 2765 2234 1630
f 2766 3628 3622
f 3202 3246 3247
f 1516 435 1515
f 2768 3552 3553
f 1495 578 1424
f 2135 28 17
f 3526 2773 2774
f 1690 3926 3925
f 2778 2780 2777
f 2777 2781 2782
f 2784 2777 2783
f 3555 575 576
f 1494 9 540
f 3529 2015 3566
f 451 505 450
f 2786 2788 2785
f 2779 2785 2780
f 2789 2741 2740
f 2790 2752 2789
f 2792 2794 2791
f 2793 2796 2794
f 2796 2750 2749
f 2794 2749 2753
f 2798 1396 2754
f 3591 2754 3598
f 2798 2800 1393
f 3591 2799 2798
f 2797 2795 2801
f 2791 2753 2790
f 216 232 54
f 3804 2807 3803
f 3805 2804 3803
f 2769 3557 3552
f 183 184 97
f 2811 2775 2776
f 2804 2776 2805
f 2809 2811 2804
f 2812 2813 2814
f 3805 2816 3795
f 3796 2815 3795
f 3798 2820 2821
f 3793 2819 3798
f 2824 2735 2819
f 2823 2824 2819
f 2825 2826 2724
f 3793 2827 3792
f 3796 2826 3792
f 2713 2829 2828
f 2828 2831 2830
f 2822 2828 2830
f 2821 2713 2828
f 2832 2822 2830
f 2833 2830 2831
f 2834 2832 2833
f 2835 2827 2832
f 2837 2839 2836
f 2836 2841 2840
f 2842 2840 2727
f 2843 2836 2842
f 2840 2845 2844
f 2718 2845 2719
f 2730 2844 2718
f 2727 2844 2728
f 2846 2719 2845
f 2846 2841 2847
f 2829 2847 2831
f 2829 2716 2846
f 2847 2839 2848
f 2848 2838 2849
f 2833 2849 2834
f 2831 2848 2833
f 2850 2851 2852
f 2853 2852 2854
f 2783 2782 2855
f 2785 2853 2856
f 2780 2856 2781
f 2857 2855 2782
f 2859 2782 2781
f 2861 2842 2860
f 2860 2727 2726
f 2862 2726 2732
f 2863 2860 2862
f 2861 2858 2857
f 2843 2857 2859
f 2856 2854 2864
f 2781 2864 2859
f 2837 2859 2864
f 2838 2864 2854
f 2852 2834 2849
f 2854 2849 2838
f 2865 2818 2835
f 2851 2835 2834
f 2813 2815 2865
f 2814 2865 2851
f 2866 2814 2850
f 2788 2850 2853
f 2866 2787 2867
f 2812 2867 2775
f 1892 1890 1891
f 2720 2846 2870
f 298 256 257
f 2872 2713 2820
f 3794 2735 2734
f 2729 2874 2873
f 2846 2715 2870
f 2876 2878 2875
f 2733 2878 2734
f 3806 2879 2880
f 3806 2872 3794
f 2882 2884 2881
f 2881 2715 2714
f 2880 2714 2872
f 2879 2881 2880
f 2885 2887 2888
f 2888 2890 2885
f 2885 2892 2891
f 2893 2885 2891
f 1942 2532 2894
f 2895 2720 2870
f 2884 2870 2715
f 2883 2895 2884
f 2896 2892 2895
f 2889 2717 2890
f 2890 2720 2892
f 2897 2891 2896
f 2898 2896 2883
f 2899 2883 2882
f 2900 2882 2879
f 3797 2879 3807
f 2876 2901 2877
f 2901 2904 2903
f 1785 1835 1834
f 2905 2899 2900
f 2907 2897 2898
f 3797 2903 3799
f 632 577 633
f 3532 2867 2787
f 434 550 350
f 2768 3640 3643
f 2910 1623 2249
f 2241 2758 2242
f 3640 2913 3652
f 1623 2757 1620
f 3587 2757 3652
f 2229 1380 2250
f 2765 1629 2914
f 2915 1629 2912
f 3642 2914 2915
f 3641 2765 2914
f 2919 3642 3613
f 2918 2912 2241
f 3614 2241 3586
f 3618 3613 3670
f 3541 2180 3496
f 3521 2188 3506
f 3705 714 3851
f 2925 2917 2924
f 2924 2916 2919
f 3610 2919 3618
f 3611 2924 3610
f 2926 2766 2925
f 3658 2925 3611
f 1715 1705 1710
f 785 498 796
f 1387 565 1791
f 374 1899 560
f 3573 2206 3556
f 2929 2886 2893
f 2932 2934 2931
f 1905 1908 1907
f 2930 2936 2937
f 2938 2930 2929
f 1493 517 518
f 1603 1586 1602
f 2939 2929 2908
f 2940 2908 2907
f 3665 1600 3661
f 2886 2937 2887
f 2906 2898 2899
f 2908 2893 2897
f 2942 2933 2941
f 2941 2937 2936
f 3501 2936 3513
f 3498 2941 3501
f 2943 2710 2873
f 2943 2874 2889
f 2945 2889 2888
f 2946 2943 2945
f 2932 2888 2887
f 2931 2945 2932
f 727 1929 728
f 2903 2947 2948
f 545 42 262
f 1480 533 251
f 2907 2949 2940
f 2906 2950 2949
f 1558 215 202
f 3799 2948 3801
f 2054 1644 2118
f 3705 2203 3573
f 1828 1849 1827
f 2953 2955 2952
f 2952 2957 2956
f 2956 2258 2952
f 2953 2258 2257
f 2454 2474 2496
f 3747 2959 3766
f 3747 2131 3737
f 2961 2963 2958
f 2958 2964 2959
f 222 2485 2965
f 2477 2966 2608
f 2631 2006 1859
f 2384 2496 2497
f 2967 2959 2964
f 2968 2970 2969
f 3759 2971 3784
f 3784 2960 3766
f 2972 2033 2032
f 2007 2973 2008
f 3560 2134 2133
f 1836 1832 1831
f 3506 2090 3551
f 955 959 956
f 672 674 673
f 633 713 632
f 2024 733 803
f 2025 803 798
f 425 1550 388
f 2975 888 887
f 1319 1157 2694
f 1212 2977 1213
f 889 2228 2227
f 1978 1975 1979
f 1138 1329 915
f 751 2979 2978
f 1619 1625 1624
f 2252 1728 1727
f 1157 845 1216
f 2706 1938 2617
f 2980 2254 2981
f 2982 887 2630
f 802 711 2679
f 678 2029 2028
f 527 690 528
f 1839 2629 1840
f 2983 602 1914
f 2983 1913 1331
f 2985 1331 1054
f 2986 2983 2985
f 2987 2635 2634
f 2985 2639 2986
f 2990 1318 2989
f 2991 2993 2994
f 2995 2994 2996
f 1106 2991 2995
f 1058 2992 2991
f 1415 1365 1367
f 1317 2217 2997
f 1932 2255 2980
f 926 2999 664
f 3001 2992 3000
f 3000 1057 2978
f 2999 2978 2979
f 2998 3000 2999
f 3002 2209 3003
f 3002 2996 2994
f 2993 3002 2994
f 3001 2998 3002
f 1103 2995 3004
f 3004 2996 3003
f 2209 3004 3003
f 588 3004 2210
f 295 433 381
f 2638 2988 3005
f 3005 1056 1930
f 1305 1930 1306
f 1276 3005 1305
f 1987 1993 1989
f 2633 1761 2645
f 1423 1417 1419
f 3561 739 703
f 2671 2704 2705
f 1473 2035 1472
f 922 2694 895
f 1401 1378 1384
f 556 1884 1037
f 842 3825 3836
f 1854 2617 1010
f 933 1081 1075
f 1440 1436 1437
f 529 719 530
f 1031 1027 1028
f 777 912 1871
f 2645 1204 2633
f 441 1538 1537
f 790 587 586
f 2065 1610 1607
f 1860 990 902
f 60 87 59
f 1424 1948 1947
f 332 1507 331
f 261 138 135
f 187 449 507
f 1719 1726 1725
f 1931 1059 3006
f 3006 1105 1104
f 1287 1104 587
f 1286 3006 1287
f 3007 3009 3010
f 3009 653 795
f 618 26 25
f 2029 1210 1209
f 957 600 2228
f 1049 2228 600
f 2631 3011 2561
f 890 2227 3011
f 3011 2145 3012
f 2561 3012 2375
f 1026 609 608
f 2706 1961 1964
f 3013 2485 3014
f 2148 1267 3015
f 3015 1266 1311
f 2997 1101 1317
f 642 1773 1193
f 186 461 511
f 1041 1320 901
f 1121 3017 1122
f 2984 2987 3018
f 3018 2634 2619
f 1048 3018 2619
f 603 2984 3018
f 2679 801 802
f 2062 2074 2061
f 2061 2076 2064
f 414 1545 1965
f 3016 2683 3019
f 3019 2704 2670
f 3020 2670 720
f 3007 3019 3020
f 1871 1091 777
f 3021 1122 3017
f 3022 3017 3010
f 1314 3022 1315
f 1784 3021 1314
f 1316 1763 611
f 3023 3010 3009
f 3023 795 1092
f 1763 1092 1125
f 1315 3023 1763
f 3016 3010 3017
f 752 2978 1057
f 2986 2637 2987
f 3024 653 3008
f 3020 3008 3007
f 720 3024 3020
f 723 654 3024
f 2681 1268 3025
f 2671 1268 721
f 2705 3025 2671
f 1313 3027 1311
f 3026 3029 3027
f 3027 3030 3031
f 1311 3031 3015
f 2012 731 2023
f 917 974 977
f 743 856 744
f 1888 2030 1425
f 2682 2684 3032
f 3032 1124 2989
f 1100 2989 1318
f 1099 3032 1100
f 1123 2989 1124
f 3033 1159 1158
f 2990 1158 1319
f 1123 3033 2990
f 1786 1834 3033
f 1054 2988 2985
f 2979 664 2999
f 2623 2663 2643
f 1095 688 687
f 3034 2261 2956
f 3036 2956 2957
f 3037 3034 3036
f 3038 3035 3034
f 3040 3026 1313
f 2263 3041 3040
f 3042 3043 3041
f 3041 3028 3026
f 3044 3043 3039
f 3046 3045 3044
f 3047 3049 3045
f 3043 3049 3028
f 3038 3051 3050
f 3050 3053 3052
f 3052 3044 3050
f 3039 3050 3044
f 3054 3039 3042
f 3042 2262 3054
f 2261 3054 2262
f 2216 2997 2217
f 2212 2667 1936
f 3056 2209 3055
f 934 1961 1854
f 2013 3757 567
f 3058 3060 3061
f 3059 3063 3060
f 3060 2213 1963
f 3061 1963 1962
f 3063 2214 2213
f 3062 3064 3063
f 3065 2260 3064
f 3064 2215 2214
f 3066 3031 3030
f 2608 3067 3066
f 2966 3068 3067
f 3031 3068 3015
f 2455 2461 2474
f 2476 2226 2477
f 3551 2089 3525
f 3526 3769 3786
f 433 355 381
f 2115 1419 2123
f 3509 2922 3527
f 3769 2131 2134
f 3069 2167 2166
f 2971 2928 2960
f 2961 2773 2962
f 3070 2478 2483
f 2610 3071 2954
f 2502 2374 2386
f 3072 2595 3073
f 2964 3052 2967
f 3048 3074 3049
f 2593 3075 3074
f 3075 3029 3074
f 3074 3028 3049
f 3072 3075 2592
f 3076 2482 2481
f 2481 3066 3076
f 3076 3030 3075
f 2967 3053 2970
f 2482 3073 2483
f 479 493 494
f 706 3873 709
f 3561 2221 3517
f 2013 3754 3755
f 3533 2016 3529
f 3562 2222 2974
f 1171 1155 1176
f 2586 2565 2587
f 2982 113 2484
f 2562 3077 3068
f 2376 3012 3077
f 3012 2148 3077
f 3077 3015 3068
f 2963 3046 2964
f 3051 2970 3053
f 1683 491 775
f 3850 1447 3860
f 1986 3734 3768
f 3079 2546 2575
f 3081 2575 2576
f 1983 3768 3765
f 3082 2319 2545
f 3080 2545 2546
f 3734 3082 3080
f 3732 2323 3082
f 1309 1888 748
f 3073 2772 2771
f 2760 3084 2762
f 2760 2088 3083
f 3085 3086 3087
f 3089 3090 3088
f 3089 3084 3085
f 3092 3090 3091
f 3093 2744 2743
f 2751 2748 3093
f 3093 2752 2751
f 2742 3093 3094
f 3094 2743 3095
f 3096 3098 3087
f 3099 3087 3086
f 3097 3095 3098
f 3100 2746 3101
f 3101 3102 3100
f 2764 2927 3101
f 2745 3101 2746
f 3102 3091 3100
f 3100 3095 2743
f 2869 3592 3634
f 3102 3104 3092
f 3658 2869 3634
f 2927 3103 3102
f 3098 3091 3090
f 3087 3090 3085
f 2088 3105 3083
f 3083 3086 3084
f 2483 2771 3070
f 2401 2185 2321
f 3099 3105 3106
f 2125 3106 3105
f 3108 2742 3107
f 3107 3094 3097
f 3110 3107 3109
f 3109 3097 3096
f 3111 3096 3099
f 3112 3109 3111
f 3113 2737 3108
f 3115 2722 3114
f 3117 3114 3116
f 3119 3116 3118
f 3118 3120 3121
f 3116 3113 3120
f 3122 3111 3123
f 3122 1755 1754
f 3124 3126 3127
f 3125 3121 3126
f 3128 3118 3125
f 3129 3125 3124
f 2020 3128 3129
f 3853 1346 1352
f 1065 1047 1066
f 1814 3830 1649
f 2021 3129 3130
f 3111 3106 3123
f 3123 2207 1755
f 2377 2224 2973
f 3014 113 112
f 1756 3782 3767
f 3131 2530 2528
f 3133 2528 2529
f 1753 3767 3775
f 3134 3127 3135
f 2327 2314 2313
f 2436 2317 2349
f 2018 3711 3712
f 2534 3137 2535
f 2320 3136 2534
f 2185 3712 3771
f 3138 2542 2539
f 3134 3744 3745
f 3785 3134 3745
f 3140 2539 2538
f 2535 3140 2538
f 3711 3130 3785
f 2558 3132 3141
f 3782 3141 3132
f 2560 3141 3142
f 3760 3142 3141
f 958 2976 2981
f 1933 2980 3143
f 2399 2418 2416
f 2348 2343 2432
f 2322 2319 2323
f 2718 2874 2730
f 2709 2873 2710
f 2894 1361 1942
f 346 176 347
f 1876 1882 1881
f 2802 3607 3592
f 3104 3088 3092
f 2974 3649 3603
f 3089 2761 2762
f 3088 3145 3089
f 2803 3603 3607
f 3870 692 628
f 2123 1418 2126
f 1365 1368 1367
f 1581 1782 1783
f 3569 2129 3520
f 3555 2002 3521
f 3146 2551 3147
f 3751 3147 3750
f 3742 3146 3751
f 3149 2585 3146
f 3196 3197 3195
f 3604 2191 3623
f 3142 2556 2560
f 3777 3150 3142
f 3646 2550 3593
f 3150 2555 2556
f 3778 3151 3150
f 3788 3152 3646
f 3153 2551 2549
f 3152 2549 2550
f 3781 3153 3152
f 3776 3147 3153
f 3148 2206 2205
f 2183 2321 2184
f 2132 2928 2133
f 3684 2204 2203
f 3719 2197 3721
f 2594 2773 2951
f 2595 2951 2772
f 1870 799 1869
f 3713 2178 3706
f 3706 3736 3790
f 336 3774 3722
f 339 3154 336
f 3789 3149 3742
f 3683 2584 3149
f 2963 3048 3047
f 3722 337 336
f 339 2566 2586
f 3156 2168 2167
f 2610 2167 2611
f 2954 3156 2610
f 3157 2953 2257
f 3707 2169 3709
f 2567 3159 2568
f 337 2567 338
f 3730 2166 3707
f 3764 1983 3765
f 2579 3081 2576
f 2568 3160 2579
f 3709 2190 3764
f 3065 3162 3161
f 3161 1984 2189
f 3157 2189 2168
f 2257 3161 3157
f 734 1922 806
f 3059 2708 3163
f 3163 2182 1985
f 3162 1985 1984
f 3062 3163 3162
f 3203 3205 3204
f 2122 1448 1447
f 3817 1685 3812
f 139 444 69
f 1570 566 533
f 2957 3165 3036
f 2955 3164 2957
f 1912 341 1973
f 3130 3124 3134
f 1548 319 1547
f 1949 1327 1887
f 2969 3078 3167
f 3167 3169 3168
f 3724 2017 3720
f 3720 2033 3759
f 3168 3165 3170
f 3170 3164 3171
f 3779 3171 3756
f 3724 3170 3779
f 3171 3166 3172
f 3172 3071 3173
f 3752 3173 3749
f 3756 3172 3752
f 3169 3036 3165
f 2593 2962 2594
f 3173 2609 3174
f 3174 2199 2198
f 3783 2198 3719
f 3749 3174 3783
f 2190 1984 1983
f 2196 2767 3148
f 2119 1414 1448
f 1464 1466 1465
f 2199 3069 2200
f 2457 2587 2565
f 2226 2562 2966
f 481 1627 1639
f 333 235 236
f 3078 3037 3169
f 3040 2997 2263
f 2219 1933 2220
f 2385 2497 2503
f 221 3175 2484
f 2220 3143 3175
f 3175 2976 2975
f 2484 2975 2982
f 2954 3166 2955
f 2630 110 2982
f 1547 1952 1955
f 2091 2188 2187
f 3733 2178 2177
f 1918 1927 1926
f 3563 111 3511
f 955 960 954
f 2037 112 3563
f 3143 2981 2976
f 2218 2214 2215
f 672 3787 3541
f 2152 3014 2037
f 1147 1143 1145
f 2248 1409 2245
f 1615 1635 1616
f 1410 2246 2247
f 3241 3242 3240
f 3177 1383 1382
f 2238 3176 1382
f 3176 2230 3178
f 1410 3179 1407
f 3179 2243 1407
f 1633 2800 2249
f 1621 2758 2912
f 1622 2245 1634
f 2236 3181 3182
f 2237 3182 3183
f 2250 2233 2229
f 2912 1628 1621
f 135 1564 1563
f 1567 512 1565
f 1085 2653 2685
f 3184 868 3056
f 869 3057 934
f 1266 1098 1312
f 1267 722 721
f 937 2646 936
f 2146 722 2147
f 2211 921 2667
f 1957 507 449
f 1313 2264 3040
f 1496 1493 1492
f 2681 2705 2682
f 2887 2933 2932
f 1687 1659 1694
f 145 1498 81
f 1317 1319 2694
f 37 418 71
f 1935 3185 2977
f 104 301 103
f 2101 2083 2084
f 543 360 207
f 1934 3186 3185
f 234 212 237
f 3845 1822 1824
f 1976 1874 1974
f 223 2219 220
f 3655 3605 3612
f 468 773 2165
f 1935 1728 1932
f 3240 3226 3235
f 3261 3250 3260
f 3215 3244 3264
f 3265 3215 3264
f 3267 3198 3196
f 3205 3269 3255
f 3214 3265 3270
f 3271 3214 3192
f 3251 3239 3236
f 3222 3266 3272
f 3232 3234 3233
f 3216 3243 3244
f 3196 3268 3267
f 3244 3254 3255
f 3238 3247 3246
f 3264 3255 3269
f 3253 3216 3217
f 3211 3221 3265
f 3257 3218 3256
f 3258 3272 3259
f 3274 3280 3273
f 3228 3262 3263
f 3275 3281 3280
f 3226 3273 3280
f 3236 3260 3251
f 3281 3236 3237
f 3287 3192 3189
f 3235 3280 3234
f 3234 3281 3237
f 3288 3259 3272
f 3260 3276 3251
f 3289 3278 3284
f 3210 3224 3283
f 3199 3201 3200
f 3228 3230 3229
f 3290 3285 3286
f 3282 3271 3287
f 3260 3262 3261
f 3243 3268 3254
f 3267 3241 3232
f 3194 3208 3193
f 3191 3269 3206
f 3270 3192 3214
f 3275 3230 3231
f 3264 3270 3265
f 3252 3276 3291
f 3248 3291 3223
f 3213 3279 3277
f 3272 3289 3288
f 3277 3212 3213
f 3228 3281 3231
f 3220 3253 3219
f 3219 3217 3257
f 3256 3222 3258
f 3247 3252 3248
f 3245 3232 3233
f 3266 3212 3289
f 3208 3255 3254
f 3288 3284 3285
f 3204 3208 3207
f 560 3187 559
f 3209 3201 3202
f 3189 3191 3190
f 448 807 447
f 647 122 270
f 1833 1780 1832
f 510 508 507
f 3210 1887 3201
f 1887 3200 3201
f 15 3197 3200
f 16 3195 3197
f 3195 3187 3194
f 3194 1899 3207
f 3207 375 3204
f 387 126 127
f 3189 1760 3287
f 3577 757 758
f 763 2172 2175
f 3583 3580 3581
f 3581 3579 3578
f 3594 3596 3595
f 3400 3602 3401
f 3626 3625 3627
f 3631 3599 3601
f 3636 3595 3596
f 3647 3588 3645
f 3650 3584 3647
f 3653 3580 3651
f 3653 3654 3579
f 1801 3656 3655
f 3651 3582 3650
f 3644 3595 3637
f 1767 3659 3660
f 1597 3661 1600
f 1708 3665 3664
f 3671 3667 3666
f 3666 3673 3672
f 1588 3664 1587
f 2080 3666 2082
f 2082 3672 2084
f 3674 3635 3631
f 3677 3636 3635
f 3682 3645 3681
f 3692 3650 3686
f 3681 3644 3680
f 786 3692 785
f 3694 3651 3692
f 785 3686 497
f 497 3682 650
f 650 3681 564
f 3696 3681 3680
f 3405 3605 3402
f 3702 3678 3677
f 3699 3679 3678
f 3645 3638 3644
f 1799 3659 1768
f 3708 3458 3460
f 3462 3708 3460
f 3714 564 3696
f 3615 3602 3600
f 3710 3696 3698
f 3635 3596 3599
f 3629 3627 3630
f 3597 3599 3596
f 3630 3715 3629
f 3627 3597 3594
f 3717 3723 3718
f 3715 3660 3629
f 3716 3725 3715
f 3668 3661 3725
f 3668 3717 3667
f 3667 3718 3673
f 3727 3673 3718
f 3728 3672 3673
f 3726 3718 3723
f 1576 2084 3672
f 3727 3731 3729
f 3203 1387 3190
f 3190 1791 3189
f 3283 1949 3210
f 317 259 391
f 2000 3653 3694
f 3601 3600 3602
f 3589 3584 3585
f 3577 756 2170
f 3585 3582 3583
f 3678 3637 3636
f 3204 376 3203
f 1801 3657 1799
f 3729 3728 3727
f 1575 3738 1088
f 3735 1576 3728
f 1776 1796 1775
f 1293 1290 1284
f 1326 1327 12
f 1294 1234 1290
f 878 1330 1337
f 497 374 498
f 122 413 121
f 3699 3704 3708
f 3606 3401 3602
f 3708 3698 3699
f 3464 3710 3462
f 3704 3443 3458
f 439 399 438
f 1512 1526 1511
f 1668 1738 1671
f 839 1362 838
f 1362 826 1012
f 3843 1896 3815
f 2053 2118 2117
f 3888 2120 2119
f 696 3816 3831
f 1826 639 640
f 3740 3729 3731
f 956 886 960
f 1980 1922 807
f 33 105 164
f 1343 3856 3857
f 3907 2128 3902
f 1766 1582 1594
f 14 2163 738
f 595 99 594
f 3233 3246 3245
f 1346 1044 1352
f 748 1425 747
f 3193 3254 3268
f 3190 3206 3203
f 3612 3606 3615
f 3624 3615 3625
f 3631 3443 3674
f 3679 3644 3637
f 3686 3647 3682
f 3702 3674 3704
f 3625 3600 3597
f 3601 3415 3631
f 3739 3735 3729
f 3630 3594 3741
f 3741 3716 3630
f 1284 1288 1285
f 3698 3680 3679
f 1778 1780 1779
f 1792 1584 1789
f 695 571 694
f 3638 3594 3595
f 3741 3588 3589
f 3247 3209 3202
f 3292 3294 3295
f 3296 3298 3299
f 3299 3300 3301
f 3302 3304 3305
f 3306 3308 3309
f 3307 3311 3308
f 3303 3301 3300
f 3312 3304 3313
f 3314 3316 3317
f 3318 3320 3321
f 3324 3321 3325
f 3326 3328 3323
f 3329 3331 3332
f 3333 3335 3336
f 3337 3339 3340
f 3333 3341 3342
f 3342 3343 3344
f 3319 3344 3343
f 3338 3334 3339
f 3346 3302 3347
f 3305 3347 3302
f 3312 3223 3349
f 3350 3340 3351
f 3312 3348 3305
f 3352 3341 3326
f 3311 3354 3308
f 3341 3327 3326
f 3359 3361 3362
f 3360 3250 3249
f 3318 3345 3319
f 3364 3318 3324
f 3314 3324 3365
f 3366 3301 3346
f 3299 3367 3296
f 3308 3368 3309
f 3369 3295 3294
f 3317 3364 3314
f 3370 3317 3316
f 3325 3365 3324
f 3352 3319 3343
f 3296 3353 3311
f 3297 3311 3310
f 3363 3354 3345
f 3345 3353 3344
f 3344 3367 3342
f 3366 3342 3367
f 3347 3334 3346
f 3339 3348 3340
f 3348 3351 3340
f 3363 3369 3368
f 3294 3368 3369
f 3293 3309 3294
f 3331 3374 3332
f 3346 3333 3366
f 3323 3352 3326
f 3356 3321 3320
f 3355 3325 3321
f 3357 3371 3325
f 3322 3320 3352
f 3361 3329 3362
f 3373 3375 3374
f 3374 3376 3332
f 3329 3376 3362
f 3327 3372 3328
f 3336 3375 3327
f 3335 3376 3375
f 3376 3337 3362
f 3337 3359 3362
f 3359 3276 3250
f 3377 3295 3370
f 3277 3315 3278
f 3371 3379 3365
f 3378 3358 3380
f 3365 3315 3314
f 3316 3279 3370
f 3282 3370 3279
f 3313 3224 3312
f 3378 3284 3379
f 3380 3285 3378
f 3379 3278 3315
f 3276 3351 3291
f 3291 3349 3223
f 3313 2965 3013
f 2965 3303 222
f 222 3300 223
f 223 3298 3186
f 3298 3185 3186
f 3297 2977 3185
f 3310 1213 2977
f 3307 1214 1213
f 2532 3306 3293
f 2894 3293 3292
f 2871 3292 3377
f 3253 3240 3242
f 3283 3013 2152
f 1997 1889 1892
f 1237 744 855
f 1535 120 121
f 1531 201 214
f 1119 1032 984
f 946 824 947
f 163 5 162
f 3589 3723 3741
f 1155 1162 1164
f 427 327 424
f 553 796 498
f 3381 2231 2237
f 3381 2230 2232
f 2237 3180 3381
f 3383 3385 3382
f 3384 3387 3385
f 3386 3389 3387
f 3388 3391 3389
f 3392 3394 3395
f 3395 3396 3397
f 3398 3397 3396
f 3400 3399 3398
f 3403 3405 3402
f 3406 3404 3403
f 3408 3407 3406
f 3410 3409 3408
f 3412 3411 3410
f 3415 3398 3414
f 3414 3396 3416
f 3416 3394 3417
f 3417 3393 3418
f 3393 3420 3418
f 3419 3421 3420
f 3390 3422 3421
f 3388 3423 3422
f 3386 3424 3423
f 3384 3425 3424
f 3425 3426 3184
f 2904 3428 2947
f 3429 2904 2902
f 3430 2902 2876
f 2875 3430 2876
f 3432 2733 2736
f 2825 3435 2824
f 3437 3439 3436
f 3441 3436 3440
f 2724 3434 2825
f 3436 3115 3117
f 3440 3117 3119
f 3443 3414 3442
f 3442 3416 3444
f 3444 3417 3445
f 3445 3418 3446
f 3446 3420 3447
f 3420 3448 3447
f 3421 3449 3448
f 3422 3450 3449
f 3423 3451 3450
f 3424 3452 3451
f 3425 3056 3452
f 3451 2253 2252
f 3450 2252 1727
f 3449 1727 2150
f 3448 2150 1941
f 3453 3448 1941
f 3454 3447 3453
f 3455 3446 3454
f 3456 3445 3455
f 3442 3456 3457
f 3443 3457 3458
f 3459 3458 3457
f 3457 3455 3459
f 3459 3454 3461
f 3462 3459 3461
f 3461 3453 3463
f 3464 3461 3463
f 3463 1941 1360
f 3404 3401 3405
f 3407 3399 3404
f 3409 3397 3407
f 3411 3395 3409
f 3465 3413 3412
f 3467 3469 3466
f 3465 3431 3433
f 3470 3466 3465
f 3438 3432 3435
f 3467 3438 3437
f 3468 3437 3441
f 3471 3468 3472
f 3472 3441 3473
f 3473 3440 2712
f 2712 3119 3128
f 3475 3472 3474
f 3474 3473 3476
f 3476 2712 2711
f 3477 2711 2400
f 3478 3476 3477
f 3479 3474 3478
f 3392 3413 3480
f 3466 3480 3413
f 3419 3392 3480
f 3390 3480 3391
f 3469 3391 3480
f 3389 3471 3475
f 3387 3475 3479
f 3385 3479 3481
f 3482 2400 2402
f 3483 3477 3482
f 3481 3478 3483
f 3484 2402 2707
f 3058 2707 2708
f 3061 3484 3058
f 3485 3482 3484
f 3382 3481 3486
f 3486 3483 3485
f 3426 3382 3487
f 3487 3486 1962
f 3486 3061 1962
f 1961 3487 1962
f 3057 3426 3487
f 3428 3402 3488
f 3427 3403 3428
f 3429 3406 3427
f 3430 3408 3429
f 3431 3410 3430
f 3470 3433 3432
f 3434 3438 3435
f 2723 3439 3434
f 2875 3433 3431
f 2736 3435 3432
f 2947 3488 3500
f 3464 1360 3497
f 1900 1924 1901
f 1736 1718 1750
f 1955 1943 1956
f 1671 1735 1751
f 1696 1698 1692
f 1800 1864 1801
f 2063 2056 2060
f 1737 1717 1736
f 1751 1697 1695
f 943 3899 684
f 3656 3402 3605
f 1577 1764 1703
f 3917 1599 3923
f 1945 82 1944
f 68 7 248
f 147 1543 148
f 1109 1133 1102
f 1503 1907 1908
f 1499 1909 1498
f 452 735 215
f 1824 3835 3845
f 1825 2068 1824
f 1463 1022 1194
f 841 1009 1011
f 1568 1955 1534
f 1926 1927 1923
f 1910 1502 1939
f 1939 422 442
f 309 1940 308
f 1804 1866 1803
f 269 1954 56
f 2065 2060 2056
f 3812 1758 3835
f 280 552 1940
f 1875 1869 1874
f 1739 1734 1737
f 1778 1790 1788
f 310 1915 279
f 1909 1906 1954
f 1789 1778 1788
f 978 980 979
f 1584 1731 1583
f 425 311 312
f 148 115 116
f 2044 3894 2046
f 277 1939 551
f 1943 1945 1944
f 1461 1463 1464
f 2253 3056 3055
f 2981 3489 958
f 2209 3489 3055
f 2254 3055 3489
f 2998 958 3489
f 2826 2721 2724
f 3490 2721 2817
f 2816 3490 2817
f 2334 2296 2335
f 2298 2334 2336
f 2301 2336 2338
f 2311 2338 2354
f 2312 2354 2355
f 2359 2361 2360
f 2335 2359 2360
f 2414 2365 2364
f 2413 2361 2365
f 2355 2540 2541
f 2541 2539 2542
f 2722 2739 2738
f 3114 2738 3113
f 3110 3121 3120
f 3108 3120 3113
f 3122 3127 3126
f 3112 3126 3121
f 3127 1753 3135
f 3139 2529 2542
f 3744 3133 3139
f 3490 2740 2739
f 3491 2789 3490
f 228 91 88
f 245 243 242
f 248 247 191
f 2 296 295
f 145 300 267
f 327 210 328
f 329 331 330
f 250 228 236
f 239 240 230
f 373 375 374
f 178 176 175
f 1218 1228 1321
f 3862 1295 3854
f 808 824 823
f 3858 1013 1014
f 3813 1411 1413
f 2154 2159 2160
f 3845 1758 1757
f 306 1922 452
f 2157 1976 1977
f 708 2031 1474
f 1450 1227 1428
f 1672 1605 1624
f 1813 1821 1816
f 1717 1715 1718
f 176 402 347
f 1710 3916 3915
f 1712 1577 1711
f 1705 1711 1704
f 971 979 970
f 822 1094 1102
f 2909 2793 2792
f 2810 2795 2793
f 2799 2249 2800
f 3662 2910 2799
f 2769 2801 2795
f 3177 3178 3179
f 3178 3180 3179
f 3181 1393 2800
f 3181 1632 3182
f 3182 2244 3183
f 3183 2243 3180
f 3492 2790 3491
f 2808 3491 2816
f 2239 3572 2240
f 1149 3571 3570
f 1150 3567 3571
f 2202 3566 2015
f 2921 3565 2923
f 3568 2133 2928
f 1777 1759 1792
f 1201 1183 1184
f 3561 2195 2194
f 3553 2770 2768
f 3927 1687 1692
f 1516 154 503
f 3549 2974 2803
f 3550 2779 2778
f 2771 3575 3546
f 3070 3546 3558
f 3547 2775 2867
f 1376 1370 1372
f 2767 3556 2206
f 2195 3543 2767
f 2775 3542 2776
f 3377 3545 2871
f 3804 3539 2806
f 2776 3538 2805
f 2240 3535 2920
f 2920 3669 3619
f 3548 2786 2779
f 1805 1851 1804
f 3534 2787 2786
f 2951 3540 3531
f 2772 3531 3575
f 2973 3530 3536
f 2224 3537 3530
f 1957 320 510
f 306 304 303
f 2770 3528 2913
f 2913 3574 2239
f 2923 3527 2922
f 308 431 47
f 207 132 543
f 1879 1881 1880
f 3733 3525 2089
f 2475 3558 3524
f 2476 3524 3523
f 2223 3523 3537
f 3522 2803 2802
f 2037 11 1950
f 1959 450 505
f 2003 3520 2129
f 9 334 540
f 2009 3518 3567
f 2008 3536 3518
f 3877 673 3879
f 3515 2778 2784
f 2935 3513 2936
f 111 3570 3511
f 3510 2935 2938
f 683 3885 943
f 3508 2810 2909
f 736 732 729
f 1795 1803 1796
f 3505 2938 2939
f 3507 2939 2940
f 2950 3504 2949
f 2940 3504 3507
f 3801 3512 2950
f 2868 3502 2869
f 2869 3522 2802
f 1024 1023 1020
f 3500 2948 2947
f 551 442 443
f 2972 3568 2928
f 2032 3499 2972
f 216 1924 1923
f 203 201 200
f 1828 1847 1837
f 1958 449 450
f 272 178 175
f 2871 3495 1361
f 3619 3564 2921
f 2801 3643 3662
f 2005 3654 2176
f 960 899 962
f 3657 3612 3624
f 3780 3646 3151
f 3151 3593 2555
f 2193 3623 2194
f 3607 3145 3144
f 3603 2761 3145
f 3592 3144 3104
f 2926 3634 3103
f 3634 3104 3103
f 3755 3746 3753
f 566 3758 2005
f 3488 1864 3500
f 1602 2079 2078
f 2868 3611 2922
f 2922 3610 2923
f 2923 3618 2921
f 3670 2918 3614
f 3619 3614 2920
f 2921 3670 3619
f 2920 3586 2240
f 3613 2915 2918
f 2917 3622 3641
f 2916 3641 3642
f 2239 3652 2913
f 2911 3652 2757
f 3643 2911 2910
f 2797 3662 3591
f 2797 3598 2750
f 3622 2763 2765
f 3608 2764 2745
f 2194 3648 2221
f 2221 3649 2222
f 2756 3609 2755
f 2750 3609 2747
f 3669 1817 3827
f 3763 1691 1699
f 2515 3590 2548
f 2548 3593 2550
f 2513 3632 3616
f 2513 3621 2515
f 2509 3620 2289
f 2510 3633 2509
f 2289 3639 2283
f 2283 3617 2286
f 2240 3587 2239
f 3659 3624 3626
f 716 3887 3888
f 727 3761 1923
f 2165 2170 2164
f 3660 3626 3629
f 3743 3578 3757
f 2175 769 770
f 2100 2095 2099
f 3758 3757 3578
f 640 3568 1826
f 1653 3553 1651
f 1895 3530 746
f 746 3537 741
f 1653 3528 3576
f 3762 1604 1672
f 2093 2073 2078
f 959 995 884
f 962 919 986
f 1400 1398 1399
f 1000 1127 1004
f 956 884 885
f 1662 3550 1661
f 2034 3546 1654
f 3926 3539 3802
f 3535 766 1817
f 3572 765 766
f 334 3571 335
f 1868 3540 1656
f 1684 1652 1678
f 1682 775 1807
f 1585 3762 1700
f 3763 1672 1673
f 2173 490 491
f 1658 3547 1752
f 3556 1650 724
f 1571 2010 1572
f 1587 3671 2080
f 2099 2077 2094
f 787 1999 786
f 2000 786 1999
f 3155 3697 3683
f 3713 3683 3789
f 2180 3685 3684
f 3496 3684 3705
f 1684 3840 1651
f 1760 3495 3545
f 2607 3693 2590
f 2581 3689 2607
f 2371 3700 3695
f 2371 3693 2372
f 2587 3675 2586
f 2586 3697 339
f 2497 3687 2503
f 2502 3687 3700
f 2494 3690 2495
f 3690 2472 2495
f 3688 2468 2472
f 3701 2469 2468
f 726 3892 630
f 581 3518 580
f 10 3570 334
f 1837 3510 1849
f 741 3523 1300
f 1299 3558 2034
f 1851 3504 1866
f 3527 1820 1819
f 580 3536 1895
f 1758 3522 3502
f 1693 3508 1806
f 3504 1867 1866
f 1894 3568 3499
f 2126 3813 3841
f 3906 3841 3912
f 2113 3867 2110
f 2179 3789 3685
f 624 3904 623
f 2192 3788 3780
f 2177 3787 3733
f 1364 3833 1338
f 3858 1470 1453
f 3135 3775 3744
f 2069 3835 2068
f 1351 3853 1352
f 2108 3901 499
f 2089 3736 3733
f 3828 1358 866
f 2001 3783 2187
f 2187 3719 2091
f 2130 3752 2004
f 2004 3749 2001
f 2014 3779 2201
f 2201 3756 2130
f 3167 3759 2969
f 3168 3720 3167
f 3159 3764 3160
f 3160 3765 3081
f 3730 3158 337
f 3158 3709 3159
f 2200 3730 3722
f 3685 3742 2204
f 3722 2197 2200
f 3790 2092 3721
f 3774 3721 2197
f 3154 3790 3774
f 3155 3706 3154
f 2091 3721 2092
f 2196 3750 3776
f 2193 3776 3781
f 3604 3781 3788
f 2086 3780 3778
f 2087 3778 3777
f 2204 3751 2205
f 2205 3750 3148
f 3909 574 692
f 2124 3777 3760
f 2208 3760 3782
f 3711 3140 3137
f 3785 3138 3140
f 3745 3139 3138
f 3771 3136 2322
f 3712 3137 3136
f 3775 3131 3133
f 3767 3132 3131
f 1813 3838 1814
f 1293 3856 1344
f 2184 3748 3732
f 2181 3732 3734
f 3765 3079 3081
f 3768 3080 3079
f 709 3875 2031
f 2774 3737 3769
f 3786 2134 3559
f 3809 766 765
f 2968 3766 2959
f 2969 3784 2968
f 2958 3737 2961
f 2132 3766 2960
f 2321 3771 3748
f 3860 1449 28
f 3905 582 710
f 3886 577 574
f 3847 1818 3827
f 705 3887 2121
f 3816 3907 698
f 2111 3911 2113
f 3810 1366 1411
f 1812 3822 1815
f 675 3852 674
f 3496 3851 675
f 2110 3868 2109
f 2104 3901 2106
f 2109 3899 944
f 3842 703 739
f 1680 3846 1684
f 1639 3819 3818
f 623 3906 697
f 2139 3866 3865
f 1808 3844 3837
f 3820 1819 1820
f 3872 3900 706
f 1646 3830 1648
f 3889 633 577
f 2139 3875 18
f 2156 3871 3874
f 674 3913 3869
f 2117 3812 2069
f 1815 3847 3823
f 3855 1444 1470
f 697 3912 3816
f 866 3836 3828
f 3864 2136 2135
f 3585 3726 3589
f 3583 3731 3585
f 3753 3738 3739
f 3740 3581 3743
f 1088 3746 1093
f 3739 3743 3753
f 2791 3493 2792
f 3492 2807 3493
f 2792 3494 2909
f 3493 2806 3494
f 3508 3494 3516
f 3516 2806 3539
f 2948 3791 3801
f 2105 3896 2104
f 3538 3804 2805
f 680 3876 683
f 1891 3910 3891
f 2905 3801 2950
f 2900 3799 2905
f 2901 3807 2877
f 2734 3806 3794
f 2877 3806 2878
f 2820 3794 2872
f 2818 3792 2827
f 2823 3792 2826
f 2822 3798 2821
f 2819 3800 3798
f 2817 3795 2816
f 2809 3795 2815
f 2808 3803 2807
f 2805 3803 2804
f 1702 3923 1599
f 3922 1797 1802
f 3915 1706 1709
f 3918 1692 1698
f 1657 3880 1879
f 1890 3895 3910
f 3772 1674 1675
f 1689 3772 3773
f 3926 3538 1688
f 3516 1689 3773
f 3917 1703 1764
f 1598 3928 1770
f 3880 1876 1879
f 1691 3925 3927
f 3925 1688 1687
f 1117 1118 3930
f 1066 1322 3930
f 1243 847 3930
f 3825 848 3930
f 1128 1117 3930
f 1129 1130 3930
f 841 1011 3930
f 1230 3863 3930
f 1242 1243 3930
f 1322 1229 3930
f 1064 1065 3930
f 1003 1128 3930
f 1229 1230 3930
f 3863 1285 3930
f 1285 1288 3930
f 848 839 3930
f 847 3825 3930
f 1118 1129 3930
f 1065 1066 3930
f 1087 1086 3930
f 1008 1002 3930
f 1011 1008 3930
f 1002 1003 3930
f 1076 1069 3930
f 838 841 3930
f 839 838 3930
f 1288 1242 3930
f 1130 1087 3930
f 1086 1076 3930
f 1069 1064 3930
f 2410 2414 3931
f 2411 2410 3931
f 3617 2285 3931
f 2394 2393 3931
f 2393 2396 3931
f 2281 2286 3931
f 2282 2280 3931
f 2398 2399 3931
f 2465 2464 3931
f 2396 2397 3931
f 2470 2469 3931
f 2399 2416 3931
f 2480 2395 3931
f 2459 2480 3931
f 2369 2282 3931
f 2460 2459 3931
f 2415 2411 3931
f 2416 2415 3931
f 2364 2363 3931
f 2286 3617 3931
f 2464 2470 3931
f 2469 3703 3931
f 2285 2465 3931
f 2414 2364 3931
f 2395 2394 3931
f 2363 2367 3931
f 2397 2398 3931
f 2280 2281 3931
f 3703 2460 3931
f 2367 2369 3931
f 3934 3937 3938
f 3934 3939 3935
f 3932 3937 3933
f 3938 3943 3939
f 3937 3940 3941
f 3937 3942 3938
f 3942 3947 3943
f 3941 3944 3945
f 3942 3945 3946
f 3947 3950 3951
f 3944 3949 3945
f 3945 3950 3946
f 3950 3955 3951
f 3949 3952 3953
f 3950 3953 3954
f 3955 3958 3959
f 3953 3956 3957
f 3953 3958 3954
f 3959 3962 3963
f 3957 3960 3961
f 3958 3961 3962
f 3962 3967 3963
f 3960 3965 3961
f 3961 3966 3962
f 3966 3971 3967
f 3965 3968 3969
f 3966 3969 3970
f 3970 3975 3971
f 3968 3973 3969
f 3969 3974 3970
f 3974 3979 3975
f 3973 3976 3977
f 3974 3977 3978
f 3979 3982 3983
f 3976 3981 3977
f 3977 3982 3978
f 3982 3987 3983
f 3981 3984 3985
f 3982 3985 3986
f 3987 3990 3991
f 3984 3989 3985
f 3985 3990 3986
f 3991 3994 3995
f 3989 3992 3993
f 3990 3993 3994
f 3995 3998 3999
f 3992 3997 3993
f 3993 3998 3994
f 3998 4003 3999
f 3997 4000 4001
f 3998 4001 4002
f 4002 4007 4003
f 4000 4005 4001
f 4001 4006 4002
f 4006 4011 4007
f 4005 4008 4009
f 4006 4009 4010
f 4011 4014 4015
f 4008 4013 4009
f 4009 4014 4010
f 4014 4019 4015
f 4013 4016 4017
f 4014 4017 4018
f 4019 4022 4023
f 4016 4021 4017
f 4017 4022 4018
f 4023 4026 4027
f 4021 4024 4025
f 4022 4025 4026
f 4027 4030 4031
f 4024 4029 4025
f 4025 4030 4026
f 4031 4034 4035
f 4029 4032 4033
f 4030 4033 4034
f 4034 4039 4035
f 4032 4037 4033
f 4033 4038 4034
f 4038 4043 4039
f 4037 4040 4041
f 4038 4041 4042
f 4043 4046 4047
f 4040 4045 4041
f 4041 4046 4042
f 4046 4051 4047
f 4045 4048 4049
f 4046 4049 4050
f 4051 4055 4056
f 4048 4054 4049
f 4049 4055 4050
f 4056 4059 4060
f 4053 4058 4054
f 4055 4058 4059
f 3932 4052 3936
f 3936 4052 3940
f 3940 4052 3944
f 3944 4052 3948
f 3948 4052 3952
f 3952 4052 3956
f 3956 4052 3960
f 3960 4052 3964
f 3964 4052 3968
f 3968 4052 3972
f 3972 4052 3976
f 3976 4052 3980
f 3980 4052 3984
f 3984 4052 3988
f 3988 4052 3992
f 3992 4052 3996
f 3996 4052 4000
f 4000 4052 4004
f 4004 4052 4008
f 4008 4052 4012
f 4012 4052 4016
f 4016 4052 4020
f 4020 4052 4024
f 4024 4052 4028
f 4028 4052 4032
f 4032 4052 4036
f 4036 4052 4040
f 4040 4052 4044
f 4044 4052 4048
f 4048 4052 4053
f 4053 4052 4057
f 4060 3934 3935
f 4058 3932 3933
f 4058 3934 4059
f 4057 4052 3932
f 4069 4081 4082
f 4066 4080 4067
f 4065 4077 4078
f 4063 4075 4076
f 4071 4085 4072
f 4069 4083 4070
f 4067 4081 4068
f 4066 4078 4079
f 4063 4077 4064
f 4061 4075 4062
f 4072 4086 4073
f 4071 4083 4084
f 4076 4090 4077
f 4074 4088 4075
f 4086 4098 4099
f 4083 4097 4084
f 4082 4094 4095
f 4079 4093 4080
f 4078 4090 4091
f 4076 4088 4089
f 4085 4097 4098
f 4082 4096 4083
f 4080 4094 4081
f 4079 4091 4092
f 4089 4103 4090
f 4088 4100 4101
f 4098 4112 4099
f 4096 4110 4097
f 4095 4107 4108
f 4092 4106 4093
f 4090 4104 4091
f 4089 4101 4102
f 4097 4111 4098
f 4095 4109 4096
f 4094 4106 4107
f 4092 4104 4105
f 4103 4115 4116
f 4100 4114 4101
f 4112 4124 4125
f 4110 4122 4123
f 4107 4121 4108
f 4105 4119 4106
f 4103 4117 4104
f 4101 4115 4102
f 4110 4124 4111
f 4109 4121 4122
f 4107 4119 4120
f 4105 4117 4118
f 4115 4129 4116
f 4114 4126 4127
f 4124 4138 4125
f 4123 4135 4136
f 4120 4134 4121
f 4119 4131 4132
f 4117 4129 4130
f 4114 4128 4115
f 4124 4136 4137
f 4122 4134 4135
f 4119 4133 4120
f 4117 4131 4118
f 4129 4141 4142
f 4126 4140 4127
f 4138 4150 4151
f 4136 4148 4149
f 4133 4147 4134
f 4131 4145 4132
f 4130 4142 4143
f 4127 4141 4128
f 4137 4149 4150
f 4135 4147 4148
f 4132 4146 4133
f 4131 4143 4144
f 4142 4154 4155
f 4140 4152 4153
f 4150 4164 4151
f 4149 4161 4162
f 4146 4160 4147
f 4144 4158 4145
f 4142 4156 4143
f 4140 4154 4141
f 4149 4163 4150
f 4148 4160 4161
f 4146 4158 4159
f 4144 4156 4157
f 4155 4167 4168
f 4153 4165 4166
f 4163 4177 4164
f 4161 4175 4162
f 4159 4173 4160
f 4158 4170 4171
f 4155 4169 4156
f 4153 4167 4154
f 4163 4175 4176
f 4161 4173 4174
f 4159 4171 4172
f 4156 4170 4157
f 4167 4181 4168
f 4165 4179 4166
f 4176 4190 4177
f 4175 4187 4188
f 4173 4185 4186
f 4170 4184 4171
f 4169 4181 4182
f 4167 4179 4180
f 4175 4189 4176
f 4173 4187 4174
f 4171 4185 4172
f 4170 4182 4183
f 4180 4194 4181
f 4178 4192 4179
f 4190 4202 4203
f 4187 4201 4188
f 4186 4198 4199
f 4183 4197 4184
f 4182 4194 4195
f 4180 4192 4193
f 4189 4201 4202
f 4186 4200 4187
f 4184 4198 4185
f 4183 4195 4196
f 4193 4207 4194
f 4192 4204 4205
f 4202 4216 4203
f 4200 4214 4201
f 4199 4211 4212
f 4196 4210 4197
f 4194 4208 4195
f 4193 4205 4206
f 4201 4215 4202
f 4199 4213 4200
f 4198 4210 4211
f 4196 4208 4209
f 4207 4219 4220
f 4204 4218 4205
f 4216 4228 4229
f 4213 4227 4214
f 4211 4225 4212
f 4209 4223 4210
f 4207 4221 4208
f 4205 4219 4206
f 4214 4228 4215
f 4213 4225 4226
f 4211 4223 4224
f 4209 4221 4222
f 4219 4233 4220
f 4218 4230 4231
f 4228 4242 4229
f 4226 4240 4227
f 4225 4237 4238
f 4223 4235 4236
f 4221 4233 4234
f 4218 4232 4219
f 4228 4240 4241
f 4226 4238 4239
f 4223 4237 4224
f 4221 4235 4222
f 4233 4245 4246
f 4230 4244 4231
f 4242 4254 4255
f 4240 4252 4253
f 4237 4251 4238
f 4235 4249 4236
f 4234 4246 4247
f 4231 4245 4232
f 4241 4253 4254
f 4239 4251 4252
f 4236 4250 4237
f 4235 4247 4248
f 4246 4258 4259
f 4244 4256 4257
f 4254 4268 4255
f 4253 4265 4266
f 4250 4264 4251
f 4248 4262 4249
f 4246 4260 4247
f 4244 4258 4245
f 4253 4267 4254
f 4252 4264 4265
f 4250 4262 4263
f 4248 4260 4261
f 4259 4271 4272
f 4257 4269 4270
f 4267 4281 4268
f 4265 4279 4266
f 4263 4277 4264
f 4262 4274 4275
f 4259 4273 4260
f 4257 4271 4258
f 4266 4280 4267
f 4265 4277 4278
f 4263 4275 4276
f 4260 4274 4261
f 4271 4285 4272
f 4269 4283 4270
f 4281 4293 4294
f 4279 4291 4292
f 4277 4289 4290
f 4274 4288 4275
f 4273 4285 4286
f 4271 4283 4284
f 4280 4292 4293
f 4277 4291 4278
f 4275 4289 4276
f 4274 4286 4287
f 4284 4298 4285
f 4282 4296 4283
f 4294 4306 4307
f 4291 4305 4292
f 4290 4302 4303
f 4287 4301 4288
f 4286 4298 4299
f 4284 4296 4297
f 4293 4305 4306
f 4290 4304 4291
f 4288 4302 4289
f 4287 4299 4300
f 4297 4311 4298
f 4296 4308 4309
f 4306 4320 4307
f 4304 4318 4305
f 4303 4315 4316
f 4300 4314 4301
f 4298 4312 4299
f 4297 4309 4310
f 4305 4319 4306
f 4304 4316 4317
f 4302 4314 4315
f 4300 4312 4313
f 4310 4324 4311
f 4308 4322 4309
f 4320 4332 4333
f 4318 4330 4331
f 4316 4328 4329
f 4313 4327 4314
f 4311 4325 4312
f 4310 4322 4323
f 4318 4332 4319
f 4316 4330 4317
f 4315 4327 4328
f 4312 4326 4313
f 4323 4337 4324
f 4322 4334 4335
f 4332 4346 4333
f 4330 4344 4331
f 4329 4341 4342
f 4327 4339 4340
f 4325 4337 4338
f 4322 4336 4323
f 4332 4344 4345
f 4330 4342 4343
f 4327 4341 4328
f 4325 4339 4326
f 4337 4350 4351
f 4334 4349 4335
f 4346 4359 4360
f 4344 4357 4358
f 4341 4356 4342
f 4340 4353 4354
f 4338 4351 4352
f 4335 4350 4336
f 4345 4358 4359
f 4343 4356 4357
f 4340 4355 4341
f 4338 4353 4339
f 4351 4363 4364
f 4349 4361 4362
f 4359 4373 4360
f 4358 4370 4371
f 4355 4369 4356
f 4354 4366 4367
f 4351 4365 4352
f 4349 4363 4350
f 4358 4372 4359
f 4357 4369 4370
f 4355 4367 4368
f 4352 4366 4353
f 4364 4376 4377
f 4362 4374 4375
f 4373 4385 4386
f 4370 4384 4371
f 4368 4382 4369
f 4367 4379 4380
f 4364 4378 4365
f 4362 4376 4363
f 4372 4384 4385
f 4370 4382 4383
f 4368 4380 4381
f 4365 4379 4366
f 4376 4390 4377
f 4374 4388 4375
f 4385 4399 4386
f 4384 4396 4397
f 4382 4394 4395
f 4379 4393 4380
f 4378 4390 4391
f 4376 4388 4389
f 4384 4398 4385
f 4382 4396 4383
f 4380 4394 4381
f 4379 4391 4392
f 4389 4403 4390
f 4387 4401 4388
f 4399 4411 4412
f 4396 4410 4397
f 4395 4407 4408
f 4393 4405 4406
f 4391 4403 4404
f 4389 4401 4402
f 4398 4410 4411
f 4395 4409 4396
f 4393 4407 4394
f 4391 4405 4392
f 4402 4416 4403
f 4401 4413 4414
f 4411 4425 4412
f 4409 4423 4410
f 4408 4420 4421
f 4406 4418 4419
f 4403 4417 4404
f 4402 4414 4415
f 4410 4424 4411
f 4408 4422 4409
f 4407 4419 4420
f 4404 4418 4405
f 4416 4428 4429
f 4413 4427 4414
f 4425 4437 4438
f 4423 4435 4436
f 4421 4433 4434
f 4418 4432 4419
f 4416 4430 4417
f 4415 4427 4428
f 4423 4437 4424
f 4421 4435 4422
f 4420 4432 4433
f 4418 4430 4431
f 4428 4442 4429
f 4426 4440 4427
f 4437 4451 4438
f 4435 4449 4436
f 4434 4446 4447
f 4432 4444 4445
f 4430 4442 4443
f 4427 4441 4428
f 4437 4449 4450
f 4435 4447 4448
f 4432 4446 4433
f 4430 4444 4431
f 4442 4454 4455
f 4439 4453 4440
f 4451 4463 4464
f 4449 4461 4462
f 4446 4460 4447
f 4444 4458 4445
f 4443 4455 4456
f 4440 4454 4441
f 4450 4462 4463
f 4447 4461 4448
f 4445 4459 4446
f 4444 4456 4457
f 4455 4467 4468
f 4453 4465 4466
f 4463 4477 4464
f 4462 4474 4475
f 4459 4473 4460
f 4457 4471 4458
f 4455 4469 4456
f 4453 4467 4454
f 4462 4476 4463
f 4461 4473 4474
f 4459 4471 4472
f 4457 4469 4470
f 4347 4073 4086
f 4347 4086 4099
f 4347 4099 4112
f 4347 4112 4125
f 4347 4125 4138
f 4347 4138 4151
f 4347 4151 4164
f 4347 4164 4177
f 4347 4177 4190
f 4347 4190 4203
f 4347 4203 4216
f 4347 4216 4229
f 4347 4229 4242
f 4347 4242 4255
f 4347 4255 4268
f 4347 4268 4281
f 4347 4281 4294
f 4347 4294 4307
f 4347 4307 4320
f 4347 4320 4333
f 4347 4333 4346
f 4347 4346 4360
f 4347 4360 4373
f 4347 4373 4386
f 4347 4386 4399
f 4347 4399 4412
f 4347 4412 4425
f 4347 4425 4438
f 4347 4438 4451
f 4347 4451 4464
f 4347 4464 4477
f 4468 4063 4064
f 4466 4061 4062
f 4477 4072 4073
f 4474 4071 4475
f 4472 4069 4473
f 4471 4066 4067
f 4468 4065 4469
f 4466 4063 4467
f 4347 4477 4073
f 4476 4071 4072
f 4474 4069 4070
f 4472 4067 4068
f 4469 4066 4470
f 3935 4465 4060
f 4465 4056 4060
f 4452 4051 4056
f 4439 4047 4051
f 4047 4413 4043
f 4043 4400 4039
f 4039 4387 4035
f 4387 4031 4035
f 4031 4361 4027
f 4361 4023 4027
f 4348 4019 4023
f 4334 4015 4019
f 4015 4308 4011
f 4011 4295 4007
f 4007 4282 4003
f 4282 3999 4003
f 3999 4256 3995
f 4256 3991 3995
f 4243 3987 3991
f 4230 3983 3987
f 3983 4204 3979
f 3979 4191 3975
f 3975 4178 3971
f 4178 3967 3971
f 3967 4152 3963
f 4152 3959 3963
f 4139 3955 3959
f 4126 3951 3955
f 3951 4100 3947
f 3947 4087 3943
f 3943 4074 3939
f 4074 3935 3939
f 4480 4483 4484
f 4480 4485 4481
f 4479 4482 4483
f 4484 4489 4485
f 4482 4487 4483
f 4483 4488 4484
f 4488 4493 4489
f 4487 4490 4491
f 4488 4491 4492
f 4493 4496 4497
f 4490 4495 4491
f 4491 4496 4492
f 4496 4501 4497
f 4495 4498 4499
f 4496 4499 4500
f 4501 4504 4505
f 4498 4503 4499
f 4499 4504 4500
f 4505 4508 4509
f 4503 4506 4507
f 4504 4507 4508
f 4509 4512 4513
f 4506 4511 4507
f 4507 4512 4508
f 4513 4516 4517
f 4511 4514 4515
f 4512 4515 4516
f 4516 4521 4517
f 4514 4519 4515
f 4515 4520 4516
f 4520 4525 4521
f 4518 4523 4519
f 4520 4523 4524
f 4525 4528 4529
f 4522 4527 4523
f 4523 4528 4524
f 4528 4533 4529
f 4527 4530 4531
f 4528 4531 4532
f 4533 4536 4537
f 4530 4535 4531
f 4531 4536 4532
f 4537 4540 4541
f 4534 4539 4535
f 4536 4539 4540
f 4541 4544 4545
f 4539 4542 4543
f 4539 4544 4540
f 4544 4549 4545
f 4542 4547 4543
f 4544 4547 4548
f 4548 4553 4549
f 4547 4550 4551
f 4547 4552 4548
f 4552 4557 4553
f 4551 4554 4555
f 4552 4555 4556
f 4557 4560 4561
f 4554 4559 4555
f 4555 4560 4556
f 4560 4565 4561
f 4559 4562 4563
f 4560 4563 4564
f 4565 4568 4569
f 4562 4567 4563
f 4563 4568 4564
f 4569 4572 4573
f 4567 4570 4571
f 4568 4571 4572
f 4572 4577 4573
f 4570 4575 4571
f 4571 4576 4572
f 4576 4581 4577
f 4575 4578 4579
f 4576 4579 4580
f 4580 4585 4581
f 4578 4583 4579
f 4579 4584 4580
f 4584 4589 4585
f 4583 4586 4587
f 4584 4587 4588
f 4589 4592 4593
f 4586 4591 4587
f 4587 4592 4588
f 4592 4597 4593
f 4591 4594 4595
f 4592 4595 4596
f 4597 4601 4602
f 4594 4600 4595
f 4595 4601 4596
f 4602 4605 4606
f 4600 4603 4604
f 4601 4604 4605
f 4478 4598 4482
f 4482 4598 4486
f 4486 4598 4490
f 4490 4598 4494
f 4494 4598 4498
f 4498 4598 4502
f 4502 4598 4506
f 4506 4598 4510
f 4510 4598 4514
f 4514 4598 4518
f 4518 4598 4522
f 4522 4598 4526
f 4526 4598 4530
f 4530 4598 4534
f 4534 4598 4538
f 4538 4598 4542
f 4542 4598 4546
f 4546 4598 4550
f 4550 4598 4554
f 4554 4598 4558
f 4558 4598 4562
f 4562 4598 4566
f 4566 4598 4570
f 4570 4598 4574
f 4574 4598 4578
f 4578 4598 4582
f 4582 4598 4586
f 4586 4598 4590
f 4590 4598 4594
f 4594 4598 4599
f 4599 4598 4603
f 4606 4480 4481
f 4603 4479 4604
f 4604 4480 4605
f 4603 4598 4478
f 4615 4627 4628
f 4612 4626 4613
f 4611 4623 4624
f 4609 4621 4622
f 4618 4630 4631
f 4615 4629 4616
f 4613 4627 4614
f 4612 4624 4625
f 4609 4623 4610
f 4607 4621 4608
f 4619 4631 4632
f 4617 4629 4630
f 4622 4636 4623
f 4620 4634 4621
f 4632 4644 4645
f 4629 4643 4630
f 4628 4640 4641
f 4626 4638 4639
f 4624 4636 4637
f 4622 4634 4635
f 4631 4643 4644
f 4628 4642 4629
f 4626 4640 4627
f 4624 4638 4625
f 4635 4649 4636
f 4634 4646 4647
f 4644 4658 4645
f 4642 4656 4643
f 4641 4653 4654
f 4639 4651 4652
f 4636 4650 4637
f 4635 4647 4648
f 4643 4657 4644
f 4642 4654 4655
f 4640 4652 4653
f 4637 4651 4638
f 4648 4662 4649
f 4646 4660 4647
f 4658 4670 4671
f 4656 4668 4669
f 4653 4667 4654
f 4651 4665 4652
f 4649 4663 4650
f 4648 4660 4661
f 4656 4670 4657
f 4654 4668 4655
f 4653 4665 4666
f 4651 4663 4664
f 4661 4675 4662
f 4660 4672 4673
f 4670 4684 4671
f 4668 4682 4669
f 4667 4679 4680
f 4665 4677 4678
f 4663 4675 4676
f 4661 4673 4674
f 4670 4682 4683
f 4667 4681 4668
f 4665 4679 4666
f 4663 4677 4664
f 4675 4687 4688
f 4672 4686 4673
f 4684 4696 4697
f 4682 4694 4695
f 4679 4693 4680
f 4678 4690 4691
f 4676 4688 4689
f 4673 4687 4674
f 4683 4695 4696
f 4681 4693 4694
f 4678 4692 4679
f 4676 4690 4677
f 4688 4700 4701
f 4686 4698 4699
f 4696 4710 4697
f 4695 4707 4708
f 4692 4706 4693
f 4691 4703 4704
f 4688 4702 4689
f 4686 4700 4687
f 4695 4709 4696
f 4694 4706 4707
f 4692 4704 4705
f 4689 4703 4690
f 4701 4713 4714
f 4699 4711 4712
f 4710 4722 4723
f 4707 4721 4708
f 4705 4719 4706
f 4704 4716 4717
f 4701 4715 4702
f 4699 4713 4700
f 4709 4721 4722
f 4707 4719 4720
f 4705 4717 4718
f 4702 4716 4703
f 4713 4727 4714
f 4711 4725 4712
f 4723 4735 4736
f 4721 4733 4734
f 4719 4731 4732
f 4716 4730 4717
f 4715 4727 4728
f 4713 4725 4726
f 4721 4735 4722
f 4719 4733 4720
f 4717 4731 4718
f 4716 4728 4729
f 4726 4740 4727
f 4724 4738 4725
f 4736 4748 4749
f 4733 4747 4734
f 4732 4744 4745
f 4730 4742 4743
f 4728 4740 4741
f 4726 4738 4739
f 4735 4747 4748
f 4732 4746 4733
f 4730 4744 4731
f 4728 4742 4729
f 4739 4753 4740
f 4738 4750 4751
f 4748 4762 4749
f 4746 4760 4747
f 4745 4757 4758
f 4743 4755 4756
f 4740 4754 4741
f 4739 4751 4752
f 4747 4761 4748
f 4745 4759 4746
f 4744 4756 4757
f 4741 4755 4742
f 4753 4765 4766
f 4750 4764 4751
f 4762 4774 4775
f 4759 4773 4760
f 4758 4770 4771
f 4755 4769 4756
f 4753 4767 4754
f 4752 4764 4765
f 4760 4774 4761
f 4758 4772 4759
f 4757 4769 4770
f 4755 4767 4768
f 4765 4779 4766
f 4764 4776 4777
f 4774 4788 4775
f 4772 4786 4773
f 4771 4783 4784
f 4769 4781 4782
f 4767 4779 4780
f 4765 4777 4778
f 4774 4786 4787
f 4771 4785 4772
f 4769 4783 4770
f 4767 4781 4768
f 4779 4791 4792
f 4776 4790 4777
f 4788 4800 4801
f 4786 4798 4799
f 4783 4797 4784
f 4782 4794 4795
f 4780 4792 4793
f 4777 4791 4778
f 4787 4799 4800
f 4785 4797 4798
f 4782 4796 4783
f 4780 4794 4781
f 4792 4804 4805
f 4790 4802 4803
f 4800 4814 4801
f 4799 4811 4812
f 4796 4810 4797
f 4795 4807 4808
f 4792 4806 4793
f 4790 4804 4791
f 4799 4813 4800
f 4798 4810 4811
f 4796 4808 4809
f 4793 4807 4794
f 4805 4817 4818
f 4803 4815 4816
f 4814 4826 4827
f 4811 4825 4812
f 4809 4823 4810
f 4808 4820 4821
f 4805 4819 4806
f 4803 4817 4804
f 4813 4825 4826
f 4811 4823 4824
f 4809 4821 4822
f 4806 4820 4807
f 4817 4831 4818
f 4815 4829 4816
f 4826 4840 4827
f 4825 4837 4838
f 4823 4835 4836
f 4820 4834 4821
f 4819 4831 4832
f 4817 4829 4830
f 4825 4839 4826
f 4823 4837 4824
f 4821 4835 4822
f 4820 4832 4833
f 4830 4844 4831
f 4828 4842 4829
f 4840 4852 4853
f 4837 4851 4838
f 4836 4848 4849
f 4834 4846 4847
f 4832 4844 4845
f 4830 4842 4843
f 4839 4851 4852
f 4836 4850 4837
f 4834 4848 4835
f 4832 4846 4833
f 4843 4857 4844
f 4842 4854 4855
f 4852 4866 4853
f 4850 4864 4851
f 4849 4861 4862
f 4847 4859 4860
f 4844 4858 4845
f 4843 4855 4856
f 4851 4865 4852
f 4849 4863 4850
f 4848 4860 4861
f 4845 4859 4846
f 4857 4869 4870
f 4855 4867 4868
f 4866 4878 4879
f 4864 4876 4877
f 4862 4874 4875
f 4859 4873 4860
f 4857 4871 4858
f 4856 4868 4869
f 4864 4878 4865
f 4862 4876 4863
f 4861 4873 4874
f 4859 4871 4872
f 4869 4883 4870
f 4868 4880 4881
f 4878 4892 4879
f 4877 4889 4890
f 4874 4888 4875
f 4873 4885 4886
f 4871 4883 4884
f 4868 4882 4869
f 4878 4890 4891
f 4876 4888 4889
f 4873 4887 4874
f 4871 4885 4872
f 4883 4896 4897
f 4880 4895 4881
f 4892 4905 4906
f 4890 4903 4904
f 4887 4902 4888
f 4885 4900 4886
f 4884 4897 4898
f 4881 4896 4882
f 4891 4904 4905
f 4889 4902 4903
f 4886 4901 4887
f 4885 4898 4899
f 4897 4909 4910
f 4895 4907 4908
f 4905 4919 4906
f 4904 4916 4917
f 4901 4915 4902
f 4899 4913 4900
f 4897 4911 4898
f 4895 4909 4896
f 4904 4918 4905
f 4903 4915 4916
f 4901 4913 4914
f 4899 4911 4912
f 4910 4922 4923
f 4908 4920 4921
f 4919 4931 4932
f 4916 4930 4917
f 4914 4928 4915
f 4913 4925 4926
f 4910 4924 4911
f 4908 4922 4909
f 4918 4930 4931
f 4916 4928 4929
f 4914 4926 4927
f 4911 4925 4912
f 4922 4936 4923
f 4920 4934 4921
f 4931 4945 4932
f 4930 4942 4943
f 4928 4940 4941
f 4925 4939 4926
f 4924 4936 4937
f 4922 4934 4935
f 4930 4944 4931
f 4928 4942 4929
f 4926 4940 4927
f 4925 4937 4938
f 4935 4949 4936
f 4933 4947 4934
f 4945 4957 4958
f 4942 4956 4943
f 4941 4953 4954
f 4938 4952 4939
f 4937 4949 4950
f 4935 4947 4948
f 4944 4956 4957
f 4941 4955 4942
f 4939 4953 4940
f 4938 4950 4951
f 4948 4962 4949
f 4947 4959 4960
f 4957 4971 4958
f 4955 4969 4956
f 4954 4966 4967
f 4951 4965 4952
f 4949 4963 4950
f 4948 4960 4961
f 4956 4970 4957
f 4954 4968 4955
f 4953 4965 4966
f 4951 4963 4964
f 4962 4974 4975
f 4959 4973 4960
f 4971 4983 4984
f 4968 4982 4969
f 4966 4980 4967
f 4964 4978 4965
f 4962 4976 4963
f 4960 4974 4961
f 4969 4983 4970
f 4967 4981 4968
f 4966 4978 4979
f 4964 4976 4977
f 4975 4987 4988
f 4973 4985 4986
f 4983 4997 4984
f 4981 4995 4982
f 4979 4993 4980
f 4978 4990 4991
f 4976 4988 4989
f 4973 4987 4974
f 4983 4995 4996
f 4981 4993 4994
f 4978 4992 4979
f 4976 4990 4977
f 4988 5000 5001
f 4985 4999 4986
f 4997 5009 5010
f 4995 5007 5008
f 4992 5006 4993
f 4991 5003 5004
f 4989 5001 5002
f 4986 5000 4987
f 4996 5008 5009
f 4994 5006 5007
f 4991 5005 4992
f 4989 5003 4990
f 5001 5013 5014
f 4999 5011 5012
f 5009 5023 5010
f 5008 5020 5021
f 5005 5019 5006
f 5004 5016 5017
f 5001 5015 5002
f 4999 5013 5000
f 5008 5022 5009
f 5007 5019 5020
f 5005 5017 5018
f 5002 5016 5003
f 4893 4619 4632
f 4893 4632 4645
f 4893 4645 4658
f 4893 4658 4671
f 4893 4671 4684
f 4893 4684 4697
f 4893 4697 4710
f 4893 4710 4723
f 4893 4723 4736
f 4893 4736 4749
f 4893 4749 4762
f 4893 4762 4775
f 4893 4775 4788
f 4893 4788 4801
f 4893 4801 4814
f 4893 4814 4827
f 4893 4827 4840
f 4893 4840 4853
f 4893 4853 4866
f 4893 4866 4879
f 4893 4879 4892
f 4893 4892 4906
f 4893 4906 4919
f 4893 4919 4932
f 4893 4932 4945
f 4893 4945 4958
f 4893 4958 4971
f 4893 4971 4984
f 4893 4984 4997
f 4893 4997 5010
f 4893 5010 5023
f 5014 4609 4610
f 5012 4607 4608
f 5022 4619 5023
f 5020 4617 5021
f 5018 4615 5019
f 5017 4612 4613
f 5014 4611 5015
f 5012 4609 5013
f 4893 5023 4619
f 5021 4618 5022
f 5020 4615 4616
f 5018 4613 4614
f 5015 4612 5016
f 4481 5011 4606
f 5011 4602 4606
f 4998 4597 4602
f 4985 4593 4597
f 4593 4959 4589
f 4589 4946 4585
f 4585 4933 4581
f 4933 4577 4581
f 4577 4907 4573
f 4907 4569 4573
f 4894 4565 4569
f 4880 4561 4565
f 4561 4854 4557
f 4557 4841 4553
f 4553 4828 4549
f 4828 4545 4549
f 4545 4802 4541
f 4802 4537 4541
f 4789 4533 4537
f 4776 4529 4533
f 4529 4750 4525
f 4525 4737 4521
f 4521 4724 4517
f 4724 4513 4517
f 4513 4698 4509
f 4698 4505 4509
f 4685 4501 4505
f 4672 4497 4501
f 4497 4646 4493
f 4493 4633 4489
f 4489 4620 4485
f 4620 4481 4485
f 4 3 2
f 8 7 6
f 13 16 15
f 17 28 19
f 32 31 30
f 36 35 34
f 37 40 39
f 21 22 23
f 25 26 27
f 41 44 43
f 48 47 46
f 52 51 50
f 53 56 55
f 60 59 58
f 29 30 62
f 66 65 64
f 67 5 6
f 72 71 70
f 76 75 74
f 77 80 79
f 81 84 83
f 59 87 86
f 88 91 90
f 96 95 94
f 100 99 98
f 101 104 103
f 106 105 34
f 108 116 115
f 117 119 36
f 124 127 126
f 131 130 129
f 132 102 134
f 142 141 140
f 148 106 60
f 144 143 127
f 149 152 151
f 156 155 154
f 159 150 158
f 116 108 164
f 171 170 169
f 174 126 173
f 179 182 181
f 186 189 188
f 194 197 196
f 199 142 139
f 206 209 208
f 213 212 211
f 202 215 214
f 96 93 216
f 92 238 43
f 97 184 246
f 250 249 229
f 252 254 58
f 258 257 256
f 260 91 229
f 110 111 112
f 114 264 263
f 265 268 267
f 56 53 270
f 274 273 249
f 185 183 63
f 280 279 278
f 285 284 283
f 288 219 211
f 141 142 92
f 289 290 175
f 148 116 105
f 312 311 170
f 238 262 42
f 318 163 160
f 310 309 308
f 241 239 325
f 160 230 240
f 47 48 307
f 108 109 315
f 345 85 86
f 348 351 350
f 356 359 358
f 355 354 353
f 363 31 32
f 364 252 253
f 366 125 368
f 183 372 371
f 163 162 161
f 209 226 101
f 378 377 165
f 379 295 381
f 383 382 3
f 284 285 386
f 387 127 389
f 391 259 229
f 73 281 397
f 405 408 407
f 203 218 411
f 414 121 413
f 1 356 357
f 277 276 131
f 254 344 57
f 358 384 415
f 417 416 386
f 401 400 192
f 419 389 127
f 421 181 182
f 103 301 302
f 428 367 368
f 380 390 359
f 62 204 266
f 140 141 431
f 357 358 351
f 356 1 379
f 415 392 403
f 437 428 436
f 438 441 440
f 188 451 450
f 265 455 181
f 224 185 64
f 237 212 213
f 275 131 128
f 281 282 460
f 50 462 79
f 73 74 282
f 468 467 466
f 390 355 352
f 482 485 484
f 489 488 487
f 493 496 495
f 472 471 470
f 502 501 500
f 220 221 222
f 512 419 143
f 518 517 511
f 513 239 230
f 205 30 31
f 189 370 451
f 163 318 532
f 533 224 225
f 446 448 447
f 335 541 540
f 544 512 546
f 329 519 291
f 199 534 262
f 385 386 416
f 532 190 191
f 363 117 118
f 578 581 580
f 573 572 571
f 561 563 562
f 241 260 259
f 590 593 592
f 545 546 595
f 503 154 155
f 606 625 624
f 478 481 480
f 646 649 648
f 590 591 689
f 564 565 651
f 728 246 184
f 714 724 716
f 692 574 575
f 541 335 581
f 346 68 248
f 161 231 230
f 128 129 94
f 698 705 704
f 574 577 576
f 290 289 401
f 630 631 725
f 733 736 735
f 755 466 496
f 759 480 481
f 757 763 762
f 764 496 466
f 768 767 3808
f 759 760 488
f 492 474 475
f 474 770 769
f 773 468 465
f 771 774 486
f 484 485 775
f 774 776 489
f 495 496 764
f 495 757 761
f 137 397 784
f 325 239 797
f 165 519 51
f 369 32 29
f 730 731 568
f 90 302 301
f 243 118 516
f 800 734 806
f 817 815 808
f 816 808 823
f 306 303 447
f 815 810 809
f 829 830 828
f 726 725 501
f 274 427 424
f 879 882 881
f 884 883 879
f 219 218 217
f 906 905 904
f 455 204 205
f 898 882 830
f 903 900 880
f 377 291 519
f 923 949 948
f 946 947 951
f 3519 740 739
f 900 899 886
f 225 64 65
f 182 445 442
f 809 952 947
f 954 960 962
f 927 950 965
f 885 879 880
f 925 927 966
f 343 342 341
f 965 964 971
f 968 971 970
f 972 968 969
f 963 961 981
f 336 337 338
f 992 993 827
f 810 815 996
f 1007 1001 1002
f 1012 826 827
f 1011 1009 1007
f 294 293 292
f 907 908 920
f 1017 579 1019
f 1020 1023 1022
f 1035 1024 1020
f 1061 1060 1047
f 1063 1061 1046
f 1044 1020 1021
f 1102 1094 1097
f 1116 1126 1118
f 1016 1015 1014
f 881 897 904
f 816 1116 1127
f 1094 948 949
f 514 342 167
f 146 145 81
f 1133 1135 1130
f 1102 1133 1126
f 822 1126 1116
f 1145 1143 1148
f 1076 1144 1151
f 1148 1143 1086
f 1109 1097 1114
f 1154 1153 1156
f 1153 925 967
f 3464 3497 463
f 1144 1147 1152
f 1156 967 1163
f 1164 1162 1169
f 1145 1171 1176
f 1114 1115 1154
f 1183 1155 1164
f 1184 1183 1177
f 1069 1151 1062
f 1023 1191 1194
f 1162 1163 1170
f 1195 1184 1185
f 1183 1196 1176
f 1201 1063 1152
f 1061 1063 1201
f 3825 847 843
f 1203 1202 1195
f 1202 1201 1184
f 1218 1060 1203
f 1060 1061 1202
f 1225 1218 1217
f 671 695 694
f 1219 1217 1024
f 1217 1203 1034
f 1226 1014 1015
f 1243 1242 1234
f 1231 1230 1229
f 847 1243 1233
f 843 1233 1244
f 1233 1234 1245
f 1923 3761 233
f 2100 2108 499
f 3914 3864 2135
f 61 62 323
f 210 211 217
f 1299 1310 1309
f 3863 1230 1231
f 1066 1047 1321
f 1322 1321 1228
f 1060 1218 1321
f 1325 1324 1323
f 1244 1245 1332
f 1290 1234 1242
f 1337 1330 1339
f 1330 1332 1340
f 1341 1332 1245
f 1342 1340 1332
f 1343 1342 1341
f 1344 1341 1294
f 3857 3856 1345
f 1347 1348 1342
f 3856 3854 1295
f 1349 1350 1348
f 3861 1349 1347
f 3853 1347 1343
f 906 898 829
f 905 906 1353
f 865 1356 1355
f 1355 1353 829
f 1357 1355 825
f 1356 1354 1353
f 3834 1337 1338
f 866 1358 1356
f 1358 1359 1354
f 3828 878 1337
f 838 1362 1012
f 1363 1364 1338
f 1368 1363 1339
f 1348 1368 1340
f 1371 1369 3824
f 524 525 526
f 528 529 530
f 1372 1370 1369
f 535 536 537
f 1367 1368 1348
f 1370 1354 1359
f 1369 1359 3833
f 1373 910 903
f 555 556 557
f 1374 909 910
f 1373 904 905
f 1374 1373 1375
f 1375 905 1354
f 1378 920 908
f 376 373 651
f 1388 928 973
f 586 587 588
f 1390 1389 1388
f 1391 1388 969
f 597 598 599
f 600 601 602
f 1392 1391 970
f 608 609 610
f 612 524 523
f 614 615 616
f 617 618 25
f 620 621 622
f 1397 1390 1391
f 1398 1397 1392
f 1400 987 920
f 1402 1403 1165
f 636 637 638
f 930 1404 1402
f 641 642 643
f 929 1402 1169
f 1404 1405 1403
f 1411 1366 1365
f 1412 1406 1415
f 652 653 654
f 609 656 657
f 659 660 661
f 558 663 586
f 665 666 667
f 1413 1411 1406
f 1418 1416 3810
f 1417 1372 1371
f 1416 1371 3829
f 1419 1417 1416
f 1386 909 1374
f 677 678 679
f 1385 1386 1420
f 1420 1374 1376
f 685 686 687
f 1421 1420 1422
f 528 690 691
f 1422 1376 1372
f 1018 1019 747
f 699 700 701
f 1424 578 579
f 3663 1597 1767
f 700 699 711
f 1093 3746 3754
f 717 718 530
f 721 722 723
f 704 1650 3543
f 19 1429 1426
f 1429 1428 1427
f 1658 1659 3542
f 1439 1437 1434
f 1437 1436 1435
f 1426 1427 1433
f 1442 1431 1432
f 742 743 744
f 1432 1433 1441
f 751 752 753
f 1438 1434 1403
f 1446 1445 1444
f 1447 1448 1446
f 3860 1447 1443
f 1415 1367 1445
f 1414 1415 1446
f 2173 1683 469
f 777 778 779
f 780 781 782
f 1676 1693 1806
f 3859 1451 1349
f 789 790 791
f 745 792 793
f 652 794 795
f 1455 1458 1457
f 1454 1367 1350
f 610 691 802
f 3831 3816 698
f 1352 1044 1045
f 1015 1016 1459
f 811 812 813
f 2118 3815 3817
f 819 820 821
f 1466 1463 1194
f 1467 1468 1465
f 1182 1165 1468
f 832 812 833
f 835 836 837
f 1467 1466 1190
f 1469 1470 1444
f 840 700 712
f 1453 1470 1469
f 599 844 845
f 1226 1450 3849
f 851 852 853
f 855 744 856
f 858 859 860
f 861 862 863
f 1014 1226 3855
f 867 676 868
f 870 871 872
f 874 875 876
f 1310 1323 1471
f 1476 1433 1427
f 1461 1476 1475
f 887 888 889
f 788 791 892
f 894 895 896
f 1460 1475 1227
f 901 902 524
f 1465 1478 1477
f 1865 3503 3500
f 911 912 913
f 916 917 918
f 1850 3505 3507
f 921 922 895
f 1479 1435 1436
f 926 664 667
f 1481 562 563
f 269 1483 84
f 931 932 933
f 934 935 614
f 936 685 688
f 938 659 662
f 1484 270 122
f 941 942 835
f 320 321 509
f 1849 3510 3505
f 84 1483 1484
f 1487 1490 1488
f 1757 1758 3502
f 365 1492 1491
f 461 79 80
f 117 363 362
f 1494 540 541
f 926 601 957
f 1477 1441 1433
f 1709 1588 1585
f 119 117 1496
f 271 1497 504
f 511 517 189
f 345 1496 1492
f 57 344 299
f 1501 1499 268
f 267 268 1499
f 974 975 976
f 1678 1652 1693
f 3846 1682 1807
f 557 982 663
f 983 941 984
f 1443 1444 3849
f 421 1500 268
f 989 990 991
f 1490 1487 418
f 279 280 309
f 997 868 676
f 998 26 999
f 1504 418 38
f 1506 1508 1507
f 360 361 1508
f 1506 1486 207
f 939 1005 1006
f 270 1484 1483
f 66 63 546
f 1010 742 793
f 367 428 437
f 244 31 363
f 1670 3532 3534
f 209 206 1510
f 388 389 426
f 427 274 250
f 161 520 521
f 100 246 45
f 1025 1026 608
f 1029 1030 1031
f 939 662 1033
f 41 42 594
f 1036 780 783
f 702 701 1038
f 1040 1041 1042
f 362 32 369
f 187 1520 477
f 70 1487 539
f 1049 600 603
f 613 867 869
f 860 1050 1051
f 1005 1052 1053
f 753 1055 1056
f 1057 1058 1059
f 293 288 1522
f 288 212 1521
f 292 1522 1523
f 331 1507 1508
f 306 452 453
f 100 44 41
f 462 1524 78
f 330 331 1524
f 635 1067 1068
f 1485 1527 1526
f 206 1485 1528
f 1070 1071 1072
f 942 941 1073
f 916 933 1075
f 440 1529 1530
f 157 158 1514
f 1529 162 5
f 371 595 546
f 790 586 663
f 1077 858 857
f 1403 1434 1435
f 1080 1081 1082
f 531 520 1529
f 21 1083 1084
f 272 1532 1531
f 690 712 802
f 335 3571 3567
f 1090 1030 1029
f 1092 795 794
f 1533 396 137
f 661 660 1095
f 69 444 445
f 1099 1100 1101
f 38 39 1536
f 1104 1105 1106
f 852 1107 1108
f 1377 908 909
f 291 377 411
f 316 1536 516
f 539 1488 1533
f 1505 1536 316
f 1110 1111 1112
f 1539 1537 460
f 522 441 1537
f 834 837 1120
f 1122 1123 1124
f 612 1125 1041
f 935 793 615
f 276 278 130
f 1686 3549 3522
f 193 190 1541
f 231 521 1540
f 556 1037 982
f 365 253 85
f 190 532 318
f 1810 765 3574
f 3924 1867 3512
f 1132 983 985
f 208 101 102
f 1134 1033 662
f 1491 518 80
f 429 133 1542
f 1137 1138 915
f 172 436 428
f 1139 1140 1141
f 549 96 54
f 1517 1519 1518
f 834 1119 984
f 1543 513 286
f 1544 797 239
f 133 134 1544
f 506 361 257
f 420 327 328
f 1158 1159 1160
f 587 1104 1103
f 607 1161 1027
f 304 1546 1545
f 364 1491 77
f 69 70 198
f 700 840 1112
f 3877 626 3525
f 1166 719 657
f 1167 1168 858
f 1300 3523 3524
f 1172 1173 1174
f 218 203 200
f 1179 1180 1181
f 372 183 97
f 89 104 227
f 1186 1187 1188
f 172 173 1517
f 1482 84 81
f 1090 1192 1193
f 394 395 353
f 526 525 1198
f 1199 1200 1026
f 606 623 697
f 1204 1205 1206
f 1207 1208 523
f 1209 1210 867
f 914 913 685
f 1478 1436 1441
f 1029 1028 1161
f 1211 1212 1213
f 3858 1453 1451
f 844 1215 1216
f 423 193 273
f 1220 1221 1222
f 22 1223 1224
f 882 898 897
f 1519 1517 173
f 1189 1188 1232
f 349 350 550
f 1071 1235 1236
f 1237 1238 1239
f 1221 1186 1189
f 1510 1528 1512
f 939 1032 1241
f 1556 1530 5
f 1553 1554 394
f 404 1556 67
f 1247 1248 1249
f 142 199 238
f 1251 1067 635
f 850 1252 1253
f 1254 1167 1077
f 57 132 133
f 443 430 552
f 1187 1172 1175
f 1256 1070 831
f 432 405 382
f 741 748 747
f 434 350 351
f 349 432 383
f 251 124 1481
f 395 384 352
f 1518 1519 1550
f 1558 410 378
f 109 263 314
f 285 1514 1513
f 395 394 393
f 202 203 410
f 417 408 405
f 1246 1257 1258
f 3 1559 297
f 1259 1260 1261
f 403 404 347
f 955 954 953
f 462 50 51
f 1096 1095 687
f 429 147 60
f 896 1264 1265
f 1267 721 1268
f 423 424 327
f 37 179 180
f 20 23 1187
f 1256 1168 1071
f 1188 1175 1269
f 1236 1270 1271
f 1272 536 535
f 565 564 463
f 1273 792 745
f 876 1254 1255
f 316 33 164
f 437 1516 503
f 194 1494 1495
f 1275 1276 864
f 624 625 631
f 1277 1274 1137
f 569 568 567
f 1481 124 125
f 324 325 547
f 1279 1108 1107
f 1525 332 329
f 1281 1278 1137
f 171 168 1553
f 1488 73 396
f 1557 1561 1562
f 1282 856 1206
f 1053 1277 1278
f 778 777 607
f 713 583 3566
f 251 225 144
f 4 357 348
f 709 708 707
f 728 48 45
f 261 135 1563
f 789 1286 1287
f 74 314 263
f 403 284 385
f 1178 1181 1240
f 1223 1259 1289
f 1220 20 1186
f 296 1518 354
f 784 459 1538
f 1181 1180 1291
f 1269 1292 1257
f 1566 1538 438
f 136 784 1566
f 1563 1564 169
f 107 114 109
f 1297 1282 1298
f 1464 1477 1476
f 1520 187 507
f 1301 1302 1303
f 1306 1307 1308
f 175 456 1532
f 1532 456 200
f 1311 1266 1312
f 872 1314 1315
f 3836 843 878
f 1305 1308 864
f 1040 1275 863
f 1564 1566 399
f 592 1576 1575
f 591 1575 1088
f 1581 1584 1583
f 1196 1152 1147
f 710 582 583
f 285 407 408
f 953 954 961
f 1594 1592 1589
f 1585 1588 1587
f 1592 1591 1590
f 3885 945 944
f 1600 1599 1598
f 1604 1603 1602
f 1399 1392 979
f 1589 1590 1596
f 1610 1609 1608
f 298 257 361
f 551 552 276
f 1627 1626 3814
f 859 811 818
f 1078 857 1328
f 1555 439 1530
f 572 573 680
f 772 465 776
f 977 1281 918
f 404 403 392
f 1054 1331 750
f 1644 1645 1643
f 932 1265 1082
f 1067 1333 1334
f 1540 1539 264
f 597 1335 643
f 471 761 762
f 1642 696 3831
f 1644 1642 3842
f 923 946 950
f 96 549 548
f 520 531 522
f 445 444 443
f 849 839 848
f 480 759 755
f 1646 760 481
f 311 426 1567
f 464 463 3497
f 3497 1360 1361
f 234 237 236
f 190 193 192
f 153 154 152
f 231 287 286
f 1552 1553 1551
f 760 1646 1648
f 3832 1647 1649
f 828 827 826
f 52 167 166
f 1663 1662 1661
f 287 107 115
f 668 671 670
f 634 645 640
f 553 560 559
f 118 36 33
f 492 484 491
f 3552 1652 1651
f 582 589 584
f 384 395 392
f 1381 1382 1383
f 1562 1561 435
f 952 953 951
f 3529 3566 583
f 1660 1661 1667
f 1394 1395 1396
f 1660 1665 1664
f 1671 1670 1669
f 1624 1625 1673
f 1407 1408 1409
f 1677 1676 1675
f 1613 1679 1677
f 1679 1678 1676
f 1626 1681 3811
f 534 199 198
f 803 733 734
f 400 248 191
f 65 66 143
f 3526 1657 1656
f 402 159 157
f 629 628 627
f 461 477 49
f 758 757 495
f 796 787 786
f 406 407 1513
f 342 343 166
f 1694 1659 1658
f 1692 1687 1694
f 3557 1693 1652
f 3921 1704 1703
f 326 547 302
f 3916 3921 1702
f 3919 3918 1698
f 1699 1691 3927
f 1557 406 1560
f 1127 1116 1117
f 400 401 289
f 1706 1702 1707
f 1707 1702 1599
f 1709 1706 1708
f 1714 1712 1711
f 3919 3915 1709
f 1704 1711 1577
f 1716 1714 1713
f 1559 1562 1549
f 1722 1721 1720
f 1335 597 596
f 410 411 377
f 973 1170 1163
f 168 169 399
f 1571 682 1089
f 1572 681 682
f 749 646 647
f 1730 1724 1723
f 1594 1582 1729
f 1729 1723 1591
f 1384 1378 1377
f 1732 1731 1712
f 1724 1730 1731
f 1722 1724 1732
f 1721 1722 1733
f 1734 1733 1716
f 1735 1737 1736
f 1733 1732 1714
f 1663 1664 1741
f 1742 1665 1740
f 1738 1739 1737
f 1665 1660 1666
f 1665 1742 1744
f 1725 1726 1746
f 1591 1725 1745
f 1590 1745 1747
f 1745 1746 1748
f 1659 1688 3538
f 3287 1760 3545
f 1185 1177 1182
f 1664 1744 1749
f 1741 1749 1739
f 1746 1742 1743
f 1726 1744 1742
f 1115 924 1153
f 1654 3546 3575
f 1896 3562 3549
f 1720 1749 1744
f 1721 1739 1749
f 1750 1718 1701
f 1697 1736 1750
f 1151 1152 1063
f 1751 1752 1670
f 1695 1658 1752
f 961 962 986
f 1770 1769 1768
f 1766 1594 1593
f 1731 1759 1579
f 1579 1777 1774
f 3928 1772 1771
f 1764 1772 3928
f 1777 1776 1775
f 3762 3763 1699
f 1004 1127 1128
f 1774 1775 1771
f 987 1400 1399
f 1578 1774 1772
f 1783 1782 1781
f 1597 1598 1770
f 639 1878 3895
f 3928 3929 1769
f 1793 1792 1789
f 3929 3920 1798
f 3508 3516 3773
f 1802 1867 3924
f 1788 1790 1794
f 1793 1794 1795
f 3773 3772 1675
f 1584 1581 1783
f 1771 1797 3920
f 1801 1799 1798
f 1768 1769 1798
f 1775 1796 1797
f 508 514 515
f 1796 1803 1802
f 1800 1798 3920
f 1794 1805 1804
f 3532 1670 1752
f 485 1808 1807
f 3809 3844 1640
f 3837 3844 1810
f 485 482 1640
f 1690 1691 3770
f 487 488 1648
f 3839 1813 1816
f 3838 1811 1648
f 3839 1812 1811
f 1812 1809 487
f 1641 1809 767
f 465 466 755
f 767 1815 3823
f 3822 1816 3826
f 1809 1812 1815
f 3837 1653 1651
f 675 672 3541
f 1814 1649 1822
f 1821 1822 3821
f 1824 1822 1649
f 1827 1849 1850
f 1668 1669 1662
f 1779 1780 1848
f 1790 1827 1805
f 1833 1836 1853
f 3521 3506 693
f 1614 1615 1616
f 1852 1853 3498
f 1620 1621 1622
f 1855 1765 1574
f 1847 1852 3501
f 1766 1765 1855
f 1629 1630 1631
f 1633 1622 1634
f 1635 1636 1637
f 1848 1833 1852
f 1855 1861 1863
f 1803 1866 1867
f 1862 1863 1831
f 1782 1855 1862
f 3922 3924 1865
f 1873 1872 1870
f 1874 1869 799
f 2045 3878 3897
f 1219 1345 1295
f 1615 1614 1396
f 3884 3895 1877
f 645 3898 3786
f 1345 1219 1035
f 634 639 3884
f 15 1887 1327
f 3910 3895 1878
f 1894 604 605
f 3506 3551 627
f 3560 640 645
f 340 341 454
f 1897 194 195
f 1889 1882 1877
f 1901 94 129
f 196 749 754
f 1705 1704 3921
f 340 378 166
f 1570 1480 563
f 1904 1494 194
f 1781 1862 1832
f 1905 549 55
f 1000 994 995
f 986 919 920
f 1191 1185 1190
f 2094 2077 2075
f 1920 1921 1919
f 453 454 1912
f 1915 1919 1918
f 3882 2112 2106
f 1655 3575 3531
f 1916 1918 1926
f 704 3554 3561
f 278 1916 1925
f 3565 3564 1818
f 1097 949 1115
f 1927 1928 727
f 3578 3579 3654
f 1920 310 307
f 1929 307 48
f 503 504 1497
f 1902 1903 787
f 1816 1821 3820
f 1925 1926 1923
f 1535 1569 1568
f 254 252 258
f 1509 1497 366
f 119 86 35
f 219 288 293
f 141 46 47
f 542 205 244
f 1940 552 430
f 1779 1828 1827
f 1701 1710 3915
f 1661 3550 3515
f 270 53 754
f 197 1947 749
f 1727 1728 1212
f 53 54 232
f 1465 1468 1479
f 1284 3862 3854
f 1951 446 412
f 168 398 1554
f 1486 1485 206
f 506 77 78
f 994 1001 1007
f 951 953 963
f 1013 3859 3861
f 3826 3820 1820
f 1498 1909 1954
f 299 298 543
f 1754 1755 1756
f 1681 469 1683
f 1696 1694 1695
f 13 14 738
f 473 476 475
f 482 1641 768
f 204 62 30
f 1761 1762 820
f 611 1763 1125
f 1501 1503 1908
f 1074 1073 711
f 1960 1944 82
f 120 1956 1960
f 35 86 87
f 1773 1199 1025
f 1965 1545 1569
f 494 761 471
f 1966 1967 1969
f 446 1951 1971
f 174 368 125
f 1580 1579 1578
f 1785 1786 1787
f 1972 1546 304
f 1254 876 875
f 1973 341 342
f 321 1912 1973
f 1910 277 275
f 509 1973 514
f 1486 1507 1527
f 1974 1874 804
f 1977 1976 1974
f 1980 448 1966
f 379 1 2
f 1718 1715 1710
f 884 995 992
f 1680 1684 1678
f 902 990 525
f 344 255 256
f 135 138 137
f 448 446 1967
f 589 605 604
f 910 909 908
f 1981 1966 1968
f 1982 1981 1987
f 1988 1979 1987
f 1990 1988 1989
f 1991 1989 1993
f 322 321 320
f 992 828 830
f 1144 1076 1086
f 1995 1977 1978
f 1133 1129 1118
f 1997 1995 1994
f 870 1823 1335
f 805 806 1982
f 727 184 2000
f 1996 1994 1988
f 1994 1978 1979
f 1829 616 792
f 1830 1073 941
f 798 803 800
f 729 732 731
f 2011 2012 2023
f 1834 1835 846
f 402 283 284
f 2022 2023 2024
f 1838 718 989
f 810 955 952
f 1823 1839 1840
f 1430 1426 1432
f 1215 844 1841
f 1316 1208 873
f 2112 1401 1384
f 1842 1843 1844
f 1159 846 845
f 837 27 1846
f 1971 1951 2030
f 517 369 370
f 1471 2026 2027
f 3551 3525 626
f 2174 2175 770
f 935 934 1854
f 1613 1619 1611
f 1231 1228 1225
f 1856 1857 891
f 1300 1309 748
f 1150 1149 1858
f 1643 606 696
f 1215 1265 1264
f 1320 1860 902
f 1956 1943 1944
f 2031 668 669
f 2034 1325 1310
f 1879 1880 1656
f 40 245 242
f 1992 1993 2039
f 888 958 957
f 1882 1889 1996
f 1078 1138 1255
f 1871 912 1192
f 294 411 218
f 1323 2041 2026
f 123 1960 83
f 1324 2036 2041
f 384 358 359
f 1324 1325 2038
f 1883 1884 1885
f 287 1540 114
f 1096 1886 1134
f 915 1329 931
f 806 1980 1981
f 3533 3529 584
f 1425 2030 2042
f 1018 2042 1948
f 3562 1896 740
f 1948 2042 649
f 1881 1882 1990
f 1900 129 130
f 992 995 994
f 923 927 925
f 3878 2045 2047
f 1643 2048 625
f 2050 2052 2051
f 2045 1405 1404
f 3876 2047 945
f 1139 1080 1079
f 1037 1856 892
f 2055 2053 2057
f 1198 989 718
f 1619 2058 1612
f 2058 1605 1606
f 2059 2060 1607
f 2058 1619 1624
f 71 72 179
f 405 406 1557
f 322 1548 1972
f 2061 2052 2063
f 2066 2065 2067
f 2052 2061 2064
f 1609 1610 2066
f 1515 151 152
f 1009 827 993
f 1644 3843 3815
f 279 1915 1916
f 1285 3863 3862
f 1647 2066 1825
f 2056 2057 2067
f 319 320 1953
f 667 666 1913
f 2070 631 625
f 2052 2050 2055
f 2038 1654 1655
f 1606 1601 2073
f 1235 1917 1270
f 2072 2073 2075
f 2059 1606 2072
f 2074 2075 2077
f 1601 1602 2078
f 2049 2048 1643
f 1000 1004 1001
f 1089 943 684
f 1931 1286 1306
f 1462 1459 1021
f 1932 1933 1934
f 875 874 1846
f 1936 1051 1937
f 44 45 46
f 1534 1955 1956
f 1541 318 317
f 2081 2082 2084
f 146 1945 1959
f 1360 1941 1942
f 985 984 1032
f 1995 1997 1892
f 2079 2080 2082
f 2095 2096 2076
f 2081 2093 2078
f 2055 2050 2054
f 501 2096 2095
f 2097 2100 2099
f 2098 2099 2094
f 2140 2141 3893
f 2141 2046 3894
f 2051 2070 2048
f 592 2102 2101
f 2071 2064 2076
f 2102 2097 2098
f 593 2103 2102
f 1019 1895 746
f 1950 11 12
f 725 2071 2096
f 1385 2105 2104
f 1379 2104 2106
f 2107 2108 2100
f 3908 726 502
f 3896 502 499
f 940 1389 2109
f 928 929 1170
f 3868 590 684
f 1962 1963 1964
f 3878 680 573
f 2039 1993 1968
f 1389 1390 2110
f 1398 2111 2113
f 3757 3755 3753
f 3911 3883 2107
f 949 923 924
f 260 241 324
f 1390 1397 2113
f 2070 2051 2064
f 3867 3911 2103
f 2105 1385 1421
f 2114 1421 1423
f 3892 2114 2115
f 3908 2105 2114
f 554 2116 1902
f 972 1163 967
f 1765 1593 1573
f 1984 1985 1986
f 2053 2117 2069
f 3573 3556 724
f 1625 1677 1674
f 3881 3888 2119
f 3903 2115 2123
f 56 1954 1906
f 626 3877 3879
f 2001 2002 2003
f 3912 3841 2127
f 2006 2007 2008
f 2127 1413 1412
f 2014 2015 2016
f 2018 2019 2020
f 1495 1424 1947
f 1379 1377 1386
f 3814 3811 1680
f 2029 1885 1884
f 3902 2128 2120
f 629 3879 3914
f 682 683 943
f 724 1650 2121
f 1757 1819 3821
f 765 1810 3844
f 3851 714 715
f 706 707 3870
f 981 986 987
f 1457 1868 1656
f 2017 2016 2032
f 1458 1655 1868
f 1776 1777 1792
f 1959 1945 1946
f 3663 3715 3725
f 3913 3881 2122
f 1093 1089 689
f 966 965 968
f 3852 715 3881
f 2172 3577 2170
f 670 2138 2137
f 3761 787 1903
f 1429 19 28
f 964 963 978
f 3841 3813 1413
f 1473 1474 669
f 3834 3833 1359
f 2138 798 1870
f 1872 1473 2137
f 715 716 3888
f 1881 1991 1992
f 3843 3842 739
f 1837 1847 3513
f 253 58 59
f 1808 3837 3840
f 1647 3832 3818
f 3865 3866 671
f 2112 3882 3883
f 1405 2045 2044
f 3829 3824 1364
f 273 1541 391
f 576 632 3520
f 3875 3865 668
f 1430 1431 2140
f 2136 3850 3860
f 1430 2139 18
f 3893 3894 570
f 1442 1439 2046
f 1431 1442 2141
f 3869 3913 3850
f 3808 3823 1817
f 3866 3893 695
f 2142 2025 798
f 571 2143 2142
f 3819 3814 1618
f 2143 2022 2025
f 694 2142 2138
f 681 1572 2144
f 2144 2011 2022
f 328 210 457
f 1572 2010 2011
f 630 3892 3903
f 2085 2086 2087
f 2090 2091 2092
f 572 2144 2143
f 1875 1976 2153
f 1873 1875 2149
f 2103 2107 2097
f 2157 2043 2155
f 2128 1412 1414
f 3874 3871 589
f 3872 3870 628
f 2149 2153 2158
f 2159 2158 3905
f 698 3907 3902
f 3823 3847 3827
f 2158 2156 3874
f 1438 2044 2046
f 2035 2154 2160
f 2161 2160 3889
f 3871 3891 605
f 3873 17 18
f 370 29 61
f 649 1951 413
f 2153 2157 2156
f 1428 1429 1449
f 1490 76 73
f 3890 3905 710
f 2155 1891 3891
f 1456 1457 1880
f 2125 2088 2087
f 2160 2159 3890
f 300 1959 505
f 1064 1062 1046
f 2043 1892 1891
f 2129 2130 2004
f 2131 2132 2133
f 3848 3849 1450
f 1998 1975 804
f 3879 673 3864
f 474 492 490
f 1164 1165 1182
f 707 2162 3909
f 708 1472 2162
f 2162 2161 3886
f 548 549 1905
f 1145 1136 1114
f 705 2121 1650
f 2043 2157 1977
f 737 738 554
f 1034 1195 1191
f 458 1905 1907
f 195 196 232
f 2040 2039 1969
f 2145 2146 2147
f 2054 2050 2049
f 3832 1646 1639
f 9 12 11
f 252 364 506
f 472 478 479
f 1865 3924 3791
f 900 903 910
f 1941 2150 2151
f 1921 1928 1927
f 2163 1897 1898
f 271 156 153
f 1904 1326 12
f 282 263 264
f 1872 1873 2154
f 1326 1904 1897
f 628 692 693
f 1724 1722 1719
f 1549 1562 436
f 1582 1583 1730
f 1921 1920 1929
f 3563 3511 10
f 2152 2037 1950
f 475 772 774
f 769 2172 2171
f 2171 2165 476
f 476 773 772
f 1791 565 464
f 2166 2167 2168
f 595 371 372
f 483 1809 1641
f 762 2174 2173
f 771 483 484
f 486 487 1809
f 297 1549 1517
f 763 2175 2174
f 776 755 759
f 184 185 2176
f 412 447 303
f 2005 2176 185
f 3811 1681 1682
f 2164 2170 756
f 1472 2035 2161
f 950 951 964
f 2177 2178 2179
f 227 226 1510
f 2182 2183 2184
f 2186 2019 2018
f 1985 2182 2181
f 214 736 729
f 865 849 842
f 849 865 1357
f 559 3187 3188
f 16 13 737
f 560 553 498
f 3193 3196 3195
f 3200 3197 3198
f 3211 3214 3213
f 3215 3218 3217
f 2187 2188 2002
f 2169 2168 2189
f 2192 2086 2085
f 2193 2194 2195
f 2198 2199 2200
f 1998 1982 1979
f 3664 3665 3668
f 2116 1898 1903
f 1859 2006 2009
f 3904 2123 2126
f 1135 1148 1087
f 2201 2202 2015
f 1149 111 110
f 3221 3222 3218
f 2203 2204 2205
f 579 580 1895
f 1755 2207 2208
f 3891 3910 1893
f 1211 2151 2150
f 868 997 2210
f 944 945 930
f 2130 2129 2202
f 233 1903 1898
f 665 751 750
f 1167 1254 999
f 2211 2212 2213
f 2215 2216 2217
f 3867 593 590
f 2220 221 220
f 823 824 948
f 3225 3220 3227
f 266 204 455
f 3882 2108 2107
f 2221 2222 3519
f 2223 2224 2225
f 2207 2125 2124
f 673 674 3869
f 817 1000 996
f 2227 2228 2146
f 1947 1948 646
f 3900 2135 17
f 2229 1635 1638
f 1679 1613 1618
f 1637 2231 2232
f 2233 2234 1617
f 2231 2235 2236
f 1381 1638 2238
f 3586 2241 2242
f 1630 2234 2233
f 1681 1626 472
f 1408 1407 2243
f 3236 3239 3238
f 3232 3241 3240
f 1637 2230 2238
f 3237 3238 3233
f 1409 1408 1634
f 1380 1383 2247
f 1628 2248 2245
f 2249 1623 1622
f 1632 1634 1408
f 2248 1628 1631
f 2235 2231 1637
f 3245 3246 3199
f 631 2070 2071
f 515 167 52
f 782 781 2251
f 2253 2254 2255
f 397 281 459
f 1456 2039 2040
f 2040 2041 2036
f 1401 2112 2111
f 2041 2040 1970
f 1535 121 414
f 1586 1587 2080
f 2256 983 1132
f 1700 1699 3918
f 3815 1896 1686
f 1263 2256 1886
f 598 1841 844
f 2257 2258 2259
f 2258 2261 2262
f 2259 2262 2263
f 2260 2259 2216
f 1967 1971 1970
f 2212 1964 1963
f 922 921 2218
f 1312 1098 1101
f 1307 1306 1286
f 1548 1569 1546
f 2266 2267 2268
f 2265 2268 2270
f 2272 2265 2269
f 2273 2266 2265
f 2275 2276 2277
f 2278 2274 2277
f 2284 2285 3617
f 2287 2283 2286
f 2288 2289 2283
f 2290 2284 3639
f 2291 2292 2293
f 2295 2291 2294
f 2296 2297 2291
f 2297 2298 2292
f 2294 2293 2299
f 2279 2294 2300
f 2298 2301 2302
f 2292 2302 2303
f 2293 2303 2304
f 2304 2305 2306
f 2308 2309 2310
f 2302 2307 2310
f 2301 2311 2307
f 2312 2308 2307
f 2313 2314 2315
f 2318 2319 2320
f 3748 3771 2322
f 2324 2325 2273
f 2313 2324 2326
f 2328 2324 2313
f 2329 2325 2324
f 2331 2332 2333
f 2330 2333 2267
f 2325 2330 2266
f 2329 2331 2330
f 2333 2334 2335
f 2336 2334 2333
f 2338 2336 2332
f 2331 2339 2337
f 2329 2340 2339
f 2328 2341 2340
f 2316 2342 2341
f 2342 2316 2315
f 2344 2345 2346
f 2341 2344 2347
f 2342 2348 2344
f 2348 2349 2345
f 2350 2351 2352
f 2339 2350 2353
f 2340 2347 2350
f 2347 2346 2351
f 2337 2353 2354
f 2353 2352 2355
f 2356 2277 2276
f 2356 2357 2358
f 2356 2359 2296
f 2279 2277 2356
f 2360 2361 2270
f 2267 2335 2360
f 2362 2363 2364
f 2362 2365 2361
f 2366 2362 2358
f 2366 2367 2363
f 2357 2276 2368
f 2366 2368 2369
f 2276 2275 2370
f 2368 2370 2282
f 2372 2373 2374
f 2375 2376 2377
f 2378 2379 2380
f 2382 2378 2381
f 2384 2385 2378
f 2385 2386 2379
f 2388 2389 2390
f 2387 2390 2392
f 2393 2394 2387
f 2394 2395 2388
f 2186 2401 2402
f 2403 2404 2327
f 2272 2403 2326
f 2271 2405 2403
f 2405 2406 2404
f 2404 2407 2408
f 2409 2410 2411
f 2409 2412 2271
f 2413 2409 2269
f 2413 2414 2410
f 2417 2415 2416
f 2417 2418 2406
f 2412 2417 2405
f 2411 2415 2417
f 2406 2419 2407
f 3569 3520 632
f 2420 2398 2397
f 2420 2421 2423
f 2424 2420 2422
f 2424 2399 2398
f 2425 2391 2392
f 2421 2425 2426
f 2397 2396 2425
f 2396 2393 2391
f 2427 2314 2408
f 2430 2427 2428
f 2343 2315 2427
f 2432 2343 2430
f 2431 2430 2429
f 2435 2431 2433
f 2436 2432 2431
f 2428 2408 2407
f 2422 2437 2407
f 2438 2437 2422
f 2429 2428 2437
f 2440 2434 2433
f 2441 2439 2433
f 2442 2443 2439
f 2443 2444 2440
f 2445 2446 2444
f 2447 2445 2443
f 2383 2381 2445
f 2381 2380 2446
f 2448 2438 2423
f 2449 2448 2426
f 2441 2448 2449
f 2441 2429 2438
f 2449 2392 2390
f 2450 2390 2389
f 2447 2450 2451
f 2442 2449 2450
f 2451 2389 2453
f 2452 2453 2455
f 2382 2452 2454
f 2383 2451 2452
f 2456 2457 2373
f 2459 2460 2461
f 2463 2464 2465
f 2462 2465 2285
f 2466 2462 2284
f 2467 2463 2462
f 2461 2460 3703
f 2468 2469 2470
f 2472 2468 2471
f 2474 2461 3701
f 2475 2476 2477
f 2458 2455 2453
f 2479 2453 2389
f 2395 2480 2479
f 2480 2459 2458
f 2481 2482 2483
f 2484 113 2485
f 2471 2470 2464
f 2473 2471 2463
f 2487 2467 2466
f 2486 2466 2290
f 2490 2486 2488
f 2491 2487 2486
f 2492 2473 2467
f 2493 2492 2487
f 2494 2495 2492
f 2495 2472 2473
f 3690 2496 2474
f 3691 2497 2496
f 2498 2494 2493
f 2500 2498 2499
f 3700 3687 2498
f 3687 3691 2494
f 2306 2504 2278
f 2305 2505 2504
f 2504 2505 2507
f 2506 2507 2288
f 2274 2506 2508
f 2278 2504 2506
f 3633 3632 2489
f 3620 3633 2488
f 2507 2509 2289
f 2505 2510 2509
f 2508 2288 2287
f 2511 2287 2281
f 2370 2511 2280
f 2275 2508 2511
f 2512 2490 2489
f 2514 2512 2513
f 2517 2512 2514
f 2517 2491 2490
f 2499 2493 2491
f 2499 2517 2516
f 2510 2505 2519
f 2518 2519 2521
f 3616 2518 2520
f 3632 2510 2518
f 2522 2304 2303
f 2523 2522 2310
f 2305 2304 2522
f 2524 2522 2523
f 2519 2524 2525
f 2505 2305 2524
f 2308 2312 2527
f 2526 2527 2529
f 2531 2526 2528
f 2309 2308 2526
f 1214 2532 2151
f 2419 2406 2418
f 2533 2345 2349
f 2534 2533 2317
f 2535 2536 2533
f 2536 2346 2345
f 2537 2351 2346
f 2538 2537 2536
f 2539 2540 2537
f 2540 2352 2351
f 2312 2355 2541
f 2527 2541 2542
f 2543 2435 2434
f 2545 2543 2544
f 2319 2318 2543
f 2318 2436 2435
f 2514 2515 2548
f 2547 2548 2550
f 2552 2547 2549
f 2552 2516 2514
f 2520 2521 2554
f 2553 2554 2556
f 3590 2553 2555
f 3621 2520 2553
f 2523 2309 2531
f 2557 2531 2530
f 2525 2523 2557
f 2559 2557 2558
f 2554 2559 2560
f 2521 2525 2559
f 2561 2375 2007
f 2376 2562 2225
f 2564 2565 2566
f 2563 2566 338
f 2569 2563 2567
f 2570 2564 2563
f 2572 2573 2574
f 2571 2574 2576
f 2544 2571 2575
f 2544 2434 2572
f 2578 2570 2569
f 2579 2577 2569
f 2574 2577 2579
f 2573 2578 2577
f 2581 2582 2583
f 2584 2580 2583
f 3697 3675 2580
f 3676 2581 2580
f 2582 2516 2552
f 2583 2552 2551
f 2500 2501 2589
f 2590 2588 2589
f 3693 3695 2588
f 3695 3700 2500
f 2501 2516 2591
f 2592 2593 2594
f 2386 2385 2503
f 2596 2379 2386
f 2596 2374 2373
f 2599 2596 2597
f 2599 2380 2379
f 2600 2446 2380
f 2600 2599 2598
f 2603 2600 2601
f 2603 2444 2446
f 2604 2603 2602
f 2440 2604 2605
f 2444 2603 2604
f 2606 2582 2581
f 2606 2607 2590
f 2591 2516 2582
f 3676 2587 2456
f 3689 2456 2372
f 2478 2477 2608
f 2609 2610 2611
f 2564 2570 2613
f 2612 2613 2598
f 2457 2612 2597
f 2565 2564 2612
f 2614 2613 2570
f 2615 2614 2578
f 2602 2601 2614
f 2601 2598 2613
f 2572 2434 2605
f 2616 2605 2602
f 2573 2572 2616
f 1459 1016 1045
f 1265 1215 1079
f 1612 1608 1609
f 2067 2057 2069
f 1135 1109 1136
f 1938 1937 2618
f 95 548 458
f 2058 1607 1608
f 1454 1469 1445
f 655 2620 1048
f 722 1049 2621
f 1131 985 1033
f 562 1481 366
f 1723 1719 1725
f 1786 1123 1122
f 267 300 323
f 1325 2034 1654
f 1468 1165 1435
f 658 657 529
f 8 532 247
f 382 1557 1559
f 788 619 1307
f 940 930 929
f 911 2622 2623
f 2621 2620 655
f 2624 1857 2625
f 998 1846 27
f 635 638 2626
f 2627 641 644
f 2628 2627 1840
f 1200 1199 2627
f 1199 1773 641
f 1520 515 49
f 1452 1350 1349
f 2630 2631 1859
f 644 643 1335
f 1197 1198 717
f 2632 717 719
f 2628 2632 1166
f 2629 1197 2632
f 1762 2633 1050
f 1823 870 873
f 2634 2635 794
f 1042 794 2635
f 93 94 1901
f 2036 2038 1458
f 1527 332 1525
f 877 876 1274
f 134 409 797
f 1328 893 931
f 607 777 1091
f 1043 2635 2637
f 2636 2637 2639
f 1275 2636 2638
f 1275 1040 1043
f 1272 2624 2626
f 2640 2626 638
f 1110 2641 2640
f 536 1272 2640
f 1472 708 1474
f 2042 2030 1951
f 1058 1106 1105
f 2642 2623 2643
f 1192 2642 2644
f 912 2623 2642
f 3898 1657 3526
f 1049 1048 2620
f 616 1829 1885
f 1331 1913 666
f 990 989 1198
f 1911 1912 321
f 1298 1282 1205
f 76 1490 1504
f 1502 1500 421
f 610 609 658
f 1146 937 659
f 2646 911 914
f 1280 1239 1238
f 1453 1454 1452
f 835 942 1843
f 1271 1270 1173
f 1893 1878 1826
f 1050 2633 1937
f 2651 2652 814
f 1006 1053 1281
f 2653 1084 2654
f 1001 1004 1003
f 585 997 679
f 2624 1272 621
f 555 678 2028
f 1207 526 1197
f 1626 1627 478
f 426 389 419
f 1030 1193 1773
f 3898 645 634
f 534 1533 138
f 1125 1092 1042
f 333 228 88
f 569 1570 561
f 1489 2656 871
f 1857 2624 620
f 1673 1674 3770
f 622 861 864
f 619 788 891
f 261 544 545
f 393 1555 1556
f 2658 2659 2647
f 1075 2658 2657
f 1081 1080 2658
f 1080 1139 2659
f 2644 2643 1141
f 2660 1141 1140
f 642 2660 1336
f 1193 2644 2660
f 679 678 555
f 1503 1501 1500
f 1318 1317 1101
f 2661 2659 1139
f 2661 1142 2663
f 2662 2647 2659
f 2662 2663 2622
f 2664 2622 911
f 2648 2664 2646
f 2648 2647 2662
f 2083 2094 2093
f 1442 1440 1437
f 519 329 330
f 1885 2029 1209
f 799 800 805
f 1946 1943 1952
f 1302 1301 1253
f 566 2005 224
f 1389 940 928
f 683 682 681
f 836 835 1842
f 2665 1842 1845
f 2666 2665 1303
f 24 836 2665
f 831 1072 2650
f 1845 1844 1304
f 2010 2013 2012
f 1051 1936 2667
f 1522 1521 1511
f 531 440 441
f 1250 635 2625
f 2669 2625 1857
f 783 2669 1856
f 782 1250 2669
f 720 2670 2671
f 1055 1931 1930
f 1333 1067 1251
f 619 622 1308
f 652 655 2619
f 521 522 1539
f 1838 988 537
f 2672 537 536
f 1113 2672 2641
f 1113 527 1838
f 1016 1013 1351
f 3897 573 570
f 226 227 104
f 3564 3669 3827
f 1036 1037 1884
f 2674 1301 1304
f 2673 1304 1844
f 1334 2673 2675
f 1333 2674 2673
f 2676 702 1039
f 1843 2676 2675
f 942 1074 2676
f 1074 699 702
f 752 1057 1055
f 1200 1166 656
f 1120 1846 874
f 2677 874 877
f 1241 2677 1052
f 1119 1120 2677
f 1560 1513 151
f 1208 1316 611
f 215 735 736
f 1460 1459 1462
f 1208 1207 1839
f 854 856 1282
f 72 445 182
f 544 1563 1565
f 217 200 456
f 2047 1404 930
f 1204 2618 1937
f 913 777 686
f 840 527 1113
f 1531 729 730
f 2678 778 1283
f 601 667 1914
f 1537 1538 459
f 1819 1757 3509
f 991 1860 862
f 2679 711 1073
f 2680 1830 983
f 779 2680 2256
f 778 2678 2680
f 2678 2679 1830
f 180 542 245
f 1886 1132 1131
f 1138 1137 1274
f 1841 598 1140
f 75 313 314
f 193 423 420
f 2681 2682 1099
f 170 1567 1565
f 349 416 417
f 1121 1124 2684
f 547 797 409
f 123 122 121
f 2643 2663 1142
f 1542 1544 513
f 899 900 907
f 1210 677 676
f 791 663 982
f 24 27 837
f 893 896 932
f 1860 1320 863
f 535 538 862
f 1569 1548 1547
f 181 455 542
f 660 659 937
f 2013 567 568
f 887 890 2631
f 1524 1508 361
f 520 161 162
f 2653 855 854
f 1238 1237 2655
f 718 1838 527
f 1492 1493 518
f 792 616 615
f 599 846 1835
f 290 457 456
f 312 171 1552
f 1248 2687 1179
f 153 149 177
f 1240 1181 1222
f 1257 1292 1235
f 1291 1084 1083
f 1052 877 1277
f 743 742 2618
f 444 140 430
f 23 1224 1172
f 2687 2654 1180
f 102 103 409
f 1283 607 610
f 373 497 650
f 1180 2654 1084
f 855 2653 2655
f 1173 1270 1917
f 2689 850 853
f 2688 853 1108
f 2686 2688 1279
f 2687 2689 2688
f 2691 1302 1252
f 2690 1252 850
f 1248 2690 2689
f 1248 1247 2691
f 2692 617 24
f 2691 2692 2666
f 1247 1258 2692
f 1258 1168 617
f 394 1554 1555
f 2693 1260 1259
f 1072 1236 1262
f 1257 1071 1168
f 398 439 1555
f 871 1784 1314
f 1178 1232 1249
f 1224 1289 1173
f 1010 2617 2618
f 1175 1174 1292
f 2654 2687 2686
f 2694 1157 1216
f 71 418 1487
f 701 1112 1111
f 1072 1261 2649
f 1085 2695 22
f 895 2694 1264
f 1601 1606 1605
f 1259 1262 1271
f 21 20 1220
f 988 991 538
f 598 597 1336
f 1050 860 818
f 1298 2645 1761
f 1168 1167 618
f 858 1168 1256
f 39 242 516
f 2652 1761 819
f 313 316 315
f 2026 1970 1971
f 2656 1489 596
f 814 819 818
f 2696 2651 813
f 1260 2696 2649
f 2693 2697 2696
f 2697 1296 2651
f 381 355 390
f 3818 3819 1611
f 1475 1427 1428
f 1292 1174 1917
f 1551 353 354
f 1526 1525 1523
f 1593 1589 1595
f 1232 1269 1246
f 2695 2693 1223
f 2698 1297 1296
f 2698 2697 2693
f 2685 2698 2695
f 2685 854 1297
f 562 1497 271
f 2652 2651 1296
f 1365 1366 1364
f 1958 1946 1953
f 585 588 2210
f 1561 1560 1515
f 975 2648 1146
f 347 67 68
f 1038 1111 636
f 2700 781 780
f 2699 780 1036
f 2701 2699 1883
f 851 2700 2699
f 2674 1333 2251
f 2702 2251 781
f 1253 2702 2700
f 1301 2674 2702
f 1519 387 388
f 1273 1239 1280
f 2703 1280 1107
f 2701 2703 852
f 1829 1273 2703
f 91 260 326
f 1784 871 2656
f 2683 2684 2705
f 604 1894 3499
f 1669 3534 3548
f 2062 2063 2060
f 621 535 861
f 2023 731 732
f 686 779 1263
f 857 1051 2668
f 883 830 882
f 637 636 1111
f 2668 894 893
f 2667 921 894
f 1039 1038 1068
f 313 75 1504
f 1911 1972 305
f 1936 2706 1964
f 2707 2402 2401
f 2708 2707 2183
f 738 2163 2116
f 2349 2348 2432
f 2711 2712 2020
f 2400 2711 2019
f 2714 2715 2716
f 2717 2718 2719
f 2721 2722 2723
f 2726 2727 2728
f 2725 2728 2730
f 2731 2725 2729
f 2732 2726 2725
f 2734 2735 2736
f 2738 2739 2740
f 2737 2740 2741
f 2744 2745 2746
f 2745 2744 2748
f 2749 2750 2747
f 2753 2749 2751
f 2250 1380 2246
f 2754 1396 1614
f 3598 2754 2755
f 3608 2745 2747
f 1617 2756 2755
f 2242 2758 1620
f 2191 2085 2760
f 2761 2759 2760
f 3648 2759 2761
f 3623 2191 2759
f 3209 3248 3223
f 1395 1394 2236
f 1395 2235 1636
f 1616 1635 2229
f 1617 2234 2763
f 2756 2763 3628
f 2765 2763 2234
f 2766 2764 3628
f 3202 3199 3246
f 1516 437 435
f 2768 2769 3552
f 1495 541 578
f 2135 2136 28
f 3526 3540 2773
f 1690 1689 3926
f 2778 2779 2780
f 2777 2780 2781
f 2784 2778 2777
f 3555 3521 575
f 1494 1904 9
f 3529 2016 2015
f 451 61 505
f 2786 2787 2788
f 2779 2786 2785
f 2789 2752 2741
f 2790 2753 2752
f 2792 2793 2794
f 2793 2795 2796
f 2796 2797 2750
f 2794 2796 2749
f 2798 1393 1396
f 3591 2798 2754
f 2798 2799 2800
f 3591 3662 2799
f 2797 2796 2795
f 2791 2794 2753
f 216 233 232
f 3804 2806 2807
f 3805 2809 2804
f 2769 2810 3557
f 183 185 184
f 2811 2812 2775
f 2804 2811 2776
f 2809 2813 2811
f 2812 2811 2813
f 3805 2808 2816
f 3796 2818 2815
f 3798 3800 2820
f 3793 2823 2819
f 2824 2736 2735
f 2823 2825 2824
f 2825 2823 2826
f 3793 2822 2827
f 3796 2817 2826
f 2713 2716 2829
f 2828 2829 2831
f 2822 2821 2828
f 2821 2820 2713
f 2832 2827 2822
f 2833 2832 2830
f 2834 2835 2832
f 2835 2818 2827
f 2837 2838 2839
f 2836 2839 2841
f 2842 2836 2840
f 2843 2837 2836
f 2840 2841 2845
f 2718 2844 2845
f 2730 2728 2844
f 2727 2840 2844
f 2846 2845 2841
f 2829 2846 2847
f 2847 2841 2839
f 2848 2839 2838
f 2833 2848 2849
f 2831 2847 2848
f 2850 2814 2851
f 2853 2850 2852
f 2783 2777 2782
f 2785 2788 2853
f 2780 2785 2856
f 2857 2858 2855
f 2859 2857 2782
f 2861 2843 2842
f 2860 2842 2727
f 2862 2860 2726
f 2863 2861 2860
f 2861 2863 2858
f 2843 2861 2857
f 2856 2853 2854
f 2781 2856 2864
f 2837 2843 2859
f 2838 2837 2864
f 2852 2851 2834
f 2854 2852 2849
f 2865 2815 2818
f 2851 2865 2835
f 2813 2809 2815
f 2814 2813 2865
f 2866 2812 2814
f 2788 2866 2850
f 2866 2788 2787
f 2812 2866 2867
f 1892 1889 1890
f 2720 2719 2846
f 298 299 256
f 2872 2714 2713
f 3794 3800 2735
f 2729 2730 2874
f 2846 2716 2715
f 2876 2877 2878
f 2733 2875 2878
f 3806 3807 2879
f 3806 2880 2872
f 2882 2883 2884
f 2881 2884 2715
f 2880 2881 2714
f 2879 2882 2881
f 2885 2886 2887
f 2888 2889 2890
f 2885 2890 2892
f 2893 2886 2885
f 1942 2151 2532
f 2895 2892 2720
f 2884 2895 2870
f 2883 2896 2895
f 2896 2891 2892
f 2889 2874 2717
f 2890 2717 2720
f 2897 2893 2891
f 2898 2897 2896
f 2899 2898 2883
f 2900 2899 2882
f 3797 2900 2879
f 2876 2902 2901
f 2901 2902 2904
f 1785 2656 1835
f 2905 2906 2899
f 2907 2908 2897
f 3797 2901 2903
f 632 576 577
f 3532 3547 2867
f 434 385 550
f 2768 2770 3640
f 2910 2911 1623
f 2241 2912 2758
f 3640 2770 2913
f 1623 2911 2757
f 3587 2242 2757
f 2229 1381 1380
f 2765 1630 1629
f 2915 2914 1629
f 3642 3641 2914
f 3641 3622 2765
f 2919 2916 3642
f 2918 2915 2912
f 3614 2918 2241
f 3618 2919 3613
f 3541 2177 2180
f 3521 2002 2188
f 3705 3573 714
f 2925 2766 2917
f 2924 2917 2916
f 3610 2924 2919
f 3611 2925 2924
f 2926 2927 2766
f 3658 2926 2925
f 1715 1713 1705
f 785 497 498
f 1387 651 565
f 374 375 1899
f 3573 2203 2206
f 2929 2930 2886
f 2932 2933 2934
f 1905 1906 1908
f 2930 2935 2936
f 2938 2935 2930
f 1493 369 517
f 1603 1585 1586
f 2939 2938 2929
f 2940 2939 2908
f 3665 1707 1600
f 2886 2930 2937
f 2906 2907 2898
f 2908 2929 2893
f 2942 2934 2933
f 2941 2933 2937
f 3501 2941 2936
f 3498 2942 2941
f 2943 2944 2710
f 2943 2873 2874
f 2945 2943 2889
f 2946 2944 2943
f 2932 2945 2888
f 2931 2946 2945
f 727 1928 1929
f 2903 2904 2947
f 545 594 42
f 1480 1570 533
f 2907 2906 2949
f 2906 2905 2950
f 1558 452 215
f 3799 2903 2948
f 2054 1645 1644
f 3705 3684 2203
f 1828 1837 1849
f 2953 2954 2955
f 2952 2955 2957
f 2956 2261 2258
f 2953 2952 2258
f 2454 2455 2474
f 3747 2958 2959
f 3747 2132 2131
f 2961 2962 2963
f 2958 2963 2964
f 222 221 2485
f 2477 2226 2966
f 2631 2561 2006
f 2384 2454 2496
f 2967 2968 2959
f 2968 2967 2970
f 3759 2033 2971
f 3784 2971 2960
f 2972 2971 2033
f 2007 2377 2973
f 3560 3559 2134
f 1836 1833 1832
f 3506 2188 2090
f 955 810 959
f 672 675 674
f 633 710 713
f 2024 732 733
f 2025 2024 803
f 425 1552 1550
f 2975 2976 888
f 1319 1158 1157
f 1212 1935 2977
f 889 957 2228
f 1978 1974 1975
f 1138 1078 1329
f 751 665 2979
f 1619 1613 1625
f 2252 2255 1728
f 1157 1160 845
f 2706 1936 1938
f 2980 2255 2254
f 2982 2975 887
f 802 712 711
f 678 677 2029
f 527 840 690
f 1839 1207 2629
f 2983 2984 602
f 2983 1914 1913
f 2985 2983 1331
f 2986 2984 2983
f 2987 2637 2635
f 2985 2988 2639
f 2990 1319 1318
f 2991 2992 2993
f 2995 2991 2994
f 1106 1058 2991
f 1058 1057 2992
f 1415 1406 1365
f 1317 922 2217
f 1932 1728 2255
f 926 2998 2999
f 3001 2993 2992
f 3000 2992 1057
f 2999 3000 2978
f 2998 3001 3000
f 3002 2998 2209
f 3002 3003 2996
f 2993 3001 3002
f 1103 1106 2995
f 3004 2995 2996
f 2209 2210 3004
f 588 1103 3004
f 295 296 433
f 2638 2639 2988
f 3005 2988 1056
f 1305 3005 1930
f 1276 2638 3005
f 1987 1968 1993
f 2633 1762 1761
f 1423 1422 1417
f 3561 3517 739
f 2671 2670 2704
f 1473 1872 2035
f 922 1317 2694
f 1401 1400 1378
f 556 2028 1884
f 842 848 3825
f 1854 2706 2617
f 933 1082 1081
f 1440 1441 1436
f 529 657 719
f 1031 1025 1027
f 777 913 912
f 2645 1205 1204
f 441 438 1538
f 790 1287 587
f 2065 2066 1610
f 1860 991 990
f 60 106 87
f 1424 1017 1948
f 332 1527 1507
f 261 262 138
f 187 188 449
f 1719 1720 1726
f 1931 1055 1059
f 3006 1059 1105
f 1287 3006 1104
f 1286 1931 3006
f 3007 3008 3009
f 3009 3008 653
f 618 999 26
f 2029 677 1210
f 957 601 600
f 1049 2146 2228
f 2631 890 3011
f 890 889 2227
f 3011 2227 2145
f 2561 3011 3012
f 1026 656 609
f 2706 1854 1961
f 3013 2965 2485
f 2148 2147 1267
f 3015 1267 1266
f 2997 2264 1101
f 642 641 1773
f 186 477 461
f 1041 1040 1320
f 1121 3016 3017
f 2984 2986 2987
f 3018 2987 2634
f 1048 603 3018
f 603 602 2984
f 2679 2678 801
f 2062 2072 2074
f 2061 2074 2076
f 414 303 1545
f 3016 1121 2683
f 3019 2683 2704
f 3020 3019 2670
f 3007 3016 3019
f 1871 1090 1091
f 3021 1787 1122
f 3022 3021 3017
f 1314 3021 3022
f 1784 1787 3021
f 1316 1315 1763
f 3023 3022 3010
f 3023 3009 795
f 1763 3023 1092
f 1315 3022 3023
f 3016 3007 3010
f 752 751 2978
f 2986 2639 2637
f 3024 654 653
f 3020 3024 3008
f 720 723 3024
f 723 2621 654
f 2681 1098 1268
f 2671 3025 1268
f 2705 2681 3025
f 1313 3026 3027
f 3026 3028 3029
f 3027 3029 3030
f 1311 3027 3031
f 2012 568 731
f 917 2657 974
f 743 1206 856
f 1888 2027 2030
f 2682 2705 2684
f 3032 2684 1124
f 1100 3032 2989
f 1099 2682 3032
f 1123 2990 2989
f 3033 1834 1159
f 2990 3033 1158
f 1123 1786 3033
f 1786 1785 1834
f 1054 1056 2988
f 2979 665 664
f 2623 2622 2663
f 1095 660 688
f 3034 3035 2261
f 3036 3034 2956
f 3037 3038 3034
f 3038 3039 3035
f 3040 3041 3026
f 2263 3042 3041
f 3042 3039 3043
f 3041 3043 3028
f 3044 3045 3043
f 3046 3047 3045
f 3047 3048 3049
f 3043 3045 3049
f 3038 3037 3051
f 3050 3051 3053
f 3052 3046 3044
f 3039 3038 3050
f 3054 3035 3039
f 3042 2263 2262
f 2261 3035 3054
f 2216 2263 2997
f 2212 2211 2667
f 3056 868 2209
f 934 3057 1961
f 2013 3755 3757
f 3058 3059 3060
f 3059 3062 3063
f 3060 3063 2213
f 3061 3060 1963
f 3063 3064 2214
f 3062 3065 3064
f 3065 2257 2260
f 3064 2260 2215
f 3066 3067 3031
f 2608 2966 3067
f 2966 2562 3068
f 3031 3067 3068
f 2455 2458 2461
f 2476 2223 2226
f 3551 2090 2089
f 3526 2774 3769
f 433 354 355
f 2115 1423 1419
f 3509 2868 2922
f 3769 3737 2131
f 3069 2611 2167
f 2971 2972 2928
f 2961 2774 2773
f 3070 2475 2478
f 2610 2609 3071
f 2502 2371 2374
f 3072 2592 2595
f 2964 3046 3052
f 3048 2593 3074
f 2593 2592 3075
f 3075 3030 3029
f 3074 3029 3028
f 3072 3076 3075
f 3076 3072 2482
f 2481 2608 3066
f 3076 3066 3030
f 2967 3052 3053
f 2482 3072 3073
f 479 480 493
f 706 3900 3873
f 3561 2194 2221
f 2013 2010 3754
f 3533 2032 2016
f 3562 3519 2222
f 1171 1154 1155
f 2586 2566 2565
f 2982 110 113
f 2562 2376 3077
f 2376 2375 3012
f 3012 2145 2148
f 3077 2148 3015
f 2963 3047 3046
f 3051 3078 2970
f 1683 2173 491
f 3850 2122 1447
f 1986 2181 3734
f 3079 3080 2546
f 3081 3079 2575
f 1983 1986 3768
f 3082 2323 2319
f 3080 3082 2545
f 3734 3732 3082
f 3732 3748 2323
f 1309 1471 1888
f 3073 2595 2772
f 2760 3083 3084
f 2760 2085 2088
f 3085 3084 3086
f 3089 3085 3090
f 3089 2762 3084
f 3092 3088 3090
f 3093 2748 2744
f 2751 2747 2748
f 3093 2741 2752
f 2742 2741 3093
f 3094 3093 2743
f 3096 3097 3098
f 3099 3096 3087
f 3097 3094 3095
f 3100 2743 2746
f 3101 2927 3102
f 2764 2766 2927
f 2745 2764 3101
f 3102 3092 3091
f 3100 3091 3095
f 2869 2802 3592
f 3102 3103 3104
f 3658 2868 2869
f 2927 2926 3103
f 3098 3095 3091
f 3087 3098 3090
f 2088 2125 3105
f 3083 3105 3086
f 2483 3073 2771
f 2401 2186 2185
f 3099 3086 3105
f 2125 2207 3106
f 3108 2737 2742
f 3107 2742 3094
f 3110 3108 3107
f 3109 3107 3097
f 3111 3109 3096
f 3112 3110 3109
f 3113 2738 2737
f 3115 2723 2722
f 3117 3115 3114
f 3119 3117 3116
f 3118 3116 3120
f 3116 3114 3113
f 3122 3112 3111
f 3122 3123 1755
f 3124 3125 3126
f 3125 3118 3121
f 3128 3119 3118
f 3129 3128 3125
f 2020 2712 3128
f 3853 3857 1346
f 1065 1046 1047
f 1814 3838 3830
f 2021 2020 3129
f 3111 3099 3106
f 3123 3106 2207
f 2377 2225 2224
f 3014 2485 113
f 1756 2208 3782
f 3131 3132 2530
f 3133 3131 2528
f 1753 1756 3767
f 3134 3124 3127
f 2327 2408 2314
f 2436 2318 2317
f 2018 2021 3711
f 2534 3136 3137
f 2320 2322 3136
f 2185 2018 3712
f 3138 3139 2542
f 3134 3135 3744
f 3785 3130 3134
f 3140 3138 2539
f 2535 3137 3140
f 3711 2021 3130
f 2558 2530 3132
f 3782 3760 3141
f 2560 2558 3141
f 3760 3777 3142
f 958 888 2976
f 1933 1932 2980
f 2399 2424 2418
f 2348 2342 2343
f 2322 2320 2319
f 2718 2717 2874
f 2709 2729 2873
f 2894 2871 1361
f 346 289 176
f 1876 1877 1882
f 2802 2803 3607
f 3104 3144 3088
f 2974 2222 3649
f 3089 3145 2761
f 3088 3144 3145
f 2803 2974 3603
f 3870 3909 692
f 2123 1419 1418
f 1365 1363 1368
f 1581 1766 1782
f 3569 2202 2129
f 3555 2003 2002
f 3146 2585 2551
f 3751 3146 3147
f 3742 3149 3146
f 3149 2584 2585
f 3196 3198 3197
f 3604 2192 2191
f 3142 3150 2556
f 3777 3778 3150
f 3646 3152 2550
f 3150 3151 2555
f 3778 3780 3151
f 3788 3781 3152
f 3153 3147 2551
f 3152 3153 2549
f 3781 3776 3153
f 3776 3750 3147
f 3148 2767 2206
f 2183 2401 2321
f 2132 2960 2928
f 3684 3685 2204
f 3719 2198 2197
f 2594 2962 2773
f 2595 2594 2951
f 1870 798 799
f 3713 2179 2178
f 3706 2178 3736
f 336 3154 3774
f 339 3155 3154
f 3789 3683 3149
f 3683 3697 2584
f 2963 2962 3048
f 3722 3730 337
f 339 338 2566
f 3156 3157 2168
f 2610 3156 2167
f 2954 2953 3156
f 3157 3156 2953
f 3707 2166 2169
f 2567 3158 3159
f 337 3158 2567
f 3730 3069 2166
f 3764 2190 1983
f 2579 3160 3081
f 2568 3159 3160
f 3709 2169 2190
f 3065 3062 3162
f 3161 3162 1984
f 3157 3161 2189
f 2257 3065 3161
f 734 735 1922
f 3059 3058 2708
f 3163 2708 2182
f 3162 3163 1985
f 3062 3059 3163
f 3203 3206 3205
f 2122 2119 1448
f 3817 1686 1685
f 139 140 444
f 1570 569 566
f 2957 3164 3165
f 2955 3166 3164
f 1912 454 341
f 3130 3129 3124
f 1548 322 319
f 1949 1950 1327
f 2969 2970 3078
f 3167 3078 3169
f 3724 2014 2017
f 3720 2017 2033
f 3168 3169 3165
f 3170 3165 3164
f 3779 3170 3171
f 3724 3168 3170
f 3171 3164 3166
f 3172 3166 3071
f 3752 3172 3173
f 3756 3171 3172
f 3169 3037 3036
f 2593 3048 2962
f 3173 3071 2609
f 3174 2609 2199
f 3783 3174 2198
f 3749 3173 3174
f 2190 2189 1984
f 2196 2195 2767
f 2119 2120 1414
f 1464 1463 1466
f 2199 2611 3069
f 2457 2456 2587
f 2226 2225 2562
f 481 478 1627
f 333 1512 235
f 3078 3051 3037
f 3040 2264 2997
f 2219 1934 1933
f 2385 2384 2497
f 221 2220 3175
f 2220 1933 3143
f 3175 3143 2976
f 2484 3175 2975
f 2954 3071 3166
f 2630 1858 110
f 1547 319 1952
f 2091 2090 2188
f 3733 3736 2178
f 1918 1919 1927
f 3563 112 111
f 955 956 960
f 2037 3014 112
f 3143 2980 2981
f 2218 2211 2214
f 672 3877 3787
f 2152 3013 3014
f 1147 1144 1143
f 2248 2246 1409
f 1615 1636 1635
f 1410 1409 2246
f 3241 3243 3242
f 1382 3176 3177
f 3177 1410 2247
f 2247 1383 3177
f 3176 2238 2230
f 1410 3177 3179
f 3179 3180 2243
f 1633 3181 2800
f 1621 1620 2758
f 1622 1621 2245
f 2236 1394 3181
f 2237 2236 3182
f 2250 1631 2233
f 2912 1629 1628
f 135 136 1564
f 1567 419 512
f 1085 1084 2653
f 3184 869 868
f 869 3184 3057
f 1266 1268 1098
f 1267 2147 722
f 937 1146 2646
f 2146 1049 722
f 2211 2218 921
f 1957 510 507
f 1313 1312 2264
f 1496 362 1493
f 2887 2937 2933
f 1687 1688 1659
f 145 1499 1498
f 37 38 418
f 1935 1934 3185
f 104 89 301
f 2101 2098 2083
f 543 298 360
f 1934 2219 3186
f 234 1521 212
f 3845 3821 1822
f 1976 1875 1874
f 223 3186 2219
f 3655 3656 3605
f 2165 2164 467
f 467 468 2165
f 773 476 2165
f 1935 1212 1728
f 3240 3225 3226
f 3261 3249 3250
f 3215 3216 3244
f 3265 3221 3215
f 3267 3245 3198
f 3205 3206 3269
f 3214 3211 3265
f 3271 3213 3214
f 3251 3252 3239
f 3222 3221 3266
f 3232 3235 3234
f 3216 3242 3243
f 3196 3193 3268
f 3244 3243 3254
f 3238 3239 3247
f 3264 3244 3255
f 3253 3242 3216
f 3211 3266 3221
f 3257 3217 3218
f 3258 3222 3272
f 3274 3275 3280
f 3228 3229 3262
f 3275 3231 3281
f 3226 3227 3273
f 3236 3263 3260
f 3281 3263 3236
f 3287 3271 3192
f 3235 3226 3280
f 3234 3280 3281
f 3288 3290 3259
f 3260 3250 3276
f 3289 3212 3278
f 3210 3209 3224
f 3199 3202 3201
f 3228 3231 3230
f 3290 3288 3285
f 3282 3279 3271
f 3260 3263 3262
f 3243 3241 3268
f 3267 3268 3241
f 3194 3207 3208
f 3191 3270 3269
f 3270 3191 3192
f 3275 3274 3230
f 3264 3269 3270
f 3252 3251 3276
f 3248 3252 3291
f 3213 3271 3279
f 3272 3266 3289
f 3277 3278 3212
f 3228 3263 3281
f 3220 3225 3253
f 3219 3253 3217
f 3256 3218 3222
f 3247 3239 3252
f 3245 3267 3232
f 3266 3211 3212
f 3208 3205 3255
f 3288 3289 3284
f 3204 3205 3208
f 560 1899 3187
f 3209 3210 3201
f 3189 3192 3191
f 448 1980 807
f 647 648 122
f 1833 1848 1780
f 510 509 508
f 3210 1949 1887
f 1887 15 3200
f 15 16 3197
f 16 3188 3195
f 3195 3188 3187
f 3194 3187 1899
f 3207 1899 375
f 387 173 126
f 3189 1791 1760
f 3577 763 757
f 763 3577 2172
f 3583 3582 3580
f 3581 3580 3579
f 3594 3597 3596
f 3400 3601 3602
f 3626 3624 3625
f 3631 3635 3599
f 3636 3637 3595
f 3647 3584 3588
f 3650 3582 3584
f 3653 3579 3580
f 3653 2176 3654
f 1801 1864 3656
f 3651 3580 3582
f 3644 3638 3595
f 1767 1768 3659
f 1597 3663 3661
f 1708 1707 3665
f 3671 3668 3667
f 3666 3667 3673
f 1588 1708 3664
f 2080 3671 3666
f 2082 3666 3672
f 3674 3677 3635
f 3677 3678 3636
f 3682 3647 3645
f 3692 3651 3650
f 3681 3645 3644
f 786 3694 3692
f 3694 3653 3651
f 785 3692 3686
f 497 3686 3682
f 650 3682 3681
f 3696 564 3681
f 3405 3606 3605
f 3702 3699 3678
f 3699 3698 3679
f 3645 3588 3638
f 1799 3657 3659
f 3708 3704 3458
f 3462 3710 3708
f 3714 463 564
f 3615 3606 3602
f 3710 3714 3696
f 3635 3636 3596
f 3629 3626 3627
f 3597 3600 3599
f 3630 3716 3715
f 3627 3625 3597
f 3717 3716 3723
f 3715 3663 3660
f 3716 3717 3725
f 3668 3665 3661
f 3668 3725 3717
f 3667 3717 3718
f 3727 3728 3673
f 3728 1576 3672
f 3726 3727 3718
f 1576 2101 2084
f 3727 3726 3731
f 3203 376 1387
f 3190 1387 1791
f 3283 2152 1949
f 317 240 259
f 2000 2176 3653
f 3601 3599 3600
f 3589 3588 3584
f 3577 758 756
f 3585 3584 3582
f 3678 3679 3637
f 3204 375 376
f 1801 3655 3657
f 3729 3735 3728
f 1575 3735 3738
f 3735 1575 1576
f 1776 1795 1796
f 1293 1294 1290
f 1326 14 1327
f 1294 1245 1234
f 878 1244 1330
f 497 373 374
f 122 648 413
f 3699 3702 3704
f 3606 3405 3401
f 3708 3710 3698
f 3464 3714 3710
f 3704 3674 3443
f 439 398 399
f 1512 1528 1526
f 1668 1741 1738
f 839 849 1362
f 1362 1357 826
f 3843 740 1896
f 2053 2054 2118
f 3888 3887 2120
f 696 697 3816
f 1826 1878 639
f 3740 3739 3729
f 956 885 886
f 1980 806 1922
f 33 34 105
f 1343 1344 3856
f 3907 2127 2128
f 1766 1581 1582
f 14 1326 2163
f 595 98 99
f 3233 3238 3246
f 1346 1035 1044
f 748 1888 1425
f 3193 3208 3254
f 3190 3191 3206
f 3612 3605 3606
f 3624 3612 3615
f 3631 3415 3443
f 3679 3680 3644
f 3686 3650 3647
f 3702 3677 3674
f 3625 3615 3600
f 3601 3400 3415
f 3739 3738 3735
f 3630 3627 3594
f 3741 3723 3716
f 1284 1290 1288
f 3698 3696 3680
f 1778 1781 1780
f 1792 1759 1584
f 695 570 571
f 3638 3741 3594
f 3741 3638 3588
f 3247 3248 3209
f 3292 3293 3294
f 3296 3297 3298
f 3299 3298 3300
f 3302 3303 3304
f 3306 3307 3308
f 3307 3310 3311
f 3303 3302 3301
f 3312 3305 3304
f 3314 3315 3316
f 3318 3319 3320
f 3324 3318 3321
f 3326 3327 3328
f 3329 3330 3331
f 3333 3334 3335
f 3337 3338 3339
f 3333 3336 3341
f 3342 3341 3343
f 3319 3345 3344
f 3338 3335 3334
f 3346 3301 3302
f 3305 3348 3347
f 3312 3224 3223
f 3350 3337 3340
f 3312 3349 3348
f 3352 3343 3341
f 3311 3353 3354
f 3341 3336 3327
f 3359 3360 3361
f 3360 3359 3250
f 3318 3363 3345
f 3364 3363 3318
f 3314 3364 3324
f 3366 3299 3301
f 3299 3366 3367
f 3308 3354 3368
f 3369 3317 3295
f 3317 3369 3364
f 3370 3295 3317
f 3325 3371 3365
f 3352 3320 3319
f 3296 3367 3353
f 3297 3296 3311
f 3363 3368 3354
f 3345 3354 3353
f 3344 3353 3367
f 3366 3333 3342
f 3347 3339 3334
f 3339 3347 3348
f 3348 3349 3351
f 3363 3364 3369
f 3294 3309 3368
f 3293 3306 3309
f 3331 3373 3374
f 3346 3334 3333
f 3323 3322 3352
f 3356 3355 3321
f 3355 3357 3325
f 3357 3358 3371
f 3322 3356 3320
f 3361 3330 3329
f 3373 3372 3375
f 3374 3375 3376
f 3329 3332 3376
f 3327 3375 3372
f 3336 3335 3375
f 3335 3338 3376
f 3376 3338 3337
f 3337 3350 3359
f 3359 3350 3276
f 3377 3292 3295
f 3277 3316 3315
f 3371 3378 3379
f 3378 3371 3358
f 3365 3379 3315
f 3316 3277 3279
f 3282 3377 3370
f 3313 3283 3224
f 3378 3285 3284
f 3380 3286 3285
f 3379 3284 3278
f 3276 3350 3351
f 3291 3351 3349
f 3313 3304 2965
f 2965 3304 3303
f 222 3303 3300
f 223 3300 3298
f 3298 3297 3185
f 3297 3310 2977
f 3310 3307 1213
f 3307 3306 1214
f 2532 1214 3306
f 2894 2532 3293
f 2871 2894 3292
f 3253 3225 3240
f 3283 3313 3013
f 1997 1996 1889
f 1237 745 744
f 1535 1534 120
f 1531 1532 201
f 1119 1241 1032
f 946 948 824
f 163 8 5
f 3589 3726 3723
f 1155 1156 1162
f 427 213 327
f 553 1902 796
f 3381 2232 2231
f 3381 3178 2230
f 2237 3183 3180
f 3383 3384 3385
f 3384 3386 3387
f 3386 3388 3389
f 3388 3390 3391
f 3392 3393 3394
f 3395 3394 3396
f 3398 3399 3397
f 3400 3401 3399
f 3403 3404 3405
f 3406 3407 3404
f 3408 3409 3407
f 3410 3411 3409
f 3412 3413 3411
f 3415 3400 3398
f 3414 3398 3396
f 3416 3396 3394
f 3417 3394 3393
f 3393 3419 3420
f 3419 3390 3421
f 3390 3388 3422
f 3388 3386 3423
f 3386 3384 3424
f 3384 3383 3425
f 3425 3383 3426
f 2904 3427 3428
f 3429 3427 2904
f 3430 3429 2902
f 2875 3431 3430
f 3432 3433 2733
f 2825 3434 3435
f 3437 3438 3439
f 3441 3437 3436
f 2724 2723 3434
f 3436 3439 3115
f 3440 3436 3117
f 3443 3415 3414
f 3442 3414 3416
f 3444 3416 3417
f 3445 3417 3418
f 3446 3418 3420
f 3420 3421 3448
f 3421 3422 3449
f 3422 3423 3450
f 3423 3424 3451
f 3424 3425 3452
f 3425 3184 3056
f 3451 3452 2253
f 3450 3451 2252
f 3449 3450 1727
f 3448 3449 2150
f 3453 3447 3448
f 3454 3446 3447
f 3455 3445 3446
f 3456 3444 3445
f 3442 3444 3456
f 3443 3442 3457
f 3459 3460 3458
f 3457 3456 3455
f 3459 3455 3454
f 3462 3460 3459
f 3461 3454 3453
f 3464 3462 3461
f 3463 3453 1941
f 3404 3399 3401
f 3407 3397 3399
f 3409 3395 3397
f 3411 3392 3395
f 3465 3466 3413
f 3467 3468 3469
f 3465 3412 3431
f 3470 3467 3466
f 3438 3470 3432
f 3467 3470 3438
f 3468 3467 3437
f 3471 3469 3468
f 3472 3468 3441
f 3473 3441 3440
f 2712 3440 3119
f 3475 3471 3472
f 3474 3472 3473
f 3476 3473 2712
f 3477 3476 2711
f 3478 3474 3476
f 3479 3475 3474
f 3392 3411 3413
f 3466 3469 3480
f 3419 3393 3392
f 3390 3419 3480
f 3469 3471 3391
f 3389 3391 3471
f 3387 3389 3475
f 3385 3387 3479
f 3482 3477 2400
f 3483 3478 3477
f 3481 3479 3478
f 3484 3482 2402
f 3058 3484 2707
f 3061 3485 3484
f 3485 3483 3482
f 3382 3385 3481
f 3486 3481 3483
f 3426 3383 3382
f 3487 3382 3486
f 3486 3485 3061
f 1961 3057 3487
f 3057 3184 3426
f 3428 3403 3402
f 3427 3406 3403
f 3429 3408 3406
f 3430 3410 3408
f 3431 3412 3410
f 3470 3465 3433
f 3434 3439 3438
f 2723 3115 3439
f 2875 2733 3433
f 2736 2824 3435
f 2947 3428 3488
f 3464 3463 1360
f 1900 1925 1924
f 1736 1717 1718
f 1955 1952 1943
f 1671 1738 1735
f 1696 1750 1698
f 1800 1865 1864
f 2063 2055 2056
f 1737 1734 1717
f 1751 1735 1697
f 943 3885 3899
f 3656 3488 3402
f 1577 1578 1764
f 3917 1598 1599
f 1945 146 82
f 68 6 7
f 147 1542 1543
f 1109 1135 1133
f 1503 1910 1907
f 1499 1501 1909
f 452 1922 735
f 1824 2068 3835
f 1825 2067 2068
f 1463 1462 1022
f 841 1012 1009
f 1568 1547 1955
f 1910 1503 1502
f 1939 1502 422
f 309 280 1940
f 1804 1851 1866
f 269 1482 1954
f 2065 1607 2060
f 3812 1685 1758
f 280 276 552
f 1875 1873 1869
f 1739 1721 1734
f 1778 1779 1790
f 310 1920 1915
f 1909 1908 1906
f 1789 1783 1778
f 978 981 980
f 1584 1759 1731
f 425 426 311
f 148 1543 115
f 2044 3897 3894
f 277 1910 1939
f 1943 1946 1945
f 1461 1462 1463
f 2253 3452 3056
f 2981 2254 3489
f 2209 2998 3489
f 2254 2253 3055
f 2998 926 958
f 2826 2817 2721
f 3490 2739 2721
f 2816 3491 3490
f 2334 2297 2296
f 2298 2297 2334
f 2301 2298 2336
f 2311 2301 2338
f 2312 2311 2354
f 2359 2358 2361
f 2335 2296 2359
f 2414 2413 2365
f 2413 2270 2361
f 2355 2352 2540
f 2541 2540 2539
f 2722 2721 2739
f 3114 2722 2738
f 3110 3112 3121
f 3108 3110 3120
f 3122 1754 3127
f 3112 3122 3126
f 3127 1754 1753
f 3139 3133 2529
f 3744 3775 3133
f 3490 2789 2740
f 3491 2790 2789
f 228 229 91
f 245 244 243
f 248 7 247
f 2 297 296
f 145 146 300
f 327 213 210
f 329 332 331
f 239 241 240
f 373 376 375
f 178 177 176
f 1218 1225 1228
f 3862 1231 1295
f 808 809 824
f 3858 3859 1013
f 3813 3810 1411
f 2154 2149 2159
f 3845 3835 1758
f 306 807 1922
f 2157 2153 1976
f 708 709 2031
f 1450 1226 1227
f 1672 1604 1605
f 1813 1814 1821
f 1717 1716 1715
f 176 159 402
f 1710 1705 3916
f 1712 1580 1577
f 1705 1713 1711
f 971 978 979
f 822 823 1094
f 2909 2810 2793
f 2810 2769 2795
f 2799 2910 2249
f 3662 3643 2910
f 2769 2768 2801
f 3177 3176 3178
f 3178 3381 3180
f 3181 1394 1393
f 3181 1633 1632
f 3182 1632 2244
f 3183 2244 2243
f 3492 2791 2790
f 2808 3492 3491
f 2239 3574 3572
f 1149 1150 3571
f 1150 2009 3567
f 2202 3569 3566
f 2921 3564 3565
f 3568 3560 2133
f 1777 1579 1759
f 1201 1196 1183
f 3561 3554 2195
f 3553 3576 2770
f 3927 3925 1687
f 1516 152 154
f 3549 3562 2974
f 3550 3548 2779
f 2771 2772 3575
f 3070 2771 3546
f 3547 3544 2775
f 1376 1375 1370
f 2767 3543 3556
f 2195 3554 3543
f 2775 3544 3542
f 3377 3282 3545
f 3804 3802 3539
f 2776 3542 3538
f 2240 3572 3535
f 2920 3535 3669
f 3548 3534 2786
f 1805 1850 1851
f 3534 3532 2787
f 2951 2773 3540
f 2772 2951 3531
f 2973 2224 3530
f 2224 2223 3537
f 1957 1953 320
f 306 305 304
f 2770 3576 3528
f 2913 3528 3574
f 2923 3565 3527
f 308 1940 431
f 207 208 132
f 1879 1876 1881
f 3733 3787 3525
f 2475 3070 3558
f 2476 2475 3524
f 2223 2476 3523
f 3522 3549 2803
f 2037 3563 11
f 1959 1958 450
f 2003 3555 3520
f 9 10 334
f 2009 2008 3518
f 2008 2973 3536
f 3877 672 673
f 3515 3550 2778
f 2935 3514 3513
f 111 1149 3570
f 3510 3514 2935
f 683 3876 3885
f 3508 3557 2810
f 736 733 732
f 1795 1804 1803
f 3505 3510 2938
f 3507 3505 2939
f 2950 3512 3504
f 2940 2949 3504
f 3801 3791 3512
f 2868 3509 3502
f 2869 3502 3522
f 1024 1034 1023
f 3500 3503 2948
f 551 1939 442
f 2972 3499 3568
f 2032 3533 3499
f 216 93 1924
f 203 202 201
f 1828 1848 1847
f 1958 1957 449
f 272 271 178
f 2871 3545 3495
f 3619 3669 3564
f 2801 2768 3643
f 2005 3758 3654
f 960 886 899
f 3657 3655 3612
f 3780 3788 3646
f 3151 3646 3593
f 2193 3604 3623
f 3607 3603 3145
f 3603 3649 2761
f 3592 3607 3144
f 2926 3658 3634
f 3634 3592 3104
f 3755 3754 3746
f 566 567 3758
f 3488 3656 1864
f 1602 1586 2079
f 2868 3658 3611
f 2922 3611 3610
f 2923 3610 3618
f 3670 3613 2918
f 3619 3670 3614
f 2921 3618 3670
f 2920 3614 3586
f 3613 3642 2915
f 2917 2766 3622
f 2916 2917 3641
f 2239 3587 3652
f 2911 3640 3652
f 3643 3640 2911
f 2797 2801 3662
f 2797 3591 3598
f 3622 3628 2763
f 3608 3628 2764
f 2194 3623 3648
f 2221 3648 3649
f 2756 3608 3609
f 2750 3598 3609
f 3669 3535 1817
f 3763 3770 1691
f 2515 3621 3590
f 2548 3590 3593
f 2513 2489 3632
f 2513 3616 3621
f 2509 3633 3620
f 2510 3632 3633
f 2289 3620 3639
f 2283 3639 3617
f 2240 3586 3587
f 3659 3657 3624
f 716 2121 3887
f 727 1999 3761
f 2165 2171 2170
f 3660 3659 3626
f 3743 3581 3578
f 2175 2172 769
f 2100 500 2095
f 3758 567 3757
f 640 3560 3568
f 1653 3576 3553
f 1895 3536 3530
f 746 3530 3537
f 1653 1810 3528
f 3762 1603 1604
f 2093 2075 2073
f 959 996 995
f 962 899 919
f 1400 1401 1398
f 1000 817 1127
f 956 959 884
f 1662 3548 3550
f 2034 3558 3546
f 3926 1689 3539
f 3535 3572 766
f 3572 3574 765
f 334 3570 3571
f 1868 3531 3540
f 1684 1651 1652
f 1682 1683 775
f 1585 1603 3762
f 3763 3762 1672
f 2173 2174 490
f 1658 3544 3547
f 3556 3543 1650
f 1571 3754 2010
f 1587 3664 3671
f 2099 2095 2077
f 787 3761 1999
f 2000 3694 786
f 3155 339 3697
f 3713 3155 3683
f 2180 2179 3685
f 3496 2180 3684
f 1684 3846 3840
f 1760 464 3495
f 2607 3689 3693
f 2581 3676 3689
f 2371 2502 3700
f 2371 3695 3693
f 2587 3676 3675
f 2586 3675 3697
f 2497 3691 3687
f 2502 2503 3687
f 2494 3691 3690
f 3690 3688 2472
f 3688 3701 2468
f 3701 3703 2469
f 726 3908 3892
f 581 3567 3518
f 10 3511 3570
f 1837 3514 3510
f 741 3537 3523
f 1299 3524 3558
f 1851 3507 3504
f 3527 3565 1820
f 580 3518 3536
f 1758 1685 3522
f 1693 3557 3508
f 3504 3512 1867
f 1894 1826 3568
f 2126 1418 3813
f 3906 2126 3841
f 2113 3911 3867
f 2179 3713 3789
f 624 3903 3904
f 2192 3604 3788
f 2177 3541 3787
f 1364 3824 3833
f 3858 3855 1470
f 3135 1753 3775
f 2069 3812 3835
f 1351 3861 3853
f 2108 3882 3901
f 2089 2092 3736
f 3828 3834 1358
f 2001 3749 3783
f 2187 3783 3719
f 2130 3756 3752
f 2004 3752 3749
f 2014 3724 3779
f 2201 3779 3756
f 3167 3720 3759
f 3168 3724 3720
f 3159 3709 3764
f 3160 3764 3765
f 3730 3707 3158
f 3158 3707 3709
f 2200 3069 3730
f 3685 3789 3742
f 3722 3774 2197
f 3790 3736 2092
f 3774 3790 3721
f 3154 3706 3790
f 3155 3713 3706
f 2091 3719 3721
f 2196 3148 3750
f 2193 2196 3776
f 3604 2193 3781
f 2086 2192 3780
f 2087 2086 3778
f 2204 3742 3751
f 2205 3751 3750
f 3909 3886 574
f 2124 2087 3777
f 2208 2124 3760
f 3711 3785 3140
f 3785 3745 3138
f 3745 3744 3139
f 3771 3712 3136
f 3712 3711 3137
f 3775 3767 3131
f 3767 3782 3132
f 1813 3839 3838
f 1293 3854 3856
f 2184 2321 3748
f 2181 2184 3732
f 3765 3768 3079
f 3768 3734 3080
f 709 3873 3875
f 2774 2961 3737
f 3786 3769 2134
f 3809 3808 766
f 2968 3784 3766
f 2969 3759 3784
f 2958 3747 3737
f 2132 3747 3766
f 2321 2185 3771
f 3860 3848 1449
f 3905 3874 582
f 3886 3889 577
f 3847 3826 1818
f 705 3902 3887
f 3816 3912 3907
f 2111 3883 3911
f 3810 3829 1366
f 1812 3839 3822
f 675 3851 3852
f 3496 3705 3851
f 2110 3867 3868
f 2104 3896 3901
f 2109 3868 3899
f 3842 3831 703
f 1680 3811 3846
f 1639 1627 3819
f 623 3904 3906
f 2139 2140 3866
f 1808 1640 3844
f 3820 3821 1819
f 3872 3914 3900
f 1646 3832 3830
f 3889 3890 633
f 2139 3865 3875
f 2156 2155 3871
f 674 3852 3913
f 2117 3817 3812
f 1815 3822 3847
f 3855 3849 1444
f 697 3906 3912
f 866 842 3836
f 3864 3869 2136
f 3585 3731 3726
f 3583 3740 3731
f 3753 3746 3738
f 3740 3583 3581
f 1088 3738 3746
f 3739 3740 3743
f 2791 3492 3493
f 3492 2808 2807
f 2792 3493 3494
f 3493 2807 2806
f 3508 2909 3494
f 3516 3494 2806
f 2948 3503 3791
f 2105 3908 3896
f 3538 3802 3804
f 680 3878 3876
f 1891 1890 3910
f 2905 3799 3801
f 2900 3797 3799
f 2901 3797 3807
f 2734 2878 3806
f 2877 3807 3806
f 2820 3800 3794
f 2818 3796 3792
f 2823 3793 3792
f 2822 3793 3798
f 2819 2735 3800
f 2817 3796 3795
f 2809 3805 3795
f 2808 3805 3803
f 2805 3804 3803
f 1702 3921 3923
f 3922 3920 1797
f 3915 3916 1706
f 3918 3927 1692
f 1657 3898 3880
f 1890 1877 3895
f 3772 3770 1674
f 1689 1690 3772
f 3926 3802 3538
f 3516 3539 1689
f 3917 3923 1703
f 1598 3917 3928
f 3880 3884 1876
f 1691 1690 3925
f 3925 3926 1688
f 3934 3933 3937
f 3934 3938 3939
f 3932 3936 3937
f 3938 3942 3943
f 3937 3936 3940
f 3937 3941 3942
f 3942 3946 3947
f 3941 3940 3944
f 3942 3941 3945
f 3947 3946 3950
f 3944 3948 3949
f 3945 3949 3950
f 3950 3954 3955
f 3949 3948 3952
f 3950 3949 3953
f 3955 3954 3958
f 3953 3952 3956
f 3953 3957 3958
f 3959 3958 3962
f 3957 3956 3960
f 3958 3957 3961
f 3962 3966 3967
f 3960 3964 3965
f 3961 3965 3966
f 3966 3970 3971
f 3965 3964 3968
f 3966 3965 3969
f 3970 3974 3975
f 3968 3972 3973
f 3969 3973 3974
f 3974 3978 3979
f 3973 3972 3976
f 3974 3973 3977
f 3979 3978 3982
f 3976 3980 3981
f 3977 3981 3982
f 3982 3986 3987
f 3981 3980 3984
f 3982 3981 3985
f 3987 3986 3990
f 3984 3988 3989
f 3985 3989 3990
f 3991 3990 3994
f 3989 3988 3992
f 3990 3989 3993
f 3995 3994 3998
f 3992 3996 3997
f 3993 3997 3998
f 3998 4002 4003
f 3997 3996 4000
f 3998 3997 4001
f 4002 4006 4007
f 4000 4004 4005
f 4001 4005 4006
f 4006 4010 4011
f 4005 4004 4008
f 4006 4005 4009
f 4011 4010 4014
f 4008 4012 4013
f 4009 4013 4014
f 4014 4018 4019
f 4013 4012 4016
f 4014 4013 4017
f 4019 4018 4022
f 4016 4020 4021
f 4017 4021 4022
f 4023 4022 4026
f 4021 4020 4024
f 4022 4021 4025
f 4027 4026 4030
f 4024 4028 4029
f 4025 4029 4030
f 4031 4030 4034
f 4029 4028 4032
f 4030 4029 4033
f 4034 4038 4039
f 4032 4036 4037
f 4033 4037 4038
f 4038 4042 4043
f 4037 4036 4040
f 4038 4037 4041
f 4043 4042 4046
f 4040 4044 4045
f 4041 4045 4046
f 4046 4050 4051
f 4045 4044 4048
f 4046 4045 4049
f 4051 4050 4055
f 4048 4053 4054
f 4049 4054 4055
f 4056 4055 4059
f 4053 4057 4058
f 4055 4054 4058
f 4060 4059 3934
f 4058 4057 3932
f 4058 3933 3934
f 4069 4068 4081
f 4066 4079 4080
f 4065 4064 4077
f 4063 4062 4075
f 4071 4084 4085
f 4069 4082 4083
f 4067 4080 4081
f 4066 4065 4078
f 4063 4076 4077
f 4061 4074 4075
f 4072 4085 4086
f 4071 4070 4083
f 4076 4089 4090
f 4074 4087 4088
f 4086 4085 4098
f 4083 4096 4097
f 4082 4081 4094
f 4079 4092 4093
f 4078 4077 4090
f 4076 4075 4088
f 4085 4084 4097
f 4082 4095 4096
f 4080 4093 4094
f 4079 4078 4091
f 4089 4102 4103
f 4088 4087 4100
f 4098 4111 4112
f 4096 4109 4110
f 4095 4094 4107
f 4092 4105 4106
f 4090 4103 4104
f 4089 4088 4101
f 4097 4110 4111
f 4095 4108 4109
f 4094 4093 4106
f 4092 4091 4104
f 4103 4102 4115
f 4100 4113 4114
f 4112 4111 4124
f 4110 4109 4122
f 4107 4120 4121
f 4105 4118 4119
f 4103 4116 4117
f 4101 4114 4115
f 4110 4123 4124
f 4109 4108 4121
f 4107 4106 4119
f 4105 4104 4117
f 4115 4128 4129
f 4114 4113 4126
f 4124 4137 4138
f 4123 4122 4135
f 4120 4133 4134
f 4119 4118 4131
f 4117 4116 4129
f 4114 4127 4128
f 4124 4123 4136
f 4122 4121 4134
f 4119 4132 4133
f 4117 4130 4131
f 4129 4128 4141
f 4126 4139 4140
f 4138 4137 4150
f 4136 4135 4148
f 4133 4146 4147
f 4131 4144 4145
f 4130 4129 4142
f 4127 4140 4141
f 4137 4136 4149
f 4135 4134 4147
f 4132 4145 4146
f 4131 4130 4143
f 4142 4141 4154
f 4140 4139 4152
f 4150 4163 4164
f 4149 4148 4161
f 4146 4159 4160
f 4144 4157 4158
f 4142 4155 4156
f 4140 4153 4154
f 4149 4162 4163
f 4148 4147 4160
f 4146 4145 4158
f 4144 4143 4156
f 4155 4154 4167
f 4153 4152 4165
f 4163 4176 4177
f 4161 4174 4175
f 4159 4172 4173
f 4158 4157 4170
f 4155 4168 4169
f 4153 4166 4167
f 4163 4162 4175
f 4161 4160 4173
f 4159 4158 4171
f 4156 4169 4170
f 4167 4180 4181
f 4165 4178 4179
f 4176 4189 4190
f 4175 4174 4187
f 4173 4172 4185
f 4170 4183 4184
f 4169 4168 4181
f 4167 4166 4179
f 4175 4188 4189
f 4173 4186 4187
f 4171 4184 4185
f 4170 4169 4182
f 4180 4193 4194
f 4178 4191 4192
f 4190 4189 4202
f 4187 4200 4201
f 4186 4185 4198
f 4183 4196 4197
f 4182 4181 4194
f 4180 4179 4192
f 4189 4188 4201
f 4186 4199 4200
f 4184 4197 4198
f 4183 4182 4195
f 4193 4206 4207
f 4192 4191 4204
f 4202 4215 4216
f 4200 4213 4214
f 4199 4198 4211
f 4196 4209 4210
f 4194 4207 4208
f 4193 4192 4205
f 4201 4214 4215
f 4199 4212 4213
f 4198 4197 4210
f 4196 4195 4208
f 4207 4206 4219
f 4204 4217 4218
f 4216 4215 4228
f 4213 4226 4227
f 4211 4224 4225
f 4209 4222 4223
f 4207 4220 4221
f 4205 4218 4219
f 4214 4227 4228
f 4213 4212 4225
f 4211 4210 4223
f 4209 4208 4221
f 4219 4232 4233
f 4218 4217 4230
f 4228 4241 4242
f 4226 4239 4240
f 4225 4224 4237
f 4223 4222 4235
f 4221 4220 4233
f 4218 4231 4232
f 4228 4227 4240
f 4226 4225 4238
f 4223 4236 4237
f 4221 4234 4235
f 4233 4232 4245
f 4230 4243 4244
f 4242 4241 4254
f 4240 4239 4252
f 4237 4250 4251
f 4235 4248 4249
f 4234 4233 4246
f 4231 4244 4245
f 4241 4240 4253
f 4239 4238 4251
f 4236 4249 4250
f 4235 4234 4247
f 4246 4245 4258
f 4244 4243 4256
f 4254 4267 4268
f 4253 4252 4265
f 4250 4263 4264
f 4248 4261 4262
f 4246 4259 4260
f 4244 4257 4258
f 4253 4266 4267
f 4252 4251 4264
f 4250 4249 4262
f 4248 4247 4260
f 4259 4258 4271
f 4257 4256 4269
f 4267 4280 4281
f 4265 4278 4279
f 4263 4276 4277
f 4262 4261 4274
f 4259 4272 4273
f 4257 4270 4271
f 4266 4279 4280
f 4265 4264 4277
f 4263 4262 4275
f 4260 4273 4274
f 4271 4284 4285
f 4269 4282 4283
f 4281 4280 4293
f 4279 4278 4291
f 4277 4276 4289
f 4274 4287 4288
f 4273 4272 4285
f 4271 4270 4283
f 4280 4279 4292
f 4277 4290 4291
f 4275 4288 4289
f 4274 4273 4286
f 4284 4297 4298
f 4282 4295 4296
f 4294 4293 4306
f 4291 4304 4305
f 4290 4289 4302
f 4287 4300 4301
f 4286 4285 4298
f 4284 4283 4296
f 4293 4292 4305
f 4290 4303 4304
f 4288 4301 4302
f 4287 4286 4299
f 4297 4310 4311
f 4296 4295 4308
f 4306 4319 4320
f 4304 4317 4318
f 4303 4302 4315
f 4300 4313 4314
f 4298 4311 4312
f 4297 4296 4309
f 4305 4318 4319
f 4304 4303 4316
f 4302 4301 4314
f 4300 4299 4312
f 4310 4323 4324
f 4308 4321 4322
f 4320 4319 4332
f 4318 4317 4330
f 4316 4315 4328
f 4313 4326 4327
f 4311 4324 4325
f 4310 4309 4322
f 4318 4331 4332
f 4316 4329 4330
f 4315 4314 4327
f 4312 4325 4326
f 4323 4336 4337
f 4322 4321 4334
f 4332 4345 4346
f 4330 4343 4344
f 4329 4328 4341
f 4327 4326 4339
f 4325 4324 4337
f 4322 4335 4336
f 4332 4331 4344
f 4330 4329 4342
f 4327 4340 4341
f 4325 4338 4339
f 4337 4336 4350
f 4334 4348 4349
f 4346 4345 4359
f 4344 4343 4357
f 4341 4355 4356
f 4340 4339 4353
f 4338 4337 4351
f 4335 4349 4350
f 4345 4344 4358
f 4343 4342 4356
f 4340 4354 4355
f 4338 4352 4353
f 4351 4350 4363
f 4349 4348 4361
f 4359 4372 4373
f 4358 4357 4370
f 4355 4368 4369
f 4354 4353 4366
f 4351 4364 4365
f 4349 4362 4363
f 4358 4371 4372
f 4357 4356 4369
f 4355 4354 4367
f 4352 4365 4366
f 4364 4363 4376
f 4362 4361 4374
f 4373 4372 4385
f 4370 4383 4384
f 4368 4381 4382
f 4367 4366 4379
f 4364 4377 4378
f 4362 4375 4376
f 4372 4371 4384
f 4370 4369 4382
f 4368 4367 4380
f 4365 4378 4379
f 4376 4389 4390
f 4374 4387 4388
f 4385 4398 4399
f 4384 4383 4396
f 4382 4381 4394
f 4379 4392 4393
f 4378 4377 4390
f 4376 4375 4388
f 4384 4397 4398
f 4382 4395 4396
f 4380 4393 4394
f 4379 4378 4391
f 4389 4402 4403
f 4387 4400 4401
f 4399 4398 4411
f 4396 4409 4410
f 4395 4394 4407
f 4393 4392 4405
f 4391 4390 4403
f 4389 4388 4401
f 4398 4397 4410
f 4395 4408 4409
f 4393 4406 4407
f 4391 4404 4405
f 4402 4415 4416
f 4401 4400 4413
f 4411 4424 4425
f 4409 4422 4423
f 4408 4407 4420
f 4406 4405 4418
f 4403 4416 4417
f 4402 4401 4414
f 4410 4423 4424
f 4408 4421 4422
f 4407 4406 4419
f 4404 4417 4418
f 4416 4415 4428
f 4413 4426 4427
f 4425 4424 4437
f 4423 4422 4435
f 4421 4420 4433
f 4418 4431 4432
f 4416 4429 4430
f 4415 4414 4427
f 4423 4436 4437
f 4421 4434 4435
f 4420 4419 4432
f 4418 4417 4430
f 4428 4441 4442
f 4426 4439 4440
f 4437 4450 4451
f 4435 4448 4449
f 4434 4433 4446
f 4432 4431 4444
f 4430 4429 4442
f 4427 4440 4441
f 4437 4436 4449
f 4435 4434 4447
f 4432 4445 4446
f 4430 4443 4444
f 4442 4441 4454
f 4439 4452 4453
f 4451 4450 4463
f 4449 4448 4461
f 4446 4459 4460
f 4444 4457 4458
f 4443 4442 4455
f 4440 4453 4454
f 4450 4449 4462
f 4447 4460 4461
f 4445 4458 4459
f 4444 4443 4456
f 4455 4454 4467
f 4453 4452 4465
f 4463 4476 4477
f 4462 4461 4474
f 4459 4472 4473
f 4457 4470 4471
f 4455 4468 4469
f 4453 4466 4467
f 4462 4475 4476
f 4461 4460 4473
f 4459 4458 4471
f 4457 4456 4469
f 4468 4467 4063
f 4466 4465 4061
f 4477 4476 4072
f 4474 4070 4071
f 4472 4068 4069
f 4471 4470 4066
f 4468 4064 4065
f 4466 4062 4063
f 4476 4475 4071
f 4474 4473 4069
f 4472 4471 4067
f 4469 4065 4066
f 3935 4061 4465
f 4465 4452 4056
f 4452 4439 4051
f 4439 4426 4047
f 4047 4426 4413
f 4043 4413 4400
f 4039 4400 4387
f 4387 4374 4031
f 4031 4374 4361
f 4361 4348 4023
f 4348 4334 4019
f 4334 4321 4015
f 4015 4321 4308
f 4011 4308 4295
f 4007 4295 4282
f 4282 4269 3999
f 3999 4269 4256
f 4256 4243 3991
f 4243 4230 3987
f 4230 4217 3983
f 3983 4217 4204
f 3979 4204 4191
f 3975 4191 4178
f 4178 4165 3967
f 3967 4165 4152
f 4152 4139 3959
f 4139 4126 3955
f 4126 4113 3951
f 3951 4113 4100
f 3947 4100 4087
f 3943 4087 4074
f 4074 4061 3935
f 4480 4479 4483
f 4480 4484 4485
f 4479 4478 4482
f 4484 4488 4489
f 4482 4486 4487
f 4483 4487 4488
f 4488 4492 4493
f 4487 4486 4490
f 4488 4487 4491
f 4493 4492 4496
f 4490 4494 4495
f 4491 4495 4496
f 4496 4500 4501
f 4495 4494 4498
f 4496 4495 4499
f 4501 4500 4504
f 4498 4502 4503
f 4499 4503 4504
f 4505 4504 4508
f 4503 4502 4506
f 4504 4503 4507
f 4509 4508 4512
f 4506 4510 4511
f 4507 4511 4512
f 4513 4512 4516
f 4511 4510 4514
f 4512 4511 4515
f 4516 4520 4521
f 4514 4518 4519
f 4515 4519 4520
f 4520 4524 4525
f 4518 4522 4523
f 4520 4519 4523
f 4525 4524 4528
f 4522 4526 4527
f 4523 4527 4528
f 4528 4532 4533
f 4527 4526 4530
f 4528 4527 4531
f 4533 4532 4536
f 4530 4534 4535
f 4531 4535 4536
f 4537 4536 4540
f 4534 4538 4539
f 4536 4535 4539
f 4541 4540 4544
f 4539 4538 4542
f 4539 4543 4544
f 4544 4548 4549
f 4542 4546 4547
f 4544 4543 4547
f 4548 4552 4553
f 4547 4546 4550
f 4547 4551 4552
f 4552 4556 4557
f 4551 4550 4554
f 4552 4551 4555
f 4557 4556 4560
f 4554 4558 4559
f 4555 4559 4560
f 4560 4564 4565
f 4559 4558 4562
f 4560 4559 4563
f 4565 4564 4568
f 4562 4566 4567
f 4563 4567 4568
f 4569 4568 4572
f 4567 4566 4570
f 4568 4567 4571
f 4572 4576 4577
f 4570 4574 4575
f 4571 4575 4576
f 4576 4580 4581
f 4575 4574 4578
f 4576 4575 4579
f 4580 4584 4585
f 4578 4582 4583
f 4579 4583 4584
f 4584 4588 4589
f 4583 4582 4586
f 4584 4583 4587
f 4589 4588 4592
f 4586 4590 4591
f 4587 4591 4592
f 4592 4596 4597
f 4591 4590 4594
f 4592 4591 4595
f 4597 4596 4601
f 4594 4599 4600
f 4595 4600 4601
f 4602 4601 4605
f 4600 4599 4603
f 4601 4600 4604
f 4606 4605 4480
f 4603 4478 4479
f 4604 4479 4480
f 4615 4614 4627
f 4612 4625 4626
f 4611 4610 4623
f 4609 4608 4621
f 4618 4617 4630
f 4615 4628 4629
f 4613 4626 4627
f 4612 4611 4624
f 4609 4622 4623
f 4607 4620 4621
f 4619 4618 4631
f 4617 4616 4629
f 4622 4635 4636
f 4620 4633 4634
f 4632 4631 4644
f 4629 4642 4643
f 4628 4627 4640
f 4626 4625 4638
f 4624 4623 4636
f 4622 4621 4634
f 4631 4630 4643
f 4628 4641 4642
f 4626 4639 4640
f 4624 4637 4638
f 4635 4648 4649
f 4634 4633 4646
f 4644 4657 4658
f 4642 4655 4656
f 4641 4640 4653
f 4639 4638 4651
f 4636 4649 4650
f 4635 4634 4647
f 4643 4656 4657
f 4642 4641 4654
f 4640 4639 4652
f 4637 4650 4651
f 4648 4661 4662
f 4646 4659 4660
f 4658 4657 4670
f 4656 4655 4668
f 4653 4666 4667
f 4651 4664 4665
f 4649 4662 4663
f 4648 4647 4660
f 4656 4669 4670
f 4654 4667 4668
f 4653 4652 4665
f 4651 4650 4663
f 4661 4674 4675
f 4660 4659 4672
f 4670 4683 4684
f 4668 4681 4682
f 4667 4666 4679
f 4665 4664 4677
f 4663 4662 4675
f 4661 4660 4673
f 4670 4669 4682
f 4667 4680 4681
f 4665 4678 4679
f 4663 4676 4677
f 4675 4674 4687
f 4672 4685 4686
f 4684 4683 4696
f 4682 4681 4694
f 4679 4692 4693
f 4678 4677 4690
f 4676 4675 4688
f 4673 4686 4687
f 4683 4682 4695
f 4681 4680 4693
f 4678 4691 4692
f 4676 4689 4690
f 4688 4687 4700
f 4686 4685 4698
f 4696 4709 4710
f 4695 4694 4707
f 4692 4705 4706
f 4691 4690 4703
f 4688 4701 4702
f 4686 4699 4700
f 4695 4708 4709
f 4694 4693 4706
f 4692 4691 4704
f 4689 4702 4703
f 4701 4700 4713
f 4699 4698 4711
f 4710 4709 4722
f 4707 4720 4721
f 4705 4718 4719
f 4704 4703 4716
f 4701 4714 4715
f 4699 4712 4713
f 4709 4708 4721
f 4707 4706 4719
f 4705 4704 4717
f 4702 4715 4716
f 4713 4726 4727
f 4711 4724 4725
f 4723 4722 4735
f 4721 4720 4733
f 4719 4718 4731
f 4716 4729 4730
f 4715 4714 4727
f 4713 4712 4725
f 4721 4734 4735
f 4719 4732 4733
f 4717 4730 4731
f 4716 4715 4728
f 4726 4739 4740
f 4724 4737 4738
f 4736 4735 4748
f 4733 4746 4747
f 4732 4731 4744
f 4730 4729 4742
f 4728 4727 4740
f 4726 4725 4738
f 4735 4734 4747
f 4732 4745 4746
f 4730 4743 4744
f 4728 4741 4742
f 4739 4752 4753
f 4738 4737 4750
f 4748 4761 4762
f 4746 4759 4760
f 4745 4744 4757
f 4743 4742 4755
f 4740 4753 4754
f 4739 4738 4751
f 4747 4760 4761
f 4745 4758 4759
f 4744 4743 4756
f 4741 4754 4755
f 4753 4752 4765
f 4750 4763 4764
f 4762 4761 4774
f 4759 4772 4773
f 4758 4757 4770
f 4755 4768 4769
f 4753 4766 4767
f 4752 4751 4764
f 4760 4773 4774
f 4758 4771 4772
f 4757 4756 4769
f 4755 4754 4767
f 4765 4778 4779
f 4764 4763 4776
f 4774 4787 4788
f 4772 4785 4786
f 4771 4770 4783
f 4769 4768 4781
f 4767 4766 4779
f 4765 4764 4777
f 4774 4773 4786
f 4771 4784 4785
f 4769 4782 4783
f 4767 4780 4781
f 4779 4778 4791
f 4776 4789 4790
f 4788 4787 4800
f 4786 4785 4798
f 4783 4796 4797
f 4782 4781 4794
f 4780 4779 4792
f 4777 4790 4791
f 4787 4786 4799
f 4785 4784 4797
f 4782 4795 4796
f 4780 4793 4794
f 4792 4791 4804
f 4790 4789 4802
f 4800 4813 4814
f 4799 4798 4811
f 4796 4809 4810
f 4795 4794 4807
f 4792 4805 4806
f 4790 4803 4804
f 4799 4812 4813
f 4798 4797 4810
f 4796 4795 4808
f 4793 4806 4807
f 4805 4804 4817
f 4803 4802 4815
f 4814 4813 4826
f 4811 4824 4825
f 4809 4822 4823
f 4808 4807 4820
f 4805 4818 4819
f 4803 4816 4817
f 4813 4812 4825
f 4811 4810 4823
f 4809 4808 4821
f 4806 4819 4820
f 4817 4830 4831
f 4815 4828 4829
f 4826 4839 4840
f 4825 4824 4837
f 4823 4822 4835
f 4820 4833 4834
f 4819 4818 4831
f 4817 4816 4829
f 4825 4838 4839
f 4823 4836 4837
f 4821 4834 4835
f 4820 4819 4832
f 4830 4843 4844
f 4828 4841 4842
f 4840 4839 4852
f 4837 4850 4851
f 4836 4835 4848
f 4834 4833 4846
f 4832 4831 4844
f 4830 4829 4842
f 4839 4838 4851
f 4836 4849 4850
f 4834 4847 4848
f 4832 4845 4846
f 4843 4856 4857
f 4842 4841 4854
f 4852 4865 4866
f 4850 4863 4864
f 4849 4848 4861
f 4847 4846 4859
f 4844 4857 4858
f 4843 4842 4855
f 4851 4864 4865
f 4849 4862 4863
f 4848 4847 4860
f 4845 4858 4859
f 4857 4856 4869
f 4855 4854 4867
f 4866 4865 4878
f 4864 4863 4876
f 4862 4861 4874
f 4859 4872 4873
f 4857 4870 4871
f 4856 4855 4868
f 4864 4877 4878
f 4862 4875 4876
f 4861 4860 4873
f 4859 4858 4871
f 4869 4882 4883
f 4868 4867 4880
f 4878 4891 4892
f 4877 4876 4889
f 4874 4887 4888
f 4873 4872 4885
f 4871 4870 4883
f 4868 4881 4882
f 4878 4877 4890
f 4876 4875 4888
f 4873 4886 4887
f 4871 4884 4885
f 4883 4882 4896
f 4880 4894 4895
f 4892 4891 4905
f 4890 4889 4903
f 4887 4901 4902
f 4885 4899 4900
f 4884 4883 4897
f 4881 4895 4896
f 4891 4890 4904
f 4889 4888 4902
f 4886 4900 4901
f 4885 4884 4898
f 4897 4896 4909
f 4895 4894 4907
f 4905 4918 4919
f 4904 4903 4916
f 4901 4914 4915
f 4899 4912 4913
f 4897 4910 4911
f 4895 4908 4909
f 4904 4917 4918
f 4903 4902 4915
f 4901 4900 4913
f 4899 4898 4911
f 4910 4909 4922
f 4908 4907 4920
f 4919 4918 4931
f 4916 4929 4930
f 4914 4927 4928
f 4913 4912 4925
f 4910 4923 4924
f 4908 4921 4922
f 4918 4917 4930
f 4916 4915 4928
f 4914 4913 4926
f 4911 4924 4925
f 4922 4935 4936
f 4920 4933 4934
f 4931 4944 4945
f 4930 4929 4942
f 4928 4927 4940
f 4925 4938 4939
f 4924 4923 4936
f 4922 4921 4934
f 4930 4943 4944
f 4928 4941 4942
f 4926 4939 4940
f 4925 4924 4937
f 4935 4948 4949
f 4933 4946 4947
f 4945 4944 4957
f 4942 4955 4956
f 4941 4940 4953
f 4938 4951 4952
f 4937 4936 4949
f 4935 4934 4947
f 4944 4943 4956
f 4941 4954 4955
f 4939 4952 4953
f 4938 4937 4950
f 4948 4961 4962
f 4947 4946 4959
f 4957 4970 4971
f 4955 4968 4969
f 4954 4953 4966
f 4951 4964 4965
f 4949 4962 4963
f 4948 4947 4960
f 4956 4969 4970
f 4954 4967 4968
f 4953 4952 4965
f 4951 4950 4963
f 4962 4961 4974
f 4959 4972 4973
f 4971 4970 4983
f 4968 4981 4982
f 4966 4979 4980
f 4964 4977 4978
f 4962 4975 4976
f 4960 4973 4974
f 4969 4982 4983
f 4967 4980 4981
f 4966 4965 4978
f 4964 4963 4976
f 4975 4974 4987
f 4973 4972 4985
f 4983 4996 4997
f 4981 4994 4995
f 4979 4992 4993
f 4978 4977 4990
f 4976 4975 4988
f 4973 4986 4987
f 4983 4982 4995
f 4981 4980 4993
f 4978 4991 4992
f 4976 4989 4990
f 4988 4987 5000
f 4985 4998 4999
f 4997 4996 5009
f 4995 4994 5007
f 4992 5005 5006
f 4991 4990 5003
f 4989 4988 5001
f 4986 4999 5000
f 4996 4995 5008
f 4994 4993 5006
f 4991 5004 5005
f 4989 5002 5003
f 5001 5000 5013
f 4999 4998 5011
f 5009 5022 5023
f 5008 5007 5020
f 5005 5018 5019
f 5004 5003 5016
f 5001 5014 5015
f 4999 5012 5013
f 5008 5021 5022
f 5007 5006 5019
f 5005 5004 5017
f 5002 5015 5016
f 5014 5013 4609
f 5012 5011 4607
f 5022 4618 4619
f 5020 4616 4617
f 5018 4614 4615
f 5017 5016 4612
f 5014 4610 4611
f 5012 4608 4609
f 5021 4617 4618
f 5020 5019 4615
f 5018 5017 4613
f 5015 4611 4612
f 4481 4607 5011
f 5011 4998 4602
f 4998 4985 4597
f 4985 4972 4593
f 4593 4972 4959
f 4589 4959 4946
f 4585 4946 4933
f 4933 4920 4577
f 4577 4920 4907
f 4907 4894 4569
f 4894 4880 4565
f 4880 4867 4561
f 4561 4867 4854
f 4557 4854 4841
f 4553 4841 4828
f 4828 4815 4545
f 4545 4815 4802
f 4802 4789 4537
f 4789 4776 4533
f 4776 4763 4529
f 4529 4763 4750
f 4525 4750 4737
f 4521 4737 4724
f 4724 4711 4513
f 4513 4711 4698
f 4698 4685 4505
f 4685 4672 4501
f 4672 4659 4497
f 4497 4659 4646
f 4493 4646 4633
f 4489 4633 4620
f 4620 4607 4481
