# Face Semantic ICP Wrap export
v 0.39065790 0.08864739 -0.02088000
v 0.41353083 0.08341779 -0.01201616
v 0.41637120 0.09386432 -0.00989202
v 0.39395505 0.09712614 -0.01804423
v 0.44899812 0.09744811 -0.06802445
v 0.43571579 0.11996698 -0.04838631
v 0.43414190 0.13940722 -0.04816413
v 0.43694648 0.13905592 -0.06861605
v 0.15945484 -0.12040418 -0.40629014
v 0.07087712 -0.12021296 -0.43324289
v 0.06959648 -0.19517274 -0.42346191
v 0.15104164 -0.20419356 -0.39270785
v 0.26531854 -0.33845723 -0.28745952
v 0.23595090 -0.29038820 -0.31537920
v 0.22534475 -0.36437979 -0.35137036
v 0.27547136 -0.38245514 -0.29229403
v 0.24365464 0.44998297 0.56175578
v 0.29007861 0.44454616 0.52553672
v 0.28753865 0.40637383 0.55061722
v -0.40887892 0.08881023 -0.01544490
v -0.43193498 0.08352766 -0.00656225
v -0.43423423 0.09326773 -0.00434865
v -0.40889642 0.09838791 -0.01298399
v -0.46771812 0.09883984 -0.06739660
v -0.45653248 0.12059552 -0.04738682
v -0.45357272 0.13797283 -0.04696473
v -0.45541859 0.13839030 -0.06704793
v 0.24149652 0.40679148 0.58093214
v 0.56996876 0.22834520 -0.13741827
v 0.56747693 0.21198183 -0.14424738
v 0.57052261 0.20278272 -0.13113964
v 0.56954634 0.21803547 -0.12719432
v 0.54341531 0.11466868 -0.12729377
v 0.54079401 0.16166998 -0.13777399
v 0.55191022 0.17737648 -0.14088809
v 0.55151594 0.16433519 -0.13762589
v 0.53522933 0.05272826 -0.10198346
v 0.53162658 0.05706784 -0.09856601
v 0.54002440 0.08461596 -0.11191349
v 0.54444462 0.08248156 -0.11663748
v 0.45056471 -0.06381662 0.04541704
v 0.46726170 -0.04892953 0.03429411
v 0.46822995 -0.06442161 0.02571963
v 0.44181964 -0.07462049 0.03570199
v 0.42344189 -0.06780523 0.02966201
v 0.45078433 -0.07280277 0.00485889
v 0.44617900 -0.05473140 -0.00121089
v 0.42390698 -0.05375751 0.01841960
v 0.55095142 0.29258612 -0.04366079
v 0.55016088 0.27585155 -0.04149008
v 0.53847665 0.27269343 -0.02474392
v 0.54132926 0.28921229 -0.02374017
v 0.45097238 0.09137359 -0.10314308
v 0.43817523 0.05013128 -0.08748934
v 0.47649428 0.07642814 -0.10216329
v 0.47891989 0.09360874 -0.10653322
v 0.52725315 0.22607015 -0.09672649
v 0.53369159 0.23120873 -0.11583292
v 0.53405511 0.21816333 -0.12305773
v 0.52727652 0.20831817 -0.10711701
v 0.54712421 0.24009925 -0.14433262
v 0.54493624 0.22162098 -0.15391144
v 0.44070235 -0.00758952 0.05621530
v 0.43850878 0.01478802 0.06199896
v 0.44217613 0.02507056 0.05435518
v 0.44501731 0.01923671 0.04745905
v 0.43618289 0.09486776 -0.04934411
v 0.43905774 0.12559693 -0.03733970
v 0.51178730 -0.00954698 -0.06445418
v 0.51166970 0.00221948 -0.06069063
v 0.52369159 0.02570547 -0.08333733
v 0.52423924 0.01732738 -0.08861689
v 0.50149864 0.01898633 -0.04902886
v 0.51510578 0.03227935 -0.07232679
v 0.52103764 0.03573124 -0.08365747
v 0.51326591 0.02356602 -0.07053491
v 0.55334330 0.25034186 -0.09244875
v 0.54246289 0.26595283 -0.06301246
v 0.54707688 0.26380834 -0.06054657
v 0.55615604 0.24794090 -0.09222073
v 0.49675399 0.16271235 -0.10212789
v 0.49227017 0.19344953 -0.08986837
v 0.48276970 0.19166662 -0.08863390
v 0.48680046 0.16494599 -0.09891559
v 0.54868436 0.22472095 -0.13156107
v 0.55018163 0.20844577 -0.13751423
v 0.53510505 0.20175764 -0.13086368
v 0.46924162 0.21284217 -0.03120498
v 0.47288626 0.21765314 -0.03932941
v 0.47421312 0.20708223 -0.04263049
v 0.47319156 0.19943133 -0.03469202
v 0.46714875 -0.07291302 0.00640706
v 0.42593098 -0.00728231 -0.04612578
v 0.43638510 -0.00462146 -0.05374812
v 0.45390600 0.01903096 -0.07273126
v 0.44462126 0.02963803 -0.07483169
v 0.42441502 -0.05477584 0.05719087
v 0.44217360 -0.05266159 0.05803999
v 0.44683897 -0.05966387 0.05117166
v 0.42809159 -0.06596875 0.04865091
v 0.48804846 0.23946814 -0.03915150
v 0.50118172 0.23559389 -0.05269918
v 0.49060330 0.22926372 -0.04802579
v 0.48028257 0.23202029 -0.03865522
v 0.53361201 0.14996588 -0.12663874
v 0.52808541 0.19093198 -0.11610115
v 0.53965545 0.09392561 -0.08811174
v 0.53948492 0.09408116 -0.10734319
v 0.53346902 0.06919841 -0.09610846
v -0.17773120 -0.12343713 -0.39907312
v -0.08906057 -0.12137853 -0.43045792
v -0.08665790 -0.19681379 -0.41927108
v -0.16898297 -0.20820287 -0.38368097
v 0.53457004 0.07058447 -0.07815456
v 0.53674155 0.14381778 -0.08957893
v 0.53556842 0.14353520 -0.11175214
v 0.55496728 0.19931141 -0.12716481
v 0.55247670 0.16155490 -0.12832966
v 0.55516201 0.20225196 -0.13300920
v 0.47307378 0.21938893 -0.07484721
v 0.47126627 0.24628411 -0.10030267
v 0.46338704 0.20821671 -0.11296342
v 0.47306412 0.20612130 -0.08426858
v 0.44746336 0.05037994 0.05025208
v 0.45515537 0.06408968 0.04121239
v 0.44657293 0.04980191 0.03239034
v 0.44435939 0.03582842 0.03585711
v 0.45807171 0.00545377 -0.06522744
v 0.44190702 -0.01188897 -0.04835334
v 0.44482458 -0.01530255 -0.04420557
v 0.46099597 -0.00524558 -0.05606083
v 0.51485527 0.24278159 -0.06450689
v 0.51459187 0.20999295 -0.06931163
v 0.50619078 0.21009006 -0.06132224
v 0.48650947 0.03467543 0.00811540
v 0.49026307 0.04314945 -0.00591967
v 0.49500394 0.02192383 -0.01669145
v 0.48857769 0.00942153 -0.00497170
v 0.49206170 -0.04781821 -0.02583183
v 0.47642294 -0.05149495 -0.03056163
v 0.46293566 -0.06484582 -0.01126134
v 0.48018807 -0.06368671 -0.00840284
v 0.44462556 0.02939360 0.04291682
v 0.44421485 0.03391349 0.05198019
v 0.51038694 0.16408235 -0.11478575
v 0.50683051 0.20150718 -0.09966232
v 0.52577043 0.19824776 -0.09187412
v 0.52785486 0.18346386 -0.09880089
v 0.45752406 0.12805162 0.00958871
v 0.44385123 0.13187666 0.00041237
v 0.44530186 0.12691084 0.00036568
v 0.46179998 0.11803795 0.01186946
v 0.46140134 0.12748814 0.01960178
v 0.46514043 0.11757671 0.02119882
v 0.46381468 0.11613432 0.02923663
v 0.46122998 0.12176829 0.02958362
v 0.44059765 0.13296166 -0.00569653
v 0.44193831 0.13137731 -0.00217825
v 0.44314638 0.13471192 -0.00411293
v 0.46363983 0.14817326 -0.07826998
v 0.47067752 0.10154525 -0.08976984
v 0.46197107 0.09763848 -0.08053713
v 0.44915968 0.14249960 -0.07715094
v 0.53885925 0.10038102 -0.11905584
v 0.51895440 0.26877043 0.00329952
v 0.50866634 0.27862078 0.00210220
v 0.52387279 0.29761365 -0.02615709
v 0.44777042 0.04710607 -0.02579790
v 0.46859473 0.05162819 -0.00512301
v 0.46041188 0.04965387 0.00426050
v 0.44865242 0.04347671 -0.01481135
v 0.44517019 0.07538466 0.01249823
v 0.43294165 0.05430374 0.01699681
v 0.45639321 0.06658754 0.02404823
v 0.46007106 0.16436130 0.01978260
v 0.45045146 0.14024201 0.00063548
v 0.45601577 0.13466650 0.01129692
v 0.45760688 0.13723266 0.02050718
v 0.53631312 0.04785242 -0.10826700
v 0.54528326 0.07984654 -0.12480690
v 0.53513169 0.07766726 -0.13366874
v 0.52584666 0.04352985 -0.11611467
v 0.43046784 -0.03170043 0.06542638
v 0.40894762 -0.04741727 0.04560281
v 0.43047902 -0.01163436 0.07061002
v 0.57080185 0.27168524 -0.10227222
v 0.54955667 0.28508645 -0.10351849
v 0.54950196 0.27174535 -0.11968333
v 0.57141060 0.25819796 -0.11649382
v 0.43933007 0.17341235 -0.04381581
v 0.43718305 0.16168417 -0.04053805
v 0.44315347 0.16871168 -0.03014576
v 0.44528884 0.17983148 -0.03139576
v 0.30953518 -0.03904203 -0.29948604
v 0.36688784 -0.04449301 -0.18395723
v 0.38679895 0.04336464 -0.23114657
v 0.33816683 0.04545356 -0.32939976
v 0.49929643 -0.02989498 -0.02351492
v 0.49355933 -0.04234811 -0.00624481
v 0.47517580 0.21154474 0.02953534
v 0.47268742 0.22536029 0.03905581
v 0.48098624 0.25851604 0.03063187
v 0.48519877 0.23688702 0.02852420
v 0.54564637 0.17146192 -0.15884602
v 0.56347108 0.16687857 -0.14637740
v 0.48776335 0.24271691 -0.02589879
v 0.51026416 0.26331130 -0.04261375
v 0.49588129 0.24774988 -0.04015607
v 0.48479432 0.23912638 -0.03077130
v 0.47970098 0.19594750 -0.00804561
v 0.48467112 0.20339622 -0.00608739
v 0.47655901 0.20769623 -0.01016749
v 0.46962667 0.19943810 -0.01087933
v 0.47629055 0.25746033 0.04946058
v 0.48173562 0.28873885 0.02906627
v 0.41606632 -0.00684977 -0.04797300
v 0.48422077 0.20366845 0.01141097
v 0.49079147 0.22027674 0.01515841
v 0.49156958 0.21399456 -0.00239881
v -0.27834052 -0.34978861 -0.27179027
v -0.25059927 -0.29901373 -0.30152106
v -0.23982812 -0.37323490 -0.33948705
v -0.28501987 -0.39635679 -0.27768791
v 0.43757078 0.01976736 0.07445246
v 0.44130445 0.03105438 0.06212510
v 0.48005620 0.23338826 -0.03009062
v 0.47513080 0.22641605 -0.03005876
v 0.46718031 0.20392297 -0.02394175
v 0.46752363 0.19281842 -0.03159611
v 0.50794321 0.15035772 -0.06760138
v 0.51759011 0.10149208 -0.07905095
v 0.41540390 0.04140818 -0.14567943
v 0.40116623 -0.04672492 -0.05712780
v 0.47034764 0.20881185 -0.01198746
v 0.47079739 0.20991686 -0.01491925
v 0.46616232 0.20448124 -0.01765419
v 0.46433076 0.20193675 -0.01361079
v 0.48481354 -0.05340968 0.00818215
v 0.50187933 0.18788601 -0.05475349
v 0.47928625 0.17915975 -0.04371358
v 0.48357549 0.19129460 -0.04400939
v 0.54693925 0.11183506 -0.11987332
v 0.55571455 0.16146906 -0.12625331
v 0.56416440 0.16321953 -0.13524926
v 0.55300689 0.11091163 -0.12645802
v 0.41477457 -0.05842187 0.03821207
v 0.43177846 0.15701739 -0.04739605
v 0.44007790 0.14657927 -0.03847785
v 0.45466378 0.18354337 -0.03188959
v 0.45801541 0.19470447 -0.02203139
v 0.44395858 0.04985736 0.06339135
v 0.54465926 0.25042072 -0.11482745
v 0.54706055 0.23832618 -0.12366385
v 0.53280723 0.24182372 -0.10837000
v 0.53190130 0.24940029 -0.09860629
v 0.53068668 0.25951898 -0.08044261
v 0.53300226 0.26784584 -0.07636786
v 0.54042035 0.25957802 -0.10247667
v 0.47104007 0.18658412 -0.03822066
v 0.47793055 0.19420590 -0.03904624
v 0.47874469 0.02539353 0.01761125
v 0.48002696 -0.01215333 0.01111296
v 0.52489132 0.04908638 -0.08051888
v 0.52370995 0.05573411 -0.06293324
v 0.52272719 0.11121820 -0.14138399
v 0.52099597 0.16885428 -0.15031515
v 0.51727861 0.16559494 -0.12967546
v 0.51750064 0.11135732 -0.12845437
v 0.48132908 0.12753019 -0.10439135
v 0.45794070 0.14145470 -0.10784931
v 0.46143603 0.12910844 0.03391887
v 0.45470050 0.15349805 0.04572703
v 0.44994950 0.18269177 -0.03308716
v 0.45388049 0.19198716 -0.02152893
v 0.48327556 0.02065494 -0.08173165
v 0.45785302 -0.02257165 -0.03485154
v 0.48253459 0.00718750 -0.07132460
v 0.43340769 -0.02461901 -0.02093846
v 0.43124825 -0.02997924 -0.00594675
v 0.44651300 -0.03121292 -0.01644316
v 0.50360215 0.03180343 -0.04385949
v 0.51479220 0.03705937 -0.06181109
v 0.43952504 0.13037546 -0.01033697
v 0.43186626 0.12000557 -0.01972761
v 0.43532524 0.12729853 -0.00807594
v 0.52910948 0.14524011 -0.07477798
v 0.53393406 0.09718028 -0.07745891
v 0.48531753 0.21603121 -0.00883030
v 0.46087256 0.15867241 -0.01135031
v 0.47321337 0.17807563 0.00183449
v 0.50499684 0.23994607 -0.00162589
v 0.49376687 0.22893415 -0.00870665
v 0.49118859 0.22229272 -0.00780515
v 0.49814779 0.22639923 -0.00033007
v 0.40671101 0.06522448 -0.01655164
v 0.42402714 0.05658145 -0.00373797
v 0.43293142 0.07855679 -0.00065939
v 0.52547020 0.26813304 -0.06513064
v 0.52475888 0.25505671 -0.07436489
v 0.51501948 0.20667320 -0.11367626
v 0.47703636 0.21940015 -0.04572391
v 0.48074922 0.20960645 -0.04964272
v 0.48153275 0.30260715 -0.06552144
v 0.47898749 0.28407738 -0.04428916
v 0.48145446 0.28409174 -0.03743098
v 0.48459816 0.31884336 -0.03629927
v 0.42696694 -0.04517487 0.01294327
v 0.44295612 -0.04357518 -0.00302853
v 0.44172406 -0.03681388 -0.00567384
v 0.42920926 -0.03736526 0.00581471
v 0.45656535 0.04783405 0.00766496
v 0.44854814 0.04147667 -0.00828213
v 0.52938569 0.05668737 -0.09907187
v 0.52732188 0.05156045 -0.09237598
v 0.53546280 0.07507411 -0.10709666
v 0.53717357 0.08283217 -0.11356006
v 0.45154807 0.17359735 -0.05479168
v 0.43886930 0.17224516 -0.05859989
v 0.49348265 0.23936792 -0.05486267
v 0.50837207 0.25349331 -0.06447846
v 0.50030667 0.27179420 -0.04268078
v 0.48966652 0.25951022 -0.04199103
v 0.52036941 0.21369979 -0.13338415
v 0.47971302 0.20106149 -0.04626799
v 0.48513854 0.20207952 -0.05110529
v 0.47764963 0.20334545 -0.04469106
v 0.46355036 0.19410256 -0.01240175
v 0.47292843 0.18872178 -0.01154003
v 0.49997765 0.24136232 -0.01337854
v 0.52497393 0.26318720 -0.03151986
v 0.51975745 0.26068509 -0.03483720
v 0.49873459 0.24389131 -0.01733519
v 0.47346824 0.21855018 -0.02190524
v 0.07850891 -0.04609484 -0.46437624
v 0.09007260 0.01232938 -0.51005530
v -0.25429323 0.44860461 0.55934912
v -0.30075502 0.44269940 0.52280009
v -0.29757839 0.40340996 0.54897809
v -0.25192219 0.40508902 0.57917190
v 0.49220073 0.28001094 0.00328097
v 0.49729255 0.28891781 -0.02089975
v 0.50538594 0.29321864 -0.02409039
v 0.49718043 0.28397730 -0.00280485
v 0.53024232 0.24173498 -0.09569225
v 0.55626416 0.21833664 -0.12651239
v 0.44691753 0.13783732 -0.02570017
v 0.43612057 0.11505571 -0.02651058
v 0.39030606 0.10682514 -0.02620425
v 0.39067429 0.11480286 -0.02427321
v 0.39604732 0.11188668 -0.03229078
v 0.39536247 0.10360529 -0.03523797
v 0.41216761 0.07141274 -0.04231941
v 0.42517358 0.06563932 -0.02896809
v 0.42046818 0.05380106 -0.01736426
v 0.40668225 0.05646579 -0.03524396
v 0.38930610 0.08526580 -0.03091015
v 0.39003435 0.09680338 -0.02778271
v 0.39515999 0.09185894 -0.03803255
v 0.39400655 0.07963994 -0.04328604
v 0.52231807 0.26830336 -0.05214626
v 0.53589076 0.26900950 -0.06316284
v 0.55970734 0.21294267 -0.12077754
v 0.55906087 0.19883925 -0.12514895
v 0.55461180 0.24478428 -0.10935602
v 0.55600649 0.23238184 -0.11824833
v 0.46019408 0.07993592 0.04218782
v 0.46333590 0.08100267 0.02987317
v 0.46134102 0.07127257 0.03060709
v 0.56895983 0.23169269 -0.11977835
v 0.57123822 0.24323604 -0.12790884
v 0.44378877 -0.02972609 0.05781208
v 0.43809992 -0.03940388 0.06354082
v 0.28737283 -0.45628563 0.09662888
v 0.33887357 -0.42381388 0.02256276
v 0.33663207 -0.48139209 0.02071505
v 0.28370857 -0.51489043 0.08905559
v 0.50765479 0.25439560 0.01112378
v 0.49995881 0.26846987 0.01363111
v 0.38933837 0.07447668 -0.02541062
v 0.38991451 0.07005926 -0.03447827
v 0.40345106 0.05581930 -0.02696317
v 0.41697088 0.10416500 -0.00849874
v 0.39299864 0.10681334 -0.01618744
v 0.41469747 0.08292975 -0.04100892
v 0.41421491 0.11664658 -0.02664996
v 0.41412947 0.12411176 -0.01714493
v 0.42908287 0.04173367 0.01231504
v 0.43863454 0.03663361 -0.00098346
v 0.44778588 0.03575370 0.02067695
v 0.39436823 0.06498396 -0.04380731
v 0.45272678 0.17908193 -0.04281841
v 0.42848948 0.08841282 -0.03445088
v 0.43973985 0.07452392 -0.04103747
v 0.44000244 0.06193251 -0.03314184
v 0.42836753 0.07599716 -0.03412560
v 0.49429238 0.01637347 -0.02910710
v 0.49793583 0.02797177 -0.02882532
v 0.44713584 0.05105867 -0.03956699
v 0.47275311 0.05198025 -0.02529897
v 0.44646475 0.15532091 -0.03053993
v 0.46151268 0.17433456 -0.01927489
v 0.43965057 0.13243262 -0.01002555
v 0.42888954 0.10305956 -0.02984739
v 0.43761063 0.08895741 -0.03972146
v 0.41650906 0.11266506 -0.00852598
v 0.43805331 0.11345308 -0.00214549
v 0.43671167 0.11983802 -0.00459180
v 0.41541547 0.11872949 -0.01039208
v 0.49571678 0.20997833 -0.05661111
v 0.49266505 0.25624430 0.02196947
v 0.50069553 0.23773600 0.01449257
v 0.49639875 0.32901034 -0.14092655
v 0.48158270 0.27753127 -0.17315720
v 0.47848728 0.28085443 -0.08926531
v 0.41487229 0.09507061 -0.03836498
v 0.39391413 0.11987291 -0.02271475
v 0.39496809 0.11824321 -0.01466793
v 0.52108431 0.03328557 -0.08206809
v 0.45298535 0.03514950 0.02498787
v 0.45271453 0.18381463 -0.01789433
v 0.51755863 0.07879575 -0.12851486
v 0.50935990 0.04663306 -0.11313306
v 0.45144495 0.18956849 -0.02010166
v 0.45673102 0.19564287 -0.01519486
v 0.44453818 0.03815740 -0.00581362
v 0.45348808 0.04205796 0.01380249
v 0.45966977 0.19788551 -0.01464452
v 0.46046337 0.07799202 0.02147913
v 0.52323306 0.20791559 -0.08649112
v 0.46485510 -0.03920608 -0.03506878
v 0.45451984 -0.04751521 -0.01609526
v 0.39415279 0.11340893 -0.01479934
v 0.41693011 0.05160709 -0.01592369
v 0.41546038 0.10705334 -0.03326976
v 0.45074007 0.10147303 0.00876416
v 0.44877735 0.08800574 0.01112289
v 0.46281853 0.09159939 0.01992441
v 0.47860092 0.05312070 -0.03805716
v 0.45044497 0.06105429 -0.05298951
v 0.45778656 0.06543694 -0.06786010
v 0.48890287 0.05666094 -0.05020131
v 0.49917877 0.01749684 -0.09724490
v 0.48842534 -0.00820005 -0.07488613
v 0.50261784 -0.01366719 -0.07077722
v 0.51525658 0.01217568 -0.09534949
v 0.50300288 0.42525321 -0.19167086
v 0.50346065 0.36599025 -0.09526290
v 0.51411653 0.46715325 -0.11736006
v 0.52227688 0.26338795 -0.10070201
v 0.52128160 0.24824049 -0.11120500
v 0.55007172 0.25583974 -0.13266189
v 0.48225340 0.30763087 -0.00201419
v 0.48167455 0.28437927 -0.02678661
v 0.48841825 0.28867730 -0.01627079
v 0.53932256 0.11098029 -0.14942458
v 0.46887016 0.18685509 0.02574878
v 0.47854173 0.18999571 0.00698125
v 0.47793946 0.02912266 -0.08588123
v 0.49891606 0.04795922 -0.03240286
v 0.51049924 0.04877961 -0.04738342
v 0.55870277 0.27305165 -0.06046056
v 0.53826129 0.26663795 -0.04433909
v 0.07579923 -0.54050624 0.26470286
v 0.07452982 -0.58089960 0.23357801
v 0.04750083 0.07750809 0.65889394
v 0.05652444 0.07607393 0.65012151
v 0.04937799 0.08743905 0.64357215
v 0.04533759 0.08795542 0.64798838
v 0.05020911 0.02304699 0.65154886
v 0.04736133 0.03217340 0.64581150
v 0.05439739 0.03069431 0.64051020
v 0.05934582 0.02341070 0.64593971
v 0.03130485 0.08676748 0.64397669
v 0.02266999 0.07055083 0.66069055
v 0.03018808 0.07641026 0.66848826
v 0.03708914 0.09017278 0.64821285
v 0.55773789 0.29007328 -0.06524747
v 0.07381457 0.02365338 0.64875603
v 0.06695007 0.03279804 0.64215988
v 0.07103613 0.03704510 0.65404028
v 0.08284514 0.02982529 0.66185647
v 0.02128845 0.02993777 0.70070654
v 0.03011578 0.04185437 0.70136350
v 0.02125700 0.03645471 0.68626153
v 0.02056103 0.02558456 0.68406558
v 0.04278446 0.04557326 0.69813156
v 0.05568592 0.04442185 0.70975906
v 0.06709798 0.04527363 0.69892585
v 0.05292897 0.04560545 0.68841720
v 0.02618864 0.04912531 0.65757161
v 0.03006860 0.03717082 0.66445768
v 0.01984711 0.05033360 0.67830509
v 0.06976876 0.04911838 0.64272404
v 0.06372532 0.04286348 0.63480037
v 0.05676461 0.06501114 0.63028574
v 0.06186280 0.06916420 0.63534153
v 0.30825984 -0.36481756 0.10988665
v 0.34567386 -0.34663674 0.02550353
v 0.21504959 0.17352580 0.54021561
v 0.21043132 0.15579732 0.54651147
v 0.18338141 0.16180514 0.55016309
v 0.18874554 0.17763293 0.54475236
v 0.46719944 0.10545316 0.02519632
v 0.46397471 0.11011110 0.03206177
v 0.52078664 0.23104140 -0.12183493
v 0.55241013 0.25432789 -0.09662965
v 0.52276278 0.27524281 -0.08696476
v 0.51508963 0.28894347 -0.05659614
v 0.50806427 0.27863932 -0.04912935
v 0.51512372 0.26338175 -0.07477777
v 0.56877178 0.25548577 -0.09603075
v 0.46017849 0.02749388 0.02967818
v 0.51646650 0.18313567 -0.06273811
v 0.50957584 0.29318708 -0.04030034
v 0.53218275 0.30210581 -0.04465712
v 0.54367292 0.11289360 -0.12048291
v 0.56930846 0.24435511 -0.10883638
v 0.55766517 0.23748595 -0.10372111
v 0.51616442 0.25335184 -0.00487771
v 0.46682468 0.08121208 -0.08316898
v 0.51051384 0.07968661 -0.07220560
v 0.50040859 0.06417697 -0.06075592
v -0.57870269 0.23022591 -0.14407288
v -0.57707560 0.21286099 -0.15071024
v -0.57884473 0.20332217 -0.13625869
v -0.57843566 0.21834999 -0.13204472
v -0.55195659 0.11541297 -0.12861142
v -0.55180937 0.16162138 -0.13981459
v -0.56206304 0.17746443 -0.14395979
v -0.56209230 0.16416588 -0.13997558
v 0.46349001 0.06893422 -0.07651330
v 0.43257046 0.16693135 -0.05814901
v 0.44297531 0.05356048 0.07778098
v 0.49176383 -0.01033842 -0.01066275
v -0.54714215 0.05047996 -0.10380992
v -0.54436612 0.05506580 -0.10036532
v -0.55188298 0.08328947 -0.11352439
v -0.55652767 0.08009882 -0.11894054
v 0.49586892 -0.00527728 -0.02753131
v 0.17736533 -0.04257063 -0.43009713
v 0.19969672 0.02238477 -0.47021770
v 0.55323619 0.11064037 -0.13710333
v 0.52172035 0.26370263 -0.06117656
v 0.47162002 0.02614086 0.02395223
v 0.46339837 -0.01065572 0.02724210
v 0.45472947 -0.00836956 0.03789771
v 0.48337850 0.20452212 -0.05114004
v 0.47325611 0.03746549 -0.08768141
v 0.47324324 0.05373717 -0.09440825
v 0.39631581 0.11725941 -0.03052091
v 0.48417887 0.00018750 -0.07162701
v 0.46205845 -0.03079818 -0.03463759
v 0.36189893 -0.32586098 -0.05655462
v 0.34225231 -0.30272993 -0.14761674
v -0.46258610 -0.05978971 0.04547536
v -0.48016924 -0.04613532 0.03541837
v -0.48022050 -0.06046480 0.02776379
v -0.45400029 -0.07097022 0.03713885
v 0.34557417 -0.36963886 -0.14315829
v 0.35969138 -0.39626342 -0.05689317
v 0.45267728 0.14251585 0.07077752
v 0.45836097 0.09707311 0.05455019
v 0.45251903 0.08977418 0.06663308
v 0.16350415 -0.48141712 0.24000078
v 0.14287016 -0.54825103 0.20498368
v 0.44923326 0.05634629 0.10204828
v 0.45186707 0.05029659 0.16804910
v 0.45971170 0.15084440 0.16943543
v 0.45632049 0.11808234 0.10662828
v 0.38286778 0.34384549 0.40311602
v 0.39454916 0.35156602 0.37281704
v 0.39941728 0.28837112 0.37131354
v 0.38546744 0.29450321 0.39719626
v 0.12019149 0.71005851 0.51126826
v 0.05646173 0.71415353 0.52436125
v 0.05547692 0.76191854 0.49110591
v 0.12096436 0.75623322 0.47629467
v 0.21588513 0.06723274 -0.50434315
v 0.22989681 0.13123581 -0.53635937
v 0.10708974 0.11186265 -0.58074641
v 0.09848766 0.05265749 -0.54560649
v 0.12459765 0.87583268 0.34027034
v 0.05693316 0.88491362 0.35714015
v 0.05775175 0.91791695 0.29300180
v -0.43710440 -0.06650719 0.03353348
v -0.46178138 -0.06898630 0.00956732
v -0.45745102 -0.05287392 0.00507957
v -0.43824831 -0.05367607 0.02478239
v 0.12595901 0.90628237 0.27750924
v 0.34190431 0.16025200 0.48435426
v 0.35658336 0.12273101 0.48511752
v 0.33188495 0.11919322 0.50878131
v 0.31943214 0.15714820 0.50327283
v 0.45994267 -0.04110096 0.04116970
v 0.45298189 -0.03629250 0.04805978
v -0.56205380 0.29505220 -0.04795703
v -0.56111956 0.27791184 -0.04600842
v -0.54908943 0.27462482 -0.02987258
v -0.55237597 0.29201281 -0.02744615
v -0.46528023 0.08841495 -0.09808490
v -0.45232937 0.04580817 -0.08307279
v -0.48975131 0.07241902 -0.10057062
v -0.49040833 0.09144805 -0.10601030
v 0.05864890 0.94517052 0.21711494
v 0.12763591 0.93187928 0.20390797
v 0.07215666 0.21850371 0.58536261
v -0.53726357 0.22754385 -0.10074590
v -0.54325145 0.23257588 -0.11987859
v -0.54493332 0.21861356 -0.12626421
v -0.53892505 0.20894012 -0.11010045
v -0.55618018 0.24190021 -0.15027213
v -0.55391818 0.22283250 -0.16014102
v -0.45376340 -0.00848723 0.05753945
v -0.45128399 0.01365864 0.06334781
v -0.45602852 0.02458241 0.05547147
v -0.45848927 0.01891035 0.04808769
v -0.45582834 0.09571280 -0.04794391
v -0.45987841 0.12464087 -0.03705317
v -0.52431363 -0.01003927 -0.06270190
v -0.52537346 0.00132566 -0.05970304
v -0.53629184 0.02386522 -0.08411050
v -0.53602314 0.01583208 -0.08870990
v 0.07446920 0.23083952 0.56967092
v 0.09800727 0.20849933 0.56190521
v 0.09628267 0.19560355 0.57528961
v 0.04371864 0.53115839 0.60253274
v 0.04943598 0.58559215 0.58602017
v 0.10699089 0.58769155 0.57508844
v 0.09825902 0.53446203 0.59443909
v 0.12735161 0.19126758 0.55348915
v 0.12385075 0.17928435 0.56332666
v 0.05560352 0.80668175 0.45156121
v 0.12241154 0.80033135 0.43511948
v 0.12228943 0.97354317 -0.11930820
v -0.51513571 0.01781740 -0.04958026
v -0.52769667 0.03136164 -0.07418118
v -0.53378564 0.03437298 -0.08497739
v -0.52639067 0.02227767 -0.07142209
v 0.12480222 0.97356474 -0.06409457
v 0.05498798 0.98827690 -0.06706984
v -0.56205797 0.25214615 -0.09768017
v -0.55177796 0.26752812 -0.06805652
v -0.55583757 0.26534742 -0.06611577
v -0.56456065 0.24978131 -0.09749486
v 0.06215360 0.98543930 -0.14793332
v 0.42077348 0.15717430 -0.27891371
v 0.44057113 0.14926390 -0.18076506
v 0.46232438 0.22324489 -0.18899654
v 0.45390463 0.25721309 -0.29415789
v 0.23220842 -0.43526399 0.18537807
v 0.21551530 -0.50303012 0.15747631
v -0.50926811 0.16232580 -0.10071759
v -0.50286317 0.19441849 -0.08837990
v -0.49348199 0.19283213 -0.08717209
v -0.49824315 0.16556460 -0.09877796
v -0.55877626 0.22499320 -0.13512523
v -0.56054842 0.20849943 -0.14057311
v -0.54600471 0.20213304 -0.13373266
v -0.48342463 0.21462102 -0.03587547
v -0.48789316 0.21735594 -0.04325307
v -0.48981598 0.20773979 -0.04671692
v -0.48578298 0.20041157 -0.03957479
v -0.47928879 -0.06997096 0.00966995
v -0.44128412 -0.01251893 -0.03942958
v -0.45158178 -0.01105443 -0.04874905
v -0.46704841 0.01319586 -0.06981045
v -0.45925495 0.02369106 -0.07108907
v 0.33557370 0.48795265 0.45167583
v 0.34536070 0.52304137 0.42484081
v 0.37026748 0.47853136 0.40081123
v 0.35768050 0.44936725 0.42971301
v 0.03520750 0.44465455 0.62689757
v 0.08413265 0.44672328 0.62477261
v 0.07291681 0.40524745 0.62707579
v 0.03075923 0.40404382 0.62810534
v -0.43772385 -0.05478819 0.05804351
v -0.45509335 -0.05012074 0.05686275
v -0.45960087 -0.05646349 0.05031500
v -0.44089219 -0.06390881 0.04884756
v 0.38446099 0.24665983 0.39980358
v 0.40173140 0.22864853 0.38084903
v 0.39665091 0.17522404 0.41109407
v 0.37752834 0.20113353 0.42400432
v 0.35810798 0.16886947 0.46392724
v -0.50397295 0.23928237 -0.04286017
v -0.51647669 0.23634048 -0.05666853
v -0.50621819 0.22975916 -0.05219747
v -0.49667555 0.23183912 -0.04247012
v 0.37405857 0.13298397 0.46179804
v -0.54622865 0.14990158 -0.12765788
v -0.53973359 0.19154839 -0.11803710
v 0.11520273 0.64861721 0.54893571
v 0.05369558 0.65057278 0.56088108
v 0.38714588 0.41929504 0.38137370
v 0.37391028 0.39926797 0.41265845
v 0.05391093 0.23855689 0.59928823
v 0.05885809 0.24883801 0.57931018
v 0.04238157 0.28067201 0.59705752
v -0.55238909 0.09436137 -0.09098136
v -0.55134922 0.09418580 -0.10962646
v -0.54558033 0.06956710 -0.09900843
v -0.54713637 0.07067311 -0.08061457
v 0.02326548 0.27357456 0.62827319
v 0.02123008 0.29801360 0.61833018
v 0.04006039 0.29969683 0.59998590
v 0.20927562 0.53578019 0.54878050
v 0.21918382 0.58404702 0.52655327
v 0.26682204 0.57572442 0.49162263
v 0.25822681 0.53122413 0.51579970
v 0.12357557 0.83982503 0.39131477
v -0.55001217 0.14402229 -0.09252172
v -0.54815215 0.14347278 -0.11346136
v 0.05605384 0.84728414 0.40823600
v 0.02380588 0.35594472 0.62002474
v 0.05367127 0.35706231 0.61250800
v 0.04503587 0.33612648 0.60504037
v -0.56536627 0.19932649 -0.12995251
v -0.56352127 0.16127667 -0.13025773
v -0.56521851 0.20265049 -0.13602825
v -0.48588771 0.21960066 -0.07145619
v -0.48214298 0.24483663 -0.09510572
v -0.47581550 0.20614494 -0.10638952
v -0.48622799 0.20540234 -0.08019064
v 0.02228436 0.33545110 0.61572236
v 0.15172364 0.16901502 0.55539221
v 0.15644155 0.18297817 0.54867226
v 0.41001937 -0.04145435 0.01429678
v 0.41717798 -0.04900879 0.02151721
v 0.47446766 0.25435507 0.09107853
v 0.45836765 0.18683094 0.10154657
v 0.46572194 0.23617285 0.16495143
v 0.46682188 0.32085115 0.15019369
v 0.47433260 0.39610857 0.12765440
v 0.48475620 0.45189267 0.09768523
v 0.48536661 0.35466710 0.04930566
v 0.47944254 0.31293014 0.07537688
v 0.30698523 -0.34995043 -0.21899654
v 0.29294324 -0.28849950 -0.23195127
v 0.02188008 0.25294298 0.64435267
v 0.02181288 0.23361152 0.66018945
v 0.12242029 0.38023752 -0.65079981
v -0.46166167 0.05009662 0.05042155
v -0.46880424 0.06420285 0.04118923
v -0.46243119 0.05076109 0.03293014
v -0.46017838 0.03682628 0.03656498
v 0.11928023 0.29208609 -0.64021748
v 0.24688029 0.31786200 -0.58638072
v 0.24708989 0.40215877 -0.59425366
v 0.39877054 0.09183213 -0.25448972
v -0.47104242 -0.00005660 -0.06163778
v -0.45575538 -0.01720371 -0.04294018
v -0.45874590 -0.01966678 -0.03825906
v -0.47531444 -0.01041617 -0.05145393
v 0.42814755 0.09184431 -0.16551717
v 0.06111784 0.05754044 0.66202742
v 0.04293862 0.08463202 0.63293117
v 0.04513991 0.06309597 0.63188583
v 0.04231950 0.07969257 0.63235587
v 0.06389950 0.04380159 0.67462146
v 0.07903868 0.04083906 0.68422496
v 0.04993013 0.04054100 0.63411599
v 0.04467888 0.04208303 0.63697088
v 0.04083356 0.06507070 0.63345456
v 0.04914900 0.08699367 0.63666052
v 0.00606547 0.01795677 0.71653247
v 0.01035848 0.02667901 0.73564267
v 0.03410775 0.03661855 0.72805136
v 0.02286999 0.02797633 0.71435994
v 0.03028281 0.08170355 0.64189076
v 0.02548069 0.06761058 0.64774239
v 0.02642789 0.05573756 0.68966281
v 0.03891203 0.07766382 0.66559708
v 0.04130423 0.08936139 0.64847076
v 0.03792951 0.05928259 0.68525708
v 0.02976818 0.02464557 0.66780609
v 0.04915694 0.05967159 0.67493182
v -0.52623570 0.24371482 -0.06954205
v -0.52870893 0.21128580 -0.07235043
v -0.52053112 0.21117061 -0.06462102
v -0.50101799 0.03452127 0.00762319
v -0.50647587 0.04320326 -0.00577896
v -0.50910944 0.02144598 -0.01694417
v -0.50233954 0.00945399 -0.00496041
v 0.49390775 0.04676612 -0.01862608
v 0.36194536 -0.24947339 0.06506154
v 0.38610324 -0.15796927 0.03178929
v 0.37644047 -0.15947174 -0.00252176
v -0.50422317 -0.04705148 -0.02251841
v -0.48895520 -0.05205797 -0.02662742
v -0.47640547 -0.06371269 -0.00698744
v -0.49235278 -0.06239955 -0.00505398
v -0.46014884 0.02996541 0.04374004
v -0.45821178 0.03376174 0.05299867
v -0.52091795 0.16399670 -0.11517301
v -0.51636165 0.20301947 -0.10076539
v 0.36089185 -0.25381044 0.01141661
v 0.49805331 0.20008487 -0.05758319
v 0.42092806 0.52246481 0.28431767
v 0.42953017 0.59476310 0.22797075
v 0.46799046 0.52420354 0.15475935
v -0.53809237 0.19943801 -0.09479984
v -0.54005003 0.18425262 -0.10121576
v 0.46165571 0.45715186 0.18479876
v 0.43173876 0.65603131 0.17689738
v 0.47307467 0.59255511 0.11014655
v 0.49959323 0.51700598 0.04907360
v 0.50464606 0.38792458 -0.04096095
v 0.25982672 0.25858715 0.52278829
v 0.26199064 0.25681281 0.52240801
v 0.25260976 0.25428846 0.52999187
v -0.47342446 0.12606566 0.01024818
v -0.46031830 0.13018456 0.00166193
v -0.46206871 0.12535159 0.00196116
v -0.47791302 0.11622972 0.01270287
v 0.25091550 0.25639531 0.53046983
v 0.25705913 0.25911799 0.52118891
v 0.24889277 0.25779328 0.52707690
v -0.47643638 0.12502755 0.01978008
v -0.48025665 0.11535090 0.02146759
v -0.47855142 0.11403120 0.02933351
v -0.47597542 0.11946981 0.02952719
v 0.26417097 0.26029751 0.51569980
v 0.26657677 0.26043433 0.51758212
v 0.26817113 0.25862437 0.51681876
v 0.15461695 0.25953659 0.54414123
v 0.15684538 0.26109317 0.53932279
v 0.17201073 0.25756103 0.54640985
v 0.17129986 0.25645927 0.55111736
v 0.15423219 0.25726798 0.54542357
v 0.17288816 0.25339770 0.55120444
v -0.45852536 0.13160244 -0.00419580
v -0.45907819 0.12999827 -0.00071334
v -0.46035579 0.13342945 -0.00310037
v -0.48051372 0.14688298 -0.08007189
v -0.48901129 0.10106897 -0.09095684
v -0.47939026 0.09827215 -0.08022404
v -0.46443102 0.14230740 -0.07722500
v 0.14831430 0.26642707 0.50583607
v 0.14684223 0.26982155 0.50587016
v -0.54869378 0.10087373 -0.12086101
v 0.15473592 0.26091996 0.50794333
v 0.14042608 0.26989874 0.52271861
v 0.13883151 0.27601406 0.52333677
v -0.53169835 0.26977643 -0.00072884
v -0.52171451 0.27967477 -0.00027184
v -0.53577369 0.30019882 -0.02848906
v 0.14338376 0.28045163 0.50730389
v 0.14542070 0.27309027 0.50591999
v 0.14184396 0.26689038 0.52367717
v -0.46789631 0.04946136 -0.02405929
v -0.48856005 0.05481791 -0.00364049
v -0.48028135 0.05248813 0.00619501
v -0.46876147 0.04650445 -0.01280624
v -0.46228239 0.07589579 0.01505394
v -0.45056850 0.05553283 0.01919258
v -0.47192729 0.06737057 0.02526204
v -0.47325656 0.16234156 0.01772763
v -0.46592569 0.13899557 0.00043467
v -0.47121030 0.13209398 0.01147947
v -0.47233295 0.13486414 0.02001944
v -0.54716319 0.04566513 -0.10995106
v -0.55568117 0.07758944 -0.12698431
v -0.54553199 0.07544366 -0.13662484
v -0.53665239 0.04119473 -0.11774938
v 0.13247973 0.26614282 0.52677286
v 0.12991551 0.26892063 0.52535617
v -0.44330499 -0.03235649 0.06719498
v -0.42345303 -0.05091699 0.04889205
v -0.44329020 -0.01405676 0.07331200
v -0.58057195 0.27445757 -0.10813034
v -0.55962771 0.28786755 -0.10806428
v -0.55950910 0.27487499 -0.12483128
v -0.58105600 0.26109347 -0.12305766
v -0.45614260 0.17194146 -0.04313842
v -0.45284414 0.16054913 -0.03968407
v -0.45805258 0.16890435 -0.03046744
v -0.46136633 0.17879701 -0.03184734
v 0.13002537 0.27221978 0.52673513
v 0.20362827 0.24732974 0.55136871
v 0.20603669 0.24302466 0.54938143
v 0.17655638 0.24537034 0.54999733
v 0.17503941 0.24979827 0.55071938
v 0.20157336 0.25078312 0.55253798
v 0.22249724 0.25127512 0.54826397
v 0.22517219 0.24794969 0.54628569
v 0.22687925 0.24389499 0.54369330
v -0.32600129 -0.04459974 -0.28815004
v -0.38142931 -0.05072736 -0.16976599
v -0.40308365 0.03770021 -0.22054166
v -0.35487860 0.04022369 -0.32062984
v -0.51373762 -0.02958007 -0.02053561
v -0.50701469 -0.04109289 -0.00320953
v -0.48999387 0.20857179 0.02587601
v -0.48691460 0.22226514 0.03669543
v -0.49596888 0.25673497 0.02948531
v -0.49954677 0.23486714 0.02665070
v 0.15440679 0.25072765 0.54609591
v 0.15395093 0.25462979 0.54589760
v 0.22825043 0.23947971 0.54052281
v 0.20777597 0.23832095 0.54630119
v -0.55424404 0.17230898 -0.16523214
v -0.57155901 0.16751355 -0.15162103
v 0.17788316 0.24012759 0.54839993
v 0.15443595 0.24682871 0.54648530
v 0.13439445 0.25521061 0.54232466
v 0.13869558 0.25736970 0.54192978
v 0.20838711 0.23335019 0.54356301
v 0.20868963 0.22747418 0.54319108
v 0.17720883 0.22931655 0.54635972
v 0.17770445 0.23469438 0.54638463
v -0.50245720 0.24319252 -0.03079007
v -0.52269089 0.26329863 -0.04801834
v -0.51050967 0.24869885 -0.04435371
v -0.50019968 0.23993784 -0.03443109
v -0.49346524 0.19568534 -0.01014018
v -0.49808672 0.20394519 -0.00890159
v -0.49030417 0.20773134 -0.01220979
v -0.48376372 0.19941626 -0.01249551
v 0.22871478 0.23425274 0.53703189
v 0.22886887 0.22805613 0.53605539
v -0.49086341 0.25465479 0.04628702
v -0.49694228 0.28700954 0.02740698
v 0.27928209 0.25890127 0.50435740
v 0.28277856 0.26115891 0.49956569
v 0.28411847 0.25707102 0.49820656
v -0.42850626 -0.01006496 -0.03827333
v 0.28242713 0.25478080 0.50085938
v 0.30465841 0.23848329 0.47440422
v 0.30995041 0.24747156 0.46945256
v 0.32331795 0.24092007 0.45822304
v -0.49685666 0.20266442 0.00741487
v -0.50428689 0.21906413 0.01083354
v -0.50395519 0.21437176 -0.00669480
v -0.45012075 0.01761414 0.07643371
v -0.45423618 0.02994679 0.06361354
v -0.49509943 0.23385070 -0.03434730
v -0.49020320 0.22689533 -0.03461536
v -0.48129302 0.20470892 -0.02806782
v -0.48162794 0.19221853 -0.03578332
v 0.31568527 0.23129831 0.46631864
v -0.52265555 0.15216275 -0.07207511
v -0.53253728 0.10214280 -0.08242723
v 0.37041560 0.18122023 0.44332975
v 0.32882634 0.21592507 0.46125856
v 0.33834192 0.22628233 0.44859889
v 0.27500856 0.25694621 0.50953925
v 0.26985785 0.25551325 0.51540095
v 0.27335915 0.26016158 0.51115930
v 0.27753025 0.26204240 0.50613278
v 0.27845061 0.25278509 0.50613654
v 0.27245596 0.25119597 0.51280046
v 0.26407510 0.25379843 0.52125037
v 0.26669031 0.24929926 0.51905149
v 0.25705320 0.24693094 0.52723217
v 0.25500259 0.25108087 0.52869481
v 0.24179661 0.24926084 0.53777474
v -0.43020922 0.03646541 -0.13545801
v -0.41138604 -0.05097912 -0.04290863
v 0.23933101 0.25233150 0.53934211
v 0.24342783 0.24494748 0.53574359
v 0.25881204 0.24214673 0.52531469
v 0.24567455 0.24051452 0.53335124
v 0.26932859 0.24434440 0.51581305
v 0.27606490 0.24656682 0.50839174
v 0.28175738 0.24869639 0.50140196
v 0.28607720 0.25096712 0.49621564
v 0.28860840 0.25484425 0.49305129
v 0.28563416 0.24384780 0.49485433
v 0.29067677 0.23889351 0.48880231
v 0.28234440 0.23573387 0.49781507
v 0.27926970 0.24141373 0.50279403
v 0.29110700 0.24700546 0.48891538
v 0.29701862 0.24301964 0.48163989
v -0.48410702 0.20905913 -0.01453468
v -0.48477075 0.21089339 -0.01807618
v -0.48053017 0.20452951 -0.02035601
v -0.47860780 0.20196220 -0.01587164
v 0.27132073 0.23955120 0.51183879
v 0.27320951 0.23399168 0.50769287
v 0.26078326 0.23160279 0.51869440
v 0.25998440 0.23776069 0.52242655
v -0.49796146 -0.05085927 0.01051439
v -0.51646423 0.18952854 -0.05841503
v -0.49576178 0.17933509 -0.04696037
v -0.50125045 0.19119243 -0.04748530
v 0.24815665 0.23572701 0.53034341
v 0.24859841 0.22946686 0.52686340
v -0.55639780 0.11146896 -0.12160874
v -0.56784338 0.16073833 -0.12796479
v -0.57421941 0.16272275 -0.13691443
v -0.56223255 0.11036133 -0.12853758
v 0.19966954 0.25320888 0.55306053
v 0.19884679 0.25425404 0.54992127
v 0.21943627 0.25446823 0.54622602
v 0.22009917 0.25355726 0.54915470
v 0.23687148 0.25471273 0.53961217
v -0.42874017 -0.05902665 0.04214394
v -0.44962743 0.15551436 -0.04659614
v -0.45701718 0.14471883 -0.03774713
v 0.23647653 0.25613502 0.53654259
v 0.21906024 0.24664642 0.53017354
v 0.21339130 0.24954866 0.50507939
v 0.23162946 0.25018364 0.50000989
v 0.23999289 0.24844074 0.52354467
v -0.46804190 0.18214804 -0.03522681
v -0.47286540 0.19431742 -0.02431538
v 0.19530424 0.24513556 0.53309172
v 0.19219594 0.25143924 0.50859308
v 0.17190954 0.24861066 0.53367674
v -0.45747951 0.04854319 0.06402484
v 0.17128809 0.25568184 0.50901651
v 0.15576561 0.25848499 0.53129870
v 0.21424234 0.32678443 0.55929428
v 0.21617058 0.33160371 0.55993843
v 0.24332747 0.32782742 0.55349362
v 0.24055928 0.32259911 0.55318844
v 0.31403807 0.15060735 -0.47309658
v 0.32167768 0.24597180 -0.50389135
v 0.24144427 0.21727574 -0.56461632
v 0.26104212 0.30208489 0.54566294
v 0.26196238 0.30957681 0.54505807
v 0.27671656 0.30221564 0.53389299
v 0.27450803 0.29542801 0.53417861
v 0.25918499 0.29444587 0.54451150
v -0.55499691 0.25043499 -0.11914521
v -0.55700278 0.23872824 -0.12751961
v -0.54446989 0.24230938 -0.11247113
v -0.54403341 0.24969117 -0.10291138
v -0.54133302 0.25936693 -0.08451203
v -0.54328823 0.26877305 -0.08078938
v -0.55146194 0.25937051 -0.10721034
v -0.48724610 0.18565355 -0.04199769
v -0.49424791 0.19395907 -0.04308924
v 0.27166879 0.28893116 0.53177923
v 0.23976135 0.30065480 0.55575705
v -0.49229541 0.02569098 0.01611607
v -0.49370736 -0.01096088 0.01218422
v -0.53766179 0.04873227 -0.08318668
v -0.53647655 0.05527063 -0.06504616
v -0.52977496 0.11056157 -0.14332004
v -0.53014976 0.16843632 -0.15284459
v -0.52609980 0.16511661 -0.13092966
v -0.52507585 0.11067642 -0.12976415
v 0.24098329 0.30950144 0.55692452
v 0.24090101 0.31664723 0.55482984
v 0.27181447 0.28638929 0.49724048
v 0.26575190 0.29627436 0.50236541
v -0.49275729 0.12680946 -0.10440703
v -0.47146025 0.13971539 -0.10370030
v -0.47640702 0.12681226 0.03359463
v -0.46876562 0.15119281 0.04460493
v -0.46620792 0.18206263 -0.03407146
v -0.46940023 0.19115587 -0.02302912
v -0.49585369 0.01616827 -0.07941739
v -0.47164738 -0.02620021 -0.02965266
v -0.49521565 0.00318352 -0.06852997
v -0.44794777 -0.02852432 -0.01374979
v -0.44630507 -0.03329058 0.00148591
v -0.46091908 -0.03413913 -0.01006340
v 0.26429248 0.28426090 0.51946884
v 0.26933116 0.27912632 0.51211840
v 0.27529722 0.28200194 0.49240497
v 0.27276281 0.27599949 0.50582492
v 0.27090132 0.28630579 0.47047037
v 0.26588729 0.29150146 0.47498488
v 0.25848138 0.29833442 0.48144913
v -0.51679349 0.03096217 -0.04464609
v -0.52707487 0.03647285 -0.06327397
v 0.27402750 0.28203112 0.46783477
v -0.45774403 0.12929523 -0.00950510
v -0.44788906 0.12079147 -0.01911086
v -0.45388216 0.12641300 -0.00621927
v -0.54134887 0.14742406 -0.07965930
v -0.54739189 0.09760727 -0.08095650
v -0.49848795 0.21699776 -0.01184660
v 0.27591273 0.27804369 0.46672058
v -0.47520402 0.15702726 -0.01300670
v -0.48591381 0.17688251 -0.00084695
v -0.51811540 0.24063285 -0.00693826
v -0.50801349 0.22948106 -0.01276615
v -0.50400752 0.22339585 -0.01147631
v -0.51066595 0.22701287 -0.00504682
v -0.42489508 0.06545372 -0.01053812
v -0.44293290 0.05709618 0.00123148
v -0.45121348 0.07857789 0.00389321
v 0.27545628 0.27333295 0.46601310
v 0.27327996 0.26875398 0.46782941
v 0.38815624 0.08165494 0.44590849
v 0.38749495 0.14913449 0.43725130
v -0.53555250 0.26849809 -0.07078437
v -0.53549802 0.25526410 -0.07925747
v -0.52361798 0.20804130 -0.11650421
v 0.40390140 0.10022855 0.41763538
v 0.27115005 0.26218179 0.51221657
v -0.49304569 0.21898910 -0.04910893
v -0.49740973 0.20948987 -0.05323195
v 0.27527428 0.26428318 0.50716728
v -0.49237132 0.30019704 -0.06095748
v -0.49241659 0.28267139 -0.04182671
v -0.49482816 0.28310350 -0.03607376
v -0.49760428 0.31588572 -0.03431351
v 0.26829728 0.26266041 0.51070851
v -0.44134560 -0.04640063 0.02007628
v -0.45765805 -0.04508380 0.00345198
v -0.45646611 -0.03928474 0.00105359
v -0.44368950 -0.03955591 0.01338239
v -0.47617143 0.05078599 0.00978610
v -0.46839473 0.04472741 -0.00622288
v 0.27086034 0.26445162 0.50672084
v -0.54158741 0.05547678 -0.10091002
v -0.53990167 0.05070837 -0.09421603
v -0.54660064 0.07489672 -0.10932146
v -0.54829717 0.08221517 -0.11544933
v 0.27847978 0.26655459 0.50192082
v 0.28164357 0.26450101 0.50045043
v 0.26100412 0.25210559 0.50728393
v 0.25661039 0.25525820 0.48728454
v 0.26361820 0.25834164 0.48107776
v -0.46487147 0.17320225 -0.05824925
v -0.45692301 0.16993766 -0.05805155
v -0.50520188 0.24128607 -0.05543783
v -0.51804137 0.25653821 -0.06652586
v -0.51101393 0.27427268 -0.04430447
v -0.50099653 0.26085010 -0.04227149
v -0.52869880 0.21434987 -0.13688573
v 0.26722535 0.25727126 0.49912179
v 0.25320947 0.24995212 0.51463979
v 0.24603888 0.25193647 0.49368754
v 0.26751783 0.26158389 0.47663406
v 0.27084774 0.26515305 0.47144946
v -0.49779937 0.20084502 -0.05031802
v -0.50306517 0.20198849 -0.05466412
v 0.27055401 0.26064157 0.49568051
v -0.49417189 0.20364983 -0.04882650
v 0.27329302 0.26405290 0.49028414
v 0.27316767 0.26702940 0.50218982
v -0.47834569 0.19397244 -0.01390356
v -0.48711428 0.18864347 -0.01321405
v -0.51340055 0.24207287 -0.01834767
v -0.53584695 0.26491928 -0.03715843
v -0.53074461 0.26173824 -0.04109713
v -0.51185292 0.24451283 -0.02242479
v 0.27693412 0.27098915 0.48593286
v 0.27772424 0.27433437 0.48700666
v 0.27503830 0.26868752 0.49836332
v -0.48730087 0.21944498 -0.02576558
v 0.27770394 0.27154806 0.49514648
v 0.27551025 0.26825768 0.48665801
v -0.09493724 -0.04715559 -0.46127716
v -0.10477848 0.01205841 -0.50672191
v 0.27715206 0.27823791 0.48899516
v 0.27586958 0.27350873 0.49951988
v 0.28554958 0.26108259 0.49599546
v 0.28505990 0.26703051 0.49618149
v 0.29103702 0.27259931 0.49113220
v 0.29009619 0.26029831 0.49128446
v -0.50550544 0.28049952 0.00192232
v -0.50899690 0.29022691 -0.02191590
v -0.51659560 0.29517785 -0.02574473
v -0.50950038 0.28504655 -0.00427375
v -0.53969526 0.24307574 -0.10028325
v 0.29739568 0.25989243 0.48425955
v 0.29473665 0.25198916 0.48512062
v 0.30076376 0.27539623 0.48697016
v 0.31058544 0.27952883 0.48196623
v -0.56618345 0.21933857 -0.13091299
v -0.46400940 0.13690421 -0.02668681
v -0.45321235 0.11558982 -0.02593057
v 0.30579153 0.26023045 0.47690722
v 0.30126825 0.25033471 0.47783121
v 0.28162414 0.26878282 0.49783373
v -0.40535516 0.10670669 -0.02142462
v -0.40594193 0.11467833 -0.02063093
v -0.41117570 0.11116870 -0.02849659
v -0.40987346 0.10256451 -0.03026681
v 0.28371280 0.27122575 0.49522114
v 0.29657662 0.28065187 0.49692178
v -0.42993125 0.07240506 -0.03740411
v -0.44507948 0.06720576 -0.02465965
v -0.44053200 0.05549870 -0.01295007
v -0.42611155 0.05802796 -0.02987840
v 0.30335772 0.28644252 0.49501073
v 0.28775513 0.27668494 0.49950576
v 0.28426856 0.27950808 0.50938284
v 0.29149070 0.28483653 0.50937015
v -0.40406716 0.08614007 -0.02558293
v -0.40491694 0.09688306 -0.02300900
v -0.40990365 0.09199748 -0.03338797
v -0.41077030 0.07940090 -0.03691931
v 0.29647031 0.29069582 0.50913084
v 0.28440100 0.28937054 0.52142787
v -0.53433937 0.26986521 -0.05723133
v -0.54424220 0.27070776 -0.06839441
v 0.28823531 0.29585478 0.52160788
v 0.27905959 0.28374329 0.51983273
v 0.28062090 0.27413082 0.50097340
v -0.57033890 0.21312223 -0.12406331
v -0.57010549 0.19867183 -0.12772775
v -0.56437612 0.24616142 -0.11465705
v -0.56604403 0.23379529 -0.12349235
v 0.27727821 0.27651501 0.50798392
v 0.27315480 0.27962700 0.51660466
v 0.26783496 0.28347704 0.52658248
v -0.47382492 0.07891753 0.04181216
v -0.47796738 0.08045790 0.03034791
v -0.47571051 0.07115988 0.03107085
v -0.57821530 0.23245525 -0.12416593
v -0.58015150 0.24577512 -0.13478440
v -0.45725417 -0.02932559 0.05887129
v -0.45107475 -0.03836170 0.06394785
v -0.27812165 -0.47261262 0.10546853
v -0.33538648 -0.44181070 0.03597768
v -0.33251539 -0.50102431 0.03287566
v -0.27403966 -0.53162175 0.09761160
v -0.52132964 0.25460353 0.00706302
v -0.51466447 0.26832455 0.01125983
v 0.25714123 0.28935009 0.54013687
v 0.25396621 0.29082656 0.53230458
v 0.23850594 0.29422358 0.55165470
v -0.40767577 0.07514038 -0.01925082
v -0.40786529 0.06979615 -0.02842565
v -0.42260185 0.05749260 -0.02123543
v -0.43506417 0.10304639 -0.00428745
v -0.41104144 0.10621581 -0.01139710
v 0.23588154 0.29449934 0.54364121
v 0.22049925 0.33858466 0.56281066
v 0.25155893 0.33659801 0.55563802
v 0.23626454 0.31095698 0.52360392
v 0.22637013 0.30947372 0.50203329
v 0.20975183 0.31075463 0.51103729
v 0.21411380 0.31325316 0.53525424
v -0.43019456 0.08447739 -0.03684259
v 0.13923012 0.28039199 0.52643055
v 0.14175929 0.28695032 0.53178763
v -0.43074134 0.11786623 -0.02613989
v -0.43317783 0.12332664 -0.01482324
v -0.44682676 0.04289895 0.01325106
v -0.45699838 0.03998800 0.00068364
v -0.46557593 0.03802628 0.02204411
v -0.41142464 0.06695294 -0.03597690
v -0.46692994 0.17851306 -0.04694269
v 0.14589666 0.29308212 0.51328379
v 0.14243767 0.28597042 0.50916570
v 0.13475980 0.27691519 0.53171521
v 0.14136836 0.28277054 0.53811282
v -0.44524395 0.09014861 -0.03055265
v -0.45909268 0.07565003 -0.03747510
v -0.45938534 0.06376554 -0.02959356
v -0.44528776 0.07811148 -0.02980903
v -0.50916600 0.01571338 -0.02868011
v -0.51162374 0.02725041 -0.02924207
v -0.46437266 0.05339558 -0.03828249
v -0.49091837 0.05494108 -0.02455824
v -0.46184629 0.15456460 -0.03085607
v -0.47625449 0.17419598 -0.02033702
v -0.45762902 0.13109151 -0.00937570
v -0.44597089 0.10457299 -0.02797701
v -0.45515394 0.09067751 -0.03744170
v -0.43500802 0.11147457 -0.00563753
v -0.45620966 0.11205184 0.00034539
v -0.45522374 0.11865402 -0.00236441
v -0.43416697 0.11759945 -0.00807613
v -0.51262200 0.21030341 -0.06009567
v -0.50723922 0.25589183 0.02106144
v -0.51227880 0.23768520 0.01057611
v -0.50413519 0.32677454 -0.13610990
v -0.48954809 0.27525842 -0.16664684
v -0.48838601 0.27932152 -0.08433536
v -0.43014133 0.09608084 -0.03337845
v -0.40982810 0.12030455 -0.01918685
v -0.41366777 0.11737203 -0.01148885
v -0.53445411 0.03137252 -0.08312941
v -0.47002381 0.03685443 0.02622204
v -0.46793544 0.18364181 -0.01866641
v -0.52801764 0.07618774 -0.12969142
v -0.51959872 0.04337064 -0.11420914
v -0.46743777 0.18910943 -0.02145820
v -0.47198746 0.19545344 -0.01683783
v -0.46351326 0.04177060 -0.00366397
v -0.47263074 0.04465674 0.01562101
v -0.47442070 0.19774081 -0.01668358
v -0.47620761 0.07818821 0.02270798
v -0.53621083 0.20907871 -0.08962177
v 0.16492128 0.30540049 0.54333979
v 0.16931050 0.30618158 0.51806563
v -0.47849587 -0.04074016 -0.03011678
v -0.46856120 -0.04814170 -0.01045432
v 0.15271069 0.30167097 0.51679468
v -0.41232336 0.11260039 -0.01092099
v 0.14985815 0.29654884 0.53876752
v -0.43590680 0.05203412 -0.01079286
v -0.43141326 0.10699873 -0.02906401
v 0.17087346 0.29363862 0.55245787
v 0.15306956 0.28738746 0.54525721
v 0.21389438 0.29725736 0.55139500
v -0.46748763 0.10048273 0.01101835
v -0.46558881 0.08771507 0.01341478
v -0.47854507 0.09081218 0.02118412
v 0.12870970 0.61190277 -0.62688982
v 0.12715487 0.50995022 -0.64811808
v -0.49651676 0.05547213 -0.03772487
v -0.46911019 0.06236176 -0.05414212
v -0.47637427 0.06636132 -0.06834328
v -0.50627524 0.05862123 -0.04961228
v -0.51107168 0.01386099 -0.09710225
v -0.50101972 -0.01081441 -0.07225815
v -0.51551211 -0.01580537 -0.06871080
v -0.52726251 0.01039175 -0.09495273
v 0.24619296 0.52193987 -0.59011394
v 0.24392100 0.60990763 -0.57142127
v -0.51067060 0.42355895 -0.18856075
v -0.51275861 0.36307696 -0.09223956
v -0.52270347 0.46502036 -0.11563771
v -0.53208268 0.26615715 -0.10428259
v -0.53090262 0.25072631 -0.11509015
v -0.55710751 0.25937107 -0.13886601
v -0.49708739 0.30593437 -0.00198599
v -0.49591860 0.28386375 -0.02708345
v -0.50104249 0.28937480 -0.01621789
v -0.54712665 0.11057579 -0.15365183
v 0.25591519 0.30544931 0.51149088
v 0.24445312 0.30491880 0.49173301
v 0.30287397 0.61652923 -0.51838034
v 0.29553428 0.67257398 -0.49828327
v 0.24388812 0.68496692 -0.53558934
v 0.21347453 -0.21767755 -0.34125987
v 0.15101200 -0.27899933 -0.39036712
v -0.48147437 0.18476559 0.02194450
v -0.49122533 0.18873277 0.00374440
v 0.13064303 0.27544823 0.54029405
v -0.49041158 0.02398037 -0.08405407
v 0.14011911 0.28114808 0.54497540
v -0.51335609 0.04801688 -0.03262788
v -0.52322227 0.04887397 -0.04857465
v -0.56842011 0.27527928 -0.06542845
v -0.54657662 0.26876661 -0.05029257
v 0.12426604 0.27149999 0.53631008
v 0.11759661 0.27169222 0.53819740
v 0.12364514 0.27750406 0.54148096
v 0.13331842 0.28478599 0.54684782
v 0.15178151 0.28722033 0.55029666
v 0.14634675 0.29242799 0.55370736
v 0.16605601 0.30017686 0.56027979
v 0.17032102 0.29393664 0.55710095
v 0.21367078 0.29701972 0.55962735
v 0.21261522 0.30371284 0.56239808
v 0.16289048 0.30799472 0.56034374
v 0.14252475 0.29923972 0.55347568
v 0.16043839 0.31565019 0.55957103
v 0.14070284 0.30791336 0.55261070
v 0.21174386 0.31989872 0.56066430
v 0.21186914 0.31175122 0.56291789
v 0.13823351 0.25968608 0.54086977
v 0.12082644 0.26356518 0.53826016
v 0.13970028 0.26211509 0.53858072
v 0.12612471 0.26559436 0.53592366
v 0.14566693 0.26299715 0.53239971
v 0.12211378 0.26791152 0.53484154
v 0.11595932 0.26663449 0.53726828
v -0.06384081 -0.54518569 0.26878694
v -0.06116834 -0.58604568 0.23721856
v 0.14503506 0.26368579 0.52553564
v 0.11743892 0.28167638 0.53874302
v 0.11086445 0.27284390 0.53736407
v 0.10964978 0.28562507 0.53581381
v 0.10335087 0.27406442 0.53527319
v 0.12194729 0.29920256 0.54232621
v 0.12791583 0.29107100 0.54366785
v 0.10932345 0.26532313 0.53721064
v 0.11310250 0.26171979 0.53864586
v 0.10297588 0.26475158 0.53608531
v 0.10690443 0.25985426 0.53718215
v 0.15317453 0.24254511 0.54653966
v 0.15108605 0.23783526 0.54552740
v 0.13029943 0.25147206 0.54327339
v 0.12652916 0.24755119 0.54198200
v 0.20702083 0.22011790 0.54090315
v 0.22811083 0.22112361 0.53474456
v 0.20361327 0.21181051 0.53893644
v -0.05820405 0.07900301 0.65758729
v -0.06671945 0.07741854 0.64875662
v -0.05966182 0.08873525 0.64222854
v -0.05593466 0.08941256 0.64679503
v 0.22547683 0.21158418 0.53251708
v 0.17120573 0.21500273 0.54328763
v 0.17509650 0.22248222 0.54472619
v 0.21278352 -0.55212444 0.14267632
v 0.29668137 0.23289411 0.48341471
v 0.30521995 0.22358894 0.47833884
v 0.29415086 0.21818629 0.48969394
v 0.28687537 0.22951424 0.49315947
v 0.27609560 0.22677100 0.50347084
v -0.06014287 0.02406473 0.65018553
v -0.05698453 0.03320881 0.64452636
v -0.06366722 0.03182662 0.63909602
v -0.06878094 0.02457373 0.64457864
v 0.27942941 0.21473444 0.50232112
v 0.26284400 0.21325535 0.51375276
v 0.26224077 0.22433181 0.51498878
v 0.24862105 0.22244287 0.52447873
v 0.24638270 0.21222460 0.52324343
v 0.31615412 0.25820175 0.46664315
v 0.32592514 0.27966493 0.46703771
v 0.32985231 0.25313184 0.45433196
v 0.34093592 0.27769122 0.45147651
v 0.09980101 0.29188257 0.53724515
v -0.04223280 0.08821869 0.64266413
v -0.03350330 0.07166035 0.65874338
v -0.04139774 0.07749129 0.66701877
v -0.04839212 0.09167816 0.64707518
v 0.09461928 0.27693561 0.53486681
v 0.08579053 0.29739347 0.54349285
v 0.08297138 0.28057238 0.53930277
v 0.09581155 0.31596527 0.55268425
v 0.10980035 0.31129456 0.54575342
v 0.09739479 0.26479241 0.53543466
v 0.10127612 0.25757295 0.53589690
v 0.08848155 0.26371357 0.53722048
v 0.09482005 0.25415874 0.53748667
v 0.14779092 0.23136586 0.54389209
v 0.14341243 0.22433244 0.54324311
v 0.12210327 0.24284533 0.54075754
v 0.11541600 0.23721632 0.54132050
v 0.29945698 0.08347516 -0.44115797
v 0.32804808 0.34629545 -0.52248824
v 0.30516076 0.36588702 0.53638685
v 0.28841448 0.34640875 0.54241693
v 0.26365227 0.35278925 0.55771458
v 0.27781585 0.37559694 0.55735749
v 0.31873709 0.39472950 0.52195692
v 0.33594689 0.37373346 0.50323689
v 0.32204601 0.35186118 0.51722568
v 0.30579969 0.33580989 0.52565235
v 0.33174923 0.29862621 0.47456676
v 0.32035041 0.29741874 0.48579094
v 0.32094142 0.30989897 0.49554387
v 0.33248290 0.31477514 0.48542121
v 0.34681174 0.29991961 0.45830381
v 0.34942535 0.32306978 0.46984059
v 0.32903108 0.33165321 0.50014144
v 0.31492576 0.32223681 0.50989914
v 0.34459120 0.34641090 0.48715368
v 0.14834721 0.34748644 0.57103240
v 0.15502104 0.33942294 0.56300044
v 0.13319637 0.32634753 0.55339897
v 0.12211598 0.32941809 0.55868948
v 0.14026043 0.35516462 0.57829022
v 0.10945891 0.33315346 0.56361020
v 0.23632498 0.38074866 0.57775480
v 0.22746162 0.35599846 0.57016075
v 0.15833151 0.32143182 0.55767351
v 0.14281167 0.31378424 0.55404979
v 0.15846121 0.32653558 0.55714726
v 0.14147215 0.31718794 0.55202872
v 0.34754527 0.74265635 -0.38260263
v 0.36462769 0.78172916 -0.30383068
v 0.26386178 0.85445976 -0.34626511
v 0.25700834 0.80554640 -0.42450392
v 0.26257113 0.31466809 0.54320645
v 0.26429239 0.32115099 0.54354173
v 0.28040561 0.31451097 0.53146160
v 0.27758282 0.30794549 0.53177387
v 0.28936538 0.30209410 0.51957136
v 0.29356277 0.30841288 0.51784348
v 0.30366936 0.30147874 0.50493151
v 0.29881951 0.29652289 0.50705677
v 0.30408171 0.29368371 0.49821407
v 0.30876252 0.29437602 0.49435097
v 0.14041325 0.32289034 0.55411702
v 0.15733016 0.33091894 0.55879837
v 0.31644773 0.53990883 -0.53070742
v 0.27708396 0.62263238 0.45957866
v 0.32278880 0.60087973 0.41929451
v 0.31059903 0.55968583 0.45455375
v 0.27344543 0.33045268 0.54435360
v 0.29042664 0.32315198 0.53000605
v 0.30301216 0.31508029 0.51542073
v 0.31123373 0.30590290 0.50264281
v 0.31410360 0.29911476 0.49417982
v 0.44807681 0.07140391 0.06709382
v 0.45266572 0.07148858 0.05606712
v 0.49394354 0.12069888 -0.10558330
v 0.47967944 0.16634226 -0.09835430
v 0.47120237 0.19006991 -0.09084028
v 0.49109668 0.24421427 -0.02219549
v 0.51285374 0.26319152 -0.03836825
v 0.51003039 0.01482563 -0.06215504
v 0.49503893 0.00634251 -0.03585184
v -0.56868452 0.29306498 -0.06992325
v 0.51164705 0.02025395 -0.06570923
v 0.55388367 0.24003123 -0.10556400
v 0.55449349 0.22773027 -0.11423496
v 0.55876946 0.22575200 -0.11269148
v 0.25033417 -0.04122661 -0.37267691
v 0.27780655 0.03451027 -0.40931287
v 0.55522883 0.21428718 -0.12230313
v 0.46412659 0.10059664 0.03857459
v 0.50181049 0.11598071 -0.10814962
v 0.51269811 0.11219972 -0.11974476
v 0.51354057 0.08063015 -0.12021532
v 0.51046056 0.08345442 -0.11474977
v 0.50601119 0.05024547 -0.10829276
v 0.50357348 0.05501980 -0.10459653
v 0.52129734 0.03473549 -0.08408755
v 0.52974182 0.05694920 -0.10103517
v 0.52099001 0.26687714 -0.04559587
v 0.51656431 0.26198000 -0.03610384
v 0.52775365 0.26674774 -0.04677241
v 0.46615815 0.09325817 0.02969245
v 0.47921753 0.23145105 -0.02363327
v 0.47771224 0.21943729 -0.01255019
v 0.47611043 0.22036751 -0.01730287
v 0.44337463 0.12304892 -0.00217742
v 0.44179270 0.12886532 -0.00250699
v 0.44929230 0.11464835 0.00430959
v 0.46321946 0.10575014 0.01553556
v 0.43015528 0.05565079 0.00853677
v 0.42716795 0.04810328 -0.00404096
v 0.42615029 0.04319925 0.00429971
v 0.53924835 0.30050218 -0.06476799
v 0.47770980 0.21424112 -0.00993027
v 0.48556557 0.22184676 -0.00928163
v 0.48751357 0.22960629 -0.01128545
v 0.53329670 0.26645580 -0.04704427
v 0.49013591 0.23589200 -0.01303233
v 0.48509008 0.23307556 -0.01534351
v 0.49534529 0.24468800 -0.01939526
v 0.48184752 0.23157175 -0.01896173
v 0.45892766 0.07821905 -0.07601020
v 0.45025951 0.07774441 -0.06340313
v 0.45807278 0.20414253 0.06099019
v 0.46001178 0.18833113 0.04386186
v 0.49147826 0.00500722 -0.01996608
v 0.47508132 0.22911741 -0.06463952
v 0.47365391 0.25069490 -0.07331599
v 0.53756422 0.08510987 -0.11156201
v 0.50169456 0.05600193 -0.04597471
v 0.48989347 0.05398174 -0.03322413
v 0.51406151 0.06217515 -0.05701476
v 0.52634251 0.07661560 -0.06792501
v 0.44496214 0.17848761 -0.04399329
v 0.51841611 0.19636525 -0.07127010
v 0.52526188 0.18213107 -0.07553567
v 0.50950319 0.19736877 -0.06215835
v 0.47619024 0.27607864 -0.06290275
v 0.47910923 0.27172253 -0.04964196
v 0.48007530 0.23968934 -0.05424129
v 0.48115438 0.25804669 -0.04774084
v 0.44143081 0.07808933 0.00710693
v 0.43688464 0.04069874 -0.01131633
v 0.43862993 0.05000736 -0.02087886
v 0.44440138 0.04073136 -0.01534292
v 0.44454038 0.04572678 -0.02630895
v 0.44420964 0.05532535 -0.03696291
v 0.44440013 0.06731222 -0.04730024
v 0.44469362 0.07995904 -0.05310951
v 0.43879157 0.10343917 -0.00030232
v 0.48360249 0.27573729 0.01201297
v 0.43744841 0.09152789 -0.00016179
v 0.44547531 0.11462083 0.00081483
v 0.44633111 0.10361863 0.00453339
v 0.44534084 0.09113763 0.00644408
v 0.47621155 0.04124599 0.01362706
v 0.48007870 0.05089139 -0.00410696
v 0.46604642 0.04317962 0.01629969
v 0.48406467 0.05343197 -0.01961554
v 0.45857105 0.04357881 0.01708485
v 0.47683382 0.23674490 -0.05833234
v 0.47696590 0.25843537 -0.05828279
v 0.45074058 0.09280393 0.07949666
v 0.41640359 0.13407482 0.38500038
v 0.42425156 0.19574636 0.34988481
v 0.15575317 -0.18860961 0.51258802
v 0.14851528 -0.20903957 0.51552987
v 0.36791331 0.06463195 0.47379071
v 0.34055433 0.04576800 0.50375837
v 0.15620516 -0.15413511 0.57487309
v 0.15123773 -0.15875381 0.57581937
v 0.14405243 -0.15479484 0.57805914
v 0.14934193 -0.15254332 0.57552254
v 0.13240954 -0.15259735 0.57120705
v 0.13763949 -0.15243447 0.56625694
v 0.13978720 -0.15147321 0.57163060
v 0.13493802 -0.15052073 0.57604301
v 0.18699533 -0.05677863 0.59009701
v 0.21180499 -0.02902718 0.58418483
v 0.22704844 -0.05744018 0.57556587
v 0.20488624 -0.08028810 0.58300859
v 0.14905608 -0.15882415 0.52642775
v 0.14796273 -0.14838505 0.52732110
v 0.14010213 -0.14947052 0.54697520
v 0.14271404 -0.15444130 0.54649132
v 0.14724553 -0.17721677 0.52774787
v 0.14116541 -0.16355804 0.54687881
v 0.15985206 -0.16342129 0.51174659
v 0.15593463 -0.14622898 0.51317579
v 0.21819383 -0.19686788 0.55092841
v 0.19415699 -0.18295962 0.56094313
v 0.20015255 -0.16275997 0.56607491
v 0.22396632 -0.16737668 0.55640841
v 0.15970047 0.02124221 0.59102285
v 0.18708880 -0.00209145 0.59016848
v 0.16798095 -0.03041369 0.59194356
v 0.14218745 -0.00143667 0.59161443
v 0.11652382 0.02615387 0.59140712
v 0.13207303 0.04681557 0.59020931
v 0.10520083 0.07542389 0.61388868
v 0.11146227 0.05106651 0.62250185
v 0.11109147 0.04258797 0.64554846
v 0.11163554 0.05951782 0.63706398
v 0.09819222 0.01652490 0.63534969
v 0.11237285 0.03563502 0.61474347
v 0.07074176 0.00851951 0.63694835
v -0.08316737 0.02518826 0.64759195
v -0.07610527 0.03425107 0.64104962
v -0.08072869 0.03859829 0.65248859
v -0.09231014 0.03153717 0.66005671
v 0.06847580 0.01291774 0.64232719
v 0.09657425 0.01429450 0.62352943
v -0.03359358 0.03008159 0.69922721
v -0.04202522 0.04180043 0.69945788
v -0.03404128 0.03712358 0.68489844
v -0.03222799 0.02633901 0.68271142
v 0.09705091 0.00948299 0.60884953
v 0.07445254 0.00442460 0.62984884
v 0.06301812 0.01895505 0.64635962
v 0.08200823 0.02031409 0.64755851
v -0.05336821 0.04575723 0.69593126
v -0.06537762 0.04535847 0.70753825
v -0.07664547 0.04618404 0.69669682
v -0.06296334 0.04622006 0.68628556
v -0.03605677 0.04980462 0.65584797
v -0.04100468 0.03799058 0.66309798
v -0.03146992 0.05136146 0.67686331
v -0.07885726 0.05053131 0.64137262
v -0.07280543 0.04421759 0.63355297
v -0.06625351 0.06648377 0.62878788
v -0.07141000 0.07060178 0.63386703
v 0.09472727 0.03049017 0.66086704
v 0.01760737 0.02354138 0.69922113
v 0.02725674 0.03110042 0.71207267
v 0.05290061 0.22410829 0.61704093
v 0.07273863 0.20273450 0.60041809
v 0.05436609 0.20637923 0.63053232
v 0.07303507 0.18739492 0.61308354
v 0.08826374 0.04444116 0.68349695
v 0.10088939 0.05866072 0.67399979
v 0.07188809 0.05233138 0.70578200
v 0.07957493 0.07072407 0.70432490
v 0.02072436 0.31799424 0.61507350
v 0.00783572 0.00208134 0.67391539
v 0.01069227 -0.00093535 0.67110384
v 0.00523200 0.00851736 0.68414462
v 0.13122560 0.76385814 -0.54735363
v 0.13377240 0.84290069 -0.47309098
v 0.13019533 0.93316966 -0.32511324
v 0.11622100 0.95945364 -0.24618882
v 0.03194061 -0.09901986 0.67741054
v 0.03012616 -0.08224940 0.67581969
v 0.07319891 -0.10455459 0.59230381
v 0.03783649 -0.10398891 0.60144842
v 0.03567955 -0.12773030 0.61702621
v 0.06814519 -0.12840527 0.60731411
v 0.09447471 -0.12947510 0.59319347
v 0.10005455 -0.10608602 0.57972401
v 0.07751138 -0.08083643 0.58301467
v 0.04132440 -0.08016589 0.59263259
v 0.06777067 -0.14331092 0.63004714
v 0.03628556 -0.14204508 0.64358550
v 0.03596511 -0.12952447 0.66039151
v 0.06900413 -0.13416529 0.64382851
v 0.11571230 -0.01294225 0.60595018
v 0.08872257 -0.01131441 0.62055385
v 0.06150087 -0.01200932 0.64164507
v 0.04040825 -0.01304718 0.65934157
v 0.03608426 -0.00133889 0.66069299
v 0.05352102 0.00186803 0.64654440
v 0.03238036 0.00320647 0.66219592
v 0.04935162 0.00622795 0.64967412
v 0.04696866 0.01006623 0.65223360
v 0.04958282 0.01789271 0.65233684
v 0.03666438 0.01726975 0.66045004
v 0.03992494 0.02375499 0.65827703
v 0.03023653 0.00719354 0.66361392
v 0.02388225 0.17076218 0.70756847
v 0.02279486 0.19307494 0.69101757
v 0.05971158 -0.07331690 0.66313219
v 0.02850315 -0.06855640 0.67197526
v 0.02421416 -0.04351463 0.66782868
v 0.05243790 -0.04540650 0.65961373
v 0.08232442 -0.05135972 0.64371717
v 0.09229207 -0.08588811 0.64721841
v 0.01414884 -0.00520491 0.66919625
v 0.06201341 -0.08754592 0.66542208
v 0.06377355 -0.10413288 0.66463679
v 0.09456347 -0.10099953 0.64794767
v 0.09540409 -0.11586516 0.64577419
v 0.12344015 -0.10289542 0.62780744
v 0.11770841 -0.06382487 0.62677509
v 0.15517156 -0.07733274 0.60791153
v 0.14836116 -0.12020756 0.60701120
v 0.19798701 -0.14313412 0.57462442
v 0.16670692 -0.15599583 0.57303452
v 0.16664615 -0.14792955 0.57838178
v 0.16494745 -0.14031570 0.58547533
v 0.19465807 -0.12266865 0.58331537
v 0.21998326 -0.13815612 0.56512642
v 0.21546154 -0.10825354 0.57394093
v 0.18245532 -0.10024053 0.59408921
v 0.16053219 -0.13165976 0.59408784
v 0.15687706 -0.14950055 0.57901287
v 0.14999354 -0.15053758 0.57765466
v 0.15507549 -0.14473248 0.58454829
v 0.14813937 -0.14841975 0.58209968
v 0.15139209 -0.13991855 0.59167171
v 0.14482085 -0.14574820 0.58779341
v 0.13818827 -0.14157446 0.59729451
v 0.14367591 -0.13298051 0.60285461
v 0.13457598 -0.15030770 0.56969476
v 0.12805532 -0.14877550 0.57674396
v 0.12894119 -0.15003707 0.58475190
v 0.13557908 -0.15110074 0.57687342
v 0.13801302 -0.15133283 0.56596708
v 0.13893674 -0.15118900 0.57307231
v 0.13692878 -0.14398995 0.55285919
v 0.12909615 -0.13735937 0.56356138
v -0.30332264 -0.38044375 0.12098448
v -0.34465736 -0.36268809 0.04061745
v 0.14060313 -0.15273598 0.56308502
v 0.14186919 -0.15147465 0.56921518
v 0.14339305 -0.15097989 0.57591552
v 0.14268997 -0.15063626 0.57807750
v 0.13932638 -0.14965154 0.58269566
v 0.13293065 -0.14774621 0.59081495
v 0.09439726 -0.12851515 0.63828254
v 0.11866994 -0.12893215 0.62338001
v 0.11557995 -0.13928467 0.61438715
v 0.09265386 -0.14066909 0.62574339
v 0.11219404 -0.14579466 0.60452318
v 0.10510904 -0.08322755 0.57314080
v 0.09009068 -0.14474574 0.61402661
v 0.12166078 -0.11207828 0.56374413
v 0.12692752 -0.09446266 0.55204344
v 0.11426810 -0.13241194 0.57692844
v 0.14482504 -0.13696334 0.53255719
v 0.13505565 -0.12415491 0.54783130
v 0.15319841 -0.13283952 0.51871771
v 0.14158282 -0.11089671 0.53697097
v 0.11109359 -0.14727415 0.59283561
v 0.12170435 -0.11706939 0.62705648
v 0.06568740 -0.11957484 0.65701747
v 0.03356523 -0.11418509 0.67059064
v -0.22414249 0.17421398 0.53970170
v -0.21957684 0.15622416 0.54613340
v -0.19180277 0.16277096 0.55006206
v -0.19724733 0.17899641 0.54452413
v 0.02765687 0.11990458 0.74655694
v 0.02634524 0.14750668 0.72594458
v 0.13866621 -0.15180856 0.57879514
v 0.07583391 -0.61579919 0.21238825
v -0.48211738 0.10367967 0.02553994
v -0.47855350 0.10817495 0.03193630
v -0.52757567 0.23367451 -0.12648509
v 0.16139127 -0.16358009 0.57194263
v 0.14177394 -0.19238606 0.52748513
v 0.13598736 -0.17132299 0.54886538
v 0.19970989 -0.22603048 0.55008733
v 0.16833796 -0.24871787 0.56593102
v 0.15662082 -0.22418025 0.57827312
v 0.18132026 -0.20468268 0.56256181
v 0.13741814 -0.18585359 0.59413701
v 0.15181884 -0.17361221 0.57885778
v -0.56213844 0.25651532 -0.10251132
v 0.14253981 -0.16497828 0.58400774
v 0.12893772 -0.17201211 0.59978807
v 0.12092572 -0.16134518 0.60240781
v 0.13528728 -0.15762085 0.58628845
v 0.10587892 -0.15108877 0.59775913
v 0.07856163 -0.14867418 0.61630797
v 0.07442895 -0.17316881 0.58555281
v 0.10253011 -0.17436060 0.57203370
v 0.12465549 -0.17363250 0.55759841
v 0.12560898 -0.15275559 0.57796049
v -0.53281820 0.27838433 -0.09052430
v -0.52476197 0.29203048 -0.05972312
v -0.51750541 0.28177059 -0.05168157
v -0.52371359 0.26683494 -0.07763747
v 0.11156693 -0.14740716 0.60200089
v 0.12859309 -0.14916509 0.58375478
v 0.08322762 -0.14644653 0.62269098
v 0.14241464 -0.58864897 0.18375014
v 0.13147177 -0.15160410 0.58670181
v 0.11535896 -0.15091698 0.60296631
v 0.08908999 -0.15166602 0.62653959
v 0.09607885 -0.16543147 0.62773657
v 0.10338259 -0.18016204 0.62698901
v 0.10974848 -0.19750160 0.61968315
v 0.12467612 -0.24241315 0.59771681
v 0.13201541 -0.27213511 0.58800918
v 0.08370379 -0.25280142 0.61587667
v 0.08919403 -0.28363886 0.61213821
v 0.07651066 -0.20608366 0.64305025
v 0.07158495 -0.18571383 0.65227365
v 0.06630304 -0.16874906 0.65174037
v 0.06108951 -0.15377626 0.64671516
v 0.01845893 -0.01444128 0.66744041
v 0.02691845 0.01749169 0.66870338
v 0.01903027 0.01875343 0.68329996
v 0.04248506 0.04015161 0.71774215
v 0.00454696 0.01287871 0.69900155
v 0.06122353 0.05173142 0.71598208
v 0.04999720 0.04775274 0.72495490
v 0.05556105 0.05951139 0.73090535
v 0.06382805 0.06355171 0.72367626
v 0.03983128 0.04331758 0.73345786
v 0.04903446 0.05855442 0.73786944
v 0.01363724 0.03445768 0.74576712
v 0.02052804 0.05788141 0.76063395
v 0.02711055 0.09620244 0.75942606
v 0.02366502 0.07381669 0.76394528
v 0.05728589 0.07054778 0.73490012
v 0.06414218 0.08342401 0.72653896
v -0.57761621 0.25687367 -0.10095736
v 0.06627759 0.10130478 0.71091449
v 0.08169831 0.08785674 0.68827200
v 0.05810301 0.98250073 0.03528032
v 0.05568845 -0.14648114 0.64162803
v 0.05126661 -0.14900245 0.62928885
v -0.47602087 0.02823054 0.02993896
v -0.52995014 0.18495007 -0.06632591
v 0.07340472 -0.23560101 0.54379368
v 0.07304547 -0.20877460 0.55870330
v 0.04647451 -0.20998715 0.56647855
v -0.52074313 0.29551470 -0.04244442
v -0.54332429 0.30545947 -0.04794096
v 0.04732432 -0.23796289 0.55126613
v 0.02429290 -0.14884420 0.63503325
v -0.55423951 0.11263058 -0.12222536
v -0.57795984 0.24583095 -0.11409006
v -0.56731480 0.23854955 -0.10816777
v -0.52683347 0.25470313 -0.01044342
v -0.48601946 0.08080650 -0.08307105
v -0.52729726 0.07980630 -0.07265938
v -0.51742554 0.06497299 -0.06045698
v -0.48171696 0.06939923 -0.07653052
v -0.45158502 0.16538732 -0.05667375
v 0.02234797 -0.17291640 0.60033035
v 0.04759914 -0.17220336 0.59479463
v 0.02714208 -0.14685501 0.64956397
v 0.03087424 -0.15533403 0.65662718
v 0.03498413 -0.17057467 0.66431063
v 0.02094522 -0.21209167 0.57020444
v 0.02318843 -0.23907614 0.55542672
v -0.45573664 0.05152361 0.07869372
v 0.12998162 -0.20290509 0.53464496
v -0.50663275 -0.00997639 -0.00866481
v -0.51148963 -0.00566471 -0.02576188
v -0.19423638 -0.04505089 -0.42435187
v -0.21443862 0.02054496 -0.46448362
v -0.56066477 0.11037523 -0.14071028
v 0.13555533 -0.22378661 0.52192008
v 0.10306951 -0.20808630 0.54830140
v 0.10599086 -0.23377950 0.53407937
v 0.04627757 -0.28346848 0.62899619
v 0.04323870 -0.25455892 0.62632203
v 0.03825239 -0.19003227 0.66563153
v 0.03947317 -0.21203829 0.65542477
v 0.13356993 0.89554793 -0.40253881
v 0.39251101 0.63923913 0.27449363
v 0.38455048 0.59733808 0.32304621
v -0.53235173 0.26396585 -0.06577131
v 0.33875832 0.64402270 0.36771724
v 0.34976974 0.67749089 0.32351223
v 0.39728010 0.68895000 0.22369364
v 0.35390380 0.72065264 0.27503553
v 0.23990345 0.92821360 -0.09026766
v 0.24244283 0.92013556 0.00053822
v 0.12761550 0.96652222 0.02731370
v 0.21118738 0.93766904 -0.18017700
v 0.28646415 0.88236576 -0.23766823
v 0.29816300 0.89156330 -0.11366359
v 0.29670313 0.88634872 -0.01716075
v -0.48647222 0.02662808 0.02275738
v -0.47723401 -0.00963333 0.02672084
v -0.46854147 -0.00855062 0.03748282
v -0.50073433 0.20449571 -0.05464631
v 0.14471433 -0.34908500 -0.40577728
v 0.32656619 0.42810962 -0.53083706
v 0.28868073 0.87782019 0.07024655
v 0.23918547 0.90786791 0.08850329
v 0.23799685 0.88936126 0.16803674
v 0.28248051 0.86425281 0.14512745
v 0.12800729 0.95260489 0.12006214
v 0.05888637 0.96685892 0.13241413
v 0.11519025 0.19175823 -0.61470103
v 0.02218009 0.21489353 0.67498672
v 0.28342354 -0.14200491 -0.27665508
v 0.34623298 -0.14472781 -0.16476171
v 0.35973048 -0.45153588 -0.06124510
v 0.42733067 -0.02100149 -0.02754891
v 0.42512605 -0.01769044 -0.03328312
v 0.36719677 -0.24149518 -0.06138781
v 0.37753841 -0.15765026 -0.05657827
v 0.22534260 -0.13344242 -0.34937853
v 0.48455679 0.04803985 -0.09623422
v 0.48996481 0.07084826 -0.10481600
v 0.49206877 0.04057308 -0.09482101
v 0.49834082 0.06515598 -0.10362522
v 0.50145024 0.09037127 -0.10793778
v 0.49480593 0.02903353 -0.09089063
v 0.48622540 0.27113709 -0.03594440
v 0.49402425 0.28196657 -0.03060570
v -0.48699927 0.03157103 -0.08596936
v -0.48671722 0.04827524 -0.09344392
v 0.42344180 -0.02933882 0.00007353
v 0.42272028 -0.02537798 -0.01072078
v -0.41184956 0.11702957 -0.02732520
v 0.41860276 -0.02600653 -0.00583395
v 0.41753340 -0.02977884 0.00279574
v 0.42243707 -0.03496690 0.00974453
v 0.41804194 -0.03356286 0.00940249
v 0.49587303 0.38653672 0.01454424
v 0.41395476 -0.02852275 -0.01779592
v 0.42061555 -0.01747825 -0.03096035
v 0.42116690 -0.02268904 -0.02044875
v 0.41702735 -0.02687558 -0.01234322
v 0.41655922 -0.03295090 0.00032736
v 0.41704521 -0.03866278 0.01118216
v 0.41984162 -0.04095931 0.01519978
v -0.49658307 -0.00330120 -0.06911042
v -0.47566408 -0.03360259 -0.02990335
v -0.36642703 -0.34176669 -0.03830954
v -0.35186043 -0.31732187 -0.12912038
v -0.35251063 -0.38642848 -0.12537229
v -0.36212617 -0.41511092 -0.03919367
v -0.46691597 0.13890430 0.07026204
v -0.47340727 0.09516519 0.05462756
v -0.46583423 0.08747944 0.06699997
v 0.49597991 0.02367507 -0.09242804
v 0.45111728 -0.03801586 -0.01689552
v -0.15473936 -0.49145561 0.24718811
v -0.13068911 -0.55897450 0.21063645
v 0.49283072 0.21731974 -0.07143269
v 0.49096510 0.20663282 -0.07982251
v 0.50577211 0.21644230 -0.09006001
v 0.50758177 0.23014335 -0.08224543
v 0.35699716 0.09415248 -0.35713944
v 0.37745708 0.15864000 -0.39220899
v 0.06655284 -0.34152362 -0.43301454
v 0.07018860 -0.26941723 -0.42275578
v 0.47272560 0.36254516 -0.28909379
v 0.49327019 0.22797726 -0.06252363
v 0.50866532 0.24154545 -0.07374263
v 0.49369830 0.09580959 -0.10734104
v 0.48175868 0.22594196 -0.06115020
v 0.48228115 0.21562575 -0.06974865
v 0.51596701 0.25275826 -0.08562413
v 0.51529104 0.23870084 -0.09531843
v 0.51387870 0.22332762 -0.10344581
v 0.48164308 0.20525819 -0.07852691
v -0.46015865 0.05377828 0.10244865
v -0.46169043 0.04707371 0.16767190
v -0.47226471 0.14727467 0.16697145
v -0.46857062 0.11486377 0.10646923
v 0.47584331 0.26493788 -0.07428351
v 0.50153095 0.55722386 -0.13281801
v 0.48979843 0.51920611 -0.22264937
v 0.47057104 0.66359055 -0.15373451
v 0.46202248 0.63225377 -0.25018415
v 0.43102780 0.59453636 -0.35231996
v 0.45768282 0.47477758 -0.32682946
v 0.48096886 0.27063981 -0.04208638
v 0.50173086 0.28588817 -0.03526940
v 0.39699769 0.72786391 0.17335339
v 0.42995784 0.69585830 0.12661554
v 0.35367325 0.75697935 0.22935598
v 0.34875506 0.78762716 0.18531933
v 0.38812816 0.76369685 0.12807257
v 0.43556276 0.72176480 0.05160964
v 0.51348609 0.50021631 -0.03815893
v 0.49869868 0.59305167 -0.04283493
v 0.48195043 0.61970955 0.04248149
v -0.39391619 0.34193391 0.39919937
v -0.40628070 0.34969717 0.36901683
v -0.41101936 0.28698510 0.36747789
v -0.39613736 0.29265723 0.39352581
v 0.46284607 0.69502383 -0.05654005
v 0.40383074 0.77801216 0.01071378
v 0.42558858 0.75768048 -0.08156221
v 0.35790575 0.83279186 -0.01435651
v 0.37177703 0.82415986 -0.10623173
v 0.37165555 0.81305385 -0.20784922
v 0.43466806 0.73509276 -0.17608589
v 0.37302616 0.79662538 0.08836474
v 0.33584982 0.81565595 0.14999205
v 0.33902997 0.83634979 0.06556715
v 0.31988108 0.84003431 0.12067562
v 0.46763530 0.63099712 0.08776378
v 0.40010259 -0.05961320 0.00290676
v 0.41020223 -0.06589695 0.03581290
v -0.13247705 0.71130925 0.51221973
v -0.06731731 0.71483934 0.52493221
v -0.06917007 0.76298922 0.49073595
v -0.13547838 0.75810510 0.47558132
v 0.43932953 0.00321010 0.09080207
v -0.22831765 0.06733121 -0.49682081
v -0.23996277 0.13157550 -0.52891868
v -0.11943829 0.11129325 -0.57796437
v -0.11224280 0.05249519 -0.54179800
v 0.44166058 0.15291002 0.30697480
v 0.44013470 0.23455150 0.29129106
v 0.46014509 0.18517153 0.22737035
v 0.45074692 0.09919474 0.24663308
v -0.13905151 0.87710887 0.33946371
v -0.07129405 0.88586158 0.35684806
v -0.07198324 0.91857862 0.29277307
v -0.14018059 0.90703154 0.27685255
v -0.35160092 0.16071565 0.48252133
v -0.36604649 0.12248247 0.48293468
v -0.34103358 0.11913502 0.50654310
v -0.32875517 0.15750560 0.50158453
v 0.43103552 0.32493925 0.28173658
v 0.45398077 0.27713600 0.21855979
v 0.45409280 0.37030610 0.20612909
v 0.43077785 0.41913560 0.28019664
v 0.37759700 0.56099141 -0.45192870
v 0.39481315 0.45372200 -0.44474980
v -0.47342566 -0.03834295 0.04167702
v -0.46674821 -0.03444305 0.04845584
v 0.39878890 0.37271446 -0.43292323
v 0.30304435 0.52062726 0.47961521
v -0.07243393 0.94492602 0.21665622
v -0.14133935 0.93160278 0.20308100
v 0.12979946 0.70222896 -0.58691210
v 0.29035017 0.67118955 0.41419283
v 0.32503292 0.69467044 -0.45205480
v -0.00845860 -0.26973164 -0.42920074
v 0.24831435 0.73629785 -0.49822226
v 0.42612743 0.70548224 -0.27030432
v 0.40264687 0.67181975 -0.35582900
v 0.35447413 0.63205409 -0.45210716
v 0.39336967 0.27051377 -0.42069209
v 0.28952131 0.84248549 0.19468519
v 0.36182103 0.29956433 0.43747494
v 0.35666114 0.27060628 0.43093318
v 0.36325139 0.33070254 0.44842032
v 0.34483290 0.24048778 0.43904907
v 0.09529467 0.18205836 0.58695126
v 0.09278560 0.16885734 0.59876782
v 0.09022614 0.15392971 0.60916752
v 0.11527953 0.15109588 0.58541530
v 0.11133690 0.13203634 0.59546900
v 0.07145303 0.15131168 0.63922834
v 0.07276876 0.16970026 0.62576705
v 0.08786702 0.13509156 0.61943561
v 0.08628020 0.11432955 0.62698925
v 0.07178050 0.13203722 0.65110672
v 0.11001573 0.03764927 0.59702533
v 0.11559105 0.06828562 0.59288847
v 0.10189095 0.09345160 0.60493255
v 0.13489150 0.11495454 0.58725899
v 0.12672445 0.09384394 0.59304106
v 0.10595672 0.11425294 0.60175025
v 0.14219113 0.13564444 0.57655609
v 0.09356048 0.09404576 0.64086586
v 0.10224620 0.07308344 0.66077268
v 0.07500891 0.10949355 0.66800517
v 0.06368457 0.12212653 0.69054574
v 0.05984834 0.14565775 0.67258644
v 0.11933838 0.16560706 0.57461154
v 0.14753713 0.15248251 0.56597698
v 0.15009239 0.07316853 0.59167886
v 0.17910086 0.05291678 0.59078622
v 0.16265544 0.10069694 0.58319998
v 0.19191766 0.08426385 0.58071989
v 0.17058626 0.12315554 0.57162124
v 0.20012094 0.10890378 0.56892985
v 0.20657302 0.02908482 0.58745754
v 0.23083375 0.00400643 0.58005059
v 0.25340107 -0.03072621 0.56687587
v 0.25029105 0.03764734 0.56974661
v 0.27555633 0.00324498 0.55615592
v 0.26250342 0.07138178 0.55903119
v 0.29335758 0.03919467 0.54464692
v -0.08088683 0.21906950 0.58520901
v -0.08333042 0.23146509 0.56965387
v -0.10689647 0.20923635 0.56206721
v -0.10511074 0.19642536 0.57540798
v -0.05428005 0.53106058 0.60228336
v -0.05998743 0.58541471 0.58572870
v -0.11845800 0.58772194 0.57593077
v -0.10904517 0.53424269 0.59416485
v 0.22232373 0.06378746 0.57695258
v 0.23306890 0.09128808 0.56544727
v 0.20628904 0.13270429 0.55683488
v 0.17712577 0.14322919 0.55991161
v 0.26750258 0.14118838 0.53755033
v 0.26818633 0.10622468 0.54836375
v 0.23766610 0.12063451 0.55388504
v 0.23907092 0.14909573 0.54251981
v 0.30276999 0.08271953 0.53442240
v 0.29944947 0.13057217 0.52711415
v 0.29167899 0.16143046 0.51750374
v 0.19805460 0.20062792 0.53996682
v 0.16610743 0.20440573 0.54383755
v 0.22161289 0.19930375 0.53433615
v 0.26370549 0.16586798 0.52763611
v 0.24020360 0.16956128 0.53432983
v 0.31566197 0.20819414 0.47617325
v 0.30129111 0.20212583 0.49043000
v 0.26257288 0.19820130 0.51679879
v 0.24345651 0.19818079 0.52640110
v 0.28234112 0.19967169 0.50471246
v 0.13684700 0.21410182 0.54469693
v 0.10858405 0.22802228 0.54535270
v 0.34195137 -0.22421066 -0.15461890
v 0.05607214 0.16641629 0.65905023
v 0.05522034 0.18666002 0.64482450
v 0.09103528 0.33574522 0.57348490
v 0.07738471 0.31816807 0.56357282
v 0.04102775 0.31828690 0.60152692
v 0.11856590 0.35932386 0.59076875
v 0.08574525 0.24597162 0.54746884
v -0.13619727 0.19231570 0.55358315
v -0.13261454 0.18006073 0.56355470
v 0.07613637 0.26097327 0.54831523
v 0.06914962 0.28131998 0.55042261
v 0.06988053 0.29952383 0.55628920
v -0.06977049 0.80749220 0.45098612
v -0.13702181 0.80174917 0.43401226
v -0.13468231 0.97432363 -0.11976848
v -0.13734443 0.97360218 -0.06457192
v -0.06755152 0.98853058 -0.06727236
v -0.07449833 0.98623937 -0.14818892
v 0.19204323 0.44895136 0.59159988
v 0.17596404 0.40508446 0.60854930
v 0.36480424 0.55480587 0.38064960
v 0.39276546 0.50106794 0.35547236
v 0.32233459 0.42749742 0.49624735
v 0.34420702 0.39972559 0.47753072
v 0.35914519 0.36596042 0.46055165
v 0.40778929 0.42686689 0.33605617
v 0.41250592 0.34608129 0.32955140
v 0.41942611 0.26791582 0.33400419
v -0.43198460 0.15414333 -0.27012426
v -0.45506725 0.14480551 -0.17363386
v -0.47255889 0.22044329 -0.18169069
v -0.46058729 0.25601837 -0.28683802
v 0.30229831 0.74855936 0.32901847
v -0.22417617 -0.44963068 0.19294889
v -0.20383039 -0.51802808 0.16384640
v -0.00860212 -0.34114343 -0.43761474
v 0.30146033 0.78491294 0.28572217
v 0.29868352 0.70856047 0.37321481
v 0.23976749 0.86728287 0.22996144
v 0.24263668 0.84096307 0.28489181
v 0.29701459 0.81603163 0.24099605
v 0.24617542 0.80819607 0.33151132
v 0.24776033 0.77070791 0.37368184
v 0.24372248 0.73025686 0.41745511
v 0.23776045 0.68992424 0.45591968
v 0.22856183 0.63661611 0.49779791
v 0.27461353 -0.21147828 -0.26411936
v 0.04463963 0.08921092 0.63887328
v 0.04023649 0.09006717 0.64308619
v -0.34755620 0.48715994 0.44875458
v -0.35881853 0.52339792 0.42199260
v -0.38297111 0.47788143 0.39831281
v -0.36928114 0.44761172 0.42673683
v 0.03920175 0.08604074 0.63640171
v 0.03470334 0.08736377 0.64041454
v 0.03381398 0.07868809 0.63843471
v 0.03979676 0.03446946 0.65413713
v 0.03344823 0.04605335 0.64769655
v 0.03099078 0.06669092 0.64045519
v 0.42654642 -0.03741965 0.07495236
v -0.04569596 0.44516408 0.62669528
v -0.09473283 0.44701105 0.62370336
v -0.08336486 0.40619057 0.62559175
v -0.04133892 0.40480784 0.62798887
v -0.39539370 0.24512637 0.39712042
v -0.41311127 0.22719611 0.37781376
v -0.40714502 0.17421827 0.40821475
v -0.38809934 0.19997330 0.42121208
v -0.36785945 0.16934140 0.46169367
v -0.38387099 0.13264070 0.45921496
v -0.12693226 0.64906424 0.55027765
v -0.06415106 0.65064830 0.56143928
v -0.39890599 0.41745719 0.37811673
v -0.38490692 0.39718103 0.40921050
v -0.06205443 0.23871316 0.59874690
v -0.06731922 0.24920651 0.57905990
v -0.04995330 0.28063750 0.59616041
v -0.03123530 0.27303448 0.62733746
v -0.02965255 0.29817647 0.61735791
v -0.04798773 0.30003563 0.59900230
v -0.22140536 0.53527635 0.54803252
v -0.23217592 0.58429211 0.52658296
v -0.28045106 0.57626766 0.49063382
v -0.27033153 0.53090221 0.51412970
v -0.13826451 0.84134877 0.39039493
v -0.07045144 0.84811217 0.40773028
v -0.03396683 0.35668710 0.61993051
v -0.06355637 0.35818619 0.61194527
v -0.05416395 0.33710721 0.60443991
v -0.03184637 0.33610117 0.61540341
v -0.16141067 0.16947511 0.55557019
v -0.16647501 0.18373847 0.54869306
v -0.42279893 -0.04382476 0.02322910
v -0.43183008 -0.05017536 0.02801535
v -0.48653609 0.25155687 0.08646379
v -0.47149256 0.18304907 0.09816500
v -0.47740304 0.23504506 0.16060746
v -0.48047072 0.31887221 0.14506625
v -0.49081385 0.39219585 0.12419103
v -0.50072187 0.44828710 0.09550530
v -0.50107163 0.35042906 0.04791996
v -0.49511731 0.31009549 0.07204181
v -0.31757393 -0.36395356 -0.20194054
v -0.30579615 -0.29984215 -0.21561158
v -0.02997964 0.25257790 0.64341253
v -0.02957101 0.23335940 0.65932912
v -0.13293576 0.37981492 -0.65165198
v -0.13024627 0.29157594 -0.64075005
v -0.25484961 0.31803784 -0.58466661
v -0.25564957 0.40161356 -0.59406167
v -0.41428220 0.08678422 -0.24622124
v -0.44395941 0.08682318 -0.15728585
v -0.07122387 0.05893774 0.66060060
v -0.05278121 0.08578953 0.63141966
v -0.05488754 0.06421751 0.63032484
v -0.05306114 0.08156391 0.63083476
v -0.07392076 0.04492454 0.67289442
v -0.08839034 0.04214143 0.68206406
v -0.05925919 0.04183761 0.63289708
v -0.05443181 0.04317347 0.63574439
v -0.05067778 0.06600849 0.63200098
v -0.05917838 0.08826671 0.63522220
v -0.01716012 0.01803528 0.71607524
v -0.02130126 0.02694075 0.73503458
v -0.04466228 0.03756432 0.72622955
v -0.03423458 0.02836838 0.71283865
v -0.04114796 0.08276681 0.63991588
v -0.03573880 0.06867504 0.64628011
v -0.03788355 0.05630194 0.68808204
v -0.04990282 0.07904661 0.66423464
v -0.05226908 0.09086384 0.64731306
v -0.04884863 0.06035919 0.68364799
v -0.04068990 0.02542377 0.66624022
v -0.05989054 0.06114207 0.67350453
v -0.50852925 0.04724997 -0.01882245
v -0.36510360 -0.26258492 0.07775192
v -0.39442265 -0.16874455 0.04335940
v -0.38458949 -0.16894481 0.01088534
v -0.36444643 -0.26664981 0.02735945
v -0.51522827 0.20030841 -0.06101888
v -0.43736091 0.51975739 0.28072512
v -0.44621792 0.59501791 0.22493052
v -0.48452494 0.52242601 0.15189424
v -0.47835743 0.45330831 0.18125938
v -0.44728872 0.65592468 0.17475571
v -0.48857492 0.59157848 0.10810286
v -0.51341993 0.51483518 0.04765606
v -0.51553053 0.38464656 -0.03959826
v -0.27071303 0.25950545 0.51742584
v -0.27281624 0.25784367 0.51738119
v -0.26348728 0.25550869 0.52512586
v -0.26194066 0.25734621 0.52537596
v -0.26800749 0.25998634 0.51533467
v -0.26040387 0.25726244 0.52131915
v -0.27452093 0.26232126 0.51049203
v -0.27745003 0.26145840 0.51217496
v -0.27888748 0.25966817 0.51166242
v -0.16552518 0.26058343 0.54039896
v -0.16726312 0.26101249 0.53548461
v -0.18230863 0.25826526 0.54064339
v -0.18235572 0.25739336 0.54720950
v -0.16491833 0.25870091 0.54179889
v -0.18372796 0.25462744 0.54696518
v -0.15781915 0.26757291 0.50095773
v -0.15637577 0.27135685 0.50146687
v -0.16405140 0.26191378 0.50227469
v -0.15044546 0.27305111 0.51932824
v -0.15030669 0.27849847 0.52145541
v -0.15445907 0.28193018 0.50363046
v -0.15506609 0.27524349 0.50164175
v -0.15148912 0.26891547 0.52020288
v -0.14203072 0.26818761 0.52387810
v -0.14035808 0.27129027 0.52266848
v -0.14101340 0.27526376 0.52613556
v -0.21450880 0.24847546 0.54720867
v -0.21676613 0.24441600 0.54555720
v -0.18714783 0.24670604 0.54655194
v -0.18578167 0.25083992 0.54678237
v -0.21250382 0.25191185 0.54768586
v -0.23325364 0.25273135 0.54357898
v -0.23590371 0.24938376 0.54206622
v -0.23739655 0.24572392 0.53990382
v -0.16494741 0.25205788 0.54261857
v -0.16452174 0.25594708 0.54220670
v -0.23853268 0.24134299 0.53736633
v -0.21812023 0.24012035 0.54256612
v -0.18820642 0.24177946 0.54494125
v -0.16476670 0.24831302 0.54327792
v -0.14475875 0.25697187 0.53847837
v -0.14900737 0.25906488 0.53819758
v -0.21860823 0.23502725 0.54073787
v -0.21855253 0.22897582 0.54077995
v -0.18711410 0.23108006 0.54438555
v -0.18790752 0.23653544 0.54351491
v -0.23894657 0.23572703 0.53470361
v -0.23863684 0.22940536 0.53384006
v -0.28937963 0.25993806 0.49916860
v -0.29286546 0.26206374 0.49446616
v -0.29391915 0.25783315 0.49337241
v -0.29225180 0.25570902 0.49598303
v -0.31411061 0.23810451 0.47114760
v -0.31956214 0.24659947 0.46613145
v -0.33326477 0.23944777 0.45542952
v -0.32548133 0.23041478 0.46351039
v -0.38069639 0.18083557 0.44063812
v -0.33840305 0.21511495 0.45878878
v -0.34823018 0.22504078 0.44608063
v -0.28542757 0.25798410 0.50451159
v -0.28049010 0.25652435 0.51058733
v -0.28388685 0.26121762 0.50581360
v -0.28789183 0.26300603 0.50083721
v -0.28853750 0.25391021 0.50139105
v -0.28307617 0.25226572 0.50837779
v -0.27485335 0.25496739 0.51658010
v -0.27741507 0.25051373 0.51482236
v -0.26767498 0.24842079 0.52295840
v -0.26566115 0.25267023 0.52409816
v -0.25213373 0.25103045 0.53294677
v -0.24988504 0.25402731 0.53442568
v -0.25369531 0.24693480 0.53157729
v -0.26927575 0.24346848 0.52147919
v -0.25595912 0.24220064 0.52951479
v -0.27968207 0.24555165 0.51182675
v -0.28603950 0.24774015 0.50400859
v -0.29141238 0.24978697 0.49689797
v -0.29573566 0.25177115 0.49179575
v -0.29848751 0.25522563 0.48876557
v -0.29536110 0.24458337 0.49092162
v -0.30033928 0.23931818 0.48539430
v -0.29209080 0.23632891 0.49449670
v -0.28902921 0.24238294 0.49880800
v -0.30089515 0.24743818 0.48501903
v -0.30675057 0.24299310 0.47821397
v -0.28119272 0.24071819 0.50791717
v -0.28284883 0.23492844 0.50422823
v -0.27033281 0.23276044 0.51570457
v -0.27002746 0.23892827 0.51932091
v -0.25831863 0.23684078 0.52726942
v -0.25833848 0.23043650 0.52427095
v -0.21084975 0.25473192 0.54795969
v -0.20875947 0.25521812 0.54264194
v -0.22929229 0.25636035 0.53916478
v -0.23091227 0.25545096 0.54443794
v -0.24779902 0.25615007 0.53475082
v -0.24644521 0.25717929 0.53031725
v -0.22857058 0.24746279 0.52303237
v -0.22257230 0.25045311 0.49835894
v -0.24118550 0.25105107 0.49338922
v -0.24980904 0.24905445 0.51656288
v -0.20453869 0.24574393 0.52586275
v -0.20137167 0.25244513 0.50217128
v -0.18143016 0.24931705 0.52690297
v -0.18048699 0.25668949 0.50273824
v -0.16572663 0.25900820 0.52598822
v -0.22472756 0.32455742 0.55715090
v -0.22599195 0.32927901 0.55746019
v -0.25338662 0.32476249 0.55078834
v -0.25107840 0.31973836 0.55020249
v -0.32253739 0.15024368 -0.46523827
v -0.32882923 0.24582604 -0.49853942
v -0.24955297 0.21768919 -0.56058991
v -0.27117383 0.29992747 0.54024529
v -0.27219197 0.30682600 0.54014289
v -0.28651696 0.30003524 0.52821010
v -0.28436995 0.29383802 0.52817380
v -0.26992479 0.29311621 0.53901660
v -0.28191683 0.28795615 0.52596349
v -0.25089711 0.29917684 0.55052775
v -0.25169748 0.30684131 0.55184114
v -0.25158587 0.31386852 0.55080771
v -0.28276387 0.28802004 0.49189734
v -0.27677295 0.29782712 0.49719226
v -0.27513167 0.28464955 0.51366842
v -0.27971753 0.27964309 0.50610435
v -0.28590441 0.28369632 0.48730391
v -0.28304425 0.27669120 0.50027102
v -0.28152847 0.28812647 0.46550062
v -0.27667034 0.29341453 0.46995088
v -0.26924521 0.30029839 0.47651416
v -0.28431264 0.28371203 0.46302101
v -0.28587583 0.27945733 0.46204746
v -0.28524855 0.27450827 0.46163300
v -0.28317738 0.26977175 0.46351898
v -0.39752612 0.08011182 0.44320703
v -0.39761704 0.14842476 0.43430388
v -0.41350505 0.09850007 0.41473773
v -0.28183150 0.26308814 0.50673032
v -0.28578001 0.26505300 0.50185943
v -0.27842683 0.26403433 0.50594884
v -0.28097636 0.26562139 0.50243592
v -0.28871372 0.26721987 0.49680594
v -0.29186872 0.26526165 0.49527654
v -0.27096239 0.25349671 0.50205141
v -0.26716942 0.25569806 0.48159719
v -0.27419275 0.25916550 0.47608656
v -0.27676114 0.25926015 0.49463406
v -0.26399651 0.24951038 0.50796300
v -0.25606519 0.25243476 0.48737907
v -0.27798289 0.26228270 0.47164854
v -0.28092045 0.26609325 0.46683842
v -0.28045854 0.26206475 0.49098963
v -0.28330964 0.26528215 0.48603588
v -0.28339523 0.26803690 0.49846551
v -0.28708032 0.27275968 0.48171571
v -0.28774005 0.27597097 0.48241982
v -0.28529522 0.26960275 0.49413335
v -0.28780687 0.27269918 0.49044412
v -0.28565770 0.26945329 0.48246291
v -0.28728098 0.27979335 0.48407260
v -0.28564709 0.27433586 0.49443915
v -0.29558674 0.26159379 0.49121970
v -0.29467586 0.26746833 0.49128649
v -0.30083290 0.27266255 0.48630613
v -0.29999244 0.26034144 0.48670653
v -0.30714121 0.25939989 0.47980917
v -0.30454364 0.25184882 0.48112661
v -0.30995691 0.27506474 0.48186663
v -0.31941533 0.27838689 0.47707534
v -0.31537500 0.25933832 0.47276253
v -0.31088355 0.24987380 0.47413021
v -0.29104444 0.26927894 0.49279901
v -0.29355824 0.27147833 0.49034119
v -0.30570588 0.28022671 0.49129835
v -0.31216559 0.28546023 0.48971051
v -0.29732892 0.27657881 0.49373758
v -0.29388222 0.27903423 0.50339496
v -0.30074400 0.28409195 0.50353861
v -0.30532673 0.28966698 0.50344443
v -0.29395345 0.28826109 0.51555604
v -0.29744378 0.29431635 0.51565927
v -0.28887451 0.28293395 0.51395518
v -0.29047242 0.27419230 0.49547821
v -0.28721121 0.27622467 0.50225741
v -0.28325897 0.27911273 0.51076263
v -0.27816984 0.28279957 0.52085942
v -0.26828101 0.28881723 0.53459281
v -0.26557606 0.29191601 0.52666742
v -0.24994652 0.29315835 0.54655945
v -0.24856719 0.29761887 0.53973460
v -0.22942980 0.33583638 0.56057471
v -0.26115680 0.33304998 0.55314428
v -0.24782595 0.31319994 0.51924425
v -0.23679157 0.31189013 0.49751773
v -0.21999289 0.31312439 0.50660062
v -0.22521341 0.31585148 0.53138232
v -0.15221545 0.28032026 0.52357292
v -0.15460598 0.28595009 0.52764398
v -0.15720171 0.29351601 0.50828654
v -0.15398002 0.28642598 0.50480205
v -0.14674248 0.27700508 0.53028208
v -0.15468425 0.28173205 0.53494638
v -0.17595549 0.30634102 0.53801084
v -0.17938310 0.30797124 0.51279634
v -0.16340394 0.30275428 0.51143807
v -0.16187865 0.29645625 0.53369546
v -0.18263075 0.29379952 0.54745531
v -0.16584489 0.28714332 0.54117358
v -0.22577864 0.30013821 0.54781926
v -0.13849483 0.61191374 -0.62811387
v -0.13717364 0.50965858 -0.64943683
v -0.25410351 0.52153367 -0.58919328
v -0.25204396 0.61016053 -0.57112533
v -0.26707995 0.30706933 0.50663012
v -0.25508428 0.30697197 0.48715657
v -0.30997914 0.61670846 -0.51708519
v -0.30386013 0.67370063 -0.49822363
v -0.25294441 0.68638545 -0.53666085
v -0.23069112 -0.22400741 -0.32907400
v -0.16664709 -0.28371027 -0.38133377
v -0.14157805 0.27602378 0.53841901
v -0.15118119 0.28125986 0.54308498
v -0.13526747 0.27234533 0.53409296
v -0.12821722 0.27255034 0.53642863
v -0.13439636 0.27793577 0.54025400
v -0.14414287 0.28484064 0.54573113
v -0.16316882 0.28745064 0.54800421
v -0.15761554 0.29211044 0.55200201
v -0.17770277 0.29948995 0.55740267
v -0.18197514 0.29431993 0.55381209
v -0.22538669 0.29670772 0.55479878
v -0.22414595 0.30227727 0.55792367
v -0.17416340 0.30666935 0.55842412
v -0.15329060 0.29860443 0.55273199
v -0.17159064 0.31401923 0.55802882
v -0.15161568 0.30696514 0.55146039
v -0.22293130 0.31778610 0.55767274
v -0.22303776 0.30976656 0.55876011
v -0.14883064 0.26143971 0.53715032
v -0.13150844 0.26521453 0.53452188
v -0.15047221 0.26359627 0.53459615
v -0.13706550 0.26694372 0.53209817
v -0.15563171 0.26366180 0.52962261
v -0.13316502 0.26943740 0.53153712
v -0.12624903 0.26833862 0.53392553
v -0.15492940 0.26460171 0.52178186
v -0.12771320 0.28224298 0.53802550
v -0.12094295 0.27385411 0.53579652
v -0.11944468 0.28645325 0.53538173
v -0.11299658 0.27514946 0.53407103
v -0.13230500 0.29920232 0.54179990
v -0.13821140 0.29115662 0.54354835
v -0.11915281 0.26685530 0.53428227
v -0.12316462 0.26346600 0.53507012
v -0.11229369 0.26613176 0.53372449
v -0.11658116 0.26155645 0.53418261
v -0.16335641 0.24419086 0.54344058
v -0.16107979 0.23966955 0.54305482
v -0.14039958 0.25326362 0.53949016
v -0.13625827 0.24942590 0.53917712
v -0.21652712 0.22157238 0.53912044
v -0.23744512 0.22257473 0.53273821
v -0.21220823 0.21353233 0.53776419
v -0.23487727 0.21285865 0.53148270
v -0.18041947 0.21659862 0.54248571
v -0.18446001 0.22413000 0.54328364
v -0.19915977 -0.56533152 0.14889704
v -0.30621913 0.23296061 0.48039156
v -0.31529430 0.22316144 0.47530973
v -0.30309248 0.21847562 0.48701417
v -0.29641974 0.22996666 0.49040425
v -0.28542647 0.22735497 0.50075608
v -0.28862226 0.21521018 0.50040364
v -0.27190915 0.21389824 0.51206207
v -0.27155915 0.22522923 0.51256156
v -0.25794730 0.22337572 0.52250230
v -0.25565892 0.21325165 0.52173471
v -0.32574248 0.25660738 0.46291679
v -0.33513084 0.27735481 0.46261993
v -0.33931974 0.25125900 0.45118997
v -0.35087219 0.27513206 0.44770616
v -0.10914865 0.29272830 0.53683716
v -0.10391013 0.27799645 0.53370440
v -0.09502091 0.29803428 0.54317719
v -0.09160272 0.28126678 0.53897578
v -0.10538589 0.31654313 0.55208260
v -0.11972270 0.31170344 0.54517716
v -0.10623065 0.26599050 0.53387207
v -0.11046775 0.25915715 0.53407884
v -0.09737457 0.26485476 0.53647941
v -0.10405294 0.25550246 0.53627253
v -0.15746728 0.23321757 0.54265678
v -0.15280308 0.22620195 0.54239696
v -0.13130203 0.24474078 0.53896153
v -0.12508203 0.23888041 0.54047871
v -0.31122369 0.08216024 -0.43175620
v -0.33399361 0.34627765 -0.51762718
v -0.31448486 0.36225650 0.53398067
v -0.29786468 0.34290090 0.53959751
v -0.27303934 0.34923846 0.55515909
v -0.28732032 0.37232202 0.55502802
v -0.32898405 0.39177957 0.51962000
v -0.34586188 0.37065569 0.50035441
v -0.33130577 0.34850776 0.51423973
v -0.31533635 0.33260998 0.52269500
v -0.34119555 0.29573816 0.47113067
v -0.32881171 0.29519781 0.48207015
v -0.32963228 0.30715409 0.49247748
v -0.34188193 0.31169769 0.48255736
v -0.35626411 0.29724139 0.45458379
v -0.35852069 0.32024148 0.46634093
v -0.33808756 0.32844737 0.49712789
v -0.32430974 0.31914186 0.50685930
v -0.35388154 0.34339616 0.48400152
v -0.15799449 0.34681436 0.57025540
v -0.16452606 0.33826080 0.56187886
v -0.14333381 0.32570881 0.55296904
v -0.13202815 0.32956511 0.55789024
v -0.15011209 0.35526776 0.57740921
v -0.11945993 0.33350879 0.56315386
v -0.24524318 0.37811661 0.57547349
v -0.23604098 0.35313892 0.56819552
v -0.16918427 0.31977350 0.55715114
v -0.15364300 0.31265619 0.55325174
v -0.16913843 0.32473007 0.55628145
v -0.15192208 0.31601387 0.55116940
v -0.35659045 0.74413598 -0.38314581
v -0.37369040 0.78244501 -0.30383897
v -0.27574289 0.85722470 -0.34778801
v -0.26828688 0.80828154 -0.42662284
v -0.27281246 0.31182718 0.53937089
v -0.27444059 0.31795973 0.54057032
v -0.29092568 0.31166872 0.52802342
v -0.28774279 0.30525661 0.52725780
v -0.29950869 0.29989538 0.51495868
v -0.30384108 0.30585444 0.51423001
v -0.31298053 0.29912844 0.50122452
v -0.30811530 0.29486093 0.50253385
v -0.31326491 0.29183212 0.49371287
v -0.31766364 0.29236680 0.49013892
v -0.15062542 0.32165897 0.55355644
v -0.16736086 0.32897148 0.55802971
v -0.32157144 0.53931957 -0.52705133
v -0.29154351 0.62339944 0.45818809
v -0.33710438 0.60096639 0.41694248
v -0.32429895 0.56008357 0.45202482
v -0.28330493 0.32693738 0.54163408
v -0.30062419 0.32006884 0.52685624
v -0.31279859 0.31215730 0.51202005
v -0.32010883 0.30332509 0.49923283
v -0.32295376 0.29686069 0.49048561
v -0.46120721 0.06948125 0.06776156
v -0.46614498 0.07019009 0.05634448
v -0.50517410 0.12060839 -0.10590234
v -0.49148938 0.16616352 -0.09589549
v -0.48389184 0.19008963 -0.08796965
v -0.50534862 0.24482906 -0.02673069
v -0.52561229 0.26437134 -0.04381725
v -0.52420974 0.01351605 -0.06212750
v -0.51019877 0.00549887 -0.03524113
v -0.52537739 0.01861583 -0.06651039
v -0.56372148 0.24075216 -0.10994364
v -0.56455570 0.22838201 -0.11812609
v -0.56888020 0.22647455 -0.11654577
v -0.26712704 -0.04546427 -0.36430711
v -0.29343632 0.03062784 -0.40205660
v -0.56551003 0.21453831 -0.12553099
v -0.47796968 0.09882231 0.03825206
v -0.51246220 0.11548650 -0.10801716
v -0.52252740 0.11126062 -0.12025660
v -0.52251166 0.07867775 -0.12106422
v -0.52017248 0.08150001 -0.11556730
v -0.51668060 0.04695033 -0.10858815
v -0.51527631 0.05143086 -0.10469753
v -0.53435749 0.03279556 -0.08550784
v -0.54247981 0.05527481 -0.10289615
v -0.53291237 0.26822561 -0.05111281
v -0.52822536 0.26288244 -0.04227202
v -0.53712946 0.26822531 -0.05247749
v -0.48036760 0.09194864 0.02986414
v -0.49453202 0.23260072 -0.02739623
v -0.49098861 0.22073585 -0.01598718
v -0.48949343 0.22163267 -0.02097219
v -0.46107420 0.12164771 -0.00009684
v -0.45942000 0.12756835 -0.00082843
v -0.46608707 0.11329526 0.00607514
v -0.47926012 0.10425950 0.01664941
v -0.44884676 0.05641915 0.01208793
v -0.44701150 0.04935887 -0.00109671
v -0.44541234 0.04551435 0.00560737
v -0.55011821 0.30379620 -0.06856505
v -0.49123734 0.21511056 -0.01327901
v -0.49860135 0.22299100 -0.01301087
v -0.50179493 0.23042938 -0.01508250
v -0.54225034 0.26806587 -0.05262830
v -0.50376123 0.23663007 -0.01747237
v -0.49947083 0.23404312 -0.01943305
v -0.50907922 0.24500252 -0.02442667
v -0.49654245 0.23258372 -0.02293020
v -0.47735339 0.07950782 -0.07530619
v -0.47049120 0.07799286 -0.06292272
v -0.47328040 0.19986330 0.05832413
v -0.47454152 0.18485606 0.04066466
v -0.50691295 0.00470259 -0.01896244
v -0.48859060 0.23129623 -0.06304330
v -0.48604643 0.25152460 -0.07121301
v -0.55003363 0.08389055 -0.11367641
v -0.51696533 0.05670920 -0.04614531
v -0.50600880 0.05616670 -0.03259993
v -0.52953398 0.06179078 -0.05825771
v -0.54080665 0.07657962 -0.07039478
v -0.46256384 0.17688915 -0.04448908
v -0.53226560 0.19755407 -0.07433040
v -0.53770167 0.18404886 -0.07877555
v -0.52408564 0.19844620 -0.06571283
v -0.48962286 0.27488562 -0.05973069
v -0.49209979 0.27120876 -0.04752899
v -0.49453986 0.24064362 -0.05343635
v -0.49344426 0.25856778 -0.04670170
v -0.45899141 0.07808539 0.01056973
v -0.45599797 0.04350215 -0.00947082
v -0.45776513 0.05277869 -0.01729344
v -0.46452904 0.04389603 -0.01296574
v -0.46387067 0.04875810 -0.02333850
v -0.46331060 0.05755814 -0.03444852
v -0.46357054 0.06838028 -0.04516403
v -0.46335822 0.08116913 -0.05060304
v -0.45664117 0.10232843 0.00287512
v -0.50054181 0.27490950 0.01203483
v -0.45526293 0.09096613 0.00409492
v -0.46277440 0.11327767 0.00321863
v -0.46357006 0.10247426 0.00715321
v -0.46268710 0.09044880 0.00974301
v -0.49407873 0.04216491 0.01406246
v -0.49869588 0.05277491 -0.00341655
v -0.48453477 0.04495939 0.01757550
v -0.50078815 0.05612973 -0.01895757
v -0.47679296 0.04558480 0.01846522
v -0.49070665 0.23851307 -0.05617125
v -0.49011129 0.25861865 -0.05614108
v -0.46377149 0.09021774 0.07984411
v -0.42696369 0.13209587 0.38186616
v -0.43557337 0.19398056 0.34659740
v -0.16384900 -0.18595111 0.50958389
v -0.15704077 -0.20638634 0.51262242
v -0.37695658 0.06323555 0.47137800
v -0.34867939 0.04528439 0.50214607
v -0.16441150 -0.15374079 0.57602429
v -0.15931019 -0.15844327 0.57700229
v -0.15260351 -0.15421212 0.57892978
v -0.15770787 -0.15180601 0.57643902
v -0.14185712 -0.15011415 0.56941807
v -0.14688182 -0.15040380 0.56463414
v -0.14876108 -0.14985533 0.57024205
v -0.14415726 -0.14907211 0.57482034
v -0.19408460 -0.05747917 0.59027660
v -0.21964499 -0.03021417 0.58361334
v -0.23391111 -0.05846827 0.57542419
v -0.21125898 -0.08096970 0.58338314
v -0.15869276 -0.15666322 0.52384984
v -0.15789753 -0.14671539 0.52484590
v -0.14994042 -0.14768551 0.54547983
v -0.15279448 -0.15222828 0.54458320
v -0.15632586 -0.17466891 0.52506161
v -0.15104844 -0.16100444 0.54468042
v -0.16831408 -0.16094087 0.50876695
v -0.16501859 -0.14422369 0.51048857
v -0.22452559 -0.19796968 0.55201536
v -0.20128885 -0.18355769 0.56254274
v -0.20730476 -0.16356942 0.56796986
v -0.23023623 -0.16857451 0.55756575
v -0.16779925 0.02118719 0.59104180
v -0.19526526 -0.00295518 0.58994985
v -0.17520921 -0.03071285 0.59232938
v -0.14947611 -0.00135288 0.59194338
v -0.12434548 0.02683589 0.59165871
v -0.14060915 0.04712981 0.59021842
v -0.11317027 0.07585363 0.61408633
v -0.11918483 0.05210206 0.62231678
v -0.11878569 0.04382860 0.64431888
v -0.11927246 0.06032941 0.63653028
v -0.10660183 0.01865614 0.63380408
v -0.12058927 0.03714346 0.61421579
v -0.07914326 0.01012343 0.63558960
v -0.07715066 0.01451854 0.64066762
v -0.10470930 0.01642547 0.62263912
v -0.10484067 0.01078428 0.60903579
v -0.08199432 0.00599106 0.62860906
v -0.07228208 0.02032096 0.64520735
v -0.09104820 0.02209640 0.64614278
v -0.10359839 0.03255460 0.65875739
v -0.02919668 0.02387071 0.69804597
v -0.03877186 0.03138445 0.71024793
v -0.06072435 0.22409613 0.61614269
v -0.08098979 0.20313090 0.60006618
v -0.06207385 0.20646206 0.62960637
v -0.08109884 0.18776195 0.61251926
v -0.09712699 0.04600047 0.68121135
v -0.10870175 0.05971491 0.67218614
v -0.08083190 0.05358908 0.70338255
v -0.08812230 0.07153767 0.70233470
v -0.02973068 0.31846908 0.61449844
v -0.01803130 0.00278903 0.67298633
v -0.02068659 -0.00039675 0.67029214
v -0.01567362 0.00900512 0.68358189
v -0.14172111 0.76476169 -0.54901969
v -0.14562711 0.84500706 -0.47574171
v -0.14247321 0.93599790 -0.32619321
v -0.12826000 0.96119416 -0.24676766
v -0.03912146 -0.09861919 0.67740601
v -0.03791076 -0.08183127 0.67561883
v -0.07972964 -0.10393482 0.59201932
v -0.04462149 -0.10338313 0.60125065
v -0.04255722 -0.12690623 0.61708909
v -0.07480284 -0.12707336 0.60737216
v -0.10105140 -0.12806904 0.59283185
v -0.10728092 -0.10485480 0.57891911
v -0.08427378 -0.08030213 0.58244753
v -0.04804594 -0.07945690 0.59258699
v -0.07467520 -0.14184353 0.63043535
v -0.04282255 -0.14092843 0.64407444
v -0.04264323 -0.12921767 0.66052371
v -0.07626268 -0.13315532 0.64399493
v -0.12334826 -0.01215521 0.60619605
v -0.09650742 -0.01014441 0.62001204
v -0.06961813 -0.01103536 0.64061356
v -0.04912158 -0.01230128 0.65821916
v -0.04474630 -0.00054134 0.65943545
v -0.06152259 0.00296412 0.64525676
v -0.04159214 0.00410774 0.66055232
v -0.05807845 0.00732279 0.64801222
v -0.05599855 0.01130370 0.65044004
v -0.05932590 0.01894652 0.65092707
v -0.04667644 0.01814687 0.65891361
v -0.05020673 0.02466619 0.65687114
v -0.03989471 0.00832189 0.66205555
v -0.03147787 0.17058815 0.70660347
v -0.03031353 0.19283259 0.69011950
v -0.06759159 -0.07266521 0.66325039
v -0.03749934 -0.06823467 0.67176944
v -0.03317004 -0.04306556 0.66748327
v -0.06098232 -0.04479808 0.65902370
v -0.09054485 -0.05061628 0.64345539
v -0.10004662 -0.08449691 0.64748847
v -0.02342138 -0.00465849 0.66845798
v -0.06959035 -0.08663291 0.66596597
v -0.07088231 -0.10315073 0.66515845
v -0.10236712 -0.09973887 0.64870113
v -0.10301864 -0.11463487 0.64646977
v -0.13029924 -0.10133221 0.62837684
v -0.12510663 -0.06302129 0.62701344
v -0.16149229 -0.07664670 0.60846657
v -0.15520377 -0.11914787 0.60764086
v -0.20516124 -0.14393009 0.57630736
v -0.17493719 -0.15593676 0.57457817
v -0.17487799 -0.14786227 0.57974476
v -0.17272112 -0.14006425 0.58647698
v -0.20170762 -0.12306081 0.58450258
v -0.22651315 -0.13930070 0.56636745
v -0.22205004 -0.10916989 0.57474029
v -0.18917777 -0.10026770 0.59483683
v -0.16778812 -0.13100040 0.59473687
v -0.16497184 -0.14912301 0.58014089
v -0.15828492 -0.14968786 0.57826769
v -0.16281864 -0.14420871 0.58534175
v -0.15626863 -0.14770596 0.58285671
v -0.15870686 -0.13920313 0.59234327
v -0.15255591 -0.14503561 0.58854187
v -0.14546277 -0.14066136 0.59819973
v -0.15044445 -0.13186969 0.60375541
v -0.14298224 -0.14853299 0.56969291
v -0.13595232 -0.14693686 0.57686663
v -0.13661109 -0.14856671 0.58516878
v -0.14360411 -0.14935154 0.57696080
v -0.14720756 -0.14961930 0.56520879
v -0.14738680 -0.14945246 0.57266247
v -0.14578275 -0.14236313 0.55190492
v -0.13721308 -0.13576473 0.56298035
v -0.15024982 -0.15075910 0.56168044
v -0.15098141 -0.14975324 0.56803310
v -0.15189554 -0.14974201 0.57582027
v -0.15099350 -0.14931297 0.57833141
v -0.14731497 -0.14855753 0.58326083
v -0.14052123 -0.14692977 0.59173846
v -0.10176739 -0.12734959 0.63872248
v -0.12572899 -0.12778063 0.62430608
v -0.12282521 -0.13838889 0.61538768
v -0.09986713 -0.13964890 0.62639010
v -0.11947072 -0.14454927 0.60538310
v -0.11316227 -0.08204710 0.57243812
v -0.09677188 -0.14289892 0.61438483
v -0.12963441 -0.11089283 0.56300294
v -0.13592379 -0.09333587 0.55117697
v -0.12151481 -0.13069707 0.57633358
v -0.15396348 -0.13569245 0.53047061
v -0.14368811 -0.12284869 0.54652572
v -0.16254100 -0.13123384 0.51621670
v -0.15093629 -0.10939965 0.53519011
v -0.11830333 -0.14530322 0.59324515
v -0.12872821 -0.11581650 0.62795007
v -0.07317238 -0.11847717 0.65708965
v -0.04047756 -0.11381231 0.67081249
v -0.03630647 0.11992910 0.74549323
v -0.03428433 0.14740472 0.72493786
v -0.14769788 -0.15079519 0.57868207
v -0.06177427 -0.62043142 0.21548809
v -0.16937530 -0.16349384 0.57302493
v -0.15046407 -0.18942893 0.52474236
v -0.14539304 -0.16829754 0.54638839
v -0.20648284 -0.22717823 0.55204368
v -0.17535378 -0.24953541 0.56922138
v -0.16354856 -0.22432277 0.58106679
v -0.18877995 -0.20520851 0.56462353
v -0.14515847 -0.18621382 0.59502023
v -0.15986194 -0.17370455 0.57968193
v -0.15095688 -0.16500252 0.58480549
v -0.13728073 -0.17242414 0.60031766
v -0.12968668 -0.16154158 0.60269439
v -0.14418176 -0.15725335 0.58692127
v -0.11577256 -0.14899427 0.59657788
v -0.08840898 -0.14741574 0.61483276
v -0.08304028 -0.17081219 0.58386564
v -0.11128034 -0.17173183 0.57054108
v -0.13473314 -0.17024869 0.55451810
v -0.13509595 -0.15010469 0.57660174
v -0.12100045 -0.14658664 0.60173875
v -0.13769080 -0.14797662 0.58264905
v -0.09267928 -0.14576662 0.62223119
v -0.12812462 -0.59866333 0.18922280
v -0.14064321 -0.15095182 0.58643973
v -0.12437502 -0.15074193 0.60292333
v -0.09803232 -0.15131418 0.62620735
v -0.10473615 -0.16526553 0.62788576
v -0.11159105 -0.18057796 0.62769687
v -0.11724047 -0.19795699 0.62076235
v -0.13112353 -0.24258152 0.59980834
v -0.13811135 -0.27250153 0.59053469
v -0.08962287 -0.25294513 0.61737984
v -0.09368675 -0.28360754 0.61424696
v -0.08334826 -0.20630069 0.64390057
v -0.08009128 -0.18548805 0.65269399
v -0.07510614 -0.16836958 0.65236223
v -0.07013875 -0.15330806 0.64700752
v -0.02775015 -0.01385383 0.66678149
v -0.03750309 0.01827884 0.66718423
v -0.02994424 0.01967135 0.68187153
v -0.05292254 0.04095390 0.71575695
v -0.01533064 0.01317982 0.69853532
v -0.07029128 0.05301172 0.71366292
v -0.05949080 0.04888683 0.72286671
v -0.06439046 0.06068697 0.72887546
v -0.07241433 0.06469291 0.72145075
v -0.04972428 0.04434287 0.73166668
v -0.05814946 0.05952341 0.73618072
v -0.02426864 0.03488181 0.74503094
v -0.03043247 0.05831120 0.75995970
v -0.03640210 0.09628897 0.75843614
v -0.03324074 0.07409973 0.76309186
v -0.06609119 0.07143047 0.73297513
v -0.07247096 0.08393584 0.72433597
v -0.07403219 0.10135823 0.70875144
v -0.08970734 0.08827834 0.68656248
v -0.07092231 0.98188448 0.03486303
v -0.06494412 -0.14599833 0.64133728
v -0.06096002 -0.14824490 0.62875932
v -0.08128161 -0.23342270 0.54303890
v -0.08123065 -0.20661139 0.55778134
v -0.05438711 -0.20819041 0.56494790
v -0.05476842 -0.23622489 0.55069482
v -0.03367242 -0.14876126 0.63478965
v -0.03170905 -0.17289121 0.59985936
v -0.05677780 -0.17132573 0.59354103
v -0.03560333 -0.14683917 0.64945996
v -0.03882932 -0.15498030 0.65719557
v -0.04278332 -0.17051359 0.66502512
v -0.02961987 -0.21124798 0.56964952
v -0.03100810 -0.23780975 0.55501193
v -0.13920145 -0.19938335 0.53162032
v -0.14368559 -0.22159229 0.51917756
v -0.11180504 -0.20459519 0.54541600
v -0.11432137 -0.23111044 0.53207433
v -0.05064808 -0.28317606 0.63042235
v -0.04845202 -0.25457761 0.62708199
v -0.04570684 -0.18997607 0.66613215
v -0.04771998 -0.21155740 0.65537792
v -0.14540274 0.89708728 -0.40395066
v -0.40906993 0.64067584 0.27147055
v -0.39963135 0.59689021 0.31955677
v -0.35359049 0.64403224 0.36499092
v -0.36573827 0.67935622 0.32030445
v -0.41321385 0.68962324 0.22112212
v -0.36975300 0.72194636 0.27238718
v -0.25228742 0.92895830 -0.09110565
v -0.25556731 0.92102706 -0.00029229
v -0.14045338 0.96617842 0.02670223
v -0.22331303 0.93928379 -0.18115968
v -0.29799980 0.88439238 -0.23867725
v -0.31055799 0.89280713 -0.11445547
v -0.30987367 0.88743919 -0.01808910
v -0.16006942 -0.35431862 -0.39703935
v -0.33173713 0.42765394 -0.52663141
v -0.30188423 0.87819612 0.06906916
v -0.25241095 0.90802324 0.08744584
v -0.25159261 0.88931984 0.16682434
v -0.29579929 0.86404252 0.14375924
v -0.14113173 0.95176041 0.11926389
v -0.07208799 0.96593952 0.13184601
v -0.12598893 0.19124487 -0.61357176
v -0.02970515 0.21463279 0.67413479
v -0.30022639 -0.14892355 -0.26300350
v -0.36047664 -0.15326650 -0.14821592
v -0.36017463 -0.47237164 -0.04593601
v -0.44172105 -0.02518352 -0.02017502
v -0.43974870 -0.02274436 -0.02652534
v -0.37427860 -0.25426641 -0.04271492
v -0.38705304 -0.16706529 -0.03947125
v -0.24294415 -0.13862592 -0.33869898
v -0.49754190 0.04324315 -0.09560887
v -0.50226158 0.06750017 -0.10465979
v -0.50460267 0.03613812 -0.09403367
v -0.51020050 0.06169703 -0.10379364
v -0.51208937 0.08882041 -0.10829956
v -0.50711936 0.02496377 -0.08975920
v -0.49902704 0.27248791 -0.03631664
v -0.50586653 0.28319049 -0.03129803
v -0.43930197 -0.03283679 0.00854499
v -0.43812332 -0.02913078 -0.00230445
v -0.43548614 -0.03042037 0.00376267
v -0.43448815 -0.03354854 0.01176872
v -0.43786255 -0.03751018 0.01776451
v -0.43367100 -0.03646893 0.01828049
v -0.50972551 0.38293552 0.01434002
v -0.42338267 -0.02937299 -0.00749195
v -0.43517467 -0.02154277 -0.02249152
v -0.43602061 -0.02613851 -0.01146181
v -0.43188331 -0.02960379 -0.00218268
v -0.42846918 -0.03370940 0.01013502
v -0.42932585 -0.03929523 0.02070028
v -0.43484905 -0.04317002 0.02305140
v -0.50747299 0.01993928 -0.09155384
v -0.46538633 -0.03996348 -0.01090359
v -0.50426447 0.21943603 -0.07172871
v -0.50212258 0.20827655 -0.07893679
v -0.51502776 0.21877570 -0.09102800
v -0.51650667 0.23280251 -0.08390210
v -0.36983585 0.09125533 -0.34741142
v -0.38550150 0.15767738 -0.38345999
v -0.08348987 -0.34450743 -0.42742899
v -0.08678548 -0.27155843 -0.41751352
v -0.47967792 0.36131826 -0.28440851
v -0.50443888 0.23016122 -0.06336105
v -0.51754624 0.24469012 -0.07580116
v -0.50460559 0.09456243 -0.10747553
v -0.49538338 0.22738239 -0.05966198
v -0.49559689 0.21679953 -0.06793839
v -0.52363867 0.25633729 -0.08865497
v -0.52272564 0.24201050 -0.09837370
v -0.52208757 0.22577336 -0.10651680
v -0.49477226 0.20607178 -0.07653560
v -0.48904172 0.26412880 -0.07126382
v -0.51207727 0.55587381 -0.13217883
v -0.49901980 0.51783448 -0.22088510
v -0.48211566 0.66321963 -0.15356545
v -0.47102910 0.63141668 -0.24902080
v -0.43845776 0.59373647 -0.35004705
v -0.46617335 0.47350091 -0.32386160
v -0.49393371 0.27050364 -0.04085128
v -0.51299906 0.28798869 -0.03687559
v -0.41240135 0.72826689 0.17151628
v -0.44534492 0.69591850 0.12503904
v -0.36926168 0.75796002 0.22747976
v -0.36333835 0.78780776 0.18369143
v -0.40267372 0.76364344 0.12660083
v -0.44951889 0.72110569 0.05033473
v -0.52387315 0.49778846 -0.03802289
v -0.51046175 0.59171802 -0.04340897
v -0.49577326 0.61853445 0.04125625
v -0.47577822 0.69471234 -0.05734250
v -0.41708240 0.77821273 0.00952884
v -0.43923107 0.75897276 -0.08237371
v -0.37169179 0.83442861 -0.01534752
v -0.38506430 0.82607090 -0.10688575
v -0.38256881 0.81402433 -0.20819271
v -0.44662702 0.73567855 -0.17632627
v -0.38625363 0.79615128 0.08688247
v -0.34947923 0.81536746 0.14845890
v -0.35220793 0.83664232 0.06427827
v -0.33304754 0.83979183 0.11923695
v -0.48257712 0.63043392 0.08605882
v -0.41348109 -0.06614210 0.01197483
v -0.42218265 -0.07130020 0.04316671
v -0.45023936 -0.00029512 0.09265912
v -0.45251018 0.15072361 0.30420688
v -0.45246890 0.23358396 0.28768325
v -0.47189552 0.18270434 0.22439323
v -0.46164969 0.09566780 0.24495848
v -0.44406205 0.32405746 0.27738878
v -0.46649772 0.27711201 0.21377170
v -0.46729425 0.36771512 0.20055786
v -0.44406787 0.41622365 0.27540907
v -0.38360491 0.56036061 -0.44847280
v -0.40069520 0.45273450 -0.44009739
v -0.40610540 0.37164676 -0.42845923
v -0.31523150 0.52044904 0.47680849
v -0.13981694 0.70270550 -0.58824778
v -0.30483216 0.67136705 0.41212252
v -0.33397591 0.69631046 -0.45252833
v -0.25839776 0.73850691 -0.50005972
v -0.43527550 0.70521939 -0.26976374
v -0.41037056 0.67180312 -0.35492942
v -0.36199653 0.63238192 -0.45088091
v -0.40054414 0.26931545 -0.41479906
v -0.30341554 0.84250033 0.19323410
v -0.37092739 0.29744172 0.43432200
v -0.36610520 0.26862529 0.42799798
v -0.37270826 0.32824335 0.44474974
v -0.35481450 0.23885612 0.43643349
v -0.10378107 0.18270835 0.58700138
v -0.10093220 0.16941096 0.59835964
v -0.09821723 0.15445487 0.60846961
v -0.12384718 0.15184240 0.58528090
v -0.11958729 0.13268696 0.59498322
v -0.07909574 0.15171564 0.63826948
v -0.08064283 0.17011717 0.62502074
v -0.09564262 0.13555171 0.61850947
v -0.09361630 0.11457054 0.62609041
v -0.07933035 0.13242498 0.64987445
v -0.11870252 0.03856612 0.59742612
v -0.12454267 0.06874615 0.59290349
v -0.10970332 0.09373831 0.60477602
v -0.14317518 0.11572535 0.58694577
v -0.13510595 0.09436358 0.59261554
v -0.11389977 0.11472467 0.60118657
v -0.15061770 0.13653038 0.57649916
v -0.10114509 0.09438521 0.64026105
v -0.10985592 0.07368039 0.65954089
v -0.08262540 0.10977616 0.66656202
v -0.07098013 0.12211902 0.68868297
v -0.06735536 0.14593124 0.67138296
v -0.12809916 0.16634928 0.57477909
v -0.15638241 0.15324470 0.56612325
v -0.15884702 0.07354778 0.59133804
v -0.18809170 0.05270552 0.59068245
v -0.17114541 0.10144384 0.58298355
v -0.20070954 0.08471794 0.58080173
v -0.17915809 0.12403277 0.57160997
v -0.20901211 0.10956219 0.56893200
v -0.21533258 0.02827738 0.58758533
v -0.23956108 0.00270944 0.57978523
v -0.26070783 -0.03173362 0.56677026
v -0.25848809 0.03717345 0.56987685
v -0.28346309 0.00226964 0.55587512
v -0.27113819 0.07119881 0.55845648
v -0.30121210 0.03885129 0.54396594
v -0.23099093 0.06381153 0.57710403
v -0.24185728 0.09171155 0.56517541
v -0.21515884 0.13319466 0.55653316
v -0.18591399 0.14395508 0.55995476
v -0.27643657 0.14135663 0.53643596
v -0.27658302 0.10643466 0.54714125
v -0.24650626 0.12098776 0.55306929
v -0.24819539 0.14937979 0.54169846
v -0.31082073 0.08279609 0.53270054
v -0.30796427 0.13104729 0.52578920
v -0.30051005 0.16177729 0.51593995
v -0.20656028 0.20217265 0.53913784
v -0.17549671 0.20580398 0.54324228
v -0.23063499 0.20021115 0.53327948
v -0.27257630 0.16641766 0.52637225
v -0.24922833 0.17014791 0.53337234
v -0.32568434 0.20747432 0.47343993
v -0.31002483 0.20208095 0.48822930
v -0.27171096 0.19887359 0.51504660
v -0.25258696 0.19904564 0.52489525
v -0.29125452 0.19996926 0.50274354
v -0.14598179 0.21573606 0.54419804
v -0.11817607 0.22926469 0.54459959
v -0.35405165 -0.23554352 -0.13739648
v -0.06371038 0.16671187 0.65813667
v -0.06278527 0.18681791 0.64394259
v -0.10090028 0.33657047 0.57274336
v -0.08651753 0.31906390 0.56296456
v -0.04944620 0.31893882 0.60084999
v -0.12868188 0.35991788 0.58959913
v -0.09509325 0.24698962 0.54683882
v -0.08566389 0.26150426 0.54780632
v -0.07790586 0.28167549 0.55037791
v -0.07851897 0.30004725 0.55593437
v -0.20265526 0.44843072 0.58969671
v -0.18669075 0.40529069 0.60753357
v -0.37884155 0.55406660 0.37746146
v -0.40630576 0.49923557 0.35226631
v -0.33317658 0.42525858 0.49341983
v -0.35493895 0.39711747 0.47449964
v -0.36907753 0.36341959 0.45745540
v -0.42063969 0.42474154 0.33205080
v -0.42504069 0.34445176 0.32548496
v -0.43184379 0.26666883 0.33018076
v -0.31773782 0.75002271 0.32637388
v -0.31704199 0.78638810 0.28388515
v -0.31421649 0.71055639 0.37031364
v -0.25388739 0.86764950 0.22867139
v -0.25721508 0.84188217 0.28332236
v -0.31169242 0.81662530 0.23938613
v -0.26132521 0.80966395 0.32971168
v -0.26286033 0.77229005 0.37138286
v -0.25917530 0.73254687 0.41520238
v -0.25189614 0.69092286 0.45507470
v -0.24231204 0.63750732 0.49778739
v -0.29010326 -0.22005306 -0.24915434
v -0.05510655 0.09054933 0.63763958
v -0.05113497 0.09155385 0.64191240
v -0.04935740 0.08729056 0.63498783
v -0.04533347 0.08877343 0.63909924
v -0.04452263 0.07978923 0.63674641
v -0.04997117 0.03538854 0.65287620
v -0.04287775 0.04688923 0.64622718
v -0.04130356 0.06756331 0.63890916
v -0.43683681 -0.04134578 0.07887022
v -0.35370868 -0.44305575 -0.13286904
v -0.32479039 -0.41910863 -0.21011625
v 0.34949204 -0.42451641 -0.14844535
v 0.31678990 -0.40280935 -0.22546379
v 0.14214167 -0.62425441 0.16906036
v 0.21343458 -0.59369272 0.13151114
v 0.21833386 -0.64164066 0.11875457
v 0.14384063 -0.66781932 0.15422285
v 0.37596056 -0.51737475 -0.19250625
v 0.35673565 -0.47252402 -0.16313283
v 0.32891235 -0.45058995 -0.24899127
v 0.35640854 -0.49348080 -0.28906101
v 0.28347245 -0.43612847 -0.32646990
v 0.31197265 -0.48312038 -0.37557462
v 0.24561168 -0.48269436 -0.44489917
v 0.22199702 -0.42805463 -0.38729221
v 0.14816816 -0.42204401 -0.43589517
v 0.16686419 -0.48316288 -0.49438646
v 0.28492752 -0.56098735 0.07982761
v 0.33779210 -0.52773815 0.01132145
v 0.34628236 -0.57973439 -0.00737339
v 0.29011506 -0.61187994 0.06673450
v 0.36221611 -0.49989688 -0.07103508
v 0.37261307 -0.54846001 -0.09581651
v 0.07937032 -0.48036161 -0.51976418
v 0.06954618 -0.41177043 -0.45753995
v 0.15429476 -0.77628648 0.12604788
v 0.07412587 -0.79815727 0.13696438
v 0.07371702 -0.73903638 0.15636100
v 0.14839157 -0.72087777 0.13778572
v 0.35150579 -0.78009903 0.02265847
v 0.44143993 -0.73800212 -0.05869913
v 0.48186958 -0.78995299 -0.04150170
v 0.38006082 -0.83761203 0.04020112
v 0.61720294 -0.76753294 -0.11760226
v 0.67655921 -0.69212735 -0.25577614
v 0.25104296 -0.81217241 0.08353373
v 0.26747987 -0.87006927 0.10781801
v -0.00627083 -0.54501098 -0.58938867
v -0.00791558 -0.47649550 -0.51872790
v 0.61301988 -0.66497511 -0.27606231
v 0.60614491 -0.63680166 -0.43128541
v 0.68569827 -0.66495705 -0.42029676
v 0.34534115 -0.76430690 -0.70705652
v 0.34802279 -0.80591434 -0.72873950
v 0.44318339 -0.77649313 -0.70752591
v 0.41617230 -0.73767084 -0.68249196
v 0.47713354 -0.56276804 -0.39401588
v 0.40541521 -0.56873578 -0.49712035
v 0.45736894 -0.61004859 -0.53586173
v 0.53986919 -0.60110080 -0.42439359
v 0.23496832 -0.66795242 -0.65746874
v 0.34873503 -0.63768363 -0.60817182
v 0.31027207 -0.59139115 -0.57284176
v 0.20772289 -0.60635954 -0.61881453
v 0.55332345 -0.63326901 -0.27699211
v 0.48704806 -0.59895730 -0.25944972
v 0.50821859 -0.68796593 -0.15813971
v 0.45498061 -0.64393318 -0.14661834
v 0.40258512 -0.68277079 -0.04819054
v 0.35708296 -0.52389014 -0.43767539
v 0.27809593 -0.53506106 -0.51195365
v 0.18635462 -0.54476774 -0.56199384
v 0.08938733 -0.54664308 -0.58635473
v -0.00154224 -0.84800124 -0.73248369
v -0.00248506 -0.77194017 -0.71281219
v 0.11482277 -0.68432128 -0.67569876
v 0.10207454 -0.61649555 -0.63906229
v 0.56022704 -0.72681433 -0.14898627
v 0.40471831 -0.59672439 -0.12434124
v 0.36579806 -0.63305116 -0.03007539
v 0.41685408 -0.89196390 0.09994704
v 0.53295481 -0.84473711 0.00547263
v 0.29291907 -0.92839617 0.16847683
v 0.17935139 -0.95642334 0.20682335
v 0.12721083 -0.76274502 -0.70567423
v 0.12276807 -0.83785915 -0.72691268
v 0.24533194 -0.82104915 -0.72618902
v 0.26768523 -0.74306899 -0.69591510
v 0.32511351 -0.71959758 0.03201517
v 0.23891439 -0.75100172 0.08735645
v 0.15806565 -0.83563912 0.12511261
v 0.40937740 -0.52692610 -0.33895770
v 0.42228428 -0.55750155 -0.22705355
v 0.30315965 -0.66709816 0.04597451
v 0.22761805 -0.69762379 0.10096840
v 0.07433334 -0.68895161 0.17706724
v 0.16566707 -0.89629984 0.15131231
v 0.61542058 -0.68969351 -0.56204182
v 0.53333628 -0.73568094 -0.65429372
v 0.48779547 -0.71425092 -0.64674318
v -0.00501838 -0.69097626 -0.68192893
v 0.00382077 -0.74805659 0.16107060
v 0.00271007 -0.80253053 0.13703839
v 0.00490805 -0.69703710 0.18630187
v 0.51658195 -0.66111684 -0.57610476
v 0.38714549 -0.69163191 -0.65050673
v 0.00789704 -0.65770769 0.20629093
v -0.00824108 -0.41144237 -0.46092829
v 0.00307371 -0.86469328 0.12516773
v 0.00397815 -0.93304789 0.15099639
v 0.00573402 -0.99989831 0.21171956
v 0.07491241 -0.64759034 0.19610073
v 0.07992098 -0.92208999 0.15493038
v 0.07515238 -0.85809851 0.12994318
v 0.08780974 -0.98626536 0.21146077
v -0.00564602 -0.61692798 -0.64440006
v -0.12768920 -0.63284367 0.17441763
v -0.20028636 -0.60548615 0.13853687
v -0.20823443 -0.65277481 0.12555236
v -0.13238427 -0.67518145 0.15891466
v -0.38022399 -0.53218907 -0.18361245
v -0.36010051 -0.49087006 -0.15077999
v -0.33537111 -0.46638513 -0.23612897
v -0.36396155 -0.50533289 -0.28061995
v -0.29350668 -0.44718620 -0.31555778
v -0.32275313 -0.49040934 -0.36781532
v -0.25766784 -0.48683330 -0.43890053
v -0.23565276 -0.43352747 -0.37933156
v -0.16269168 -0.42423639 -0.43046677
v -0.17931633 -0.48554340 -0.48932043
v -0.27633747 -0.57752895 0.08973018
v -0.33307064 -0.54789656 0.02263965
v -0.34136713 -0.59620005 0.00233441
v -0.28230897 -0.62638146 0.07627699
v -0.36172366 -0.52112645 -0.05874658
v -0.37238446 -0.56689203 -0.08706319
v -0.09363093 -0.48151082 -0.51689267
v -0.08563294 -0.41386029 -0.45331240
v -0.14560309 -0.78101569 0.13122806
v -0.06655342 -0.79908001 0.13892682
v -0.06345035 -0.74171531 0.15891455
v -0.13891585 -0.72643632 0.14309812
v -0.34150803 -0.79274517 0.02246558
v -0.43377104 -0.74844944 -0.05705618
v -0.47272745 -0.80002970 -0.03737028
v -0.37047657 -0.84456587 0.04663474
v -0.61075521 -0.77928174 -0.11090624
v -0.67408538 -0.70375913 -0.24832778
v -0.24196401 -0.82014728 0.08804455
v -0.25861838 -0.87655264 0.11240672
v -0.61157179 -0.67446411 -0.26855913
v -0.60943925 -0.64536154 -0.42311350
v -0.68747586 -0.67539084 -0.41154012
v -0.35101569 -0.76815629 -0.70358527
v -0.35305130 -0.80971909 -0.72511774
v -0.44758961 -0.78149503 -0.70295817
v -0.42174190 -0.74264169 -0.67770791
v -0.48262256 -0.56917107 -0.38678709
v -0.41202632 -0.57525378 -0.49182516
v -0.46366510 -0.61652571 -0.52943534
v -0.54357868 -0.60939348 -0.41655231
v -0.24288766 -0.67021638 -0.65549320
v -0.35698521 -0.64084226 -0.60387528
v -0.31838307 -0.59057087 -0.56645876
v -0.21787159 -0.60750908 -0.61742568
v -0.55319268 -0.64308357 -0.27033627
v -0.48992631 -0.60910797 -0.25374296
v -0.50397396 -0.69893676 -0.15346020
v -0.45268676 -0.65544623 -0.14317448
v -0.39652285 -0.69500965 -0.04880307
v -0.36734858 -0.52885765 -0.43246591
v -0.28845239 -0.53724647 -0.50715959
v -0.19661787 -0.54550529 -0.55907178
v -0.09994701 -0.54955226 -0.58784509
v -0.12420343 -0.68840551 -0.67515922
v -0.11453868 -0.61091530 -0.63578564
v -0.55447286 -0.73752362 -0.14373825
v -0.40604067 -0.60923010 -0.11937802
v -0.36147955 -0.64644068 -0.02617482
v -0.40699494 -0.89938569 0.10911972
v -0.52396214 -0.85537559 0.01348013
v -0.28144464 -0.93465424 0.17226268
v -0.16784583 -0.96185249 0.20994006
v -0.13127793 -0.76450926 -0.70489430
v -0.12565432 -0.83971566 -0.72488874
v -0.25103685 -0.82253289 -0.72442722
v -0.27410305 -0.74570954 -0.69369549
v -0.31799915 -0.73094910 0.03356070
v -0.23133647 -0.76012534 0.09352336
v -0.14960690 -0.83959687 0.12865975
v -0.41732115 -0.53538787 -0.33201158
v -0.42569217 -0.56950974 -0.22072956
v -0.29732844 -0.67838812 0.05407924
v -0.21944141 -0.70629990 0.10854919
v -0.06182433 -0.69260424 0.18002392
v -0.15645398 -0.90056556 0.15383592
v -0.62043500 -0.69785273 -0.55530167
v -0.53846157 -0.74205935 -0.64880013
v -0.49319947 -0.72029054 -0.64069110
v -0.52252054 -0.66806781 -0.56967217
v -0.39419538 -0.69617212 -0.64610773
v -0.06123849 -0.65178472 0.19895567
v -0.07195404 -0.92492771 0.15539393
v -0.06841264 -0.86003208 0.13093565
v -0.07680131 -0.99013215 0.21278009
v -0.05158036 0.08003569 0.63182437
v -0.44179201 -0.06304535 0.20741135
v -0.43353438 -0.11030466 0.15980579
v -0.41428000 -0.17718306 0.19747783
v -0.42455623 -0.12720193 0.24496448
v -0.38116753 -0.24524157 0.24445158
v -0.40210897 -0.18445565 0.28703868
v -0.34388331 -0.29644349 0.29561752
v -0.37349838 -0.23502240 0.32822353
v -0.31097129 -0.32696393 0.35145897
v -0.34199047 -0.26939392 0.37455872
v -0.21791227 -0.35621873 0.48598939
v -0.20729230 -0.38528529 0.45479673
v -0.16340108 -0.40370542 0.50551260
v -0.16729492 -0.38239205 0.53797758
v -0.11698481 -0.42037365 0.55054867
v -0.11969400 -0.39788422 0.58122361
v -0.06402975 -0.42596537 0.57655656
v -0.06372020 -0.40316492 0.60857189
v -0.00095924 -0.42472214 0.58932394
v -0.00155129 -0.39951715 0.61905253
v -0.00174266 -0.34124616 0.64410108
v -0.05819336 -0.34552103 0.63756466
v -0.06182404 -0.37610659 0.62774020
v -0.00207981 -0.37458971 0.63435280
v -0.10813593 -0.34222579 0.61378068
v -0.11626486 -0.37292582 0.60047781
v -0.15316726 -0.32696337 0.57715029
v -0.16280259 -0.35795519 0.56100416
v -0.19997123 -0.30297178 0.53684890
v -0.21179034 -0.33171222 0.51439452
v -0.24092327 -0.27206424 0.51352054
v -0.26189321 -0.28900278 0.48359916
v -0.05785389 -0.43958357 0.52900708
v -0.00111412 -0.43961304 0.54538465
v -0.10716264 -0.43346381 0.50549060
v -0.15268822 -0.42056379 0.46748474
v -0.19126065 -0.40696031 0.42273417
v -0.26911187 -0.35149172 0.40628365
v -0.23049875 -0.39088014 0.37185767
v -0.27641612 -0.36347762 0.32477486
v -0.30972373 -0.33657742 0.26360348
v -0.35394603 -0.28589168 0.20432018
v -0.39665118 -0.21532564 0.15183032
v -0.42226711 -0.13695219 0.11201732
v -0.44419205 -0.05869798 0.13015841
v -0.09899076 -0.31447273 0.61755615
v -0.05446885 -0.31438816 0.63761866
v -0.14512306 -0.29966691 0.58493531
v -0.18713060 -0.27543703 0.55402488
v -0.22327010 -0.25042507 0.53584695
v -0.25601369 -0.17316808 0.54160684
v -0.24755818 -0.21354075 0.53610671
v -0.24742503 -0.09363231 0.56265092
v -0.25198063 -0.13298237 0.55183941
v -0.30164668 -0.04633012 0.53490508
v -0.31074101 -0.10361929 0.51052159
v -0.28217259 -0.12413062 0.53203088
v -0.27543488 -0.07347427 0.54989797
v -0.32521862 -0.00685740 0.51907879
v -0.33829188 -0.07351308 0.48707971
v -0.05240211 -0.45050102 0.48771003
v -0.00043804 -0.45304158 0.49376473
v -0.09632629 -0.44615903 0.46652964
v -0.13511619 -0.43981689 0.42994362
v -0.16274270 -0.43391946 0.38612935
v -0.19241555 -0.42445686 0.33801007
v -0.22553933 -0.41011715 0.28593209
v -0.26802287 -0.38257939 0.22969306
v -0.32394019 -0.32740337 0.16380738
v -0.37675223 -0.24453729 0.10903512
v -0.40478846 -0.16272445 0.06975390
v -0.13824385 -0.46989220 0.30106577
v -0.11307968 -0.46670949 0.34110683
v -0.09040119 -0.46696323 0.37771440
v -0.07079218 -0.46831238 0.40950376
v -0.03984247 -0.47467968 0.40398782
v 0.00205700 -0.47613722 0.39662468
v -0.03580615 -0.48632345 0.35087103
v 0.00443530 -0.48555166 0.35036671
v -0.05106878 -0.49924079 0.31978217
v 0.00563875 -0.49917731 0.32295164
v -0.06497654 -0.51590657 0.29556513
v 0.00634831 -0.52703732 0.29673615
v -0.26917857 -0.22982396 0.51120657
v -0.29690835 -0.23159149 0.47895148
v -0.31105956 -0.16703267 0.48979476
v -0.34125167 -0.14622608 0.45856583
v -0.32943374 -0.22344866 0.44003683
v -0.28308675 -0.17843778 0.51758575
v -0.36443934 -0.19634950 0.39665103
v -0.37086576 -0.11357500 0.42563102
v -0.36472577 -0.03368068 0.46425635
v -0.39250094 -0.08175308 0.39481789
v -0.39157465 -0.15755576 0.35685578
v -0.38823023 -0.00403913 0.43784085
v -0.40658373 0.02304140 0.41139445
v -0.41005415 -0.04548182 0.36466455
v -0.40949893 -0.11701870 0.32519877
v -0.29358086 -0.30386451 0.43087870
v -0.42581791 -0.07051862 0.28791952
v -0.42184943 0.04938619 0.38215849
v -0.42286694 -0.01275997 0.33590215
v -0.43718717 0.08598139 0.34522724
v -0.44023478 0.03346671 0.29603946
v -0.44208980 -0.02183989 0.24729623
v -0.45539498 -0.00651636 0.15670136
v -0.00169872 -0.31041157 0.64380687
v -0.40647021 -0.05814824 -0.01630446
v -0.14703421 -0.04707296 0.60948920
v -0.11212020 -0.03542140 0.62446111
v -0.07981211 -0.03071731 0.64204651
v -0.05441409 -0.02829928 0.65826267
v -0.02967570 -0.02840180 0.66673690
v 0.00704724 -0.59298033 0.24375302
v -0.00491382 0.40264240 0.62981617
v 0.00627779 -0.55533880 0.27298027
v -0.00456077 -0.23921467 0.55671114
v -0.00669793 0.97108179 0.13970193
v -0.00207882 -0.28064698 0.63539577
v -0.00447947 -0.21235570 0.57182634
v -0.00420216 0.14994933 0.73376358
v -0.00242276 -0.25414968 0.63008541
v -0.00321757 -0.19334413 0.66942745
v -0.00380402 -0.15621497 0.65960509
v -0.00425188 0.64887029 0.56583434
v -0.00325371 -0.17250444 0.66778117
v -0.00530594 -0.01637499 0.66760343
v -0.00440699 0.12244570 0.75311941
v -0.00422245 -0.14697602 0.65092075
v -0.00884954 -0.12119063 -0.43784001
v -0.00291834 -0.21072583 0.65577507
v -0.00538002 -0.17359342 0.60231680
v -0.00464042 -0.14889246 0.63789546
v -0.00303121 -0.08092090 0.59601301
v -0.00440487 -0.03255232 0.66577774
v -0.00387466 0.25827745 0.64762485
v -0.00696178 0.10595041 -0.58873332
v -0.00428655 0.23932676 0.66345096
v -0.00692164 0.80750066 0.45760134
v -0.00494385 0.71428323 0.53053319
v -0.00398472 0.17562267 0.71374810
v -0.00514970 0.50529587 -0.66665244
v -0.00547929 0.61272794 -0.64750355
v -0.00500578 0.52815908 0.60493761
v -0.00588630 0.97195488 -0.26769552
v -0.00444003 0.09752959 0.76550353
v -0.00539386 0.01134583 0.69871330
v -0.00711972 0.92126650 0.30030343
v -0.00539360 0.28460377 -0.65479171
v -0.00585285 0.90835994 -0.42481747
v -0.00341577 -0.13164870 0.66544181
v -0.00695105 0.94923586 0.22399178
v -0.00331440 -0.14183296 0.64736682
v -0.00541129 0.03244470 0.74756604
v -0.00584579 0.18504027 -0.62662852
v -0.00556005 0.37278876 -0.66713244
v -0.00466635 -0.07093306 0.66964298
v -0.00454700 -0.04758307 0.66608125
v -0.00580776 0.94688880 -0.34855002
v -0.00400479 0.44261196 0.62767309
v -0.00442610 -0.08553575 0.67702079
v -0.00523835 0.31819245 0.62004256
v -0.00366785 -0.10219379 0.68069601
v 0.00800296 -0.62691671 0.22384314
v -0.00470092 0.77325523 -0.56789380
v -0.00359926 -0.11818098 0.67543268
v -0.00320078 -0.12767841 0.62046534
v -0.00389559 0.19877855 0.69494331
v -0.00310939 -0.10460183 0.60520244
v -0.00461835 0.58314550 0.58962756
v -0.00544787 -0.00183224 0.67359304
v -0.00530538 0.00131787 0.67667311
v -0.00518032 0.29975286 0.62336236
v -0.00660997 0.76353377 0.49606523
v -0.00500181 0.33462611 0.62029153
v -0.00488144 -0.00590636 0.67101496
v -0.00498903 0.70970702 -0.60771346
v -0.00612674 0.99050891 -0.15531504
v -0.00630296 0.99391168 -0.07131064
v -0.00452975 0.27801600 0.63385373
v -0.00370705 0.22064990 0.67820066
v -0.00791389 -0.19542265 -0.42857525
v -0.00483267 0.05533575 0.76488107
v -0.00461412 0.07375987 0.76853216
v -0.00713617 0.88655466 0.36467522
v -0.00765776 0.05009326 -0.55106890
v -0.00645974 0.98736012 0.03906303
v -0.00714480 0.84803462 0.41504532
v -0.00845413 -0.04733324 -0.46966505
v -0.00791098 0.01024228 -0.51532066
v -0.00549089 0.02436560 0.73602653
v -0.00586995 0.35521814 0.62387413
v -0.00557834 0.01586375 0.71609938
v -0.00510262 0.85527498 -0.49333945
v -0.00528327 0.00642808 0.68459862
v 0.04112377 0.07847494 0.63327587
v 0.43384591 -0.05865701 0.20557016
v 0.42611980 -0.10427237 0.15633088
v 0.40775543 -0.17133659 0.19297409
v 0.41719583 -0.12326344 0.24213196
v 0.37602279 -0.23801319 0.23958974
v 0.39554316 -0.17972124 0.28393212
v 0.33927387 -0.28854200 0.28958106
v 0.36729854 -0.22939107 0.32404545
v -0.03327781 0.03213694 0.73138434
v -0.02583508 0.02273870 0.71498322
v 0.30799747 -0.32016256 0.34666452
v 0.33690846 -0.26424673 0.37083516
v -0.10470741 0.27124417 0.53381133
v -0.05796039 0.01690730 0.65095878
v -0.05019587 0.16049495 0.69212282
v -0.09424220 0.27218240 0.53721297
v 0.21562001 -0.35245949 0.48154056
v 0.20511714 -0.38118675 0.45036167
v 0.16048357 -0.40042379 0.50076771
v 0.16412359 -0.38019872 0.53347468
v -0.07427822 0.01915921 0.64384025
v 0.11331780 -0.41862839 0.54730320
v 0.11619759 -0.39695948 0.57840359
v 0.06167596 -0.42548916 0.57497859
v 0.06090755 -0.40251976 0.60690087
v -0.04681514 0.20391133 0.66079825
v -0.05762782 0.26467687 0.58682352
v 0.05379025 -0.34532228 0.63578796
v 0.05849922 -0.37568367 0.62608582
v -0.04716590 0.18182105 0.67715347
v -0.11301890 0.03620582 0.65213680
v -0.09928333 0.02114644 0.64129388
v -0.05163421 0.07331589 0.75012314
v -0.05661095 0.09133857 0.74342895
v 0.10350417 -0.34174532 0.61125255
v -0.05475647 0.05324247 0.73479766
v -0.03781205 0.03958444 0.73955095
v 0.11234789 -0.37193081 0.59777158
v -0.11894727 0.26981837 0.53428352
v -0.15495840 0.27870783 0.50234544
v -0.04647616 0.05954480 0.74911809
v -0.02696570 0.04427861 0.75292307
v -0.14011461 0.27327204 0.52324635
v -0.11171523 0.27058789 0.53390646
v -0.08545563 0.06332190 0.70398486
v -0.04895859 0.25668731 0.61138982
v 0.14839539 -0.32578331 0.57396078
v 0.15877900 -0.35662559 0.55744618
v 0.19486417 -0.30121210 0.53377807
v 0.20828436 -0.32943395 0.51035881
v -0.10394827 0.05360210 0.67817855
v 0.23564278 -0.26970378 0.51121950
v 0.25750312 -0.28591558 0.48066097
v 0.05717666 -0.43930745 0.52720690
v -0.12598555 0.26991338 0.53422195
v -0.13264029 0.27064949 0.53207034
v -0.05484516 0.13739869 0.70964652
v 0.10575821 -0.43134674 0.50153250
v 0.15181245 -0.41654739 0.46242103
v 0.19134271 -0.40144116 0.41800004
v 0.26783097 -0.34584835 0.40199754
v -0.15037782 0.27629009 0.51957631
v -0.02312838 0.01374452 0.68287104
v -0.07213742 0.05958919 0.71753240
v -0.06250966 0.05627663 0.72683334
v -0.02717231 0.01040620 0.67104632
v 0.23192921 -0.38375002 0.36721393
v 0.27705538 -0.35421753 0.31881920
v -0.08108567 0.27046394 0.54883200
v 0.30843413 -0.32527289 0.25495839
v -0.04609528 0.24074680 0.63151771
v -0.04638841 0.22201434 0.64700186
v 0.35166207 -0.27520978 0.19546790
v 0.39146632 -0.20621970 0.14433119
v -0.02261616 0.01796361 0.69859987
v 0.41443181 -0.12958680 0.10547272
v 0.43543956 -0.05371809 0.12764111
v 0.09469423 -0.31423283 0.61494386
v 0.05030123 -0.31468198 0.63570869
v 0.14001146 -0.29887655 0.58224314
v -0.05693214 0.11306730 0.72940403
v 0.18111613 -0.27426723 0.55058748
v 0.21766977 -0.24872477 0.53357923
v 0.24954717 -0.17169836 0.54012334
v -0.04274815 0.01432571 0.66101038
v 0.24171785 -0.21195950 0.53450221
v 0.24070780 -0.09242588 0.56239712
v 0.24559230 -0.13161051 0.55086237
v 0.29472014 -0.04546996 0.53478390
v 0.30357665 -0.10189594 0.50987375
v 0.27523953 -0.12226557 0.53114682
v -0.00514109 0.04248004 0.75701541
v -0.04176934 0.04841068 0.74505532
v 0.26871487 -0.07237678 0.54957145
v 0.31770682 -0.00610788 0.51938772
v 0.33050206 -0.07209730 0.48618907
v 0.05327433 -0.44991300 0.48486161
v -0.19831887 0.36199135 0.57772654
v -0.19838041 0.34701660 0.56888062
v 0.09720613 -0.44380015 0.46226904
v 0.13678809 -0.43517119 0.42511424
v 0.16496970 -0.42750493 0.38089564
v 0.19664140 -0.41635355 0.33243734
v 0.23041129 -0.39947021 0.27948430
v 0.27105570 -0.36930805 0.22065082
v -0.15417664 0.37941018 0.60354561
v -0.03774821 0.37907049 0.62464213
v -0.07307015 0.38018429 0.62043720
v 0.32490328 -0.31446761 0.15263948
v -0.19712435 0.30895132 0.56059963
v -0.20175493 0.29848841 0.54863334
v -0.19701298 0.33348233 0.56168991
v -0.20275134 0.29628637 0.55566621
v -0.19945166 0.30167156 0.55897099
v 0.37289804 -0.23330736 0.09841162
v -0.19584657 0.32883048 0.55955833
v 0.39661551 -0.15332524 0.06030684
v -0.19693103 0.32331994 0.55979329
v 0.14650589 -0.46361810 0.29461685
v -0.19301915 0.37869492 0.59116751
v 0.11996292 -0.46229997 0.33586869
v 0.09623334 -0.46307710 0.37346870
v -0.19605593 0.31657743 0.56037945
v -0.19952723 0.31172800 0.53842998
v 0.07462768 -0.46519986 0.40546194
v -0.20006782 0.31224829 0.51155704
v 0.04396703 -0.47222990 0.40136841
v -0.00531561 0.37746912 0.62734890
v -0.14538813 0.44751242 0.61322939
v -0.33884054 0.45415190 0.47121280
v 0.04466176 -0.48331049 0.34796390
v -0.35929355 0.41855323 0.45320609
v 0.06148899 -0.49618095 0.31617421
v -0.31732538 0.18223707 0.49326181
v -0.33581629 0.18848971 0.47650433
v -0.12967172 0.40473005 0.62141275
v 0.07640935 -0.51168352 0.29121196
v 0.26311454 -0.22725555 0.50901532
v 0.29088268 -0.22873151 0.47632065
v 0.30387345 -0.16467185 0.48793435
v 0.33342433 -0.14360872 0.45671493
v -0.17692453 0.58686441 0.55762947
v -0.20292060 0.88837641 0.25495782
v -0.16646278 0.53586453 0.57668293
v -0.26050630 0.48920429 0.53653866
v 0.32288945 -0.22038957 0.43724683
v -0.20508885 0.86030424 0.31402379
v 0.27617556 -0.17616545 0.51572245
v 0.35687849 -0.19318478 0.39369744
v 0.36255538 -0.11129159 0.42348963
v 0.35636172 -0.03199751 0.46408170
v 0.38394961 -0.07890154 0.39358675
v -0.30630291 0.48088357 0.49910077
v 0.38363594 -0.15465668 0.35393620
v -0.36814481 0.22381780 0.42974275
v -0.05007594 0.48458713 0.61758363
v -0.37787834 0.25975925 0.41512799
v 0.37959182 -0.00242112 0.43830666
v -0.10209158 0.48756599 0.61257303
v -0.17640886 0.96024203 -0.14779480
v 0.39784634 0.02550218 0.41275927
v 0.40176490 -0.04296966 0.36388922
v 0.40173405 -0.11381423 0.32315367
v 0.29062542 -0.29968336 0.42668170
v -0.09461024 0.35893095 0.60273111
v 0.41796267 -0.06776866 0.28637883
v -0.25103083 0.18634804 0.52773970
v -0.27119160 0.18432315 0.51933229
v 0.41266355 0.05174404 0.38397038
v -0.19946635 0.95265460 -0.07506755
v -0.36115038 0.20777345 0.44362047
v -0.19542360 0.70369583 0.48934522
v -0.06662019 0.31897196 0.58313650
v -0.07694602 0.33648416 0.58876342
v -0.20036000 0.74798435 0.45059869
v 0.41459864 -0.00939268 0.33634841
v 0.42731223 0.08851475 0.34775391
v 0.43092799 0.03696220 0.29714951
v -0.20322269 0.78953886 0.40762815
v 0.43309194 -0.01777517 0.24693094
v 0.44621712 -0.00268163 0.15560007
v -0.20254108 0.91170478 0.18564396
v -0.14078787 0.20481941 0.54696852
v 0.39458713 -0.05230588 -0.02847029
v 0.13993141 -0.04739233 0.60891473
v 0.10450962 -0.03632396 0.62423754
v -0.37493652 0.37758034 0.43686262
v -0.38206339 0.33423969 0.42671677
v -0.20327283 0.94531339 0.01372201
v -0.20215553 0.19180317 0.54120690
v -0.38169545 0.29610610 0.41791058
v -0.10342084 0.97489148 -0.19902058
v 0.07179308 -0.03158812 0.64247072
v -0.35053295 0.19635928 0.45980391
v 0.04619831 -0.02916113 0.65885180
v 0.02083335 -0.02897829 0.66712153
v -0.21196462 0.49035358 0.56935382
v -0.22785075 0.18846288 0.53550869
v -0.06227294 0.30014840 0.57704639
v -0.11158950 0.21909593 0.55014652
v -0.08882702 0.23980758 0.55490732
v -0.20475340 0.82715160 0.36395821
v -0.07527322 0.25689834 0.56113398
v -0.06314316 0.28153807 0.57135075
v -0.17121314 0.19574992 0.54528093
v -0.18773395 0.64562303 0.52987033
v -0.20203358 0.93155390 0.10391412
v -0.29408255 0.18278560 0.50757575
v -0.00594801 0.98152673 -0.21619776
v -0.00503378 0.48169717 0.61874682
v -0.06824603 0.26776880 0.56668395
v -0.11255538 0.37986901 0.61596233
v -0.15680212 0.48965845 0.59738362
v -0.00243836 -0.23151648 0.63760799
v -0.17663410 -0.11831249 0.59693670
v -0.18558373 -0.13346152 0.58747369
v -0.18340580 -0.17104082 0.56879842
v -0.12955244 -0.08326039 0.62787795
v -0.15787645 -0.10135505 0.61034900
v -0.12287214 -0.21898068 0.61092198
v -0.18749242 -0.14649621 0.57945061
v -0.08603251 -0.22727051 0.63008124
v -0.18956514 -0.15879774 0.57316357
v -0.04781251 -0.23070300 0.63891929
v -0.00454884 -0.05873922 0.66645914
v -0.06453677 -0.05822351 0.66081840
v -0.03459793 -0.05569453 0.66875136
v -0.09674767 -0.06786764 0.64533514
v -0.17131078 -0.18656406 0.57337856
v -0.15287443 -0.20469476 0.58915913
v 0.02251272 0.03136142 0.73271555
v 0.01455357 0.02256306 0.71593750
v 0.09557190 0.27019179 0.53531873
v 0.04858919 0.01580351 0.65257072
v 0.04268022 0.16059171 0.69340712
v 0.08549447 0.27135551 0.53790212
v 0.06538370 0.01766628 0.64528531
v 0.03936110 0.20419095 0.66205901
v 0.04966518 0.26458231 0.58744764
v 0.03980152 0.18202204 0.67840481
v 0.10482074 0.03412873 0.65436262
v 0.09071556 0.01881504 0.64319509
v 0.04214089 0.07267818 0.75131267
v 0.04774318 0.09107134 0.74505544
v 0.04529427 0.05227879 0.73648471
v 0.02740115 0.03884366 0.74081039
v 0.10901862 0.26857868 0.53673828
v 0.14482819 0.27593347 0.50597185
v 0.03678787 0.05888357 0.75027317
v 0.01666884 0.04376344 0.75370157
v 0.12891580 0.27085358 0.52488017
v 0.10218533 0.26940176 0.53598428
v 0.07670633 0.06218742 0.70620590
v 0.04154439 0.25718197 0.61244851
v 0.09542179 0.05203809 0.68036741
v 0.11565309 0.26864958 0.53673309
v 0.12183261 0.26930812 0.53483284
v 0.04736874 0.13758187 0.71133727
v 0.13941838 0.27232364 0.52173716
v 0.01270246 0.01283024 0.68407720
v 0.06337162 0.05826705 0.71987182
v 0.05347059 0.05502581 0.72891587
v 0.01697932 0.00940412 0.67248631
v 0.07204790 0.26997042 0.54919440
v 0.03869660 0.24137492 0.63276613
v 0.03883547 0.22243065 0.64839321
v 0.01153916 0.01750611 0.69946843
v 0.04896524 0.11327417 0.73133701
v 0.03292713 0.01336079 0.66253948
v 0.03177729 0.04768071 0.74626070
v 0.18948852 0.36356550 0.57902783
v 0.18975233 0.34904230 0.57057923
v 0.14414850 0.37899891 0.60517406
v 0.02720128 0.37830281 0.62451404
v 0.06275777 0.37912956 0.62144792
v 0.18562298 0.31066510 0.56373996
v 0.19077003 0.29765168 0.55371368
v 0.18769567 0.33582038 0.56288302
v 0.19105330 0.29644531 0.55985183
v 0.18767081 0.30265793 0.56295282
v 0.18561675 0.33091068 0.56123698
v 0.18596306 0.32528669 0.56141347
v 0.18310982 0.37945306 0.59253466
v 0.18481505 0.31848148 0.56246305
v 0.18886791 0.31011474 0.54313189
v 0.19001693 0.31003180 0.51625443
v 0.13477348 0.44773799 0.61441320
v 0.32768825 0.45595381 0.47432655
v 0.34818545 0.42093712 0.45650044
v 0.30837393 0.18185426 0.49521819
v 0.32606184 0.18851140 0.47884655
v 0.11917331 0.40429896 0.62313175
v 0.16458690 0.58670664 0.55656254
v 0.18872257 0.88782173 0.25605366
v 0.15516208 0.53614420 0.57707798
v 0.24936981 0.49018693 0.53865945
v 0.19058263 0.85917437 0.31535888
v 0.29521662 0.48207888 0.50190657
v 0.35773507 0.22525753 0.43229592
v 0.03967863 0.48431441 0.61752605
v 0.36762673 0.26153174 0.41776255
v 0.09150616 0.48776242 0.61307752
v 0.16418478 0.95926082 -0.14710493
v 0.08464509 0.35800368 0.60363036
v 0.24195774 0.18563306 0.52880985
v 0.26207507 0.18354750 0.52076280
v 0.18702579 0.95234984 -0.07435025
v 0.35108155 0.20851986 0.44621047
v 0.18188015 0.70232135 0.48867857
v 0.05825084 0.31809297 0.58381295
v 0.06773814 0.33534753 0.58958036
v 0.18516675 0.74565130 0.45200074
v 0.18819317 0.78770399 0.40920782
v 0.18886420 0.91181546 0.18669648
v 0.13185944 0.20339218 0.54728401
v 0.36411458 0.37999868 0.44016588
v 0.37170583 0.33642384 0.43047476
v 0.19032231 0.94506639 0.01447477
v 0.19367416 0.19031656 0.54181898
v 0.37198925 0.29801148 0.42131352
v 0.09134829 0.97397351 -0.19866180
v 0.34083354 0.19638252 0.46212351
v 0.20083050 0.49105066 0.57086974
v 0.21877114 0.18767209 0.53623939
v 0.05441562 0.29967979 0.57773370
v 0.10251766 0.21822608 0.55064511
v 0.07997723 0.23921393 0.55524415
v 0.18982570 0.82553339 0.36533707
v 0.06658301 0.25657704 0.56155586
v 0.05508766 0.28129557 0.57183814
v 0.16130887 0.19464587 0.54563570
v 0.17472346 0.64494300 0.52857006
v 0.18885492 0.93182683 0.10484608
v 0.28502926 0.18222858 0.50921392
v 0.05989061 0.26743311 0.56699860
v 0.10243005 0.37919053 0.61729181
v 0.14623508 0.49003544 0.59815890
v 0.16967618 -0.11875558 0.59606498
v 0.17821071 -0.13346066 0.58619744
v 0.17576791 -0.17097236 0.56727117
v 0.12276622 -0.08467098 0.62754077
v 0.15133256 -0.10247649 0.60965496
v 0.11550853 -0.21851765 0.60958093
v 0.17970547 -0.14611761 0.57787967
v 0.07971671 -0.22671637 0.62878531
v 0.18167664 -0.15836376 0.57113105
v 0.04092041 -0.23109910 0.63882458
v 0.05625068 -0.05902358 0.66121203
v 0.02544323 -0.05607919 0.66908455
v 0.08865949 -0.06883366 0.64532989
v 0.16387482 -0.18653004 0.57192630
v 0.14577645 -0.20436449 0.58740479
v 0.19671255 0.28160036 0.46494174
v -0.20634668 0.28298470 0.45971611
v 0.18706840 0.28107300 0.54724097
v 0.17695740 0.28111055 0.54528391
v 0.16763283 0.28118342 0.54227781
v 0.15980487 0.28127405 0.53873509
v 0.18726747 0.28312466 0.54729426
v 0.17734107 0.28513664 0.54540390
v 0.16819312 0.28702465 0.54245508
v 0.16052635 0.28864974 0.53893882
v 0.18786576 0.28509966 0.54735792
v 0.17851712 0.28900984 0.54550588
v 0.16989017 0.29264522 0.54260850
v 0.16265458 0.29572892 0.53914028
v 0.18882711 0.28691566 0.54741096
v 0.18040930 0.29257306 0.54562217
v 0.17264603 0.29783329 0.54275495
v 0.16613536 0.30226260 0.53931481
v 0.19013861 0.28851056 0.54744500
v 0.18296663 0.29569879 0.54570383
v 0.17635499 0.30237457 0.54287940
v 0.17081127 0.30799174 0.53948247
v 0.19172357 0.28982511 0.54748225
v 0.18608446 0.29827195 0.54577261
v 0.18088537 0.30609858 0.54297704
v 0.17653398 0.31269544 0.53959602
v 0.19354424 0.29079133 0.54751360
v 0.18964793 0.30018002 0.54581714
v 0.18605794 0.30887252 0.54304850
v 0.18305744 0.31618759 0.53968704
v 0.19551872 0.29139456 0.54751271
v 0.19351783 0.30135864 0.54584754
v 0.19167204 0.31058875 0.54309684
v 0.19012669 0.31835139 0.53974676
v 0.19756784 0.29160097 0.54750234
v 0.19753879 0.30176586 0.54584157
v 0.19751371 0.31117600 0.54309875
v 0.19749182 0.31909907 0.53976184
v 0.19961950 0.29140255 0.54750061
v 0.20156509 0.30137283 0.54583085
v 0.20336029 0.31060934 0.54307741
v 0.20485945 0.31837741 0.53972948
v 0.20159426 0.29080361 0.54747599
v 0.20543718 0.30020773 0.54578733
v 0.20897372 0.30891535 0.54302180
v 0.21194163 0.31624070 0.53966385
v 0.20341885 0.28984272 0.54744405
v 0.20900495 0.29831213 0.54573298
v 0.21416596 0.30615968 0.54293728
v 0.21848275 0.31277370 0.53956032
v 0.20500702 0.28853294 0.54739469
v 0.21213800 0.29575065 0.54565221
v 0.21871427 0.30245364 0.54282504
v 0.22422472 0.30809224 0.53942752
v 0.20632520 0.28694519 0.54734278
v 0.21471593 0.29263982 0.54556024
v 0.22244507 0.29792836 0.54268426
v 0.22893260 0.30238363 0.53924620
v 0.20729160 0.28513438 0.54728150
v 0.21662149 0.28908542 0.54543591
v 0.22522356 0.29275444 0.54252279
v 0.23243833 0.29586753 0.53904456
v 0.20789540 0.28316551 0.54721409
v 0.21779384 0.28522015 0.54529452
v 0.22693479 0.28714594 0.54233146
v 0.23459043 0.28880119 0.53881359
v 0.20810041 0.28111854 0.54714668
v 0.21820034 0.28120303 0.54516554
v 0.22751512 0.28131670 0.54213488
v 0.23533306 0.28144124 0.53857607
v 0.20789582 0.27907357 0.54706997
v 0.21779944 0.27718094 0.54501945
v 0.22694054 0.27548224 0.54193652
v 0.23460308 0.27408326 0.53833282
v 0.20730376 0.27709383 0.54702842
v 0.21664494 0.27331725 0.54492283
v 0.22525395 0.26986858 0.54177177
v 0.23247796 0.26701066 0.53812033
v 0.20634219 0.27527997 0.54698551
v 0.21474500 0.26975730 0.54480052
v 0.22250566 0.26469168 0.54162157
v 0.22901742 0.26047069 0.53794050
v 0.20504278 0.27368143 0.54697567
v 0.21220559 0.26662591 0.54475075
v 0.21880753 0.26014763 0.54150093
v 0.22435503 0.25472748 0.53780329
v 0.20345749 0.27238068 0.54689896
v 0.20908551 0.26406080 0.54466045
v 0.21429178 0.25640884 0.54141104
v 0.21864569 0.25002009 0.53766996
v 0.20164432 0.27140489 0.54688001
v 0.20553829 0.26213971 0.54462183
v 0.20911823 0.25363344 0.54133773
v 0.21212803 0.24651393 0.53758049
v 0.19967207 0.27079818 0.54686481
v 0.20167214 0.26095459 0.54459280
v 0.20351592 0.25190657 0.54130381
v 0.20505631 0.24433610 0.53753048
v 0.19762407 0.27058634 0.54687726
v 0.19765146 0.26054657 0.54459620
v 0.19767401 0.25130725 0.54130280
v 0.19769010 0.24358229 0.53752458
v 0.19557305 0.27078211 0.54689258
v 0.19362807 0.26092556 0.54462433
v 0.19182830 0.25186458 0.54133725
v 0.19031739 0.24429096 0.53755480
v 0.19359638 0.27137592 0.54693437
v 0.18975222 0.26208597 0.54467946
v 0.18620761 0.25355947 0.54139519
v 0.18323417 0.24642582 0.53762561
v 0.19177116 0.27233845 0.54699373
v 0.18618234 0.26398847 0.54473925
v 0.18102629 0.25631514 0.54147488
v 0.17669599 0.24989884 0.53773618
v 0.19017953 0.27364355 0.54701036
v 0.18304959 0.26654264 0.54482770
v 0.17647417 0.26002574 0.54159766
v 0.17095174 0.25457519 0.53790641
v 0.18886103 0.27523467 0.54704952
v 0.18047617 0.26965946 0.54491293
v 0.17273699 0.26455134 0.54174745
v 0.16623817 0.26029530 0.53807932
v 0.19759795 0.28108469 0.54788047
v 0.18788789 0.27704546 0.54710895
v 0.17855597 0.27321908 0.54503155
v 0.16995065 0.26972198 0.54191804
v 0.16272956 0.26682740 0.53828716
v 0.18727763 0.27901769 0.54717368
v 0.17736185 0.27707991 0.54516202
v 0.16823861 0.27533841 0.54208523
v 0.16057569 0.27390778 0.53849012
v 0.15217933 0.28137457 0.53429478
v 0.14040598 0.28160924 0.52489853
v 0.13037230 0.28191161 0.51322365
v 0.12292925 0.28225368 0.50039595
v 0.11835565 0.28260061 0.48810351
v 0.11685085 0.28319615 0.46561009
v 0.11843511 0.28381777 0.44307122
v 0.12304491 0.28419957 0.43077084
v 0.13052967 0.28459626 0.41794869
v 0.14059970 0.28495970 0.40628666
v 0.15285352 0.28527021 0.39658147
v 0.16684125 0.28551143 0.38932133
v 0.18199624 0.28567198 0.38484097
v 0.15303469 0.29023632 0.53453475
v 0.14148536 0.29275382 0.52521199
v 0.13163316 0.29502413 0.51360685
v 0.12432517 0.29681888 0.50081360
v 0.11983903 0.29807168 0.48853591
v 0.11834965 0.29897329 0.46604314
v 0.11990488 0.29928899 0.44352764
v 0.12443595 0.29876179 0.43118718
v 0.13178489 0.29770455 0.41831660
v 0.14167076 0.29610121 0.40660316
v 0.15369673 0.29403251 0.39682391
v 0.16740565 0.29154494 0.38949013
v 0.18228477 0.28874859 0.38492337
v 0.15560707 0.29874948 0.53477496
v 0.14470933 0.30349162 0.52551442
v 0.13542987 0.30764464 0.51396281
v 0.12854107 0.31084222 0.50121850
v 0.12430714 0.31295231 0.48895121
v 0.12290326 0.31414723 0.46647111
v 0.12436771 0.31417051 0.44395626
v 0.12864237 0.31278607 0.43158203
v 0.13557132 0.31032428 0.41867802
v 0.14488514 0.30683544 0.40691197
v 0.15622082 0.30245414 0.39707050
v 0.16915280 0.29735151 0.38965401
v 0.18317749 0.29170474 0.38500351
v 0.15977098 0.30660319 0.53499335
v 0.14996792 0.31338331 0.52578783
v 0.14160961 0.31927207 0.51429182
v 0.13540584 0.32376814 0.50158328
v 0.13159215 0.32666531 0.48935297
v 0.13032858 0.32813823 0.46686921
v 0.13165303 0.32788181 0.44433540
v 0.13550501 0.32570884 0.43195191
v 0.14174485 0.32195196 0.41901270
v 0.15012990 0.31672880 0.40720320
v 0.16034341 0.31022713 0.39729258
v 0.17198864 0.30269817 0.38980576
v 0.18462689 0.29443467 0.38507783
v 0.16540751 0.31348613 0.53517467
v 0.15705784 0.32205307 0.52602172
v 0.14993985 0.32946929 0.51457053
v 0.14466062 0.33509833 0.50190586
v 0.14142275 0.33870244 0.48970252
v 0.14034529 0.34039614 0.46722281
v 0.14148103 0.33991197 0.44467601
v 0.14475638 0.33703849 0.43228120
v 0.15006541 0.33214954 0.41931605
v 0.15720685 0.32540163 0.40744951
v 0.16590290 0.31704450 0.39749134
v 0.17582382 0.30739242 0.38994178
v 0.18657969 0.29681578 0.38514385
v 0.17227399 0.31914300 0.53532457
v 0.16570374 0.32917169 0.52621078
v 0.16010059 0.33784115 0.51480669
v 0.15594731 0.34440580 0.50216931
v 0.15340400 0.34858379 0.48997986
v 0.15255897 0.35048151 0.46751747
v 0.15345962 0.34979954 0.44497263
v 0.15603559 0.34634802 0.43255576
v 0.16021812 0.34052289 0.41955635
v 0.16584116 0.33252200 0.40766621
v 0.17269066 0.32263842 0.39765659
v 0.18049785 0.31125134 0.39005348
v 0.18895717 0.29878595 0.38519958
v 0.18010746 0.32333568 0.53543329
v 0.17557512 0.33446854 0.52635938
v 0.17170244 0.34407246 0.51498353
v 0.16884439 0.35132384 0.50237030
v 0.16708229 0.35593605 0.49018681
v 0.16652149 0.35798219 0.46774408
v 0.16713062 0.35715508 0.44520661
v 0.16892201 0.35326964 0.43276486
v 0.17181072 0.34675607 0.41974550
v 0.17570515 0.33781832 0.40781924
v 0.18043938 0.32680067 0.39778209
v 0.18582827 0.31411403 0.39014006
v 0.19167930 0.30024150 0.38524225
v 0.18861704 0.32594129 0.53549862
v 0.18629777 0.33774233 0.52644968
v 0.18430735 0.34792271 0.51509410
v 0.18284166 0.35561112 0.50249058
v 0.18194185 0.36047518 0.49033511
v 0.18166503 0.36260355 0.46789220
v 0.18198813 0.36169288 0.44534555
v 0.18291475 0.35755268 0.43290585
v 0.18440698 0.35060513 0.41986594
v 0.18641189 0.34108552 0.40792143
v 0.18884501 0.32936612 0.39785680
v 0.19162284 0.31588674 0.39019540
v 0.19462995 0.30115265 0.38527042
v 0.19746959 0.32682520 0.53552365
v 0.19743663 0.33885670 0.52648234
v 0.19741407 0.34924442 0.51512671
v 0.19740309 0.35708171 0.50253856
v 0.19740188 0.36203295 0.49039149
v 0.19743390 0.36417815 0.46796402
v 0.19744900 0.36324647 0.44538954
v 0.19747151 0.35902146 0.43295962
v 0.19750562 0.35192469 0.41992122
v 0.19754839 0.34220290 0.40796420
v 0.19759735 0.33024979 0.39789650
v 0.19764963 0.31648603 0.39021942
v 0.19770275 0.30145472 0.38528243
v 0.20632195 0.32597491 0.53548628
v 0.20858717 0.33778092 0.52644992
v 0.21052697 0.34797838 0.51509607
v 0.21197349 0.35567227 0.50250489
v 0.21287462 0.36054212 0.49034515
v 0.21318947 0.36267203 0.46790832
v 0.21291584 0.36175632 0.44536942
v 0.21203600 0.35761034 0.43293068
v 0.21061014 0.35065535 0.41988727
v 0.20868538 0.34112564 0.40794390
v 0.20635478 0.32939547 0.39787528
v 0.20367910 0.31590569 0.39020932
v 0.20077710 0.30116060 0.38527775
v 0.21483888 0.32340327 0.53541094
v 0.21932092 0.33455586 0.52635318
v 0.22315282 0.34418058 0.51498824
v 0.22599652 0.35144562 0.50239378
v 0.22775754 0.35606512 0.49021572
v 0.22836089 0.35811403 0.46777949
v 0.22779374 0.35727963 0.44525284
v 0.22605120 0.35338345 0.43281093
v 0.22322765 0.34685460 0.41978768
v 0.21941616 0.33789641 0.40785953
v 0.21477440 0.32685813 0.39781791
v 0.20948422 0.31414980 0.39016697
v 0.20373279 0.30025658 0.38525763
v 0.22270532 0.31924024 0.53529114
v 0.22922765 0.32929826 0.52620131
v 0.23478970 0.33799392 0.51481491
v 0.23892654 0.34458038 0.50219601
v 0.24147590 0.34877184 0.49002224
v 0.24235699 0.35067272 0.46757251
v 0.24150881 0.34998131 0.44503769
v 0.23897707 0.34651318 0.43262139
v 0.23485680 0.34066552 0.41962013
v 0.22931023 0.33263603 0.40772346
v 0.22254619 0.32272241 0.39770764
v 0.21482922 0.31130323 0.39009255
v 0.20646153 0.29880750 0.38522121
v 0.22960314 0.31360486 0.53513002
v 0.23790947 0.32221445 0.52600074
v 0.24500069 0.32966167 0.51457447
v 0.25026903 0.33531675 0.50193608
v 0.25351581 0.33893204 0.48974836
v 0.25463203 0.34063625 0.46729273
v 0.25354770 0.34014127 0.44475505
v 0.25031388 0.33724791 0.43236479
v 0.24505992 0.33232930 0.41939706
v 0.23798603 0.32554552 0.40752304
v 0.22936456 0.31714997 0.39755496
v 0.21952412 0.30745855 0.38998908
v 0.20884340 0.29684311 0.38517234
v 0.23526548 0.30674681 0.53492844
v 0.24504620 0.31357116 0.52574694
v 0.25338942 0.31950003 0.51428998
v 0.25959378 0.32402617 0.50161684
v 0.26341695 0.32694250 0.48940238
v 0.26472440 0.32841796 0.46695071
v 0.26344907 0.32815006 0.44442713
v 0.25963449 0.32595259 0.43204969
v 0.25344259 0.32215983 0.41910887
v 0.24511281 0.31689644 0.40728885
v 0.23496319 0.31035075 0.39736792
v 0.22338498 0.30277544 0.38986194
v 0.21081425 0.29446745 0.38511032
v 0.23947380 0.29891279 0.53469765
v 0.25035527 0.30370241 0.52546293
v 0.25964150 0.30789703 0.51395911
v 0.26654172 0.31112692 0.50124949
v 0.27079248 0.31325632 0.48900828
v 0.27223802 0.31444567 0.46655682
v 0.27081767 0.31446537 0.44405228
v 0.26657441 0.31305325 0.43168390
v 0.25968468 0.31055322 0.41878134
v 0.25041679 0.30701864 0.40700620
v 0.23913170 0.30259001 0.39715186
v 0.22625336 0.29743695 0.38971776
v 0.21227965 0.29174104 0.38504007
v 0.24207333 0.29041341 0.53442711
v 0.25363806 0.29298270 0.52514535
v 0.26351067 0.29529434 0.51359427
v 0.27083725 0.29712182 0.50083643
v 0.27535316 0.29839188 0.48859280
v 0.27688834 0.29929340 0.46613052
v 0.27537540 0.29959655 0.44362485
v 0.27086520 0.29903999 0.43129170
v 0.26354483 0.29794237 0.41842166
v 0.25369349 0.29629248 0.40670243
v 0.24170415 0.29417357 0.39690891
v 0.22803187 0.29163533 0.38955545
v 0.21318784 0.28878748 0.38496128
v 0.24296819 0.28156754 0.53415740
v 0.25477117 0.28184649 0.52481335
v 0.26484233 0.28218904 0.51319480
v 0.27231765 0.28256381 0.50041348
v 0.27692246 0.28292614 0.48814812
v 0.27850151 0.28351849 0.46568850
v 0.27694350 0.28412342 0.44316700
v 0.27233875 0.28447479 0.43087122
v 0.26487362 0.28483149 0.41804975
v 0.25482732 0.28515026 0.40638217
v 0.24259715 0.28541318 0.39666450
v 0.22863834 0.28560430 0.38938513
v 0.21349451 0.28571317 0.38487792
v 0.24207927 0.27272207 0.53384209
v 0.25367647 0.27070022 0.52445948
v 0.26357600 0.26906976 0.51280135
v 0.27093020 0.26798818 0.49998537
v 0.27544823 0.26744777 0.48768166
v 0.27697560 0.26774758 0.46520153
v 0.27545866 0.26864344 0.44272220
v 0.27094206 0.26989704 0.43044519
v 0.26361302 0.27170908 0.41765928
v 0.25375423 0.27399740 0.40606090
v 0.24175392 0.27664882 0.39640930
v 0.22806725 0.27956444 0.38921663
v 0.21320580 0.28263727 0.38479599
v 0.23952980 0.26420897 0.53360635
v 0.25045285 0.25996232 0.52413076
v 0.25978687 0.25643933 0.51243162
v 0.26671353 0.25395185 0.49957305
v 0.27097023 0.25254470 0.48723108
v 0.27240500 0.25255710 0.46474531
v 0.27097815 0.25374675 0.44228071
v 0.26672372 0.25586596 0.43002176
v 0.25981995 0.25908354 0.41728783
v 0.25053528 0.26326078 0.40574583
v 0.23922873 0.26822555 0.39617258
v 0.22632223 0.27376434 0.38905367
v 0.21231452 0.27967501 0.38471663
v 0.23539086 0.25633603 0.53341115
v 0.24522310 0.25004932 0.52386552
v 0.25360128 0.24479882 0.51208645
v 0.25982592 0.24102122 0.49917600
v 0.26366159 0.23882437 0.48682564
v 0.26496565 0.23855014 0.46432519
v 0.26368093 0.24002907 0.44185856
v 0.25985256 0.24293928 0.42963713
v 0.25364134 0.24744958 0.41694713
v 0.24528678 0.25336507 0.40546262
v 0.23510383 0.26044801 0.39594486
v 0.22348507 0.26842129 0.38889822
v 0.21086434 0.27695441 0.38464004
v 0.22977586 0.24944383 0.53322649
v 0.23813327 0.24136671 0.52361608
v 0.24526142 0.23458546 0.51177508
v 0.25055289 0.22966804 0.49882847
v 0.25381073 0.22677504 0.48646086
v 0.25493225 0.22628018 0.46395081
v 0.25384250 0.22798447 0.44149143
v 0.25059542 0.23159534 0.42930150
v 0.24531612 0.23724753 0.41665003
v 0.23820964 0.24469133 0.40520063
v 0.22954543 0.25363302 0.39574623
v 0.21965145 0.26372239 0.38876280
v 0.20890702 0.27456820 0.38457480
v 0.22290310 0.24378134 0.53305441
v 0.22947995 0.23423481 0.52339542
v 0.23508434 0.22620389 0.51152033
v 0.23925354 0.22034813 0.49854755
v 0.24182042 0.21686982 0.48616144
v 0.24270974 0.21618201 0.46364853
v 0.24185811 0.21808605 0.44120127
v 0.23931123 0.22228709 0.42902273
v 0.23516239 0.22887790 0.41639638
v 0.22957548 0.23757206 0.40499613
v 0.22275962 0.24804202 0.39558160
v 0.21497838 0.25986695 0.38865092
v 0.20653553 0.27260053 0.38451910
v 0.19774945 0.28573090 0.38334942
v 0.21505471 0.23957415 0.53293210
v 0.21959683 0.22892664 0.52323949
v 0.22347517 0.21995454 0.51133615
v 0.22635749 0.21340379 0.49834961
v 0.22814144 0.20950180 0.48593411
v 0.22875415 0.20867871 0.46342638
v 0.22818398 0.21072659 0.44099474
v 0.22642428 0.21535859 0.42881507
v 0.22357012 0.22264646 0.41620892
v 0.21971443 0.23227897 0.40483370
v 0.21501362 0.24388707 0.39545983
v 0.20965102 0.25700539 0.38856858
v 0.20381528 0.27114487 0.38447857
v 0.20654950 0.23696215 0.53286141
v 0.20887837 0.22564255 0.52315223
v 0.21086735 0.21608661 0.51122433
v 0.21235614 0.20911144 0.49821565
v 0.21328281 0.20495571 0.48580554
v 0.21360965 0.20405006 0.46329334
v 0.21333414 0.20618439 0.44085827
v 0.21243665 0.21107504 0.42869657
v 0.21097712 0.21879460 0.41609335
v 0.20900428 0.22901511 0.40473518
v 0.20660897 0.24132666 0.39537472
v 0.20385484 0.25523517 0.38851166
v 0.20086357 0.27024135 0.38445026
v 0.19769920 0.23606312 0.53285295
v 0.19772895 0.22451550 0.52312356
v 0.19776112 0.21476083 0.51118606
v 0.19779256 0.20764710 0.49817127
v 0.19781980 0.20341076 0.48576742
v 0.19786540 0.20245926 0.46326610
v 0.19787912 0.20464061 0.44079888
v 0.19788300 0.20961860 0.42864770
v 0.19788286 0.21748064 0.41605669
v 0.19787531 0.22790247 0.40469679
v 0.19785750 0.24043807 0.39534912
v 0.19782928 0.25464204 0.38849166
v 0.19779110 0.26993915 0.38444006
v 0.18884067 0.23691046 0.53288656
v 0.18657576 0.22558893 0.52316082
v 0.18464927 0.21602872 0.51123917
v 0.18322450 0.20905548 0.49821502
v 0.18235490 0.20489949 0.48580620
v 0.18209112 0.20399547 0.46329218
v 0.18241282 0.20613563 0.44084737
v 0.18332091 0.21103314 0.42868212
v 0.18478003 0.21875837 0.41608176
v 0.18673383 0.22898497 0.40472078
v 0.18909982 0.24130151 0.39536005
v 0.19179790 0.25521743 0.38850039
v 0.19471548 0.27023321 0.38444388
v 0.18032311 0.23947571 0.53298032
v 0.17584351 0.22882384 0.52326959
v 0.17202587 0.21983962 0.51136184
v 0.16920735 0.21329124 0.49835309
v 0.16747372 0.20939180 0.48592809
v 0.16692518 0.20857187 0.46341670
v 0.16753326 0.21063016 0.44097543
v 0.16930726 0.21527305 0.42879131
v 0.17216446 0.22257398 0.41618538
v 0.17600916 0.23221821 0.40480614
v 0.18068002 0.24383871 0.39543208
v 0.18599316 0.25697073 0.38854444
v 0.19175968 0.27112919 0.38446504
v 0.17246051 0.24364451 0.53312004
v 0.16594410 0.23407777 0.52343738
v 0.16039187 0.22603555 0.51155287
v 0.15627640 0.22018033 0.49856070
v 0.15375765 0.21670671 0.48614985
v 0.15292390 0.21602488 0.46363229
v 0.15382370 0.21794213 0.44117159
v 0.15638442 0.22216082 0.42898735
v 0.16053772 0.22876966 0.41635743
v 0.16611505 0.23748186 0.40495527
v 0.17290628 0.24796914 0.39554203
v 0.18064544 0.25981700 0.38861752
v 0.18902868 0.27257732 0.38449934
v 0.16556121 0.24927844 0.53330904
v 0.15726225 0.24117313 0.52366745
v 0.15018994 0.23437440 0.51180232
v 0.14494269 0.22945741 0.49883905
v 0.14172523 0.22656089 0.48644894
v 0.14065748 0.22607563 0.46392393
v 0.14179249 0.22779505 0.44144797
v 0.14505418 0.23142868 0.42925090
v 0.15033771 0.23710449 0.41659769
v 0.15744054 0.24457318 0.40514714
v 0.16608736 0.25353986 0.39569458
v 0.17594938 0.26365840 0.38872036
v 0.18664071 0.27453899 0.38454998
v 0.15989155 0.25614691 0.53352028
v 0.15012777 0.24982913 0.52392942
v 0.14180565 0.24455576 0.51211089
v 0.13562536 0.24076550 0.49917531
v 0.13182926 0.23856990 0.48679990
v 0.13057263 0.23830463 0.46428338
v 0.13189925 0.23980013 0.44180387
v 0.13573922 0.24273418 0.42957351
v 0.14195962 0.24727361 0.41687810
v 0.15031467 0.25322065 0.40539432
v 0.16048805 0.26033667 0.39588204
v 0.17208736 0.26834568 0.38884789
v 0.18467429 0.27692038 0.38461027
v 0.15568858 0.26399848 0.53376198
v 0.14481859 0.25971711 0.52423811
v 0.13556306 0.25617900 0.51246142
v 0.12869315 0.25366783 0.49956354
v 0.12447271 0.25225624 0.48719117
v 0.12307349 0.25227979 0.46469462
v 0.12453640 0.25348261 0.44221091
v 0.12880372 0.25562930 0.42994523
v 0.13571772 0.25888011 0.41720715
v 0.14501078 0.26309532 0.40566620
v 0.15632056 0.26809913 0.39609921
v 0.16922091 0.27368030 0.38899428
v 0.18321054 0.27963758 0.38468188
v 0.15307510 0.27251154 0.53401905
v 0.14153969 0.27045211 0.52456766
v 0.13170421 0.26879099 0.51284027
v 0.12440444 0.26768473 0.49997327
v 0.11992543 0.26712978 0.48764241
v 0.11843836 0.26743627 0.46513924
v 0.11998986 0.26835218 0.44263929
v 0.12451806 0.26963577 0.43035445
v 0.13185948 0.27148497 0.41756657
v 0.14173529 0.27381626 0.40596989
v 0.15374754 0.27651227 0.39632848
v 0.16744021 0.27947477 0.38915384
v 0.18230149 0.28259751 0.38475874
v -0.21762744 0.28212765 0.54188877
v -0.22772618 0.28216788 0.53989559
v -0.23704106 0.28224283 0.53686154
v -0.24487625 0.28233299 0.53332663
v -0.21742649 0.28417709 0.54194671
v -0.22734414 0.28618971 0.54002422
v -0.23649570 0.28807786 0.53706062
v -0.24416395 0.28970236 0.53354371
v -0.21684060 0.28615007 0.54201353
v -0.22619095 0.29006064 0.54015756
v -0.23481396 0.29369587 0.53724205
v -0.24204102 0.29677889 0.53375494
v -0.21588436 0.28796640 0.54207480
v -0.22430401 0.29362339 0.54027522
v -0.23207051 0.29888514 0.53740871
v -0.23857838 0.30331430 0.53395927
v -0.21457638 0.28955966 0.54212499
v -0.22175017 0.29674852 0.54037327
v -0.22836630 0.30342907 0.53754592
v -0.23390660 0.30904716 0.53414303
v -0.21299441 0.29087526 0.54216576
v -0.21863212 0.29932353 0.54045159
v -0.22384071 0.30715412 0.53765768
v -0.22819415 0.31375363 0.53427780
v -0.21117549 0.29184353 0.54219735
v -0.21507500 0.30123287 0.54050243
v -0.21866255 0.30992979 0.53773600
v -0.22167270 0.31724966 0.53438324
v -0.20920366 0.29244989 0.54221869
v -0.21120912 0.30241460 0.54054743
v -0.21305865 0.31164825 0.53779590
v -0.21460202 0.31941485 0.53444886
v -0.20715261 0.29265618 0.54222220
v -0.20718448 0.30282304 0.54055941
v -0.20721407 0.31223735 0.53781599
v -0.20723563 0.32016405 0.53447807
v -0.20510200 0.29245633 0.54222041
v -0.20316015 0.30243218 0.54056102
v -0.20136642 0.31167188 0.53781205
v -0.19986454 0.31944361 0.53446305
v -0.20312496 0.29185718 0.54219884
v -0.19928427 0.30126497 0.54051769
v -0.19574255 0.30997697 0.53776127
v -0.19278081 0.31730890 0.53440768
v -0.20129931 0.29089639 0.54217225
v -0.19571130 0.29936782 0.54046834
v -0.19055474 0.30722085 0.53768688
v -0.18623742 0.31383976 0.53431618
v -0.19970837 0.28958640 0.54213327
v -0.19258133 0.29680341 0.54039484
v -0.18600453 0.30351111 0.53758568
v -0.18048945 0.30915517 0.53419882
v -0.19838890 0.28799573 0.54209501
v -0.19000444 0.29368874 0.54031920
v -0.18226978 0.29898384 0.53746575
v -0.17577949 0.30344373 0.53403884
v -0.19741656 0.28618464 0.54204780
v -0.18808950 0.29013526 0.54021519
v -0.17948538 0.29380772 0.53732228
v -0.17226468 0.29692295 0.53386670
v -0.19680062 0.28421411 0.54199249
v -0.18689391 0.28626865 0.54011548
v -0.17775431 0.28819710 0.53718036
v -0.17009425 0.28985551 0.53367782
v -0.19659656 0.28216499 0.54193854
v -0.18648677 0.28224769 0.54000145
v -0.17715645 0.28236166 0.53701663
v -0.16933185 0.28249019 0.53348410
v -0.19678788 0.28011101 0.54187435
v -0.18686733 0.27821967 0.53988576
v -0.17771196 0.27651581 0.53685570
v -0.17004511 0.27512309 0.53326958
v -0.19739164 0.27813694 0.54182076
v -0.18803817 0.27435419 0.53976589
v -0.17941050 0.27089980 0.53667277
v -0.17217150 0.26804069 0.53305727
v -0.19835274 0.27632162 0.54176706
v -0.18993370 0.27078497 0.53965956
v -0.18216632 0.26571530 0.53651184
v -0.17565092 0.26149610 0.53284484
v -0.19966322 0.27472731 0.54171729
v -0.19248998 0.26765868 0.53956181
v -0.18587464 0.26117021 0.53636521
v -0.18033397 0.25575739 0.53266895
v -0.20124696 0.27341825 0.54167289
v -0.19560587 0.26508960 0.53947252
v -0.19040349 0.25743699 0.53623855
v -0.18604898 0.25105393 0.53249967
v -0.20306626 0.27244550 0.54163551
v -0.19916670 0.26317489 0.53939849
v -0.19557342 0.25466710 0.53614014
v -0.19257061 0.24755855 0.53237426
v -0.20503819 0.27184069 0.54160786
v -0.20303351 0.26199421 0.53935379
v -0.20118412 0.25294772 0.53607810
v -0.19963798 0.24539180 0.53229749
v -0.20708610 0.27163348 0.54159915
v -0.20705284 0.26159555 0.53932410
v -0.20702265 0.25236350 0.53603411
v -0.20700002 0.24464671 0.53225940
v -0.20913416 0.27183652 0.54158986
v -0.21107309 0.26198286 0.53932065
v -0.21286389 0.25293189 0.53603214
v -0.21436413 0.24536522 0.53225446
v -0.21110751 0.27243507 0.54160446
v -0.21494311 0.26315013 0.53934330
v -0.21847232 0.25462916 0.53606331
v -0.22144054 0.24750368 0.53229934
v -0.21292810 0.27340436 0.54162180
v -0.21850249 0.26505536 0.53938454
v -0.22365806 0.25738135 0.53612804
v -0.22797182 0.25097862 0.53237790
v -0.21451865 0.27470508 0.54166436
v -0.22163884 0.26760879 0.53946906
v -0.22819875 0.26110002 0.53622389
v -0.23369943 0.25566655 0.53249627
v -0.21583681 0.27629274 0.54171365
v -0.22421564 0.27071792 0.53957295
v -0.23193239 0.26562181 0.53636557
v -0.23839706 0.26138666 0.53263718
v -0.20711605 0.28213578 0.54258889
v -0.21680729 0.27810320 0.54176867
v -0.22612880 0.27427906 0.53967512
v -0.23470873 0.27079475 0.53650504
v -0.24190739 0.26791066 0.53283143
v -0.21740754 0.28008139 0.54182082
v -0.22730550 0.27814442 0.53976381
v -0.23642674 0.27640778 0.53665996
v -0.24408668 0.27497578 0.53306049
v -0.25247908 0.28243390 0.52885729
v -0.26424730 0.28266564 0.51946044
v -0.27430275 0.28296953 0.50781327
v -0.28177908 0.28331473 0.49501693
v -0.28637734 0.28366446 0.48273230
v -0.28791845 0.28425872 0.46025255
v -0.28633687 0.28487241 0.43772486
v -0.28172618 0.28524569 0.42542478
v -0.27425057 0.28563267 0.41260502
v -0.26419157 0.28599283 0.40094507
v -0.25194767 0.28630289 0.39124265
v -0.23797026 0.28654858 0.38398555
v -0.22282331 0.28671765 0.37951040
v -0.25164479 0.29128590 0.52913326
v -0.26319432 0.29380950 0.51980346
v -0.27306572 0.29608059 0.50822103
v -0.28038919 0.29788178 0.49543780
v -0.28489676 0.29913443 0.48316956
v -0.28640020 0.30003193 0.46069089
v -0.28485489 0.30034307 0.43817660
v -0.28033268 0.29980806 0.42584053
v -0.27299267 0.29874176 0.41297320
v -0.26311859 0.29713383 0.40126264
v -0.25110358 0.29506427 0.39148593
v -0.23740359 0.29258102 0.38415557
v -0.22253357 0.28979415 0.37959415
v -0.24909261 0.29979879 0.52939433
v -0.25998849 0.30454379 0.52012843
v -0.26927996 0.30870038 0.50859272
v -0.27617958 0.31190243 0.49585417
v -0.28042558 0.31401432 0.48358864
v -0.28184071 0.31520545 0.46112129
v -0.28038332 0.31522453 0.43860698
v -0.27611965 0.31383169 0.42623580
v -0.26920277 0.31136155 0.41333541
v -0.25990105 0.30786875 0.40157112
v -0.24857791 0.30348793 0.39173371
v -0.23565750 0.29839003 0.38432157
v -0.22164120 0.29275218 0.37967569
v -0.24493596 0.30765605 0.52963150
v -0.25474304 0.31443855 0.52041876
v -0.26310322 0.32033002 0.50893313
v -0.26931196 0.32482874 0.49622887
v -0.27313375 0.32772839 0.48399368
v -0.27441132 0.32919762 0.46152610
v -0.27309629 0.32893625 0.43899238
v -0.26925552 0.32675558 0.42661285
v -0.26302731 0.32299027 0.41367453
v -0.25465339 0.31776366 0.40186524
v -0.24445257 0.31126255 0.39195773
v -0.23281917 0.30373925 0.38447338
v -0.22019063 0.29548442 0.37975001
v -0.23931724 0.31453982 0.52983612
v -0.24766362 0.32311323 0.52068108
v -0.25477651 0.33052972 0.50922519
v -0.26005629 0.33616048 0.49655953
v -0.26330444 0.33975863 0.48435429
v -0.26439154 0.34145686 0.46188483
v -0.26326632 0.34096810 0.43933886
v -0.26000252 0.33808747 0.42694518
v -0.25470358 0.33319181 0.41398010
v -0.24757631 0.32644039 0.40211406
v -0.23889318 0.31808412 0.39215916
v -0.22898479 0.30843958 0.38461217
v -0.21823259 0.29786938 0.37981889
v -0.23245366 0.32020575 0.53000027
v -0.23902185 0.33023459 0.52088457
v -0.24461716 0.33890471 0.50947636
v -0.24877262 0.34547201 0.49683794
v -0.25132489 0.34964776 0.48464704
v -0.25217858 0.35154438 0.46218503
v -0.25128853 0.35085714 0.43964341
v -0.24872182 0.34740025 0.42722368
v -0.24455035 0.34157094 0.41422567
v -0.23894137 0.33356801 0.40233454
v -0.23210664 0.32368585 0.39232808
v -0.22431143 0.31230259 0.38472813
v -0.21586098 0.29984337 0.37987614
v -0.22461331 0.32440338 0.53012699
v -0.22915000 0.33553594 0.52104902
v -0.23301871 0.34513995 0.50966430
v -0.23588419 0.35239136 0.49705252
v -0.23765318 0.35700232 0.48486140
v -0.23822190 0.35904685 0.46241739
v -0.23761746 0.35821432 0.43988401
v -0.23583694 0.35432535 0.42744064
v -0.23295885 0.34780961 0.41441822
v -0.22907968 0.33887067 0.40249428
v -0.22435988 0.32785591 0.39245915
v -0.21898337 0.31517285 0.38481843
v -0.21314038 0.30130452 0.37992099
v -0.21610916 0.32700735 0.53020018
v -0.21843450 0.33880338 0.52115196
v -0.22041711 0.34899125 0.50978667
v -0.22188866 0.35667846 0.49718469
v -0.22279866 0.36154395 0.48501557
v -0.22308573 0.36367106 0.46257213
v -0.22276786 0.36275631 0.44002938
v -0.22184923 0.35861334 0.42758965
v -0.22036520 0.35166541 0.41454643
v -0.21836895 0.34214693 0.40260449
v -0.21595538 0.33042926 0.39253938
v -0.21318790 0.31695306 0.38487795
v -0.21018904 0.30222058 0.37995154
v -0.20725931 0.32789108 0.53023618
v -0.20728947 0.33992344 0.52119207
v -0.20731221 0.35031277 0.50983208
v -0.20732801 0.35814932 0.49723989
v -0.20733725 0.36310109 0.48508841
v -0.20733680 0.36524907 0.46265256
v -0.20731263 0.36431387 0.44007969
v -0.20729506 0.36008829 0.42764929
v -0.20727018 0.35299176 0.41460997
v -0.20723993 0.34327331 0.40265283
v -0.20720333 0.33132207 0.39258409
v -0.20716187 0.31755918 0.38490513
v -0.20711595 0.30252692 0.37996650
v -0.19840102 0.32704130 0.53021538
v -0.19614401 0.33885604 0.52116966
v -0.19419841 0.34904665 0.50981790
v -0.19275938 0.35674089 0.49721423
v -0.19187042 0.36161157 0.48505852
v -0.19156544 0.36374050 0.46261454
v -0.19184518 0.36282784 0.44006830
v -0.19273202 0.35868379 0.42762697
v -0.19416642 0.35173091 0.41458628
v -0.19609761 0.34220511 0.40263802
v -0.19844615 0.33047599 0.39256796
v -0.20113140 0.31698591 0.38489956
v -0.20404144 0.30223677 0.37996513
v -0.18987395 0.32447276 0.53015882
v -0.18540123 0.33562604 0.52109116
v -0.18157229 0.34524840 0.50972319
v -0.17873882 0.35251519 0.49711546
v -0.17698754 0.35713518 0.48493701
v -0.17639232 0.35918459 0.46249598
v -0.17696483 0.35835436 0.43996090
v -0.17871703 0.35446265 0.42751700
v -0.18154983 0.34793827 0.41449502
v -0.18537264 0.33898464 0.40256259
v -0.19002612 0.32794660 0.39251560
v -0.19532639 0.31523633 0.38486037
v -0.20108543 0.30133778 0.37994665
v -0.18201643 0.32030809 0.53004986
v -0.17549929 0.33036864 0.52095097
v -0.16993557 0.33906472 0.50956112
v -0.16580471 0.34565094 0.49693561
v -0.16326949 0.34984246 0.48475519
v -0.16239585 0.35174701 0.46229845
v -0.16325353 0.35106078 0.43975487
v -0.16579242 0.34759846 0.42733708
v -0.16992177 0.34175646 0.41433391
v -0.17547831 0.33373111 0.40243343
v -0.18225265 0.32381722 0.39241105
v -0.18997900 0.31239501 0.38479015
v -0.19835499 0.29989210 0.37991327
v -0.17511766 0.31467855 0.52990323
v -0.16681308 0.32328430 0.52077001
v -0.15972891 0.33073324 0.50933355
v -0.15446597 0.33639106 0.49668834
v -0.15123224 0.34001184 0.48449790
v -0.15012574 0.34171429 0.46202731
v -0.15121897 0.34122512 0.43948331
v -0.15445997 0.33833876 0.42708704
v -0.15972024 0.33342603 0.41411668
v -0.16680217 0.32664743 0.40223804
v -0.17543225 0.31825116 0.39226404
v -0.18528232 0.30855563 0.38469112
v -0.19596650 0.29793146 0.37986529
v -0.16944548 0.30781391 0.52972120
v -0.15967213 0.31464425 0.52054369
v -0.15133572 0.32057610 0.50907111
v -0.14514326 0.32510456 0.49638438
v -0.14133389 0.32801971 0.48416620
v -0.14003780 0.32950181 0.46169224
v -0.14132199 0.32923934 0.43916216
v -0.14514288 0.32704940 0.42677778
v -0.15133959 0.32326400 0.41383147
v -0.15967447 0.31800446 0.40200961
v -0.16983263 0.31145757 0.39208016
v -0.18142028 0.30387643 0.38456640
v -0.19400045 0.29555705 0.37980601
v -0.16523583 0.29997718 0.52951378
v -0.15435427 0.30477566 0.52028555
v -0.14508761 0.30897689 0.50875592
v -0.13820665 0.31220743 0.49603006
v -0.13397071 0.31433931 0.48377612
v -0.13253288 0.31553528 0.46130562
v -0.13395694 0.31555867 0.43879613
v -0.13820465 0.31415474 0.42642045
v -0.14509803 0.31166297 0.41350892
v -0.15437138 0.30813211 0.40172857
v -0.16566505 0.30370101 0.39186576
v -0.17855343 0.29854134 0.38442129
v -0.19253618 0.29283285 0.37973475
v -0.16261546 0.29147670 0.52928293
v -0.15107082 0.29405287 0.51999307
v -0.14122154 0.29637218 0.50840801
v -0.13390519 0.29820305 0.49563494
v -0.12941548 0.29947746 0.48336723
v -0.12789197 0.30038652 0.46088299
v -0.12940721 0.30069596 0.43837240
v -0.13391663 0.30014905 0.42603099
v -0.14123805 0.29905811 0.41315395
v -0.15109478 0.29741099 0.40142617
v -0.16309169 0.29528818 0.39162439
v -0.17677309 0.29274017 0.38426143
v -0.19162744 0.28987873 0.37965730
v -0.16171719 0.28262672 0.52904665
v -0.14993663 0.28291583 0.51967931
v -0.13988724 0.28326422 0.50802714
v -0.13242501 0.28364301 0.49521831
v -0.12784062 0.28401077 0.48293728
v -0.12629731 0.28461769 0.46044624
v -0.12784801 0.28523031 0.43791574
v -0.13244115 0.28559092 0.42561519
v -0.13990681 0.28595191 0.41278574
v -0.14995880 0.28627175 0.40110934
v -0.16219780 0.28652847 0.39138317
v -0.17616780 0.28670770 0.38409242
v -0.19132230 0.28680268 0.37957454
v -0.16256031 0.27376533 0.52878726
v -0.15101033 0.27175918 0.51934910
v -0.14114900 0.27013990 0.50764149
v -0.13382192 0.26906770 0.49478924
v -0.12932354 0.26853493 0.48247054
v -0.12779762 0.26884842 0.45997369
v -0.12931393 0.26975760 0.43747941
v -0.13383019 0.27101958 0.42519331
v -0.14116120 0.27283430 0.41239914
v -0.15103002 0.27512172 0.40078843
v -0.16304131 0.27776420 0.39112523
v -0.17673914 0.28066680 0.38392168
v -0.19161122 0.28372541 0.37949002
v -0.16512991 0.26524585 0.52853101
v -0.15423343 0.26101628 0.51901805
v -0.14494109 0.25751716 0.50725913
v -0.13803522 0.25503567 0.49437335
v -0.13378689 0.25364241 0.48201230
v -0.13234766 0.25366619 0.45952237
v -0.13377671 0.25486761 0.43704218
v -0.13803630 0.25699344 0.42477301
v -0.14494790 0.26021203 0.41202885
v -0.15424435 0.26438439 0.40047541
v -0.16556591 0.26933840 0.39088807
v -0.17848681 0.27486396 0.38375261
v -0.19250436 0.28076041 0.37940797
v -0.16929489 0.25738192 0.52828330
v -0.15948910 0.25111076 0.51870602
v -0.15112019 0.24587396 0.50690317
v -0.14489882 0.24211058 0.49397865
v -0.14106984 0.23993054 0.48161256
v -0.13977084 0.23966943 0.45909783
v -0.14106338 0.24115670 0.43661791
v -0.14489953 0.24407043 0.42438766
v -0.15112235 0.24857889 0.41168505
v -0.15949039 0.25448638 0.40019020
v -0.16968909 0.26155618 0.39066002
v -0.18132325 0.26951471 0.38360012
v -0.19395423 0.27803516 0.37933180
v -0.17492646 0.25049230 0.52807146
v -0.16657664 0.24243173 0.51843959
v -0.15944985 0.23566683 0.50658542
v -0.15415534 0.23077254 0.49363127
v -0.15090033 0.22788672 0.48125085
v -0.14978847 0.22740316 0.45872691
v -0.15088962 0.22911437 0.43625167
v -0.15415202 0.23272711 0.42404863
v -0.15944436 0.23837435 0.41138715
v -0.16656724 0.24580815 0.39992535
v -0.17524929 0.25473496 0.39045721
v -0.18515839 0.26481074 0.38346174
v -0.19590752 0.27564499 0.37926486
v -0.18179373 0.24483158 0.52787971
v -0.17521779 0.23530285 0.51820487
v -0.16960497 0.22729073 0.50632846
v -0.16543764 0.22145490 0.49334288
v -0.16288035 0.21799003 0.48093635
v -0.16200118 0.21730936 0.45841703
v -0.16286789 0.21921702 0.43595618
v -0.16543083 0.22341663 0.42376602
v -0.16959718 0.22999908 0.41112778
v -0.17520286 0.23868123 0.39971587
v -0.18203749 0.24913485 0.39028814
v -0.18983337 0.26094806 0.38334605
v -0.19828548 0.27367315 0.37920716
v -0.20708138 0.28679562 0.37802929
v -0.18963143 0.24063054 0.52773482
v -0.18508591 0.23000936 0.51803088
v -0.18120326 0.22104993 0.50612688
v -0.17833000 0.21451762 0.49312010
v -0.17655602 0.21062638 0.48069629
v -0.17595455 0.20980532 0.45818350
v -0.17653790 0.21185395 0.43573946
v -0.17831604 0.21648130 0.42354923
v -0.18119006 0.22375908 0.41093409
v -0.18506736 0.23337810 0.39954421
v -0.18978749 0.24497344 0.39015922
v -0.19516465 0.25807986 0.38325787
v -0.20100825 0.27221352 0.37916332
v -0.19813272 0.23802958 0.52763218
v -0.19579905 0.22672994 0.51791102
v -0.19380406 0.21718776 0.50599152
v -0.19232379 0.21022739 0.49296665
v -0.19141273 0.20607802 0.48055336
v -0.19110198 0.20517354 0.45803663
v -0.19139348 0.20730679 0.43558764
v -0.19230831 0.21218956 0.42341673
v -0.19378623 0.21989731 0.41080767
v -0.19577500 0.23010409 0.39943656
v -0.19819403 0.24240303 0.39006692
v -0.20096025 0.25630292 0.38319802
v -0.20395984 0.27130586 0.37913233
v -0.20698132 0.23713914 0.52759230
v -0.20694108 0.22560538 0.51786250
v -0.20690647 0.21586502 0.50592285
v -0.20688300 0.20875981 0.49290544
v -0.20686986 0.20452745 0.48049691
v -0.20686504 0.20357898 0.45798475
v -0.20685348 0.20575358 0.43551391
v -0.20686479 0.21072203 0.42335793
v -0.20688421 0.21857177 0.41075829
v -0.20691270 0.22898057 0.39939052
v -0.20694740 0.24150652 0.39003655
v -0.20698872 0.25570473 0.38317263
v -0.20703447 0.27100068 0.37911531
v -0.21582906 0.23799428 0.52758950
v -0.21808922 0.22667888 0.51787627
v -0.22001584 0.21713164 0.50594395
v -0.22145166 0.21016149 0.49292994
v -0.22234075 0.20600958 0.48051277
v -0.22262390 0.20510447 0.45799321
v -0.22231872 0.20723663 0.43555045
v -0.22142895 0.21212295 0.42338219
v -0.21998873 0.21983720 0.41077214
v -0.21804994 0.23005222 0.39940715
v -0.21570602 0.24236186 0.39004216
v -0.21301867 0.25627416 0.38317868
v -0.21010871 0.27129072 0.37912139
v -0.22433995 0.24056169 0.52764857
v -0.22881733 0.22990821 0.51794827
v -0.23263881 0.22093764 0.50603890
v -0.23547199 0.21439020 0.49304271
v -0.23722211 0.21049030 0.48061970
v -0.23778757 0.20966868 0.45810515
v -0.23719516 0.21171783 0.43566528
v -0.23544212 0.21635173 0.42347842
v -0.23260571 0.22364137 0.41086558
v -0.22878121 0.23327647 0.39948490
v -0.22412698 0.24489246 0.39011008
v -0.21882515 0.25802326 0.38322091
v -0.21306495 0.27218375 0.37914115
v -0.23220024 0.24473117 0.52775699
v -0.23872066 0.23516516 0.51808888
v -0.24427335 0.22712743 0.50620753
v -0.24839900 0.22127140 0.49322200
v -0.25093678 0.21779378 0.48082706
v -0.25178799 0.21710946 0.45830563
v -0.25090864 0.21901904 0.43585014
v -0.24836780 0.22322822 0.42366338
v -0.24423467 0.22982742 0.41103080
v -0.23867506 0.23853265 0.39962885
v -0.23189861 0.24901703 0.39021519
v -0.22417037 0.26086509 0.38329065
v -0.21579377 0.27362943 0.37917435
v -0.23908845 0.25036883 0.52790320
v -0.24739678 0.24225862 0.51828259
v -0.25448012 0.23546018 0.50643486
v -0.25973788 0.23053397 0.49348164
v -0.26297399 0.22763926 0.48110771
v -0.26405895 0.22714968 0.45858851
v -0.26294348 0.22886330 0.43611816
v -0.25970221 0.23248735 0.42391989
v -0.25443572 0.23815508 0.41126466
v -0.24734987 0.24561894 0.39981329
v -0.23871684 0.25458318 0.39036265
v -0.22886579 0.26470393 0.38339141
v -0.21817590 0.27558917 0.37922320
v -0.24473146 0.25724334 0.52806890
v -0.25453052 0.25090724 0.51852465
v -0.26286843 0.24562868 0.50673270
v -0.26906469 0.24183556 0.49381232
v -0.27287757 0.23963879 0.48144966
v -0.27414936 0.23937152 0.45893994
v -0.27284268 0.24086134 0.43646505
v -0.26902008 0.24378787 0.42423677
v -0.26281703 0.24831961 0.41154161
v -0.25447619 0.25426155 0.40005779
v -0.24431548 0.26137653 0.39054748
v -0.23272656 0.26938757 0.38351581
v -0.22014660 0.27796820 0.37928239
v -0.24893743 0.26508605 0.52829719
v -0.25982559 0.26079237 0.51880199
v -0.26911610 0.25723702 0.50706947
v -0.27601421 0.25472876 0.49419430
v -0.28025109 0.25331825 0.48184177
v -0.28165933 0.25334337 0.45934495
v -0.28021091 0.25453970 0.43686977
v -0.27595913 0.25667822 0.42460293
v -0.26905945 0.25992236 0.41186818
v -0.25978056 0.26413202 0.40032849
v -0.24848399 0.26913482 0.39076442
v -0.23559432 0.27471966 0.38366285
v -0.22161117 0.28068402 0.37935370
v -0.25155777 0.27358395 0.52856386
v -0.26309761 0.27151889 0.51911896
v -0.27296752 0.26985127 0.50743210
v -0.28029829 0.26874521 0.49459365
v -0.28480569 0.26819411 0.48228180
v -0.28630894 0.26849884 0.45978552
v -0.28476819 0.26940840 0.43729359
v -0.28025094 0.27068287 0.42501056
v -0.27291995 0.27252439 0.41222516
v -0.26305729 0.27485070 0.40063101
v -0.25105572 0.27754572 0.39099208
v -0.23737155 0.28051192 0.38381973
v -0.22251816 0.28364268 0.37943032
f 4 2 1
f 8 6 5
f 13 15 14
f 17 19 18
f 32 30 29
f 36 34 33
f 37 39 38
f 21 23 20
f 25 27 24
f 41 43 42
f 48 46 45
f 52 50 49
f 53 55 54
f 60 58 57
f 29 62 61
f 66 64 63
f 67 6 68
f 72 70 69
f 76 74 73
f 77 79 78
f 81 83 82
f 59 86 85
f 88 90 89
f 96 94 93
f 100 98 97
f 101 103 102
f 106 34 87
f 108 115 107
f 117 36 118
f 124 126 125
f 131 129 128
f 132 134 133
f 142 140 139
f 148 60 147
f 144 127 124
f 149 151 150
f 156 154 153
f 159 158 157
f 116 164 105
f 171 169 168
f 174 173 172
f 179 181 180
f 186 188 187
f 194 196 195
f 199 139 198
f 206 208 207
f 213 211 210
f 202 214 201
f 96 216 54
f 92 43 44
f 97 246 100
f 250 229 228
f 252 58 253
f 258 256 255
f 260 229 259
f 110 112 113
f 114 263 109
f 265 267 266
f 56 270 269
f 274 249 250
f 185 63 64
f 280 278 276
f 285 283 157
f 288 211 212
f 141 92 46
f 289 175 176
f 148 105 106
f 312 170 171
f 238 42 43
f 318 160 317
f 310 308 307
f 241 325 324
f 160 240 317
f 47 307 308
f 108 315 164
f 345 86 119
f 348 350 349
f 356 358 357
f 355 353 352
f 363 32 362
f 149 150 176
f 364 253 365
f 366 368 367
f 183 371 63
f 163 161 160
f 209 101 208
f 378 165 166
f 379 381 380
f 383 3 4
f 284 386 385
f 387 389 388
f 391 229 249
f 73 397 396
f 405 407 406
f 203 411 410
f 414 413 412
f 1 357 4
f 277 131 275
f 254 57 58
f 358 415 351
f 417 386 408
f 401 192 420
f 419 127 143
f 421 182 422
f 103 302 409
f 428 368 174
f 380 359 356
f 62 266 323
f 140 431 430
f 357 351 348
f 356 379 380
f 415 403 434
f 437 436 435
f 438 440 439
f 188 450 449
f 452 454 453
f 265 181 421
f 224 64 225
f 237 213 427
f 275 128 458
f 281 460 459
f 50 79 461
f 73 282 281
f 468 466 465
f 390 352 359
f 482 484 483
f 489 487 486
f 493 495 494
f 472 470 469
f 502 500 499
f 220 222 223
f 512 143 66
f 518 511 80
f 513 230 286
f 205 31 244
f 189 451 188
f 163 532 8
f 533 225 251
f 446 447 412
f 335 540 334
f 544 546 545
f 329 291 292
f 199 262 238
f 385 416 550
f 532 191 247
f 363 118 243
f 236 237 250
f 578 580 579
f 573 571 570
f 561 562 272
f 241 259 240
f 590 592 591
f 545 595 594
f 503 155 504
f 606 624 623
f 478 480 479
f 646 648 647
f 590 689 684
f 564 651 650
f 728 184 727
f 714 716 715
f 692 575 693
f 541 581 578
f 346 248 400
f 161 230 160
f 128 94 95
f 698 704 703
f 574 576 575
f 290 401 328
f 630 725 726
f 733 735 734
f 755 496 493
f 759 481 760
f 757 762 761
f 764 466 467
f 768 3808 3809
f 759 488 489
f 492 475 771
f 474 769 473
f 773 465 772
f 771 486 483
f 484 775 491
f 774 489 486
f 495 764 756
f 495 761 494
f 137 784 136
f 325 797 547
f 165 51 52
f 369 29 370
f 730 568 569
f 90 301 89
f 243 516 242
f 800 806 805
f 817 808 816
f 816 823 822
f 306 447 807
f 815 809 808
f 829 828 825
f 726 501 502
f 274 424 423
f 879 881 880
f 884 879 885
f 219 217 211
f 906 904 897
f 455 205 542
f 898 830 829
f 903 880 881
f 906 897 898
f 377 519 165
f 923 948 946
f 946 951 950
f 3519 739 3517
f 900 886 880
f 225 65 144
f 182 442 422
f 809 947 824
f 954 962 961
f 927 965 966
f 885 880 886
f 925 966 967
f 343 341 340
f 965 971 968
f 968 970 969
f 972 969 973
f 963 981 978
f 336 338 339
f 992 827 828
f 810 996 959
f 1007 1002 1008
f 1012 827 1009
f 1011 1007 1008
f 294 292 291
f 907 920 919
f 1017 1019 1018
f 1020 1022 1021
f 1035 1020 1044
f 1061 1047 1046
f 1063 1046 1062
f 1044 1021 1045
f 1102 1097 1109
f 1116 1118 1117
f 1016 1014 1013
f 881 904 903
f 816 1127 817
f 1094 949 1097
f 514 167 515
f 146 81 82
f 1133 1130 1129
f 1102 1126 822
f 822 1116 816
f 1145 1148 1136
f 1076 1151 1069
f 1148 1086 1087
f 1109 1114 1136
f 1154 1156 1155
f 1153 967 1156
f 3464 463 3714
f 1144 1152 1151
f 1156 1163 1162
f 1164 1169 1165
f 1145 1176 1147
f 1114 1154 1171
f 1183 1164 1177
f 1184 1177 1185
f 1069 1062 1064
f 1023 1194 1022
f 1162 1170 1169
f 1195 1185 1191
f 1183 1176 1155
f 1201 1152 1196
f 1061 1201 1202
f 3825 843 3836
f 1203 1195 1034
f 1202 1184 1195
f 1218 1203 1217
f 1060 1202 1203
f 1225 1217 1219
f 671 694 670
f 1219 1024 1035
f 1217 1034 1024
f 1226 1015 1227
f 1243 1234 1233
f 1231 1229 1228
f 847 1233 843
f 843 1244 878
f 1233 1245 1244
f 1923 233 216
f 2100 499 500
f 3914 2135 3900
f 61 323 505
f 210 217 457
f 1299 1309 1300
f 3863 1231 3862
f 1066 1321 1322
f 1322 1228 1229
f 1060 1321 1047
f 1325 1323 1310
f 1244 1332 1330
f 1290 1242 1288
f 1337 1339 1338
f 1330 1340 1339
f 1341 1245 1294
f 1342 1332 1341
f 1343 1341 1344
f 1344 1294 1293
f 3857 1345 1346
f 1347 1342 1343
f 3856 1295 1345
f 1349 1348 1347
f 3861 1347 3853
f 3853 1343 3857
f 906 829 1353
f 905 1353 1354
f 865 1355 1357
f 1355 829 825
f 1357 825 826
f 1356 1353 1355
f 3834 1338 3833
f 866 1356 865
f 1358 1354 1356
f 3828 1337 3834
f 838 1012 841
f 1363 1338 1339
f 1368 1339 1340
f 1348 1340 1342
f 1371 3824 3829
f 524 526 523
f 528 530 527
f 1372 1369 1371
f 535 537 538
f 1367 1348 1350
f 1370 1359 1369
f 1369 3833 3824
f 1373 903 904
f 555 557 558
f 1374 910 1373
f 1373 905 1375
f 1374 1375 1376
f 1375 1354 1370
f 1378 908 1377
f 376 651 1387
f 1388 973 969
f 586 588 585
f 1390 1388 1391
f 1391 969 970
f 597 599 596
f 600 602 603
f 1392 970 979
f 608 610 607
f 612 523 611
f 614 616 613
f 617 25 24
f 620 622 619
f 1397 1391 1392
f 1398 1392 1399
f 1400 920 1378
f 1402 1165 1169
f 636 638 635
f 930 1402 929
f 641 643 644
f 929 1169 1170
f 1404 1403 1402
f 1411 1365 1406
f 1412 1415 1414
f 652 654 655
f 609 657 658
f 659 661 662
f 558 586 585
f 665 667 664
f 1413 1406 1412
f 1418 3810 3813
f 1417 1371 1416
f 1416 3829 3810
f 1419 1416 1418
f 1386 1374 1420
f 677 679 676
f 1385 1420 1421
f 1420 1376 1422
f 685 687 688
f 1421 1422 1423
f 528 691 658
f 1422 1372 1417
f 1018 747 1425
f 699 701 702
f 1424 579 1017
f 3663 1767 3660
f 700 711 712
f 1093 3754 1571
f 717 530 719
f 721 723 720
f 704 3543 3554
f 19 1426 1430
f 1429 1427 1426
f 1658 3542 3544
f 1439 1434 1438
f 1437 1435 1434
f 1426 1433 1432
f 1442 1432 1440
f 742 744 745
f 1432 1441 1440
f 751 753 750
f 1438 1403 1405
f 1446 1444 1443
f 1447 1446 1443
f 3860 1443 3848
f 1415 1445 1446
f 1414 1446 1448
f 2173 469 470
f 777 779 686
f 780 782 783
f 1676 1806 1675
f 3859 1349 3861
f 789 791 788
f 745 793 742
f 652 795 653
f 1455 1457 1456
f 1454 1350 1452
f 610 802 801
f 3831 698 703
f 1352 1045 1351
f 1015 1459 1460
f 811 813 814
f 2118 3817 2117
f 819 821 818
f 1466 1194 1190
f 1467 1465 1466
f 1182 1468 1467
f 832 833 831
f 835 837 834
f 1467 1190 1182
f 1469 1444 1445
f 840 712 690
f 1453 1469 1454
f 599 845 846
f 1226 3849 3855
f 851 853 850
f 855 856 854
f 858 860 857
f 861 863 864
f 1014 3855 3858
f 867 868 869
f 870 872 873
f 874 876 877
f 1310 1471 1309
f 1476 1427 1475
f 1461 1475 1460
f 887 889 890
f 788 892 891
f 894 896 893
f 1460 1227 1015
f 901 524 612
f 1465 1477 1464
f 1865 3500 1864
f 911 913 914
f 916 918 915
f 1850 3507 1851
f 921 895 894
f 1479 1436 1478
f 926 667 601
f 1481 563 1480
f 269 84 1482
f 931 933 916
f 934 614 869
f 936 688 937
f 938 662 939
f 1484 122 123
f 941 835 834
f 320 509 510
f 1849 3505 1850
f 84 1484 83
f 1487 1488 539
f 1757 3502 3509
f 365 1491 364
f 461 80 511
f 117 362 1496
f 1494 541 1495
f 926 957 958
f 1477 1433 1476
f 1709 1585 1700
f 119 1496 345
f 271 504 156
f 511 189 186
f 345 1492 365
f 255 344 254
f 57 299 132
f 1501 268 1500
f 267 1499 145
f 974 976 977
f 1678 1693 1676
f 3846 1807 3840
f 557 663 558
f 983 984 985
f 1443 3849 3848
f 421 268 265
f 989 991 988
f 1490 418 1504
f 279 309 310
f 997 676 679
f 998 999 875
f 1504 38 1505
f 1506 1507 1486
f 360 1508 1506
f 1506 207 360
f 939 1006 938
f 270 1483 269
f 66 546 512
f 1010 793 935
f 367 437 1509
f 244 363 243
f 1670 3534 1669
f 209 1510 226
f 235 1512 1511
f 1511 234 235
f 388 426 425
f 427 250 237
f 161 521 231
f 100 45 44
f 1025 608 1027
f 1029 1031 1028
f 939 1033 1032
f 41 594 99
f 1036 783 1037
f 702 1038 1039
f 1040 1042 1043
f 362 369 1493
f 187 477 186
f 70 539 198
f 1511 1521 234
f 1049 603 1048
f 613 869 614
f 860 1051 857
f 1005 1053 1006
f 753 1056 1054
f 1057 1059 1055
f 293 1522 292
f 288 1521 1522
f 292 1523 329
f 331 1508 1524
f 306 453 305
f 100 41 99
f 462 78 79
f 330 1524 462
f 635 1068 636
f 1485 1526 1528
f 206 1528 1510
f 1070 1072 831
f 942 1073 1074
f 916 1075 917
f 440 1530 439
f 157 1514 285
f 1529 5 1530
f 371 546 63
f 790 663 791
f 1077 857 1078
f 1403 1435 1165
f 1080 1082 1079
f 531 1529 440
f 21 1084 1085
f 272 1531 561
f 137 396 397
f 690 802 691
f 335 3567 581
f 1090 1029 1091
f 1092 794 1042
f 1533 137 138
f 661 1095 1096
f 69 445 72
f 1099 1101 1098
f 38 1536 1505
f 1104 1106 1103
f 852 1108 853
f 1377 909 1386
f 291 411 294
f 316 516 33
f 539 1533 534
f 1505 316 313
f 1110 1112 1113
f 1539 460 264
f 522 1537 1539
f 834 1120 1119
f 1122 1124 1121
f 612 1041 901
f 935 615 614
f 276 130 131
f 1686 3522 1685
f 193 1541 273
f 231 1540 287
f 556 982 557
f 365 85 345
f 190 318 1541
f 1810 3574 3528
f 3924 3512 3791
f 1132 985 1131
f 208 102 132
f 1134 662 661
f 1491 80 77
f 429 1542 147
f 1137 915 918
f 172 428 174
f 1139 1141 1142
f 549 54 55
f 1517 1518 296
f 976 1146 938
f 834 984 941
f 1543 286 115
f 1544 239 513
f 133 1544 1542
f 506 257 258
f 420 328 401
f 1158 1160 1157
f 587 1103 588
f 1513 1514 151
f 607 1027 608
f 304 1545 303
f 364 77 506
f 69 198 139
f 1006 976 938
f 700 1112 701
f 3877 3525 3787
f 1166 657 656
f 1167 858 1077
f 1300 3524 1299
f 1172 1174 1175
f 218 200 217
f 1179 1181 1178
f 372 97 98
f 89 227 88
f 1186 1188 1189
f 172 1517 1549
f 1482 81 1498
f 1090 1193 1030
f 394 353 1551
f 526 1198 1197
f 811 858 812
f 1199 1026 1025
f 606 697 696
f 1204 1206 743
f 1207 523 526
f 1209 867 613
f 914 685 936
f 1478 1441 1477
f 1029 1161 1091
f 1211 1213 1214
f 3858 1451 3859
f 844 1216 845
f 423 273 274
f 1220 1222 1083
f 22 1224 23
f 882 897 881
f 1519 173 387
f 1189 1232 1178
f 349 550 416
f 1071 1236 1072
f 1237 1239 745
f 1221 1189 1240
f 1510 1512 333
f 939 1241 1005
f 1556 5 67
f 1553 394 1551
f 404 67 347
f 1247 1249 1246
f 142 238 92
f 1251 635 1250
f 850 1253 851
f 1254 1077 1255
f 57 133 429
f 443 552 551
f 1187 1175 1188
f 1256 831 833
f 432 382 383
f 741 747 746
f 434 351 415
f 349 383 348
f 251 1481 1480
f 395 352 353
f 1518 1550 1551
f 1558 378 340
f 109 314 315
f 285 1513 407
f 395 393 392
f 202 410 1558
f 417 405 432
f 1246 1258 1247
f 3 297 2
f 1259 1261 1262
f 403 347 284
f 955 953 952
f 462 51 330
f 1096 687 1263
f 429 60 57
f 896 1265 932
f 1267 1268 1266
f 423 327 420
f 37 180 40
f 20 1187 1186
f 1256 1071 1070
f 155 156 504
f 1188 1269 1232
f 1236 1271 1262
f 1272 535 621
f 565 463 464
f 1273 745 1239
f 876 1255 1274
f 316 164 315
f 437 503 1509
f 194 1495 197
f 1275 864 863
f 624 631 630
f 1277 1137 1278
f 569 567 566
f 1481 125 366
f 324 547 326
f 1279 1107 1280
f 1525 329 1523
f 1281 1137 918
f 171 1553 1552
f 1488 396 1533
f 1557 1562 1559
f 1282 1206 1205
f 1053 1278 1281
f 778 607 1283
f 713 3566 3569
f 251 144 124
f 4 348 383
f 709 707 706
f 728 45 246
f 261 1563 544
f 789 1287 790
f 74 263 282
f 403 385 434
f 1178 1240 1189
f 1223 1289 1224
f 158 150 151
f 1220 1186 1221
f 296 354 433
f 784 1538 1566
f 1181 1291 1222
f 1269 1257 1246
f 1566 438 399
f 136 1566 1564
f 1563 169 1565
f 107 109 108
f 1297 1298 1296
f 1464 1476 1461
f 1520 507 508
f 1301 1303 1304
f 1306 1308 1305
f 175 1532 272
f 1532 200 201
f 1311 1312 1313
f 872 1315 1316
f 1317 1318 1319
f 3836 878 3828
f 1305 864 1276
f 1040 863 1320
f 1564 399 169
f 592 1575 591
f 591 1088 689
f 1581 1583 1582
f 1196 1147 1176
f 710 583 713
f 285 408 386
f 953 961 963
f 1594 1589 1593
f 1585 1587 1586
f 1592 1590 1589
f 3885 944 3899
f 1600 1598 1597
f 1604 1602 1601
f 1399 979 980
f 1589 1596 1595
f 1610 1608 1607
f 298 361 360
f 551 276 277
f 1627 3814 3819
f 859 818 860
f 1078 1328 1329
f 1555 1530 1556
f 572 680 681
f 772 776 774
f 977 918 917
f 404 392 393
f 1054 750 753
f 1644 1643 1642
f 932 1082 933
f 1067 1334 1068
f 1540 264 114
f 597 643 1336
f 471 762 470
f 1642 3831 3842
f 1644 3842 3843
f 923 950 927
f 96 548 95
f 520 522 521
f 445 443 442
f 849 848 842
f 480 755 493
f 1646 481 1639
f 311 1567 170
f 464 3497 3495
f 3497 1361 3495
f 234 236 235
f 190 192 191
f 153 152 149
f 231 286 230
f 1552 1551 1550
f 760 1648 488
f 3832 1649 3830
f 828 826 825
f 52 166 165
f 1663 1661 1660
f 287 115 286
f 668 670 669
f 634 640 639
f 553 559 554
f 118 33 516
f 492 491 490
f 3552 1651 3553
f 582 584 583
f 384 392 415
f 1381 1383 1380
f 1562 435 436
f 952 951 947
f 3529 583 584
f 1660 1667 1666
f 1394 1396 1393
f 1660 1664 1663
f 1671 1669 1668
f 1624 1673 1672
f 1407 1409 1410
f 1677 1675 1674
f 1613 1677 1625
f 1679 1676 1677
f 1626 3811 3814
f 534 198 539
f 176 150 159
f 803 734 800
f 400 191 192
f 65 143 144
f 3526 1656 3540
f 402 157 283
f 629 627 626
f 461 49 50
f 758 495 756
f 796 786 785
f 406 1513 1560
f 342 166 167
f 1694 1658 1695
f 1692 1694 1696
f 3557 1652 3552
f 3921 1703 3923
f 326 302 90
f 3916 1702 1706
f 3919 1698 1701
f 1699 3927 3918
f 1557 1560 1561
f 1127 1117 1128
f 400 289 346
f 1706 1707 1708
f 1707 1599 1600
f 1709 1708 1588
f 1714 1711 1713
f 3919 1709 1700
f 1704 1577 1703
f 1716 1713 1715
f 1559 1549 297
f 1722 1720 1719
f 1335 596 1489
f 410 377 378
f 973 1163 972
f 168 399 398
f 1571 1089 1093
f 1572 682 1571
f 749 647 754
f 1730 1723 1729
f 1594 1729 1592
f 1729 1591 1592
f 1731 1730 1583
f 1384 1377 1379
f 1732 1712 1714
f 1724 1731 1732
f 1712 1731 1580
f 1722 1732 1733
f 1721 1733 1734
f 1734 1716 1717
f 1735 1736 1697
f 1733 1714 1716
f 1663 1741 1668
f 1742 1740 1743
f 1738 1737 1735
f 1665 1666 1740
f 1665 1744 1664
f 1725 1746 1745
f 1591 1745 1590
f 1590 1747 1596
f 1745 1748 1747
f 1659 3538 3542
f 3287 3545 3282
f 1185 1182 1190
f 1664 1749 1741
f 1741 1739 1738
f 1746 1743 1748
f 1726 1742 1746
f 1153 924 925
f 1115 1153 1154
f 1654 3575 1655
f 1896 3549 1686
f 1720 1744 1726
f 1721 1749 1720
f 1750 1701 1698
f 1697 1750 1696
f 1151 1063 1062
f 1751 1670 1671
f 1695 1752 1751
f 961 986 981
f 1770 1768 1767
f 1766 1593 1765
f 1731 1579 1580
f 1579 1774 1578
f 3928 1771 3929
f 1764 3928 3917
f 1777 1775 1774
f 3762 1699 1700
f 1004 1128 1003
f 1774 1771 1772
f 987 1399 980
f 1578 1772 1764
f 1783 1781 1778
f 1597 1770 1767
f 639 3895 3884
f 3928 1769 1770
f 1793 1789 1788
f 3929 1798 1769
f 3508 3773 1806
f 1802 3924 3922
f 1788 1794 1793
f 1793 1795 1776
f 3773 1675 1806
f 1584 1783 1789
f 1771 3920 3929
f 1801 1798 1800
f 1768 1798 1799
f 1775 1797 1771
f 508 515 1520
f 1796 1802 1797
f 1800 3920 3922
f 1794 1804 1795
f 3532 1752 3547
f 485 1807 775
f 3809 1640 768
f 3837 1810 1653
f 485 1640 1808
f 1690 3770 3772
f 487 1648 1811
f 3839 1816 3822
f 3838 1648 3830
f 3839 1811 3838
f 1812 487 1811
f 1641 767 768
f 465 755 776
f 767 3823 3808
f 3822 3826 3847
f 1809 1815 767
f 3837 1651 3840
f 675 3541 3496
f 1814 1822 1821
f 1821 3821 3820
f 1824 1649 1825
f 1827 1850 1805
f 1668 1662 1663
f 1779 1848 1828
f 1790 1805 1794
f 1833 1853 1852
f 3521 693 575
f 1614 1616 1617
f 1852 3498 3501
f 1620 1622 1623
f 1855 1574 1861
f 1847 3501 3513
f 1766 1855 1782
f 1629 1631 1628
f 1633 1634 1632
f 1635 1637 1638
f 1848 1852 1847
f 1855 1863 1862
f 1803 1867 1802
f 1862 1831 1832
f 1782 1862 1781
f 3922 1865 1800
f 1873 1870 1869
f 1874 799 804
f 2045 3897 2044
f 1219 1295 1225
f 1615 1396 1395
f 3884 1877 1876
f 645 3786 3559
f 1345 1035 1346
f 634 3884 3880
f 15 1327 14
f 3910 1878 1893
f 1894 605 1893
f 3506 627 693
f 3560 645 3559
f 340 454 1558
f 1897 195 1898
f 1889 1877 1890
f 1901 129 1900
f 196 754 232
f 1705 3921 3916
f 340 166 343
f 1570 563 561
f 1904 194 1897
f 1781 1832 1780
f 1905 55 1906
f 1000 995 996
f 986 920 987
f 1191 1190 1194
f 2094 2075 2093
f 1920 1919 1915
f 453 1912 1911
f 1915 1918 1916
f 3882 2106 3901
f 1655 3531 1868
f 1916 1926 1925
f 704 3561 703
f 278 1925 1900
f 3565 1818 1820
f 1097 1115 1114
f 1927 727 1923
f 3578 3654 3758
f 1920 307 1929
f 1929 48 728
f 503 1497 1509
f 1902 787 796
f 1816 3820 3826
f 1925 1923 1924
f 1535 1568 1534
f 254 258 255
f 1509 366 367
f 119 35 36
f 219 293 294
f 141 47 431
f 542 244 245
f 1940 430 431
f 1779 1827 1790
f 1701 3915 3919
f 1661 3515 1667
f 270 754 647
f 197 749 196
f 1727 1212 1211
f 53 232 754
f 1465 1479 1478
f 1284 3854 1293
f 1951 412 413
f 168 1554 1553
f 1486 206 207
f 506 78 361
f 994 1007 993
f 951 963 964
f 1013 3861 1351
f 3826 1820 1818
f 1498 1954 1482
f 299 543 132
f 1754 1756 1753
f 1681 1683 1682
f 1696 1695 1697
f 13 738 737
f 473 475 474
f 482 768 1640
f 204 30 205
f 1761 820 819
f 611 1125 612
f 1501 1908 1909
f 1074 711 699
f 1960 82 83
f 120 1960 123
f 35 87 34
f 1773 1025 1031
f 1965 1569 1535
f 494 471 479
f 1966 1969 1968
f 446 1971 1967
f 174 125 126
f 1580 1578 1577
f 1785 1787 1784
f 1972 304 305
f 1254 875 999
f 1973 342 514
f 321 1973 509
f 1910 275 1907
f 509 514 508
f 1486 1527 1485
f 1974 804 1975
f 1977 1974 1978
f 1980 1966 1981
f 379 2 295
f 1718 1710 1701
f 884 992 883
f 1680 1678 1679
f 902 525 524
f 344 256 299
f 135 137 136
f 236 228 333
f 448 1967 1966
f 589 604 584
f 910 908 907
f 1981 1968 1987
f 1982 1987 1979
f 1988 1987 1989
f 1990 1989 1991
f 1991 1993 1992
f 322 320 319
f 992 830 883
f 1144 1086 1143
f 1995 1978 1994
f 1133 1118 1126
f 1997 1994 1996
f 870 1335 1489
f 805 1982 1998
f 727 2000 1999
f 1996 1988 1990
f 1994 1979 1988
f 1829 792 1273
f 1830 941 983
f 798 800 799
f 729 731 730
f 2011 2023 2022
f 1834 846 1159
f 402 284 347
f 2022 2024 2025
f 1838 989 988
f 810 952 809
f 1823 1840 644
f 1430 1432 1431
f 1215 1841 1079
f 149 176 177
f 1316 873 872
f 2112 1384 2106
f 1842 1844 1845
f 1159 845 1160
f 837 1846 1120
f 1971 2030 2027
f 517 370 189
f 858 833 812
f 1471 2027 1888
f 3551 626 627
f 2174 770 490
f 935 1854 1010
f 1613 1611 1618
f 1231 1225 1295
f 1856 891 892
f 1300 748 741
f 1150 1858 1859
f 1643 696 1642
f 1215 1264 1216
f 1320 902 901
f 1956 1944 1960
f 2031 669 1474
f 2034 1310 1299
f 1879 1656 1657
f 40 242 39
f 1992 2039 1456
f 888 957 889
f 1882 1996 1990
f 1078 1255 1077
f 1871 1192 1090
f 294 218 219
f 1323 2026 1471
f 123 83 1484
f 1324 2041 1323
f 384 359 352
f 1324 2038 2036
f 1883 1885 1829
f 287 114 107
f 1096 1134 661
f 915 931 916
f 806 1981 1982
f 3533 584 604
f 1425 2042 1018
f 1018 1948 1017
f 3562 740 3519
f 1948 649 646
f 1881 1990 1991
f 1900 130 278
f 992 994 993
f 923 925 924
f 3878 2047 3876
f 1643 625 606
f 2050 2051 2049
f 2045 1404 2047
f 3876 945 3885
f 1139 1079 1841
f 1037 892 982
f 2055 2057 2056
f 1198 718 717
f 1619 1612 1611
f 2058 1606 2059
f 2059 1607 2058
f 2058 1624 1605
f 71 179 37
f 405 1557 382
f 976 1006 977
f 322 1972 1911
f 2061 2063 2062
f 2066 2067 1825
f 2052 2064 2051
f 1609 2066 1647
f 1515 152 1516
f 1009 993 1007
f 1644 3815 2118
f 279 1916 278
f 1285 3862 1284
f 1647 1825 1649
f 2056 2067 2065
f 319 1953 1952
f 667 1913 1914
f 2070 625 2048
f 2052 2055 2063
f 2038 1655 1458
f 1606 2073 2072
f 1235 1270 1236
f 2072 2075 2074
f 2059 2072 2062
f 2074 2077 2076
f 1601 2078 2073
f 2049 1643 1645
f 1000 1001 994
f 1089 684 689
f 1931 1306 1930
f 1462 1021 1022
f 1932 1934 1935
f 875 1846 998
f 1936 1937 1938
f 44 46 92
f 1534 1956 120
f 1541 317 391
f 2081 2084 2083
f 146 1959 300
f 1360 1942 1361
f 985 1032 1033
f 1995 1892 2043
f 2079 2082 2081
f 2095 2076 2077
f 2081 2078 2079
f 2055 2054 2053
f 501 2095 500
f 2097 2099 2098
f 2098 2094 2083
f 2140 3893 3866
f 2141 3894 3893
f 2051 2048 2049
f 592 2101 1576
f 2071 2076 2096
f 2102 2098 2101
f 593 2102 592
f 1019 746 747
f 1950 12 1327
f 725 2096 501
f 1385 2104 1379
f 1379 2106 1384
f 2107 2100 2097
f 3908 502 3896
f 3896 499 3901
f 940 2109 944
f 928 1170 973
f 3868 684 3899
f 1962 1964 1961
f 3878 573 3897
f 2039 1968 1969
f 1389 2110 2109
f 1398 2113 1397
f 3757 3753 3743
f 3911 2107 2103
f 949 924 1115
f 260 324 326
f 1390 2113 2110
f 2070 2064 2071
f 3867 2103 593
f 2105 1421 2114
f 2114 1423 2115
f 3892 2115 3903
f 3908 2114 3892
f 554 1902 553
f 972 967 966
f 1765 1573 1574
f 1984 1986 1983
f 2053 2069 2057
f 3573 724 714
f 1625 1674 1673
f 3881 2119 2122
f 3903 2123 3904
f 56 1906 55
f 626 3879 629
f 2001 2003 2004
f 3912 2127 3907
f 2006 2008 2009
f 2127 1412 2128
f 2014 2016 2017
f 2018 2020 2021
f 1495 1947 197
f 1379 1386 1385
f 3814 1680 1618
f 2029 1884 2028
f 3902 2120 3887
f 629 3914 3872
f 682 943 1089
f 724 2121 716
f 1757 3821 3845
f 765 3844 3809
f 3851 715 3852
f 706 3870 3872
f 981 987 980
f 1457 1656 1880
f 2017 2032 2033
f 1458 1868 1457
f 1776 1792 1793
f 1959 1946 1958
f 3663 3725 3661
f 3913 2122 3850
f 1093 689 1088
f 966 968 972
f 3852 3881 3913
f 2172 2170 2171
f 670 2137 669
f 3761 1903 233
f 1429 28 1449
f 964 978 971
f 3841 1413 2127
f 1473 669 2137
f 3834 1359 1358
f 2138 1870 2137
f 1872 2137 1870
f 715 3888 3881
f 1881 1992 1880
f 3843 739 740
f 1837 3513 3514
f 253 59 85
f 1808 3840 1807
f 1647 3818 1609
f 3865 671 668
f 2112 3883 2111
f 1405 2044 1438
f 3829 1364 1366
f 273 391 249
f 576 3520 3555
f 3875 668 2031
f 1430 2140 2139
f 2136 3860 28
f 1430 18 19
f 3893 570 695
f 1442 2046 2141
f 1431 2141 2140
f 3869 3850 2136
f 3808 1817 766
f 3866 695 671
f 2142 798 2138
f 571 2142 694
f 3819 1618 1611
f 2143 2025 2142
f 694 2138 670
f 681 2144 572
f 2144 2022 2143
f 328 457 290
f 1572 2011 2144
f 630 3903 624
f 2085 2087 2088
f 2090 2092 2089
f 572 2143 571
f 1875 2153 2149
f 1873 2149 2154
f 2103 2097 2102
f 2157 2155 2156
f 2128 1414 2120
f 3874 589 582
f 3872 628 629
f 2149 2158 2159
f 2159 3905 3890
f 698 3902 705
f 3823 3827 1817
f 2158 3874 3905
f 1438 2046 1439
f 2035 2160 2161
f 2161 3889 3886
f 3871 605 589
f 3873 18 3875
f 370 61 451
f 649 413 648
f 2153 2156 2158
f 1428 1449 1450
f 1490 73 1488
f 3890 710 633
f 2155 3891 3871
f 1456 1880 1992
f 2125 2087 2124
f 2160 3890 3889
f 300 505 323
f 1064 1046 1065
f 2043 1891 2155
f 2129 2004 2003
f 2131 2133 2134
f 3848 1450 1449
f 1998 804 805
f 3879 3864 3914
f 474 490 770
f 1164 1182 1177
f 707 3909 3870
f 708 2162 707
f 2162 3886 3909
f 548 1905 458
f 1145 1114 1171
f 705 1650 704
f 2043 1977 1995
f 737 554 559
f 1034 1191 1023
f 458 1907 275
f 195 232 233
f 2040 1969 1970
f 2145 2147 2148
f 2054 2049 1645
f 3832 1639 3818
f 9 11 10
f 252 506 258
f 472 479 471
f 1865 3791 3503
f 900 910 907
f 1941 2151 1942
f 1921 1927 1919
f 2163 1898 2116
f 271 153 178
f 1904 12 9
f 282 264 460
f 1872 2154 2035
f 1326 1897 2163
f 628 693 627
f 1724 1719 1723
f 1549 436 172
f 1582 1730 1729
f 1921 1929 1928
f 3563 10 11
f 2152 1950 1949
f 475 774 771
f 769 2171 473
f 2171 476 473
f 476 772 475
f 1791 464 1760
f 2166 2168 2169
f 595 372 98
f 483 1641 482
f 762 2173 470
f 771 484 492
f 486 1809 483
f 297 1517 296
f 763 2174 762
f 776 759 489
f 184 2176 2000
f 412 303 414
f 2005 185 224
f 3811 1682 3846
f 2164 756 764
f 1472 2161 2162
f 950 964 965
f 2177 2179 2180
f 227 1510 333
f 764 467 2164
f 2182 2184 2181
f 2186 2018 2185
f 1985 2181 1986
f 214 729 1531
f 1545 1546 1569
f 865 842 866
f 849 1357 1362
f 452 1558 454
f 559 3188 737
f 16 737 3188
f 560 498 374
f 3193 3195 3194
f 3200 3198 3199
f 3211 3213 3212
f 3215 3217 3216
f 2187 2002 2001
f 2169 2189 2190
f 2192 2085 2191
f 2193 2195 2196
f 2198 2200 2197
f 1998 1979 1975
f 3664 3668 3671
f 2116 1903 1902
f 1859 2009 1150
f 3904 2126 3906
f 1135 1087 1130
f 2201 2015 2014
f 1149 110 1858
f 3221 3218 3215
f 2203 2205 2206
f 579 1895 1019
f 1755 2208 1756
f 3891 1893 605
f 1211 2150 1727
f 868 2210 2209
f 944 930 940
f 2130 2202 2201
f 233 1898 195
f 665 750 666
f 1167 999 618
f 2211 2213 2214
f 2215 2217 2218
f 3867 590 3868
f 2220 220 2219
f 823 948 1094
f 3225 3227 3226
f 266 455 265
f 3882 2107 3883
f 2221 3519 3517
f 2223 2225 2226
f 2207 2124 2208
f 673 3869 3864
f 817 996 815
f 2227 2146 2145
f 1947 646 749
f 3900 17 3873
f 2229 1638 1381
f 1679 1618 1680
f 1637 2232 2230
f 2233 1617 1616
f 2231 2236 2237
f 1381 2238 1382
f 3586 2242 3587
f 1630 2233 1631
f 1681 472 469
f 1408 2243 2244
f 3236 3238 3237
f 3232 3240 3235
f 1637 2238 1638
f 3237 3233 3234
f 1409 1634 2245
f 1380 2247 2246
f 1628 2245 1621
f 2249 1622 1633
f 1632 1408 2244
f 2248 1631 2250
f 2235 1637 1636
f 3245 3199 3198
f 631 2071 725
f 515 52 49
f 782 2251 1251
f 2253 2255 2252
f 397 459 784
f 1456 2040 1455
f 2040 2036 1455
f 1401 2111 1398
f 2041 1970 2026
f 1535 414 1965
f 1586 2080 2079
f 2256 1132 1886
f 1700 3918 3919
f 3815 1686 3817
f 1263 1886 1096
f 598 844 599
f 2257 2259 2260
f 2258 2262 2259
f 2259 2263 2216
f 2260 2216 2215
f 1967 1970 1969
f 2212 1963 2213
f 922 2218 2217
f 1312 1101 2264
f 1307 1286 789
f 1548 1546 1972
f 2266 2268 2265
f 2265 2270 2269
f 2272 2269 2271
f 2273 2265 2272
f 2275 2277 2274
f 2278 2277 2279
f 2284 3617 3639
f 2287 2286 2281
f 2288 2283 2287
f 2290 3639 3620
f 2291 2293 2294
f 2295 2294 2279
f 2296 2291 2295
f 2297 2292 2291
f 2294 2299 2300
f 2279 2300 2278
f 2298 2302 2292
f 2292 2303 2293
f 2293 2304 2299
f 2304 2306 2299
f 2306 2300 2299
f 2308 2310 2307
f 2302 2310 2303
f 2301 2307 2302
f 2312 2307 2311
f 2313 2315 2316
f 2318 2320 2317
f 3748 2322 2323
f 2324 2273 2326
f 2313 2326 2327
f 2328 2313 2316
f 2329 2324 2328
f 2331 2333 2330
f 2330 2267 2266
f 2325 2266 2273
f 2329 2330 2325
f 2333 2335 2267
f 2336 2333 2332
f 2338 2332 2337
f 2331 2337 2332
f 2329 2339 2331
f 2328 2340 2329
f 2316 2341 2328
f 2342 2315 2343
f 2344 2346 2347
f 2341 2347 2340
f 2342 2344 2341
f 2348 2345 2344
f 2350 2352 2353
f 2339 2353 2337
f 2340 2350 2339
f 2347 2351 2350
f 2337 2354 2338
f 2353 2355 2354
f 2356 2276 2357
f 2356 2358 2359
f 2356 2296 2295
f 2279 2356 2295
f 2360 2270 2268
f 2267 2360 2268
f 2362 2364 2365
f 2362 2361 2358
f 2366 2358 2357
f 2366 2363 2362
f 2357 2368 2366
f 2366 2369 2367
f 2276 2370 2368
f 2368 2282 2369
f 2372 2374 2371
f 2375 2377 2007
f 2378 2380 2381
f 2382 2381 2383
f 2384 2378 2382
f 2385 2379 2378
f 2388 2390 2387
f 2387 2392 2391
f 2393 2387 2391
f 2394 2388 2387
f 2186 2402 2400
f 2403 2327 2326
f 2272 2326 2273
f 2271 2403 2272
f 2405 2404 2403
f 2404 2408 2327
f 2409 2411 2412
f 2409 2271 2269
f 2413 2269 2270
f 2413 2410 2409
f 2417 2416 2418
f 2417 2406 2405
f 2412 2405 2271
f 2411 2417 2412
f 2406 2407 2404
f 3569 632 713
f 2420 2397 2421
f 2420 2423 2422
f 2424 2422 2419
f 2424 2398 2420
f 2425 2392 2426
f 2421 2426 2423
f 2397 2425 2421
f 2396 2391 2425
f 2427 2315 2314
f 2427 2408 2428
f 2430 2428 2429
f 2343 2427 2430
f 2432 2430 2431
f 2431 2429 2433
f 2435 2433 2434
f 2436 2431 2435
f 2428 2407 2437
f 2422 2407 2419
f 2438 2422 2423
f 2429 2437 2438
f 2440 2433 2439
f 2441 2433 2429
f 2442 2439 2441
f 2443 2440 2439
f 2445 2444 2443
f 2447 2443 2442
f 2383 2445 2447
f 2381 2446 2445
f 2448 2423 2426
f 2449 2426 2392
f 2441 2449 2442
f 2441 2438 2448
f 2449 2390 2450
f 2450 2389 2451
f 2447 2451 2383
f 2442 2450 2447
f 2451 2453 2452
f 2452 2455 2454
f 2382 2454 2384
f 2383 2452 2382
f 2456 2373 2372
f 2459 2461 2458
f 2463 2465 2462
f 2462 2285 2284
f 2466 2284 2290
f 2467 2462 2466
f 2461 3703 3701
f 2468 2470 2471
f 2472 2471 2473
f 2474 3701 3688
f 2475 2477 2478
f 2458 2453 2479
f 2479 2389 2388
f 2395 2479 2388
f 2480 2458 2479
f 2481 2483 2478
f 2484 2485 221
f 2471 2464 2463
f 2473 2463 2467
f 2487 2466 2486
f 2486 2290 2488
f 2490 2488 2489
f 2491 2486 2490
f 2492 2467 2487
f 2493 2487 2491
f 2494 2492 2493
f 2495 2473 2492
f 3690 2474 3688
f 3691 2496 3690
f 2498 2493 2499
f 2500 2499 2501
f 3700 2498 2500
f 3687 2494 2498
f 2306 2278 2300
f 2305 2504 2306
f 2504 2507 2506
f 2506 2288 2508
f 2274 2508 2275
f 2278 2506 2274
f 3633 2489 2488
f 3620 2488 2290
f 2507 2289 2288
f 2505 2509 2507
f 2508 2287 2511
f 2511 2281 2280
f 2370 2280 2282
f 2275 2511 2370
f 2512 2489 2513
f 2514 2513 2515
f 2517 2514 2516
f 2517 2490 2512
f 2499 2491 2517
f 2499 2516 2501
f 2510 2519 2518
f 2518 2521 2520
f 3616 2520 3621
f 3632 2518 3616
f 2522 2303 2310
f 2523 2310 2309
f 2305 2522 2524
f 2524 2523 2525
f 2519 2525 2521
f 2505 2524 2519
f 2308 2527 2526
f 2526 2529 2528
f 2531 2528 2530
f 2309 2526 2531
f 1214 2151 1211
f 2419 2418 2424
f 2533 2349 2317
f 2534 2317 2320
f 2535 2533 2534
f 2536 2345 2533
f 2537 2346 2536
f 2538 2536 2535
f 2539 2537 2538
f 2540 2351 2537
f 2312 2541 2527
f 2527 2542 2529
f 2543 2434 2544
f 2545 2544 2546
f 2319 2543 2545
f 2318 2435 2543
f 2514 2548 2547
f 2547 2550 2549
f 2552 2549 2551
f 2552 2514 2547
f 2520 2554 2553
f 2553 2556 2555
f 3590 2555 3593
f 3621 2553 3590
f 2523 2531 2557
f 2557 2530 2558
f 2525 2557 2559
f 2559 2558 2560
f 2554 2560 2556
f 2521 2559 2554
f 2561 2007 2006
f 2376 2225 2377
f 2564 2566 2563
f 2563 338 2567
f 2569 2567 2568
f 2570 2563 2569
f 2572 2574 2571
f 2571 2576 2575
f 2544 2575 2546
f 2544 2572 2571
f 2578 2569 2577
f 2579 2569 2568
f 2574 2579 2576
f 2573 2577 2574
f 2581 2583 2580
f 2584 2583 2585
f 3697 2580 2584
f 3676 2580 3675
f 2582 2552 2583
f 2583 2551 2585
f 2500 2589 2588
f 2590 2589 2591
f 3693 2588 2590
f 3695 2500 2588
f 2501 2591 2589
f 2592 2594 2595
f 2386 2503 2502
f 2596 2386 2374
f 2596 2373 2597
f 2599 2597 2598
f 2599 2379 2596
f 2600 2380 2599
f 2600 2598 2601
f 2603 2601 2602
f 2603 2446 2600
f 2604 2602 2605
f 2440 2605 2434
f 2444 2604 2440
f 2606 2581 2607
f 2606 2590 2591
f 2591 2582 2606
f 3676 2456 3689
f 3689 2372 3693
f 2478 2608 2481
f 2609 2611 2199
f 2564 2613 2612
f 2612 2598 2597
f 2457 2597 2373
f 2565 2612 2457
f 2614 2570 2578
f 2615 2578 2573
f 2602 2614 2615
f 2601 2613 2614
f 2572 2605 2616
f 2616 2602 2615
f 2573 2616 2615
f 1459 1045 1021
f 1265 1079 1082
f 1612 1609 1611
f 2067 2069 2068
f 1135 1136 1148
f 1938 2618 2617
f 95 458 128
f 2058 1608 1612
f 1454 1445 1367
f 655 1048 2619
f 722 2621 723
f 1131 1033 1134
f 562 366 1497
f 1723 1725 1591
f 1786 1122 1787
f 267 323 266
f 1325 1654 2038
f 1468 1435 1479
f 658 529 528
f 8 247 7
f 382 1559 3
f 788 1307 789
f 940 929 928
f 911 2623 912
f 2621 655 654
f 2624 2625 2626
f 998 27 26
f 635 2626 2625
f 2627 644 1840
f 2628 1840 2629
f 1200 2627 2628
f 1199 641 2627
f 1520 49 477
f 1452 1349 1451
f 2630 1859 1858
f 644 1335 1823
f 1197 717 2632
f 2632 719 1166
f 2628 1166 1200
f 2629 2632 2628
f 1762 1050 821
f 1823 873 1839
f 2634 794 652
f 1028 1027 1161
f 1042 2635 1043
f 93 1901 1924
f 2036 1458 1455
f 1527 1525 1526
f 877 1274 1277
f 134 797 1544
f 1328 931 1329
f 607 1091 1161
f 1043 2637 2636
f 2636 2639 2638
f 1275 2638 1276
f 1275 1043 2636
f 1272 2626 2640
f 2640 638 637
f 1110 2640 637
f 536 2640 2641
f 1472 1474 1473
f 2042 1951 649
f 1058 1105 1059
f 2642 2643 2644
f 1192 2644 1193
f 912 2642 1192
f 3898 3526 3786
f 1049 2620 2621
f 616 1885 613
f 1331 666 750
f 990 1198 525
f 1911 321 322
f 1298 1205 2645
f 76 1504 75
f 1502 421 422
f 610 658 691
f 1146 659 938
f 2646 914 936
f 1280 1238 1279
f 975 2647 2648
f 2647 975 974
f 1453 1452 1451
f 1514 158 151
f 835 1843 1842
f 1271 1173 1289
f 2649 813 2650
f 1893 1826 1894
f 1050 1937 1051
f 2651 814 813
f 1006 1281 977
f 2653 2654 2655
f 1001 1003 1002
f 585 679 558
f 2624 621 620
f 555 2028 556
f 1207 1197 2629
f 1626 478 472
f 426 419 1567
f 1030 1773 1031
f 3898 634 3880
f 534 138 262
f 1125 1042 1041
f 333 88 227
f 569 561 730
f 1489 871 870
f 1857 620 891
f 1673 3770 3763
f 622 864 1308
f 2647 974 2657
f 619 891 620
f 261 545 262
f 393 1556 404
f 2658 2647 2657
f 1075 2657 917
f 1081 2658 1075
f 1080 2659 2658
f 2644 1141 2660
f 2660 1140 1336
f 642 1336 643
f 1193 2660 642
f 679 555 558
f 1503 1500 1502
f 1318 1101 1100
f 2661 1139 1142
f 2661 2663 2662
f 2662 2659 2661
f 2662 2622 2664
f 2664 911 2646
f 2648 2646 1146
f 2648 2662 2664
f 2083 2093 2081
f 1442 1437 1439
f 519 330 51
f 1885 1209 613
f 799 805 804
f 1946 1952 1953
f 1302 1253 1252
f 566 224 533
f 1389 928 1388
f 683 681 680
f 836 1842 2665
f 2665 1845 1303
f 2666 1303 1302
f 24 2665 2666
f 831 2650 832
f 1845 1304 1303
f 2010 2012 2011
f 1051 2667 2668
f 1522 1511 1523
f 531 441 522
f 782 1251 1250
f 1250 2625 2669
f 2669 1857 1856
f 783 1856 1037
f 782 2669 783
f 720 2671 721
f 1055 1930 1056
f 1333 1251 2251
f 619 1308 1307
f 652 2619 2634
f 521 1539 1540
f 1838 537 2672
f 2672 536 2641
f 1113 2641 1110
f 1113 1838 2672
f 1016 1351 1045
f 3897 570 3894
f 226 104 101
f 3564 3827 1818
f 1036 1884 1883
f 2674 1304 2673
f 2673 1844 2675
f 1334 2675 1039
f 1333 2673 1334
f 2676 1039 2675
f 1843 2675 1844
f 942 2676 1843
f 1074 702 2676
f 811 859 858
f 752 1055 753
f 1200 656 1026
f 1120 874 2677
f 2677 877 1052
f 1241 1052 1005
f 1119 2677 1241
f 1560 151 1515
f 1208 611 523
f 215 736 214
f 1460 1462 1461
f 1208 1839 873
f 854 1282 1297
f 72 182 179
f 544 1565 512
f 217 456 457
f 2047 930 945
f 1204 1937 2633
f 913 686 685
f 840 1113 1112
f 1531 730 561
f 2678 1283 801
f 601 1914 602
f 1537 459 460
f 1819 3509 3527
f 991 862 538
f 2679 1073 1830
f 2680 983 2256
f 779 2256 1263
f 778 2680 779
f 2678 1830 2680
f 180 245 40
f 1886 1131 1134
f 1138 1274 1255
f 1841 1140 1139
f 75 314 74
f 193 420 192
f 2681 1099 1098
f 170 1565 169
f 349 417 432
f 1121 2684 2683
f 547 409 302
f 123 121 120
f 2643 1142 1141
f 1542 513 1543
f 899 907 919
f 1210 676 867
f 791 982 892
f 24 837 836
f 893 932 931
f 1860 863 862
f 535 862 861
f 832 813 812
f 2650 813 832
f 1569 1547 1568
f 181 542 180
f 660 937 688
f 2013 568 2012
f 887 2631 2630
f 1524 361 78
f 520 162 1529
f 2653 854 2685
f 1238 2655 2686
f 718 527 530
f 1492 518 1491
f 792 615 793
f 599 1835 596
f 290 456 175
f 312 1552 425
f 1248 1179 1249
f 153 177 178
f 1240 1222 1221
f 1257 1235 1071
f 1291 1083 1222
f 1052 1277 1053
f 743 2618 1204
f 444 430 443
f 23 1172 1187
f 2687 1180 1179
f 102 409 134
f 1283 610 801
f 373 650 651
f 1180 1084 1291
f 855 2655 1237
f 1173 1917 1174
f 2689 853 2688
f 2688 1108 1279
f 2686 1279 1238
f 2687 2688 2686
f 2691 1252 2690
f 2690 850 2689
f 1248 2689 2687
f 1248 2691 2690
f 2692 24 2666
f 2691 2666 1302
f 1247 2692 2691
f 1258 617 2692
f 394 1555 393
f 2693 1259 1223
f 1072 1262 1261
f 1257 1168 1258
f 398 1555 1554
f 871 1314 872
f 1178 1249 1179
f 1224 1173 1172
f 1010 2618 742
f 1175 1292 1269
f 2654 2686 2655
f 2694 1216 1264
f 71 1487 70
f 701 1111 1038
f 1072 2649 2650
f 1085 22 21
f 895 1264 896
f 1601 1605 1604
f 1259 1271 1289
f 21 1220 1083
f 988 538 537
f 598 1336 1140
f 820 1762 821
f 1050 818 821
f 1298 1761 2652
f 1168 618 617
f 858 1256 833
f 39 516 1536
f 2652 819 814
f 313 315 314
f 2026 1971 2027
f 2656 596 1835
f 814 818 811
f 2696 813 2649
f 1260 2649 1261
f 2693 2696 1260
f 2697 2651 2696
f 381 390 380
f 3818 1611 1609
f 1475 1428 1227
f 1292 1917 1235
f 1551 354 1518
f 1526 1523 1511
f 1593 1595 1573
f 1232 1246 1249
f 2695 1223 22
f 2698 1296 2697
f 2698 2693 2695
f 2685 2695 1085
f 2685 1297 2698
f 562 271 272
f 2652 1296 1298
f 1365 1364 1363
f 1958 1953 1957
f 585 2210 997
f 1561 1515 435
f 975 1146 976
f 347 68 346
f 1038 636 1068
f 2700 780 2699
f 2699 1036 1883
f 2701 1883 1829
f 851 2699 2701
f 2674 2251 2702
f 2702 781 2700
f 1253 2700 851
f 1301 2702 1253
f 1519 388 1550
f 1273 1280 2703
f 2703 1107 852
f 2701 852 851
f 1829 2703 2701
f 91 326 90
f 1784 2656 1785
f 2683 2705 2704
f 604 3499 3533
f 1669 3548 1662
f 2062 2060 2059
f 621 861 622
f 2023 732 2024
f 686 1263 687
f 857 2668 1328
f 883 882 879
f 637 1111 1110
f 2668 893 1328
f 2667 894 2668
f 1039 1068 1334
f 313 1504 1505
f 1911 305 453
f 1936 1964 2212
f 2707 2401 2183
f 2708 2183 2182
f 738 2116 554
f 2349 2432 2436
f 2711 2020 2019
f 2400 2019 2186
f 2714 2716 2713
f 2717 2719 2720
f 2721 2723 2724
f 2726 2728 2725
f 2725 2730 2729
f 2731 2729 2709
f 2732 2725 2731
f 2734 2736 2733
f 2738 2740 2737
f 2737 2741 2742
f 2744 2746 2743
f 2745 2748 2747
f 2749 2747 2751
f 2753 2751 2752
f 2250 2246 2248
f 2754 1614 2755
f 3598 2755 3609
f 3608 2747 3609
f 1617 2755 1614
f 2242 1620 2757
f 2191 2760 2759
f 2761 2760 2762
f 3648 2761 3649
f 3623 2759 3648
f 3209 3223 3224
f 1395 2236 2235
f 1395 1636 1615
f 1616 2229 2233
f 1617 2763 2756
f 2756 3628 3608
f 2765 2234 1630
f 2766 3628 3622
f 3202 3246 3247
f 1516 435 1515
f 2768 3552 3553
f 1495 578 1424
f 2135 28 17
f 3526 2773 2774
f 1690 3926 3925
f 2778 2780 2777
f 2777 2781 2782
f 2784 2777 2783
f 3555 575 576
f 1494 9 540
f 3529 2015 3566
f 451 505 450
f 2786 2788 2785
f 2779 2785 2780
f 2789 2741 2740
f 2790 2752 2789
f 2792 2794 2791
f 2793 2796 2794
f 2796 2750 2749
f 2794 2749 2753
f 2798 1396 2754
f 3591 2754 3598
f 2798 2800 1393
f 3591 2799 2798
f 2797 2795 2801
f 2791 2753 2790
f 216 232 54
f 3804 2807 3803
f 3805 2804 3803
f 2769 3557 3552
f 183 184 97
f 2811 2775 2776
f 2804 2776 2805
f 2809 2811 2804
f 2812 2813 2814
f 3805 2816 3795
f 3796 2815 3795
f 3798 2820 2821
f 3793 2819 3798
f 2824 2735 2819
f 2823 2824 2819
f 2825 2826 2724
f 3793 2827 3792
f 3796 2826 3792
f 2713 2829 2828
f 2828 2831 2830
f 2822 2828 2830
f 2821 2713 2828
f 2832 2822 2830
f 2833 2830 2831
f 2834 2832 2833
f 2835 2827 2832
f 2837 2839 2836
f 2836 2841 2840
f 2842 2840 2727
f 2843 2836 2842
f 2840 2845 2844
f 2718 2845 2719
f 2730 2844 2718
f 2727 2844 2728
f 2846 2719 2845
f 2846 2841 2847
f 2829 2847 2831
f 2829 2716 2846
f 2847 2839 2848
f 2848 2838 2849
f 2833 2849 2834
f 2831 2848 2833
f 2850 2851 2852
f 2853 2852 2854
f 2783 2782 2855
f 2785 2853 2856
f 2780 2856 2781
f 2857 2855 2782
f 2859 2782 2781
f 2861 2842 2860
f 2860 2727 2726
f 2862 2726 2732
f 2863 2860 2862
f 2861 2858 2857
f 2843 2857 2859
f 2856 2854 2864
f 2781 2864 2859
f 2837 2859 2864
f 2838 2864 2854
f 2852 2834 2849
f 2854 2849 2838
f 2865 2818 2835
f 2851 2835 2834
f 2813 2815 2865
f 2814 2865 2851
f 2866 2814 2850
f 2788 2850 2853
f 2866 2787 2867
f 2812 2867 2775
f 1892 1890 1891
f 2720 2846 2870
f 298 256 257
f 2872 2713 2820
f 3794 2735 2734
f 2729 2874 2873
f 2846 2715 2870
f 2876 2878 2875
f 2733 2878 2734
f 3806 2879 2880
f 3806 2872 3794
f 2882 2884 2881
f 2881 2715 2714
f 2880 2714 2872
f 2879 2881 2880
f 2885 2887 2888
f 2888 2890 2885
f 2885 2892 2891
f 2893 2885 2891
f 1942 2532 2894
f 2895 2720 2870
f 2884 2870 2715
f 2883 2895 2884
f 2896 2892 2895
f 2889 2717 2890
f 2890 2720 2892
f 2897 2891 2896
f 2898 2896 2883
f 2899 2883 2882
f 2900 2882 2879
f 3797 2879 3807
f 2876 2901 2877
f 2901 2904 2903
f 1785 1835 1834
f 2905 2899 2900
f 2907 2897 2898
f 3797 2903 3799
f 632 577 633
f 3532 2867 2787
f 434 550 350
f 2768 3640 3643
f 2910 1623 2249
f 2241 2758 2242
f 3640 2913 3652
f 1623 2757 1620
f 3587 2757 3652
f 2229 1380 2250
f 2765 1629 2914
f 2915 1629 2912
f 3642 2914 2915
f 3641 2765 2914
f 2919 3642 3613
f 2918 2912 2241
f 3614 2241 3586
f 3618 3613 3670
f 3541 2180 3496
f 3521 2188 3506
f 3705 714 3851
f 2925 2917 2924
f 2924 2916 2919
f 3610 2919 3618
f 3611 2924 3610
f 2926 2766 2925
f 3658 2925 3611
f 1715 1705 1710
f 785 498 796
f 1387 565 1791
f 374 1899 560
f 3573 2206 3556
f 2929 2886 2893
f 2932 2934 2931
f 1905 1908 1907
f 2930 2936 2937
f 2938 2930 2929
f 1493 517 518
f 1603 1586 1602
f 2939 2929 2908
f 2940 2908 2907
f 3665 1600 3661
f 2886 2937 2887
f 2906 2898 2899
f 2908 2893 2897
f 2942 2933 2941
f 2941 2937 2936
f 3501 2936 3513
f 3498 2941 3501
f 2943 2710 2873
f 2943 2874 2889
f 2945 2889 2888
f 2946 2943 2945
f 2932 2888 2887
f 2931 2945 2932
f 727 1929 728
f 2903 2947 2948
f 545 42 262
f 1480 533 251
f 2907 2949 2940
f 2906 2950 2949
f 1558 215 202
f 3799 2948 3801
f 2054 1644 2118
f 3705 2203 3573
f 1828 1849 1827
f 2953 2955 2952
f 2952 2957 2956
f 2956 2258 2952
f 2953 2258 2257
f 2454 2474 2496
f 3747 2959 3766
f 3747 2131 3737
f 2961 2963 2958
f 2958 2964 2959
f 222 2485 2965
f 2477 2966 2608
f 2631 2006 1859
f 2384 2496 2497
f 2967 2959 2964
f 2968 2970 2969
f 3759 2971 3784
f 3784 2960 3766
f 2972 2033 2032
f 2007 2973 2008
f 3560 2134 2133
f 1836 1832 1831
f 3506 2090 3551
f 955 959 956
f 672 674 673
f 633 713 632
f 2024 733 803
f 2025 803 798
f 425 1550 388
f 2975 888 887
f 1319 1157 2694
f 1212 2977 1213
f 889 2228 2227
f 1978 1975 1979
f 1138 1329 915
f 751 2979 2978
f 1619 1625 1624
f 2252 1728 1727
f 1157 845 1216
f 2706 1938 2617
f 2980 2254 2981
f 2982 887 2630
f 802 711 2679
f 678 2029 2028
f 527 690 528
f 1839 2629 1840
f 2983 602 1914
f 2983 1913 1331
f 2985 1331 1054
f 2986 2983 2985
f 2987 2635 2634
f 2985 2639 2986
f 2990 1318 2989
f 2991 2993 2994
f 2995 2994 2996
f 1106 2991 2995
f 1058 2992 2991
f 1415 1365 1367
f 1317 2217 2997
f 1932 2255 2980
f 926 2999 664
f 3001 2992 3000
f 3000 1057 2978
f 2999 2978 2979
f 2998 3000 2999
f 3002 2209 3003
f 3002 2996 2994
f 2993 3002 2994
f 3001 2998 3002
f 1103 2995 3004
f 3004 2996 3003
f 2209 3004 3003
f 588 3004 2210
f 295 433 381
f 2638 2988 3005
f 3005 1056 1930
f 1305 1930 1306
f 1276 3005 1305
f 1987 1993 1989
f 2633 1761 2645
f 1423 1417 1419
f 3561 739 703
f 2671 2704 2705
f 1473 2035 1472
f 922 2694 895
f 1401 1378 1384
f 556 1884 1037
f 842 3825 3836
f 1854 2617 1010
f 933 1081 1075
f 1440 1436 1437
f 529 719 530
f 1031 1027 1028
f 777 912 1871
f 2645 1204 2633
f 441 1538 1537
f 790 587 586
f 2065 1610 1607
f 1860 990 902
f 60 87 59
f 1424 1948 1947
f 332 1507 331
f 261 138 135
f 187 449 507
f 1719 1726 1725
f 1931 1059 3006
f 3006 1105 1104
f 1287 1104 587
f 1286 3006 1287
f 3007 3009 3010
f 3009 653 795
f 618 26 25
f 2029 1210 1209
f 957 600 2228
f 1049 2228 600
f 2631 3011 2561
f 890 2227 3011
f 3011 2145 3012
f 2561 3012 2375
f 1026 609 608
f 2706 1961 1964
f 3013 2485 3014
f 2148 1267 3015
f 3015 1266 1311
f 2997 1101 1317
f 642 1773 1193
f 186 461 511
f 1041 1320 901
f 1121 3017 1122
f 2984 2987 3018
f 3018 2634 2619
f 1048 3018 2619
f 603 2984 3018
f 2679 801 802
f 2062 2074 2061
f 2061 2076 2064
f 414 1545 1965
f 3016 2683 3019
f 3019 2704 2670
f 3020 2670 720
f 3007 3019 3020
f 1871 1091 777
f 3021 1122 3017
f 3022 3017 3010
f 1314 3022 1315
f 1784 3021 1314
f 1316 1763 611
f 3023 3010 3009
f 3023 795 1092
f 1763 1092 1125
f 1315 3023 1763
f 3016 3010 3017
f 752 2978 1057
f 2986 2637 2987
f 3024 653 3008
f 3020 3008 3007
f 720 3024 3020
f 723 654 3024
f 2681 1268 3025
f 2671 1268 721
f 2705 3025 2671
f 1313 3027 1311
f 3026 3029 3027
f 3027 3030 3031
f 1311 3031 3015
f 2012 731 2023
f 917 974 977
f 743 856 744
f 1888 2030 1425
f 2682 2684 3032
f 3032 1124 2989
f 1100 2989 1318
f 1099 3032 1100
f 1123 2989 1124
f 3033 1159 1158
f 2990 1158 1319
f 1123 3033 2990
f 1786 1834 3033
f 1054 2988 2985
f 2979 664 2999
f 2623 2663 2643
f 1095 688 687
f 3034 2261 2956
f 3036 2956 2957
f 3037 3034 3036
f 3038 3035 3034
f 3040 3026 1313
f 2263 3041 3040
f 3042 3043 3041
f 3041 3028 3026
f 3044 3043 3039
f 3046 3045 3044
f 3047 3049 3045
f 3043 3049 3028
f 3038 3051 3050
f 3050 3053 3052
f 3052 3044 3050
f 3039 3050 3044
f 3054 3039 3042
f 3042 2262 3054
f 2261 3054 2262
f 2216 2997 2217
f 2212 2667 1936
f 3056 2209 3055
f 934 1961 1854
f 2013 3757 567
f 3058 3060 3061
f 3059 3063 3060
f 3060 2213 1963
f 3061 1963 1962
f 3063 2214 2213
f 3062 3064 3063
f 3065 2260 3064
f 3064 2215 2214
f 3066 3031 3030
f 2608 3067 3066
f 2966 3068 3067
f 3031 3068 3015
f 2455 2461 2474
f 2476 2226 2477
f 3551 2089 3525
f 3526 3769 3786
f 433 355 381
f 2115 1419 2123
f 3509 2922 3527
f 3769 2131 2134
f 3069 2167 2166
f 2971 2928 2960
f 2961 2773 2962
f 3070 2478 2483
f 2610 3071 2954
f 2502 2374 2386
f 3072 2595 3073
f 2964 3052 2967
f 3048 3074 3049
f 2593 3075 3074
f 3075 3029 3074
f 3074 3028 3049
f 3072 3075 2592
f 3076 2482 2481
f 2481 3066 3076
f 3076 3030 3075
f 2967 3053 2970
f 2482 3073 2483
f 479 493 494
f 706 3873 709
f 3561 2221 3517
f 2013 3754 3755
f 3533 2016 3529
f 3562 2222 2974
f 1171 1155 1176
f 2586 2565 2587
f 2982 113 2484
f 2562 3077 3068
f 2376 3012 3077
f 3012 2148 3077
f 3077 3015 3068
f 2963 3046 2964
f 3051 2970 3053
f 1683 491 775
f 3850 1447 3860
f 1986 3734 3768
f 3079 2546 2575
f 3081 2575 2576
f 1983 3768 3765
f 3082 2319 2545
f 3080 2545 2546
f 3734 3082 3080
f 3732 2323 3082
f 1309 1888 748
f 3073 2772 2771
f 2760 3084 2762
f 2760 2088 3083
f 3085 3086 3087
f 3089 3090 3088
f 3089 3084 3085
f 3092 3090 3091
f 3093 2744 2743
f 2751 2748 3093
f 3093 2752 2751
f 2742 3093 3094
f 3094 2743 3095
f 3096 3098 3087
f 3099 3087 3086
f 3097 3095 3098
f 3100 2746 3101
f 3101 3102 3100
f 2764 2927 3101
f 2745 3101 2746
f 3102 3091 3100
f 3100 3095 2743
f 2869 3592 3634
f 3102 3104 3092
f 3658 2869 3634
f 2927 3103 3102
f 3098 3091 3090
f 3087 3090 3085
f 2088 3105 3083
f 3083 3086 3084
f 2483 2771 3070
f 2401 2185 2321
f 3099 3105 3106
f 2125 3106 3105
f 3108 2742 3107
f 3107 3094 3097
f 3110 3107 3109
f 3109 3097 3096
f 3111 3096 3099
f 3112 3109 3111
f 3113 2737 3108
f 3115 2722 3114
f 3117 3114 3116
f 3119 3116 3118
f 3118 3120 3121
f 3116 3113 3120
f 3122 3111 3123
f 3122 1755 1754
f 3124 3126 3127
f 3125 3121 3126
f 3128 3118 3125
f 3129 3125 3124
f 2020 3128 3129
f 3853 1346 1352
f 1065 1047 1066
f 1814 3830 1649
f 2021 3129 3130
f 3111 3106 3123
f 3123 2207 1755
f 2377 2224 2973
f 3014 113 112
f 1756 3782 3767
f 3131 2530 2528
f 3133 2528 2529
f 1753 3767 3775
f 3134 3127 3135
f 2327 2314 2313
f 2436 2317 2349
f 2018 3711 3712
f 2534 3137 2535
f 2320 3136 2534
f 2185 3712 3771
f 3138 2542 2539
f 3134 3744 3745
f 3785 3134 3745
f 3140 2539 2538
f 2535 3140 2538
f 3711 3130 3785
f 2558 3132 3141
f 3782 3141 3132
f 2560 3141 3142
f 3760 3142 3141
f 958 2976 2981
f 1933 2980 3143
f 2399 2418 2416
f 2348 2343 2432
f 2322 2319 2323
f 2718 2874 2730
f 2709 2873 2710
f 2894 1361 1942
f 346 176 347
f 1876 1882 1881
f 2802 3607 3592
f 3104 3088 3092
f 2974 3649 3603
f 3089 2761 2762
f 3088 3145 3089
f 2803 3603 3607
f 3870 692 628
f 2123 1418 2126
f 1365 1368 1367
f 1581 1782 1783
f 3569 2129 3520
f 3555 2002 3521
f 3146 2551 3147
f 3751 3147 3750
f 3742 3146 3751
f 3149 2585 3146
f 3196 3197 3195
f 3604 2191 3623
f 3142 2556 2560
f 3777 3150 3142
f 3646 2550 3593
f 3150 2555 2556
f 3778 3151 3150
f 3788 3152 3646
f 3153 2551 2549
f 3152 2549 2550
f 3781 3153 3152
f 3776 3147 3153
f 3148 2206 2205
f 2183 2321 2184
f 2132 2928 2133
f 3684 2204 2203
f 3719 2197 3721
f 2594 2773 2951
f 2595 2951 2772
f 1870 799 1869
f 3713 2178 3706
f 3706 3736 3790
f 336 3774 3722
f 339 3154 336
f 3789 3149 3742
f 3683 2584 3149
f 2963 3048 3047
f 3722 337 336
f 339 2566 2586
f 3156 2168 2167
f 2610 2167 2611
f 2954 3156 2610
f 3157 2953 2257
f 3707 2169 3709
f 2567 3159 2568
f 337 2567 338
f 3730 2166 3707
f 3764 1983 3765
f 2579 3081 2576
f 2568 3160 2579
f 3709 2190 3764
f 3065 3162 3161
f 3161 1984 2189
f 3157 2189 2168
f 2257 3161 3157
f 734 1922 806
f 3059 2708 3163
f 3163 2182 1985
f 3162 1985 1984
f 3062 3163 3162
f 3203 3205 3204
f 2122 1448 1447
f 3817 1685 3812
f 139 444 69
f 1570 566 533
f 2957 3165 3036
f 2955 3164 2957
f 1912 341 1973
f 3130 3124 3134
f 1548 319 1547
f 1949 1327 1887
f 2969 3078 3167
f 3167 3169 3168
f 3724 2017 3720
f 3720 2033 3759
f 3168 3165 3170
f 3170 3164 3171
f 3779 3171 3756
f 3724 3170 3779
f 3171 3166 3172
f 3172 3071 3173
f 3752 3173 3749
f 3756 3172 3752
f 3169 3036 3165
f 2593 2962 2594
f 3173 2609 3174
f 3174 2199 2198
f 3783 2198 3719
f 3749 3174 3783
f 2190 1984 1983
f 2196 2767 3148
f 2119 1414 1448
f 1464 1466 1465
f 2199 3069 2200
f 2457 2587 2565
f 2226 2562 2966
f 481 1627 1639
f 333 235 236
f 3078 3037 3169
f 3040 2997 2263
f 2219 1933 2220
f 2385 2497 2503
f 221 3175 2484
f 2220 3143 3175
f 3175 2976 2975
f 2484 2975 2982
f 2954 3166 2955
f 2630 110 2982
f 1547 1952 1955
f 2091 2188 2187
f 3733 2178 2177
f 1918 1927 1926
f 3563 111 3511
f 955 960 954
f 2037 112 3563
f 3143 2981 2976
f 2218 2214 2215
f 672 3787 3541
f 2152 3014 2037
f 1147 1143 1145
f 2248 1409 2245
f 1615 1635 1616
f 1410 2246 2247
f 3241 3242 3240
f 3177 1383 1382
f 2238 3176 1382
f 3176 2230 3178
f 1410 3179 1407
f 3179 2243 1407
f 1633 2800 2249
f 1621 2758 2912
f 1622 2245 1634
f 2236 3181 3182
f 2237 3182 3183
f 2250 2233 2229
f 2912 1628 1621
f 135 1564 1563
f 1567 512 1565
f 1085 2653 2685
f 3184 868 3056
f 869 3057 934
f 1266 1098 1312
f 1267 722 721
f 937 2646 936
f 2146 722 2147
f 2211 921 2667
f 1957 507 449
f 1313 2264 3040
f 1496 1493 1492
f 2681 2705 2682
f 2887 2933 2932
f 1687 1659 1694
f 145 1498 81
f 1317 1319 2694
f 37 418 71
f 1935 3185 2977
f 104 301 103
f 2101 2083 2084
f 543 360 207
f 1934 3186 3185
f 234 212 237
f 3845 1822 1824
f 1976 1874 1974
f 223 2219 220
f 3655 3605 3612
f 468 773 2165
f 1935 1728 1932
f 3240 3226 3235
f 3261 3250 3260
f 3215 3244 3264
f 3265 3215 3264
f 3267 3198 3196
f 3205 3269 3255
f 3214 3265 3270
f 3271 3214 3192
f 3251 3239 3236
f 3222 3266 3272
f 3232 3234 3233
f 3216 3243 3244
f 3196 3268 3267
f 3244 3254 3255
f 3238 3247 3246
f 3264 3255 3269
f 3253 3216 3217
f 3211 3221 3265
f 3257 3218 3256
f 3258 3272 3259
f 3274 3280 3273
f 3228 3262 3263
f 3275 3281 3280
f 3226 3273 3280
f 3236 3260 3251
f 3281 3236 3237
f 3287 3192 3189
f 3235 3280 3234
f 3234 3281 3237
f 3288 3259 3272
f 3260 3276 3251
f 3289 3278 3284
f 3210 3224 3283
f 3199 3201 3200
f 3228 3230 3229
f 3290 3285 3286
f 3282 3271 3287
f 3260 3262 3261
f 3243 3268 3254
f 3267 3241 3232
f 3194 3208 3193
f 3191 3269 3206
f 3270 3192 3214
f 3275 3230 3231
f 3264 3270 3265
f 3252 3276 3291
f 3248 3291 3223
f 3213 3279 3277
f 3272 3289 3288
f 3277 3212 3213
f 3228 3281 3231
f 3220 3253 3219
f 3219 3217 3257
f 3256 3222 3258
f 3247 3252 3248
f 3245 3232 3233
f 3266 3212 3289
f 3208 3255 3254
f 3288 3284 3285
f 3204 3208 3207
f 560 3187 559
f 3209 3201 3202
f 3189 3191 3190
f 448 807 447
f 647 122 270
f 1833 1780 1832
f 510 508 507
f 3210 1887 3201
f 1887 3200 3201
f 15 3197 3200
f 16 3195 3197
f 3195 3187 3194
f 3194 1899 3207
f 3207 375 3204
f 387 126 127
f 3189 1760 3287
f 3577 757 758
f 763 2172 2175
f 3583 3580 3581
f 3581 3579 3578
f 3594 3596 3595
f 3400 3602 3401
f 3626 3625 3627
f 3631 3599 3601
f 3636 3595 3596
f 3647 3588 3645
f 3650 3584 3647
f 3653 3580 3651
f 3653 3654 3579
f 1801 3656 3655
f 3651 3582 3650
f 3644 3595 3637
f 1767 3659 3660
f 1597 3661 1600
f 1708 3665 3664
f 3671 3667 3666
f 3666 3673 3672
f 1588 3664 1587
f 2080 3666 2082
f 2082 3672 2084
f 3674 3635 3631
f 3677 3636 3635
f 3682 3645 3681
f 3692 3650 3686
f 3681 3644 3680
f 786 3692 785
f 3694 3651 3692
f 785 3686 497
f 497 3682 650
f 650 3681 564
f 3696 3681 3680
f 3405 3605 3402
f 3702 3678 3677
f 3699 3679 3678
f 3645 3638 3644
f 1799 3659 1768
f 3708 3458 3460
f 3462 3708 3460
f 3714 564 3696
f 3615 3602 3600
f 3710 3696 3698
f 3635 3596 3599
f 3629 3627 3630
f 3597 3599 3596
f 3630 3715 3629
f 3627 3597 3594
f 3717 3723 3718
f 3715 3660 3629
f 3716 3725 3715
f 3668 3661 3725
f 3668 3717 3667
f 3667 3718 3673
f 3727 3673 3718
f 3728 3672 3673
f 3726 3718 3723
f 1576 2084 3672
f 3727 3731 3729
f 3203 1387 3190
f 3190 1791 3189
f 3283 1949 3210
f 317 259 391
f 2000 3653 3694
f 3601 3600 3602
f 3589 3584 3585
f 3577 756 2170
f 3585 3582 3583
f 3678 3637 3636
f 3204 376 3203
f 1801 3657 1799
f 3729 3728 3727
f 1575 3738 1088
f 3735 1576 3728
f 1776 1796 1775
f 1293 1290 1284
f 1326 1327 12
f 1294 1234 1290
f 878 1330 1337
f 497 374 498
f 122 413 121
f 3699 3704 3708
f 3606 3401 3602
f 3708 3698 3699
f 3464 3710 3462
f 3704 3443 3458
f 439 399 438
f 1512 1526 1511
f 1668 1738 1671
f 839 1362 838
f 1362 826 1012
f 3843 1896 3815
f 2053 2118 2117
f 3888 2120 2119
f 696 3816 3831
f 1826 639 640
f 3740 3729 3731
f 956 886 960
f 1980 1922 807
f 33 105 164
f 1343 3856 3857
f 3907 2128 3902
f 1766 1582 1594
f 14 2163 738
f 595 99 594
f 3233 3246 3245
f 1346 1044 1352
f 748 1425 747
f 3193 3254 3268
f 3190 3206 3203
f 3612 3606 3615
f 3624 3615 3625
f 3631 3443 3674
f 3679 3644 3637
f 3686 3647 3682
f 3702 3674 3704
f 3625 3600 3597
f 3601 3415 3631
f 3739 3735 3729
f 3630 3594 3741
f 3741 3716 3630
f 1284 1288 1285
f 3698 3680 3679
f 1778 1780 1779
f 1792 1584 1789
f 695 571 694
f 3638 3594 3595
f 3741 3588 3589
f 3247 3209 3202
f 3292 3294 3295
f 3296 3298 3299
f 3299 3300 3301
f 3302 3304 3305
f 3306 3308 3309
f 3307 3311 3308
f 3303 3301 3300
f 3312 3304 3313
f 3314 3316 3317
f 3318 3320 3321
f 3324 3321 3325
f 3326 3328 3323
f 3329 3331 3332
f 3333 3335 3336
f 3337 3339 3340
f 3333 3341 3342
f 3342 3343 3344
f 3319 3344 3343
f 3338 3334 3339
f 3346 3302 3347
f 3305 3347 3302
f 3312 3223 3349
f 3350 3340 3351
f 3312 3348 3305
f 3352 3341 3326
f 3311 3354 3308
f 3341 3327 3326
f 3359 3361 3362
f 3360 3250 3249
f 3318 3345 3319
f 3364 3318 3324
f 3314 3324 3365
f 3366 3301 3346
f 3299 3367 3296
f 3308 3368 3309
f 3369 3295 3294
f 3317 3364 3314
f 3370 3317 3316
f 3325 3365 3324
f 3352 3319 3343
f 3296 3353 3311
f 3297 3311 3310
f 3363 3354 3345
f 3345 3353 3344
f 3344 3367 3342
f 3366 3342 3367
f 3347 3334 3346
f 3339 3348 3340
f 3348 3351 3340
f 3363 3369 3368
f 3294 3368 3369
f 3293 3309 3294
f 3331 3374 3332
f 3346 3333 3366
f 3323 3352 3326
f 3356 3321 3320
f 3355 3325 3321
f 3357 3371 3325
f 3322 3320 3352
f 3361 3329 3362
f 3373 3375 3374
f 3374 3376 3332
f 3329 3376 3362
f 3327 3372 3328
f 3336 3375 3327
f 3335 3376 3375
f 3376 3337 3362
f 3337 3359 3362
f 3359 3276 3250
f 3377 3295 3370
f 3277 3315 3278
f 3371 3379 3365
f 3378 3358 3380
f 3365 3315 3314
f 3316 3279 3370
f 3282 3370 3279
f 3313 3224 3312
f 3378 3284 3379
f 3380 3285 3378
f 3379 3278 3315
f 3276 3351 3291
f 3291 3349 3223
f 3313 2965 3013
f 2965 3303 222
f 222 3300 223
f 223 3298 3186
f 3298 3185 3186
f 3297 2977 3185
f 3310 1213 2977
f 3307 1214 1213
f 2532 3306 3293
f 2894 3293 3292
f 2871 3292 3377
f 3253 3240 3242
f 3283 3013 2152
f 1997 1889 1892
f 1237 744 855
f 1535 120 121
f 1531 201 214
f 1119 1032 984
f 946 824 947
f 163 5 162
f 3589 3723 3741
f 1155 1162 1164
f 427 327 424
f 553 796 498
f 3381 2231 2237
f 3381 2230 2232
f 2237 3180 3381
f 3383 3385 3382
f 3384 3387 3385
f 3386 3389 3387
f 3388 3391 3389
f 3392 3394 3395
f 3395 3396 3397
f 3398 3397 3396
f 3400 3399 3398
f 3403 3405 3402
f 3406 3404 3403
f 3408 3407 3406
f 3410 3409 3408
f 3412 3411 3410
f 3415 3398 3414
f 3414 3396 3416
f 3416 3394 3417
f 3417 3393 3418
f 3393 3420 3418
f 3419 3421 3420
f 3390 3422 3421
f 3388 3423 3422
f 3386 3424 3423
f 3384 3425 3424
f 3425 3426 3184
f 2904 3428 2947
f 3429 2904 2902
f 3430 2902 2876
f 2875 3430 2876
f 3432 2733 2736
f 2825 3435 2824
f 3437 3439 3436
f 3441 3436 3440
f 2724 3434 2825
f 3436 3115 3117
f 3440 3117 3119
f 3443 3414 3442
f 3442 3416 3444
f 3444 3417 3445
f 3445 3418 3446
f 3446 3420 3447
f 3420 3448 3447
f 3421 3449 3448
f 3422 3450 3449
f 3423 3451 3450
f 3424 3452 3451
f 3425 3056 3452
f 3451 2253 2252
f 3450 2252 1727
f 3449 1727 2150
f 3448 2150 1941
f 3453 3448 1941
f 3454 3447 3453
f 3455 3446 3454
f 3456 3445 3455
f 3442 3456 3457
f 3443 3457 3458
f 3459 3458 3457
f 3457 3455 3459
f 3459 3454 3461
f 3462 3459 3461
f 3461 3453 3463
f 3464 3461 3463
f 3463 1941 1360
f 3404 3401 3405
f 3407 3399 3404
f 3409 3397 3407
f 3411 3395 3409
f 3465 3413 3412
f 3467 3469 3466
f 3465 3431 3433
f 3470 3466 3465
f 3438 3432 3435
f 3467 3438 3437
f 3468 3437 3441
f 3471 3468 3472
f 3472 3441 3473
f 3473 3440 2712
f 2712 3119 3128
f 3475 3472 3474
f 3474 3473 3476
f 3476 2712 2711
f 3477 2711 2400
f 3478 3476 3477
f 3479 3474 3478
f 3392 3413 3480
f 3466 3480 3413
f 3419 3392 3480
f 3390 3480 3391
f 3469 3391 3480
f 3389 3471 3475
f 3387 3475 3479
f 3385 3479 3481
f 3482 2400 2402
f 3483 3477 3482
f 3481 3478 3483
f 3484 2402 2707
f 3058 2707 2708
f 3061 3484 3058
f 3485 3482 3484
f 3382 3481 3486
f 3486 3483 3485
f 3426 3382 3487
f 3487 3486 1962
f 3486 3061 1962
f 1961 3487 1962
f 3057 3426 3487
f 3428 3402 3488
f 3427 3403 3428
f 3429 3406 3427
f 3430 3408 3429
f 3431 3410 3430
f 3470 3433 3432
f 3434 3438 3435
f 2723 3439 3434
f 2875 3433 3431
f 2736 3435 3432
f 2947 3488 3500
f 3464 1360 3497
f 1900 1924 1901
f 1736 1718 1750
f 1955 1943 1956
f 1671 1735 1751
f 1696 1698 1692
f 1800 1864 1801
f 2063 2056 2060
f 1737 1717 1736
f 1751 1697 1695
f 943 3899 684
f 3656 3402 3605
f 1577 1764 1703
f 3917 1599 3923
f 1945 82 1944
f 68 7 248
f 147 1543 148
f 1109 1133 1102
f 1503 1907 1908
f 1499 1909 1498
f 452 735 215
f 1824 3835 3845
f 1825 2068 1824
f 1463 1022 1194
f 841 1009 1011
f 1568 1955 1534
f 1926 1927 1923
f 1910 1502 1939
f 1939 422 442
f 309 1940 308
f 1804 1866 1803
f 269 1954 56
f 2065 2060 2056
f 3812 1758 3835
f 280 552 1940
f 1875 1869 1874
f 1739 1734 1737
f 1778 1790 1788
f 310 1915 279
f 1909 1906 1954
f 1789 1778 1788
f 978 980 979
f 1584 1731 1583
f 425 311 312
f 148 115 116
f 2044 3894 2046
f 277 1939 551
f 1943 1945 1944
f 1461 1463 1464
f 2253 3056 3055
f 2981 3489 958
f 2209 3489 3055
f 2254 3055 3489
f 2998 958 3489
f 2826 2721 2724
f 3490 2721 2817
f 2816 3490 2817
f 2334 2296 2335
f 2298 2334 2336
f 2301 2336 2338
f 2311 2338 2354
f 2312 2354 2355
f 2359 2361 2360
f 2335 2359 2360
f 2414 2365 2364
f 2413 2361 2365
f 2355 2540 2541
f 2541 2539 2542
f 2722 2739 2738
f 3114 2738 3113
f 3110 3121 3120
f 3108 3120 3113
f 3122 3127 3126
f 3112 3126 3121
f 3127 1753 3135
f 3139 2529 2542
f 3744 3133 3139
f 3490 2740 2739
f 3491 2789 3490
f 228 91 88
f 245 243 242
f 248 247 191
f 2 296 295
f 145 300 267
f 327 210 328
f 329 331 330
f 250 228 236
f 239 240 230
f 373 375 374
f 178 176 175
f 1218 1228 1321
f 3862 1295 3854
f 808 824 823
f 3858 1013 1014
f 3813 1411 1413
f 2154 2159 2160
f 3845 1758 1757
f 306 1922 452
f 2157 1976 1977
f 708 2031 1474
f 1450 1227 1428
f 1672 1605 1624
f 1813 1821 1816
f 1717 1715 1718
f 176 402 347
f 1710 3916 3915
f 1712 1577 1711
f 1705 1711 1704
f 971 979 970
f 822 1094 1102
f 2909 2793 2792
f 2810 2795 2793
f 2799 2249 2800
f 3662 2910 2799
f 2769 2801 2795
f 3177 3178 3179
f 3178 3180 3179
f 3181 1393 2800
f 3181 1632 3182
f 3182 2244 3183
f 3183 2243 3180
f 3492 2790 3491
f 2808 3491 2816
f 2239 3572 2240
f 1149 3571 3570
f 1150 3567 3571
f 2202 3566 2015
f 2921 3565 2923
f 3568 2133 2928
f 1777 1759 1792
f 1201 1183 1184
f 3561 2195 2194
f 3553 2770 2768
f 3927 1687 1692
f 1516 154 503
f 3549 2974 2803
f 3550 2779 2778
f 2771 3575 3546
f 3070 3546 3558
f 3547 2775 2867
f 1376 1370 1372
f 2767 3556 2206
f 2195 3543 2767
f 2775 3542 2776
f 3377 3545 2871
f 3804 3539 2806
f 2776 3538 2805
f 2240 3535 2920
f 2920 3669 3619
f 3548 2786 2779
f 1805 1851 1804
f 3534 2787 2786
f 2951 3540 3531
f 2772 3531 3575
f 2973 3530 3536
f 2224 3537 3530
f 1957 320 510
f 306 304 303
f 2770 3528 2913
f 2913 3574 2239
f 2923 3527 2922
f 308 431 47
f 207 132 543
f 1879 1881 1880
f 3733 3525 2089
f 2475 3558 3524
f 2476 3524 3523
f 2223 3523 3537
f 3522 2803 2802
f 2037 11 1950
f 1959 450 505
f 2003 3520 2129
f 9 334 540
f 2009 3518 3567
f 2008 3536 3518
f 3877 673 3879
f 3515 2778 2784
f 2935 3513 2936
f 111 3570 3511
f 3510 2935 2938
f 683 3885 943
f 3508 2810 2909
f 736 732 729
f 1795 1803 1796
f 3505 2938 2939
f 3507 2939 2940
f 2950 3504 2949
f 2940 3504 3507
f 3801 3512 2950
f 2868 3502 2869
f 2869 3522 2802
f 1024 1023 1020
f 3500 2948 2947
f 551 442 443
f 2972 3568 2928
f 2032 3499 2972
f 216 1924 1923
f 203 201 200
f 1828 1847 1837
f 1958 449 450
f 272 178 175
f 2871 3495 1361
f 3619 3564 2921
f 2801 3643 3662
f 2005 3654 2176
f 960 899 962
f 3657 3612 3624
f 3780 3646 3151
f 3151 3593 2555
f 2193 3623 2194
f 3607 3145 3144
f 3603 2761 3145
f 3592 3144 3104
f 2926 3634 3103
f 3634 3104 3103
f 3755 3746 3753
f 566 3758 2005
f 3488 1864 3500
f 1602 2079 2078
f 2868 3611 2922
f 2922 3610 2923
f 2923 3618 2921
f 3670 2918 3614
f 3619 3614 2920
f 2921 3670 3619
f 2920 3586 2240
f 3613 2915 2918
f 2917 3622 3641
f 2916 3641 3642
f 2239 3652 2913
f 2911 3652 2757
f 3643 2911 2910
f 2797 3662 3591
f 2797 3598 2750
f 3622 2763 2765
f 3608 2764 2745
f 2194 3648 2221
f 2221 3649 2222
f 2756 3609 2755
f 2750 3609 2747
f 3669 1817 3827
f 3763 1691 1699
f 2515 3590 2548
f 2548 3593 2550
f 2513 3632 3616
f 2513 3621 2515
f 2509 3620 2289
f 2510 3633 2509
f 2289 3639 2283
f 2283 3617 2286
f 2240 3587 2239
f 3659 3624 3626
f 716 3887 3888
f 727 3761 1923
f 2165 2170 2164
f 3660 3626 3629
f 3743 3578 3757
f 2175 769 770
f 2100 2095 2099
f 3758 3757 3578
f 640 3568 1826
f 1653 3553 1651
f 1895 3530 746
f 746 3537 741
f 1653 3528 3576
f 3762 1604 1672
f 2093 2073 2078
f 959 995 884
f 962 919 986
f 1400 1398 1399
f 1000 1127 1004
f 956 884 885
f 1662 3550 1661
f 2034 3546 1654
f 3926 3539 3802
f 3535 766 1817
f 3572 765 766
f 334 3571 335
f 1868 3540 1656
f 1684 1652 1678
f 1682 775 1807
f 1585 3762 1700
f 3763 1672 1673
f 2173 490 491
f 1658 3547 1752
f 3556 1650 724
f 1571 2010 1572
f 1587 3671 2080
f 2099 2077 2094
f 787 1999 786
f 2000 786 1999
f 3155 3697 3683
f 3713 3683 3789
f 2180 3685 3684
f 3496 3684 3705
f 1684 3840 1651
f 1760 3495 3545
f 2607 3693 2590
f 2581 3689 2607
f 2371 3700 3695
f 2371 3693 2372
f 2587 3675 2586
f 2586 3697 339
f 2497 3687 2503
f 2502 3687 3700
f 2494 3690 2495
f 3690 2472 2495
f 3688 2468 2472
f 3701 2469 2468
f 726 3892 630
f 581 3518 580
f 10 3570 334
f 1837 3510 1849
f 741 3523 1300
f 1299 3558 2034
f 1851 3504 1866
f 3527 1820 1819
f 580 3536 1895
f 1758 3522 3502
f 1693 3508 1806
f 3504 1867 1866
f 1894 3568 3499
f 2126 3813 3841
f 3906 3841 3912
f 2113 3867 2110
f 2179 3789 3685
f 624 3904 623
f 2192 3788 3780
f 2177 3787 3733
f 1364 3833 1338
f 3858 1470 1453
f 3135 3775 3744
f 2069 3835 2068
f 1351 3853 1352
f 2108 3901 499
f 2089 3736 3733
f 3828 1358 866
f 2001 3783 2187
f 2187 3719 2091
f 2130 3752 2004
f 2004 3749 2001
f 2014 3779 2201
f 2201 3756 2130
f 3167 3759 2969
f 3168 3720 3167
f 3159 3764 3160
f 3160 3765 3081
f 3730 3158 337
f 3158 3709 3159
f 2200 3730 3722
f 3685 3742 2204
f 3722 2197 2200
f 3790 2092 3721
f 3774 3721 2197
f 3154 3790 3774
f 3155 3706 3154
f 2091 3721 2092
f 2196 3750 3776
f 2193 3776 3781
f 3604 3781 3788
f 2086 3780 3778
f 2087 3778 3777
f 2204 3751 2205
f 2205 3750 3148
f 3909 574 692
f 2124 3777 3760
f 2208 3760 3782
f 3711 3140 3137
f 3785 3138 3140
f 3745 3139 3138
f 3771 3136 2322
f 3712 3137 3136
f 3775 3131 3133
f 3767 3132 3131
f 1813 3838 1814
f 1293 3856 1344
f 2184 3748 3732
f 2181 3732 3734
f 3765 3079 3081
f 3768 3080 3079
f 709 3875 2031
f 2774 3737 3769
f 3786 2134 3559
f 3809 766 765
f 2968 3766 2959
f 2969 3784 2968
f 2958 3737 2961
f 2132 3766 2960
f 2321 3771 3748
f 3860 1449 28
f 3905 582 710
f 3886 577 574
f 3847 1818 3827
f 705 3887 2121
f 3816 3907 698
f 2111 3911 2113
f 3810 1366 1411
f 1812 3822 1815
f 675 3852 674
f 3496 3851 675
f 2110 3868 2109
f 2104 3901 2106
f 2109 3899 944
f 3842 703 739
f 1680 3846 1684
f 1639 3819 3818
f 623 3906 697
f 2139 3866 3865
f 1808 3844 3837
f 3820 1819 1820
f 3872 3900 706
f 1646 3830 1648
f 3889 633 577
f 2139 3875 18
f 2156 3871 3874
f 674 3913 3869
f 2117 3812 2069
f 1815 3847 3823
f 3855 1444 1470
f 697 3912 3816
f 866 3836 3828
f 3864 2136 2135
f 3585 3726 3589
f 3583 3731 3585
f 3753 3738 3739
f 3740 3581 3743
f 1088 3746 1093
f 3739 3743 3753
f 2791 3493 2792
f 3492 2807 3493
f 2792 3494 2909
f 3493 2806 3494
f 3508 3494 3516
f 3516 2806 3539
f 2948 3791 3801
f 2105 3896 2104
f 3538 3804 2805
f 680 3876 683
f 1891 3910 3891
f 2905 3801 2950
f 2900 3799 2905
f 2901 3807 2877
f 2734 3806 3794
f 2877 3806 2878
f 2820 3794 2872
f 2818 3792 2827
f 2823 3792 2826
f 2822 3798 2821
f 2819 3800 3798
f 2817 3795 2816
f 2809 3795 2815
f 2808 3803 2807
f 2805 3803 2804
f 1702 3923 1599
f 3922 1797 1802
f 3915 1706 1709
f 3918 1692 1698
f 1657 3880 1879
f 1890 3895 3910
f 3772 1674 1675
f 1689 3772 3773
f 3926 3538 1688
f 3516 1689 3773
f 3917 1703 1764
f 1598 3928 1770
f 3880 1876 1879
f 1691 3925 3927
f 3925 1688 1687
f 1117 1118 3930
f 1066 1322 3930
f 1243 847 3930
f 3825 848 3930
f 1128 1117 3930
f 1129 1130 3930
f 841 1011 3930
f 1230 3863 3930
f 1242 1243 3930
f 1322 1229 3930
f 1064 1065 3930
f 1003 1128 3930
f 1229 1230 3930
f 3863 1285 3930
f 1285 1288 3930
f 848 839 3930
f 847 3825 3930
f 1118 1129 3930
f 1065 1066 3930
f 1087 1086 3930
f 1008 1002 3930
f 1011 1008 3930
f 1002 1003 3930
f 1076 1069 3930
f 838 841 3930
f 839 838 3930
f 1288 1242 3930
f 1130 1087 3930
f 1086 1076 3930
f 1069 1064 3930
f 2410 2414 3931
f 2411 2410 3931
f 3617 2285 3931
f 2394 2393 3931
f 2393 2396 3931
f 2281 2286 3931
f 2282 2280 3931
f 2398 2399 3931
f 2465 2464 3931
f 2396 2397 3931
f 2470 2469 3931
f 2399 2416 3931
f 2480 2395 3931
f 2459 2480 3931
f 2369 2282 3931
f 2460 2459 3931
f 2415 2411 3931
f 2416 2415 3931
f 2364 2363 3931
f 2286 3617 3931
f 2464 2470 3931
f 2469 3703 3931
f 2285 2465 3931
f 2414 2364 3931
f 2395 2394 3931
f 2363 2367 3931
f 2397 2398 3931
f 2280 2281 3931
f 3703 2460 3931
f 2367 2369 3931
f 3934 3937 3938
f 3934 3939 3935
f 3932 3937 3933
f 3938 3943 3939
f 3937 3940 3941
f 3937 3942 3938
f 3942 3947 3943
f 3941 3944 3945
f 3942 3945 3946
f 3947 3950 3951
f 3944 3949 3945
f 3945 3950 3946
f 3950 3955 3951
f 3949 3952 3953
f 3950 3953 3954
f 3955 3958 3959
f 3953 3956 3957
f 3953 3958 3954
f 3959 3962 3963
f 3957 3960 3961
f 3958 3961 3962
f 3962 3967 3963
f 3960 3965 3961
f 3961 3966 3962
f 3966 3971 3967
f 3965 3968 3969
f 3966 3969 3970
f 3970 3975 3971
f 3968 3973 3969
f 3969 3974 3970
f 3974 3979 3975
f 3973 3976 3977
f 3974 3977 3978
f 3979 3982 3983
f 3976 3981 3977
f 3977 3982 3978
f 3982 3987 3983
f 3981 3984 3985
f 3982 3985 3986
f 3987 3990 3991
f 3984 3989 3985
f 3985 3990 3986
f 3991 3994 3995
f 3989 3992 3993
f 3990 3993 3994
f 3995 3998 3999
f 3992 3997 3993
f 3993 3998 3994
f 3998 4003 3999
f 3997 4000 4001
f 3998 4001 4002
f 4002 4007 4003
f 4000 4005 4001
f 4001 4006 4002
f 4006 4011 4007
f 4005 4008 4009
f 4006 4009 4010
f 4011 4014 4015
f 4008 4013 4009
f 4009 4014 4010
f 4014 4019 4015
f 4013 4016 4017
f 4014 4017 4018
f 4019 4022 4023
f 4016 4021 4017
f 4017 4022 4018
f 4023 4026 4027
f 4021 4024 4025
f 4022 4025 4026
f 4027 4030 4031
f 4024 4029 4025
f 4025 4030 4026
f 4031 4034 4035
f 4029 4032 4033
f 4030 4033 4034
f 4034 4039 4035
f 4032 4037 4033
f 4033 4038 4034
f 4038 4043 4039
f 4037 4040 4041
f 4038 4041 4042
f 4043 4046 4047
f 4040 4045 4041
f 4041 4046 4042
f 4046 4051 4047
f 4045 4048 4049
f 4046 4049 4050
f 4051 4055 4056
f 4048 4054 4049
f 4049 4055 4050
f 4056 4059 4060
f 4053 4058 4054
f 4055 4058 4059
f 3932 4052 3936
f 3936 4052 3940
f 3940 4052 3944
f 3944 4052 3948
f 3948 4052 3952
f 3952 4052 3956
f 3956 4052 3960
f 3960 4052 3964
f 3964 4052 3968
f 3968 4052 3972
f 3972 4052 3976
f 3976 4052 3980
f 3980 4052 3984
f 3984 4052 3988
f 3988 4052 3992
f 3992 4052 3996
f 3996 4052 4000
f 4000 4052 4004
f 4004 4052 4008
f 4008 4052 4012
f 4012 4052 4016
f 4016 4052 4020
f 4020 4052 4024
f 4024 4052 4028
f 4028 4052 4032
f 4032 4052 4036
f 4036 4052 4040
f 4040 4052 4044
f 4044 4052 4048
f 4048 4052 4053
f 4053 4052 4057
f 4060 3934 3935
f 4058 3932 3933
f 4058 3934 4059
f 4057 4052 3932
f 4069 4081 4082
f 4066 4080 4067
f 4065 4077 4078
f 4063 4075 4076
f 4071 4085 4072
f 4069 4083 4070
f 4067 4081 4068
f 4066 4078 4079
f 4063 4077 4064
f 4061 4075 4062
f 4072 4086 4073
f 4071 4083 4084
f 4076 4090 4077
f 4074 4088 4075
f 4086 4098 4099
f 4083 4097 4084
f 4082 4094 4095
f 4079 4093 4080
f 4078 4090 4091
f 4076 4088 4089
f 4085 4097 4098
f 4082 4096 4083
f 4080 4094 4081
f 4079 4091 4092
f 4089 4103 4090
f 4088 4100 4101
f 4098 4112 4099
f 4096 4110 4097
f 4095 4107 4108
f 4092 4106 4093
f 4090 4104 4091
f 4089 4101 4102
f 4097 4111 4098
f 4095 4109 4096
f 4094 4106 4107
f 4092 4104 4105
f 4103 4115 4116
f 4100 4114 4101
f 4112 4124 4125
f 4110 4122 4123
f 4107 4121 4108
f 4105 4119 4106
f 4103 4117 4104
f 4101 4115 4102
f 4110 4124 4111
f 4109 4121 4122
f 4107 4119 4120
f 4105 4117 4118
f 4115 4129 4116
f 4114 4126 4127
f 4124 4138 4125
f 4123 4135 4136
f 4120 4134 4121
f 4119 4131 4132
f 4117 4129 4130
f 4114 4128 4115
f 4124 4136 4137
f 4122 4134 4135
f 4119 4133 4120
f 4117 4131 4118
f 4129 4141 4142
f 4126 4140 4127
f 4138 4150 4151
f 4136 4148 4149
f 4133 4147 4134
f 4131 4145 4132
f 4130 4142 4143
f 4127 4141 4128
f 4137 4149 4150
f 4135 4147 4148
f 4132 4146 4133
f 4131 4143 4144
f 4142 4154 4155
f 4140 4152 4153
f 4150 4164 4151
f 4149 4161 4162
f 4146 4160 4147
f 4144 4158 4145
f 4142 4156 4143
f 4140 4154 4141
f 4149 4163 4150
f 4148 4160 4161
f 4146 4158 4159
f 4144 4156 4157
f 4155 4167 4168
f 4153 4165 4166
f 4163 4177 4164
f 4161 4175 4162
f 4159 4173 4160
f 4158 4170 4171
f 4155 4169 4156
f 4153 4167 4154
f 4163 4175 4176
f 4161 4173 4174
f 4159 4171 4172
f 4156 4170 4157
f 4167 4181 4168
f 4165 4179 4166
f 4176 4190 4177
f 4175 4187 4188
f 4173 4185 4186
f 4170 4184 4171
f 4169 4181 4182
f 4167 4179 4180
f 4175 4189 4176
f 4173 4187 4174
f 4171 4185 4172
f 4170 4182 4183
f 4180 4194 4181
f 4178 4192 4179
f 4190 4202 4203
f 4187 4201 4188
f 4186 4198 4199
f 4183 4197 4184
f 4182 4194 4195
f 4180 4192 4193
f 4189 4201 4202
f 4186 4200 4187
f 4184 4198 4185
f 4183 4195 4196
f 4193 4207 4194
f 4192 4204 4205
f 4202 4216 4203
f 4200 4214 4201
f 4199 4211 4212
f 4196 4210 4197
f 4194 4208 4195
f 4193 4205 4206
f 4201 4215 4202
f 4199 4213 4200
f 4198 4210 4211
f 4196 4208 4209
f 4207 4219 4220
f 4204 4218 4205
f 4216 4228 4229
f 4213 4227 4214
f 4211 4225 4212
f 4209 4223 4210
f 4207 4221 4208
f 4205 4219 4206
f 4214 4228 4215
f 4213 4225 4226
f 4211 4223 4224
f 4209 4221 4222
f 4219 4233 4220
f 4218 4230 4231
f 4228 4242 4229
f 4226 4240 4227
f 4225 4237 4238
f 4223 4235 4236
f 4221 4233 4234
f 4218 4232 4219
f 4228 4240 4241
f 4226 4238 4239
f 4223 4237 4224
f 4221 4235 4222
f 4233 4245 4246
f 4230 4244 4231
f 4242 4254 4255
f 4240 4252 4253
f 4237 4251 4238
f 4235 4249 4236
f 4234 4246 4247
f 4231 4245 4232
f 4241 4253 4254
f 4239 4251 4252
f 4236 4250 4237
f 4235 4247 4248
f 4246 4258 4259
f 4244 4256 4257
f 4254 4268 4255
f 4253 4265 4266
f 4250 4264 4251
f 4248 4262 4249
f 4246 4260 4247
f 4244 4258 4245
f 4253 4267 4254
f 4252 4264 4265
f 4250 4262 4263
f 4248 4260 4261
f 4259 4271 4272
f 4257 4269 4270
f 4267 4281 4268
f 4265 4279 4266
f 4263 4277 4264
f 4262 4274 4275
f 4259 4273 4260
f 4257 4271 4258
f 4266 4280 4267
f 4265 4277 4278
f 4263 4275 4276
f 4260 4274 4261
f 4271 4285 4272
f 4269 4283 4270
f 4281 4293 4294
f 4279 4291 4292
f 4277 4289 4290
f 4274 4288 4275
f 4273 4285 4286
f 4271 4283 4284
f 4280 4292 4293
f 4277 4291 4278
f 4275 4289 4276
f 4274 4286 4287
f 4284 4298 4285
f 4282 4296 4283
f 4294 4306 4307
f 4291 4305 4292
f 4290 4302 4303
f 4287 4301 4288
f 4286 4298 4299
f 4284 4296 4297
f 4293 4305 4306
f 4290 4304 4291
f 4288 4302 4289
f 4287 4299 4300
f 4297 4311 4298
f 4296 4308 4309
f 4306 4320 4307
f 4304 4318 4305
f 4303 4315 4316
f 4300 4314 4301
f 4298 4312 4299
f 4297 4309 4310
f 4305 4319 4306
f 4304 4316 4317
f 4302 4314 4315
f 4300 4312 4313
f 4310 4324 4311
f 4308 4322 4309
f 4320 4332 4333
f 4318 4330 4331
f 4316 4328 4329
f 4313 4327 4314
f 4311 4325 4312
f 4310 4322 4323
f 4318 4332 4319
f 4316 4330 4317
f 4315 4327 4328
f 4312 4326 4313
f 4323 4337 4324
f 4322 4334 4335
f 4332 4346 4333
f 4330 4344 4331
f 4329 4341 4342
f 4327 4339 4340
f 4325 4337 4338
f 4322 4336 4323
f 4332 4344 4345
f 4330 4342 4343
f 4327 4341 4328
f 4325 4339 4326
f 4337 4350 4351
f 4334 4349 4335
f 4346 4359 4360
f 4344 4357 4358
f 4341 4356 4342
f 4340 4353 4354
f 4338 4351 4352
f 4335 4350 4336
f 4345 4358 4359
f 4343 4356 4357
f 4340 4355 4341
f 4338 4353 4339
f 4351 4363 4364
f 4349 4361 4362
f 4359 4373 4360
f 4358 4370 4371
f 4355 4369 4356
f 4354 4366 4367
f 4351 4365 4352
f 4349 4363 4350
f 4358 4372 4359
f 4357 4369 4370
f 4355 4367 4368
f 4352 4366 4353
f 4364 4376 4377
f 4362 4374 4375
f 4373 4385 4386
f 4370 4384 4371
f 4368 4382 4369
f 4367 4379 4380
f 4364 4378 4365
f 4362 4376 4363
f 4372 4384 4385
f 4370 4382 4383
f 4368 4380 4381
f 4365 4379 4366
f 4376 4390 4377
f 4374 4388 4375
f 4385 4399 4386
f 4384 4396 4397
f 4382 4394 4395
f 4379 4393 4380
f 4378 4390 4391
f 4376 4388 4389
f 4384 4398 4385
f 4382 4396 4383
f 4380 4394 4381
f 4379 4391 4392
f 4389 4403 4390
f 4387 4401 4388
f 4399 4411 4412
f 4396 4410 4397
f 4395 4407 4408
f 4393 4405 4406
f 4391 4403 4404
f 4389 4401 4402
f 4398 4410 4411
f 4395 4409 4396
f 4393 4407 4394
f 4391 4405 4392
f 4402 4416 4403
f 4401 4413 4414
f 4411 4425 4412
f 4409 4423 4410
f 4408 4420 4421
f 4406 4418 4419
f 4403 4417 4404
f 4402 4414 4415
f 4410 4424 4411
f 4408 4422 4409
f 4407 4419 4420
f 4404 4418 4405
f 4416 4428 4429
f 4413 4427 4414
f 4425 4437 4438
f 4423 4435 4436
f 4421 4433 4434
f 4418 4432 4419
f 4416 4430 4417
f 4415 4427 4428
f 4423 4437 4424
f 4421 4435 4422
f 4420 4432 4433
f 4418 4430 4431
f 4428 4442 4429
f 4426 4440 4427
f 4437 4451 4438
f 4435 4449 4436
f 4434 4446 4447
f 4432 4444 4445
f 4430 4442 4443
f 4427 4441 4428
f 4437 4449 4450
f 4435 4447 4448
f 4432 4446 4433
f 4430 4444 4431
f 4442 4454 4455
f 4439 4453 4440
f 4451 4463 4464
f 4449 4461 4462
f 4446 4460 4447
f 4444 4458 4445
f 4443 4455 4456
f 4440 4454 4441
f 4450 4462 4463
f 4447 4461 4448
f 4445 4459 4446
f 4444 4456 4457
f 4455 4467 4468
f 4453 4465 4466
f 4463 4477 4464
f 4462 4474 4475
f 4459 4473 4460
f 4457 4471 4458
f 4455 4469 4456
f 4453 4467 4454
f 4462 4476 4463
f 4461 4473 4474
f 4459 4471 4472
f 4457 4469 4470
f 4347 4073 4086
f 4347 4086 4099
f 4347 4099 4112
f 4347 4112 4125
f 4347 4125 4138
f 4347 4138 4151
f 4347 4151 4164
f 4347 4164 4177
f 4347 4177 4190
f 4347 4190 4203
f 4347 4203 4216
f 4347 4216 4229
f 4347 4229 4242
f 4347 4242 4255
f 4347 4255 4268
f 4347 4268 4281
f 4347 4281 4294
f 4347 4294 4307
f 4347 4307 4320
f 4347 4320 4333
f 4347 4333 4346
f 4347 4346 4360
f 4347 4360 4373
f 4347 4373 4386
f 4347 4386 4399
f 4347 4399 4412
f 4347 4412 4425
f 4347 4425 4438
f 4347 4438 4451
f 4347 4451 4464
f 4347 4464 4477
f 4468 4063 4064
f 4466 4061 4062
f 4477 4072 4073
f 4474 4071 4475
f 4472 4069 4473
f 4471 4066 4067
f 4468 4065 4469
f 4466 4063 4467
f 4347 4477 4073
f 4476 4071 4072
f 4474 4069 4070
f 4472 4067 4068
f 4469 4066 4470
f 3935 4465 4060
f 4465 4056 4060
f 4452 4051 4056
f 4439 4047 4051
f 4047 4413 4043
f 4043 4400 4039
f 4039 4387 4035
f 4387 4031 4035
f 4031 4361 4027
f 4361 4023 4027
f 4348 4019 4023
f 4334 4015 4019
f 4015 4308 4011
f 4011 4295 4007
f 4007 4282 4003
f 4282 3999 4003
f 3999 4256 3995
f 4256 3991 3995
f 4243 3987 3991
f 4230 3983 3987
f 3983 4204 3979
f 3979 4191 3975
f 3975 4178 3971
f 4178 3967 3971
f 3967 4152 3963
f 4152 3959 3963
f 4139 3955 3959
f 4126 3951 3955
f 3951 4100 3947
f 3947 4087 3943
f 3943 4074 3939
f 4074 3935 3939
f 4480 4483 4484
f 4480 4485 4481
f 4479 4482 4483
f 4484 4489 4485
f 4482 4487 4483
f 4483 4488 4484
f 4488 4493 4489
f 4487 4490 4491
f 4488 4491 4492
f 4493 4496 4497
f 4490 4495 4491
f 4491 4496 4492
f 4496 4501 4497
f 4495 4498 4499
f 4496 4499 4500
f 4501 4504 4505
f 4498 4503 4499
f 4499 4504 4500
f 4505 4508 4509
f 4503 4506 4507
f 4504 4507 4508
f 4509 4512 4513
f 4506 4511 4507
f 4507 4512 4508
f 4513 4516 4517
f 4511 4514 4515
f 4512 4515 4516
f 4516 4521 4517
f 4514 4519 4515
f 4515 4520 4516
f 4520 4525 4521
f 4518 4523 4519
f 4520 4523 4524
f 4525 4528 4529
f 4522 4527 4523
f 4523 4528 4524
f 4528 4533 4529
f 4527 4530 4531
f 4528 4531 4532
f 4533 4536 4537
f 4530 4535 4531
f 4531 4536 4532
f 4537 4540 4541
f 4534 4539 4535
f 4536 4539 4540
f 4541 4544 4545
f 4539 4542 4543
f 4539 4544 4540
f 4544 4549 4545
f 4542 4547 4543
f 4544 4547 4548
f 4548 4553 4549
f 4547 4550 4551
f 4547 4552 4548
f 4552 4557 4553
f 4551 4554 4555
f 4552 4555 4556
f 4557 4560 4561
f 4554 4559 4555
f 4555 4560 4556
f 4560 4565 4561
f 4559 4562 4563
f 4560 4563 4564
f 4565 4568 4569
f 4562 4567 4563
f 4563 4568 4564
f 4569 4572 4573
f 4567 4570 4571
f 4568 4571 4572
f 4572 4577 4573
f 4570 4575 4571
f 4571 4576 4572
f 4576 4581 4577
f 4575 4578 4579
f 4576 4579 4580
f 4580 4585 4581
f 4578 4583 4579
f 4579 4584 4580
f 4584 4589 4585
f 4583 4586 4587
f 4584 4587 4588
f 4589 4592 4593
f 4586 4591 4587
f 4587 4592 4588
f 4592 4597 4593
f 4591 4594 4595
f 4592 4595 4596
f 4597 4601 4602
f 4594 4600 4595
f 4595 4601 4596
f 4602 4605 4606
f 4600 4603 4604
f 4601 4604 4605
f 4478 4598 4482
f 4482 4598 4486
f 4486 4598 4490
f 4490 4598 4494
f 4494 4598 4498
f 4498 4598 4502
f 4502 4598 4506
f 4506 4598 4510
f 4510 4598 4514
f 4514 4598 4518
f 4518 4598 4522
f 4522 4598 4526
f 4526 4598 4530
f 4530 4598 4534
f 4534 4598 4538
f 4538 4598 4542
f 4542 4598 4546
f 4546 4598 4550
f 4550 4598 4554
f 4554 4598 4558
f 4558 4598 4562
f 4562 4598 4566
f 4566 4598 4570
f 4570 4598 4574
f 4574 4598 4578
f 4578 4598 4582
f 4582 4598 4586
f 4586 4598 4590
f 4590 4598 4594
f 4594 4598 4599
f 4599 4598 4603
f 4606 4480 4481
f 4603 4479 4604
f 4604 4480 4605
f 4603 4598 4478
f 4615 4627 4628
f 4612 4626 4613
f 4611 4623 4624
f 4609 4621 4622
f 4618 4630 4631
f 4615 4629 4616
f 4613 4627 4614
f 4612 4624 4625
f 4609 4623 4610
f 4607 4621 4608
f 4619 4631 4632
f 4617 4629 4630
f 4622 4636 4623
f 4620 4634 4621
f 4632 4644 4645
f 4629 4643 4630
f 4628 4640 4641
f 4626 4638 4639
f 4624 4636 4637
f 4622 4634 4635
f 4631 4643 4644
f 4628 4642 4629
f 4626 4640 4627
f 4624 4638 4625
f 4635 4649 4636
f 4634 4646 4647
f 4644 4658 4645
f 4642 4656 4643
f 4641 4653 4654
f 4639 4651 4652
f 4636 4650 4637
f 4635 4647 4648
f 4643 4657 4644
f 4642 4654 4655
f 4640 4652 4653
f 4637 4651 4638
f 4648 4662 4649
f 4646 4660 4647
f 4658 4670 4671
f 4656 4668 4669
f 4653 4667 4654
f 4651 4665 4652
f 4649 4663 4650
f 4648 4660 4661
f 4656 4670 4657
f 4654 4668 4655
f 4653 4665 4666
f 4651 4663 4664
f 4661 4675 4662
f 4660 4672 4673
f 4670 4684 4671
f 4668 4682 4669
f 4667 4679 4680
f 4665 4677 4678
f 4663 4675 4676
f 4661 4673 4674
f 4670 4682 4683
f 4667 4681 4668
f 4665 4679 4666
f 4663 4677 4664
f 4675 4687 4688
f 4672 4686 4673
f 4684 4696 4697
f 4682 4694 4695
f 4679 4693 4680
f 4678 4690 4691
f 4676 4688 4689
f 4673 4687 4674
f 4683 4695 4696
f 4681 4693 4694
f 4678 4692 4679
f 4676 4690 4677
f 4688 4700 4701
f 4686 4698 4699
f 4696 4710 4697
f 4695 4707 4708
f 4692 4706 4693
f 4691 4703 4704
f 4688 4702 4689
f 4686 4700 4687
f 4695 4709 4696
f 4694 4706 4707
f 4692 4704 4705
f 4689 4703 4690
f 4701 4713 4714
f 4699 4711 4712
f 4710 4722 4723
f 4707 4721 4708
f 4705 4719 4706
f 4704 4716 4717
f 4701 4715 4702
f 4699 4713 4700
f 4709 4721 4722
f 4707 4719 4720
f 4705 4717 4718
f 4702 4716 4703
f 4713 4727 4714
f 4711 4725 4712
f 4723 4735 4736
f 4721 4733 4734
f 4719 4731 4732
f 4716 4730 4717
f 4715 4727 4728
f 4713 4725 4726
f 4721 4735 4722
f 4719 4733 4720
f 4717 4731 4718
f 4716 4728 4729
f 4726 4740 4727
f 4724 4738 4725
f 4736 4748 4749
f 4733 4747 4734
f 4732 4744 4745
f 4730 4742 4743
f 4728 4740 4741
f 4726 4738 4739
f 4735 4747 4748
f 4732 4746 4733
f 4730 4744 4731
f 4728 4742 4729
f 4739 4753 4740
f 4738 4750 4751
f 4748 4762 4749
f 4746 4760 4747
f 4745 4757 4758
f 4743 4755 4756
f 4740 4754 4741
f 4739 4751 4752
f 4747 4761 4748
f 4745 4759 4746
f 4744 4756 4757
f 4741 4755 4742
f 4753 4765 4766
f 4750 4764 4751
f 4762 4774 4775
f 4759 4773 4760
f 4758 4770 4771
f 4755 4769 4756
f 4753 4767 4754
f 4752 4764 4765
f 4760 4774 4761
f 4758 4772 4759
f 4757 4769 4770
f 4755 4767 4768
f 4765 4779 4766
f 4764 4776 4777
f 4774 4788 4775
f 4772 4786 4773
f 4771 4783 4784
f 4769 4781 4782
f 4767 4779 4780
f 4765 4777 4778
f 4774 4786 4787
f 4771 4785 4772
f 4769 4783 4770
f 4767 4781 4768
f 4779 4791 4792
f 4776 4790 4777
f 4788 4800 4801
f 4786 4798 4799
f 4783 4797 4784
f 4782 4794 4795
f 4780 4792 4793
f 4777 4791 4778
f 4787 4799 4800
f 4785 4797 4798
f 4782 4796 4783
f 4780 4794 4781
f 4792 4804 4805
f 4790 4802 4803
f 4800 4814 4801
f 4799 4811 4812
f 4796 4810 4797
f 4795 4807 4808
f 4792 4806 4793
f 4790 4804 4791
f 4799 4813 4800
f 4798 4810 4811
f 4796 4808 4809
f 4793 4807 4794
f 4805 4817 4818
f 4803 4815 4816
f 4814 4826 4827
f 4811 4825 4812
f 4809 4823 4810
f 4808 4820 4821
f 4805 4819 4806
f 4803 4817 4804
f 4813 4825 4826
f 4811 4823 4824
f 4809 4821 4822
f 4806 4820 4807
f 4817 4831 4818
f 4815 4829 4816
f 4826 4840 4827
f 4825 4837 4838
f 4823 4835 4836
f 4820 4834 4821
f 4819 4831 4832
f 4817 4829 4830
f 4825 4839 4826
f 4823 4837 4824
f 4821 4835 4822
f 4820 4832 4833
f 4830 4844 4831
f 4828 4842 4829
f 4840 4852 4853
f 4837 4851 4838
f 4836 4848 4849
f 4834 4846 4847
f 4832 4844 4845
f 4830 4842 4843
f 4839 4851 4852
f 4836 4850 4837
f 4834 4848 4835
f 4832 4846 4833
f 4843 4857 4844
f 4842 4854 4855
f 4852 4866 4853
f 4850 4864 4851
f 4849 4861 4862
f 4847 4859 4860
f 4844 4858 4845
f 4843 4855 4856
f 4851 4865 4852
f 4849 4863 4850
f 4848 4860 4861
f 4845 4859 4846
f 4857 4869 4870
f 4855 4867 4868
f 4866 4878 4879
f 4864 4876 4877
f 4862 4874 4875
f 4859 4873 4860
f 4857 4871 4858
f 4856 4868 4869
f 4864 4878 4865
f 4862 4876 4863
f 4861 4873 4874
f 4859 4871 4872
f 4869 4883 4870
f 4868 4880 4881
f 4878 4892 4879
f 4877 4889 4890
f 4874 4888 4875
f 4873 4885 4886
f 4871 4883 4884
f 4868 4882 4869
f 4878 4890 4891
f 4876 4888 4889
f 4873 4887 4874
f 4871 4885 4872
f 4883 4896 4897
f 4880 4895 4881
f 4892 4905 4906
f 4890 4903 4904
f 4887 4902 4888
f 4885 4900 4886
f 4884 4897 4898
f 4881 4896 4882
f 4891 4904 4905
f 4889 4902 4903
f 4886 4901 4887
f 4885 4898 4899
f 4897 4909 4910
f 4895 4907 4908
f 4905 4919 4906
f 4904 4916 4917
f 4901 4915 4902
f 4899 4913 4900
f 4897 4911 4898
f 4895 4909 4896
f 4904 4918 4905
f 4903 4915 4916
f 4901 4913 4914
f 4899 4911 4912
f 4910 4922 4923
f 4908 4920 4921
f 4919 4931 4932
f 4916 4930 4917
f 4914 4928 4915
f 4913 4925 4926
f 4910 4924 4911
f 4908 4922 4909
f 4918 4930 4931
f 4916 4928 4929
f 4914 4926 4927
f 4911 4925 4912
f 4922 4936 4923
f 4920 4934 4921
f 4931 4945 4932
f 4930 4942 4943
f 4928 4940 4941
f 4925 4939 4926
f 4924 4936 4937
f 4922 4934 4935
f 4930 4944 4931
f 4928 4942 4929
f 4926 4940 4927
f 4925 4937 4938
f 4935 4949 4936
f 4933 4947 4934
f 4945 4957 4958
f 4942 4956 4943
f 4941 4953 4954
f 4938 4952 4939
f 4937 4949 4950
f 4935 4947 4948
f 4944 4956 4957
f 4941 4955 4942
f 4939 4953 4940
f 4938 4950 4951
f 4948 4962 4949
f 4947 4959 4960
f 4957 4971 4958
f 4955 4969 4956
f 4954 4966 4967
f 4951 4965 4952
f 4949 4963 4950
f 4948 4960 4961
f 4956 4970 4957
f 4954 4968 4955
f 4953 4965 4966
f 4951 4963 4964
f 4962 4974 4975
f 4959 4973 4960
f 4971 4983 4984
f 4968 4982 4969
f 4966 4980 4967
f 4964 4978 4965
f 4962 4976 4963
f 4960 4974 4961
f 4969 4983 4970
f 4967 4981 4968
f 4966 4978 4979
f 4964 4976 4977
f 4975 4987 4988
f 4973 4985 4986
f 4983 4997 4984
f 4981 4995 4982
f 4979 4993 4980
f 4978 4990 4991
f 4976 4988 4989
f 4973 4987 4974
f 4983 4995 4996
f 4981 4993 4994
f 4978 4992 4979
f 4976 4990 4977
f 4988 5000 5001
f 4985 4999 4986
f 4997 5009 5010
f 4995 5007 5008
f 4992 5006 4993
f 4991 5003 5004
f 4989 5001 5002
f 4986 5000 4987
f 4996 5008 5009
f 4994 5006 5007
f 4991 5005 4992
f 4989 5003 4990
f 5001 5013 5014
f 4999 5011 5012
f 5009 5023 5010
f 5008 5020 5021
f 5005 5019 5006
f 5004 5016 5017
f 5001 5015 5002
f 4999 5013 5000
f 5008 5022 5009
f 5007 5019 5020
f 5005 5017 5018
f 5002 5016 5003
f 4893 4619 4632
f 4893 4632 4645
f 4893 4645 4658
f 4893 4658 4671
f 4893 4671 4684
f 4893 4684 4697
f 4893 4697 4710
f 4893 4710 4723
f 4893 4723 4736
f 4893 4736 4749
f 4893 4749 4762
f 4893 4762 4775
f 4893 4775 4788
f 4893 4788 4801
f 4893 4801 4814
f 4893 4814 4827
f 4893 4827 4840
f 4893 4840 4853
f 4893 4853 4866
f 4893 4866 4879
f 4893 4879 4892
f 4893 4892 4906
f 4893 4906 4919
f 4893 4919 4932
f 4893 4932 4945
f 4893 4945 4958
f 4893 4958 4971
f 4893 4971 4984
f 4893 4984 4997
f 4893 4997 5010
f 4893 5010 5023
f 5014 4609 4610
f 5012 4607 4608
f 5022 4619 5023
f 5020 4617 5021
f 5018 4615 5019
f 5017 4612 4613
f 5014 4611 5015
f 5012 4609 5013
f 4893 5023 4619
f 5021 4618 5022
f 5020 4615 4616
f 5018 4613 4614
f 5015 4612 5016
f 4481 5011 4606
f 5011 4602 4606
f 4998 4597 4602
f 4985 4593 4597
f 4593 4959 4589
f 4589 4946 4585
f 4585 4933 4581
f 4933 4577 4581
f 4577 4907 4573
f 4907 4569 4573
f 4894 4565 4569
f 4880 4561 4565
f 4561 4854 4557
f 4557 4841 4553
f 4553 4828 4549
f 4828 4545 4549
f 4545 4802 4541
f 4802 4537 4541
f 4789 4533 4537
f 4776 4529 4533
f 4529 4750 4525
f 4525 4737 4521
f 4521 4724 4517
f 4724 4513 4517
f 4513 4698 4509
f 4698 4505 4509
f 4685 4501 4505
f 4672 4497 4501
f 4497 4646 4493
f 4493 4633 4489
f 4489 4620 4485
f 4620 4481 4485
f 4 3 2
f 8 7 6
f 13 16 15
f 17 28 19
f 32 31 30
f 36 35 34
f 37 40 39
f 21 22 23
f 25 26 27
f 41 44 43
f 48 47 46
f 52 51 50
f 53 56 55
f 60 59 58
f 29 30 62
f 66 65 64
f 67 5 6
f 72 71 70
f 76 75 74
f 77 80 79
f 81 84 83
f 59 87 86
f 88 91 90
f 96 95 94
f 100 99 98
f 101 104 103
f 106 105 34
f 108 116 115
f 117 119 36
f 124 127 126
f 131 130 129
f 132 102 134
f 142 141 140
f 148 106 60
f 144 143 127
f 149 152 151
f 156 155 154
f 159 150 158
f 116 108 164
f 171 170 169
f 174 126 173
f 179 182 181
f 186 189 188
f 194 197 196
f 199 142 139
f 206 209 208
f 213 212 211
f 202 215 214
f 96 93 216
f 92 238 43
f 97 184 246
f 250 249 229
f 252 254 58
f 258 257 256
f 260 91 229
f 110 111 112
f 114 264 263
f 265 268 267
f 56 53 270
f 274 273 249
f 185 183 63
f 280 279 278
f 285 284 283
f 288 219 211
f 141 142 92
f 289 290 175
f 148 116 105
f 312 311 170
f 238 262 42
f 318 163 160
f 310 309 308
f 241 239 325
f 160 230 240
f 47 48 307
f 108 109 315
f 345 85 86
f 348 351 350
f 356 359 358
f 355 354 353
f 363 31 32
f 364 252 253
f 366 125 368
f 183 372 371
f 163 162 161
f 209 226 101
f 378 377 165
f 379 295 381
f 383 382 3
f 284 285 386
f 387 127 389
f 391 259 229
f 73 281 397
f 405 408 407
f 203 218 411
f 414 121 413
f 1 356 357
f 277 276 131
f 254 344 57
f 358 384 415
f 417 416 386
f 401 400 192
f 419 389 127
f 421 181 182
f 103 301 302
f 428 367 368
f 380 390 359
f 62 204 266
f 140 141 431
f 357 358 351
f 356 1 379
f 415 392 403
f 437 428 436
f 438 441 440
f 188 451 450
f 265 455 181
f 224 185 64
f 237 212 213
f 275 131 128
f 281 282 460
f 50 462 79
f 73 74 282
f 468 467 466
f 390 355 352
f 482 485 484
f 489 488 487
f 493 496 495
f 472 471 470
f 502 501 500
f 220 221 222
f 512 419 143
f 518 517 511
f 513 239 230
f 205 30 31
f 189 370 451
f 163 318 532
f 533 224 225
f 446 448 447
f 335 541 540
f 544 512 546
f 329 519 291
f 199 534 262
f 385 386 416
f 532 190 191
f 363 117 118
f 578 581 580
f 573 572 571
f 561 563 562
f 241 260 259
f 590 593 592
f 545 546 595
f 503 154 155
f 606 625 624
f 478 481 480
f 646 649 648
f 590 591 689
f 564 565 651
f 728 246 184
f 714 724 716
f 692 574 575
f 541 335 581
f 346 68 248
f 161 231 230
f 128 129 94
f 698 705 704
f 574 577 576
f 290 289 401
f 630 631 725
f 733 736 735
f 755 466 496
f 759 480 481
f 757 763 762
f 764 496 466
f 768 767 3808
f 759 760 488
f 492 474 475
f 474 770 769
f 773 468 465
f 771 774 486
f 484 485 775
f 774 776 489
f 495 496 764
f 495 757 761
f 137 397 784
f 325 239 797
f 165 519 51
f 369 32 29
f 730 731 568
f 90 302 301
f 243 118 516
f 800 734 806
f 817 815 808
f 816 808 823
f 306 303 447
f 815 810 809
f 829 830 828
f 726 725 501
f 274 427 424
f 879 882 881
f 884 883 879
f 219 218 217
f 906 905 904
f 455 204 205
f 898 882 830
f 903 900 880
f 377 291 519
f 923 949 948
f 946 947 951
f 3519 740 739
f 900 899 886
f 225 64 65
f 182 445 442
f 809 952 947
f 954 960 962
f 927 950 965
f 885 879 880
f 925 927 966
f 343 342 341
f 965 964 971
f 968 971 970
f 972 968 969
f 963 961 981
f 336 337 338
f 992 993 827
f 810 815 996
f 1007 1001 1002
f 1012 826 827
f 1011 1009 1007
f 294 293 292
f 907 908 920
f 1017 579 1019
f 1020 1023 1022
f 1035 1024 1020
f 1061 1060 1047
f 1063 1061 1046
f 1044 1020 1021
f 1102 1094 1097
f 1116 1126 1118
f 1016 1015 1014
f 881 897 904
f 816 1116 1127
f 1094 948 949
f 514 342 167
f 146 145 81
f 1133 1135 1130
f 1102 1133 1126
f 822 1126 1116
f 1145 1143 1148
f 1076 1144 1151
f 1148 1143 1086
f 1109 1097 1114
f 1154 1153 1156
f 1153 925 967
f 3464 3497 463
f 1144 1147 1152
f 1156 967 1163
f 1164 1162 1169
f 1145 1171 1176
f 1114 1115 1154
f 1183 1155 1164
f 1184 1183 1177
f 1069 1151 1062
f 1023 1191 1194
f 1162 1163 1170
f 1195 1184 1185
f 1183 1196 1176
f 1201 1063 1152
f 1061 1063 1201
f 3825 847 843
f 1203 1202 1195
f 1202 1201 1184
f 1218 1060 1203
f 1060 1061 1202
f 1225 1218 1217
f 671 695 694
f 1219 1217 1024
f 1217 1203 1034
f 1226 1014 1015
f 1243 1242 1234
f 1231 1230 1229
f 847 1243 1233
f 843 1233 1244
f 1233 1234 1245
f 1923 3761 233
f 2100 2108 499
f 3914 3864 2135
f 61 62 323
f 210 211 217
f 1299 1310 1309
f 3863 1230 1231
f 1066 1047 1321
f 1322 1321 1228
f 1060 1218 1321
f 1325 1324 1323
f 1244 1245 1332
f 1290 1234 1242
f 1337 1330 1339
f 1330 1332 1340
f 1341 1332 1245
f 1342 1340 1332
f 1343 1342 1341
f 1344 1341 1294
f 3857 3856 1345
f 1347 1348 1342
f 3856 3854 1295
f 1349 1350 1348
f 3861 1349 1347
f 3853 1347 1343
f 906 898 829
f 905 906 1353
f 865 1356 1355
f 1355 1353 829
f 1357 1355 825
f 1356 1354 1353
f 3834 1337 1338
f 866 1358 1356
f 1358 1359 1354
f 3828 878 1337
f 838 1362 1012
f 1363 1364 1338
f 1368 1363 1339
f 1348 1368 1340
f 1371 1369 3824
f 524 525 526
f 528 529 530
f 1372 1370 1369
f 535 536 537
f 1367 1368 1348
f 1370 1354 1359
f 1369 1359 3833
f 1373 910 903
f 555 556 557
f 1374 909 910
f 1373 904 905
f 1374 1373 1375
f 1375 905 1354
f 1378 920 908
f 376 373 651
f 1388 928 973
f 586 587 588
f 1390 1389 1388
f 1391 1388 969
f 597 598 599
f 600 601 602
f 1392 1391 970
f 608 609 610
f 612 524 523
f 614 615 616
f 617 618 25
f 620 621 622
f 1397 1390 1391
f 1398 1397 1392
f 1400 987 920
f 1402 1403 1165
f 636 637 638
f 930 1404 1402
f 641 642 643
f 929 1402 1169
f 1404 1405 1403
f 1411 1366 1365
f 1412 1406 1415
f 652 653 654
f 609 656 657
f 659 660 661
f 558 663 586
f 665 666 667
f 1413 1411 1406
f 1418 1416 3810
f 1417 1372 1371
f 1416 1371 3829
f 1419 1417 1416
f 1386 909 1374
f 677 678 679
f 1385 1386 1420
f 1420 1374 1376
f 685 686 687
f 1421 1420 1422
f 528 690 691
f 1422 1376 1372
f 1018 1019 747
f 699 700 701
f 1424 578 579
f 3663 1597 1767
f 700 699 711
f 1093 3746 3754
f 717 718 530
f 721 722 723
f 704 1650 3543
f 19 1429 1426
f 1429 1428 1427
f 1658 1659 3542
f 1439 1437 1434
f 1437 1436 1435
f 1426 1427 1433
f 1442 1431 1432
f 742 743 744
f 1432 1433 1441
f 751 752 753
f 1438 1434 1403
f 1446 1445 1444
f 1447 1448 1446
f 3860 1447 1443
f 1415 1367 1445
f 1414 1415 1446
f 2173 1683 469
f 777 778 779
f 780 781 782
f 1676 1693 1806
f 3859 1451 1349
f 789 790 791
f 745 792 793
f 652 794 795
f 1455 1458 1457
f 1454 1367 1350
f 610 691 802
f 3831 3816 698
f 1352 1044 1045
f 1015 1016 1459
f 811 812 813
f 2118 3815 3817
f 819 820 821
f 1466 1463 1194
f 1467 1468 1465
f 1182 1165 1468
f 832 812 833
f 835 836 837
f 1467 1466 1190
f 1469 1470 1444
f 840 700 712
f 1453 1470 1469
f 599 844 845
f 1226 1450 3849
f 851 852 853
f 855 744 856
f 858 859 860
f 861 862 863
f 1014 1226 3855
f 867 676 868
f 870 871 872
f 874 875 876
f 1310 1323 1471
f 1476 1433 1427
f 1461 1476 1475
f 887 888 889
f 788 791 892
f 894 895 896
f 1460 1475 1227
f 901 902 524
f 1465 1478 1477
f 1865 3503 3500
f 911 912 913
f 916 917 918
f 1850 3505 3507
f 921 922 895
f 1479 1435 1436
f 926 664 667
f 1481 562 563
f 269 1483 84
f 931 932 933
f 934 935 614
f 936 685 688
f 938 659 662
f 1484 270 122
f 941 942 835
f 320 321 509
f 1849 3510 3505
f 84 1483 1484
f 1487 1490 1488
f 1757 1758 3502
f 365 1492 1491
f 461 79 80
f 117 363 362
f 1494 540 541
f 926 601 957
f 1477 1441 1433
f 1709 1588 1585
f 119 117 1496
f 271 1497 504
f 511 517 189
f 345 1496 1492
f 57 344 299
f 1501 1499 268
f 267 268 1499
f 974 975 976
f 1678 1652 1693
f 3846 1682 1807
f 557 982 663
f 983 941 984
f 1443 1444 3849
f 421 1500 268
f 989 990 991
f 1490 1487 418
f 279 280 309
f 997 868 676
f 998 26 999
f 1504 418 38
f 1506 1508 1507
f 360 361 1508
f 1506 1486 207
f 939 1005 1006
f 270 1484 1483
f 66 63 546
f 1010 742 793
f 367 428 437
f 244 31 363
f 1670 3532 3534
f 209 206 1510
f 388 389 426
f 427 274 250
f 161 520 521
f 100 246 45
f 1025 1026 608
f 1029 1030 1031
f 939 662 1033
f 41 42 594
f 1036 780 783
f 702 701 1038
f 1040 1041 1042
f 362 32 369
f 187 1520 477
f 70 1487 539
f 1049 600 603
f 613 867 869
f 860 1050 1051
f 1005 1052 1053
f 753 1055 1056
f 1057 1058 1059
f 293 288 1522
f 288 212 1521
f 292 1522 1523
f 331 1507 1508
f 306 452 453
f 100 44 41
f 462 1524 78
f 330 331 1524
f 635 1067 1068
f 1485 1527 1526
f 206 1485 1528
f 1070 1071 1072
f 942 941 1073
f 916 933 1075
f 440 1529 1530
f 157 158 1514
f 1529 162 5
f 371 595 546
f 790 586 663
f 1077 858 857
f 1403 1434 1435
f 1080 1081 1082
f 531 520 1529
f 21 1083 1084
f 272 1532 1531
f 690 712 802
f 335 3571 3567
f 1090 1030 1029
f 1092 795 794
f 1533 396 137
f 661 660 1095
f 69 444 445
f 1099 1100 1101
f 38 39 1536
f 1104 1105 1106
f 852 1107 1108
f 1377 908 909
f 291 377 411
f 316 1536 516
f 539 1488 1533
f 1505 1536 316
f 1110 1111 1112
f 1539 1537 460
f 522 441 1537
f 834 837 1120
f 1122 1123 1124
f 612 1125 1041
f 935 793 615
f 276 278 130
f 1686 3549 3522
f 193 190 1541
f 231 521 1540
f 556 1037 982
f 365 253 85
f 190 532 318
f 1810 765 3574
f 3924 1867 3512
f 1132 983 985
f 208 101 102
f 1134 1033 662
f 1491 518 80
f 429 133 1542
f 1137 1138 915
f 172 436 428
f 1139 1140 1141
f 549 96 54
f 1517 1519 1518
f 834 1119 984
f 1543 513 286
f 1544 797 239
f 133 134 1544
f 506 361 257
f 420 327 328
f 1158 1159 1160
f 587 1104 1103
f 607 1161 1027
f 304 1546 1545
f 364 1491 77
f 69 70 198
f 700 840 1112
f 3877 626 3525
f 1166 719 657
f 1167 1168 858
f 1300 3523 3524
f 1172 1173 1174
f 218 203 200
f 1179 1180 1181
f 372 183 97
f 89 104 227
f 1186 1187 1188
f 172 173 1517
f 1482 84 81
f 1090 1192 1193
f 394 395 353
f 526 525 1198
f 1199 1200 1026
f 606 623 697
f 1204 1205 1206
f 1207 1208 523
f 1209 1210 867
f 914 913 685
f 1478 1436 1441
f 1029 1028 1161
f 1211 1212 1213
f 3858 1453 1451
f 844 1215 1216
f 423 193 273
f 1220 1221 1222
f 22 1223 1224
f 882 898 897
f 1519 1517 173
f 1189 1188 1232
f 349 350 550
f 1071 1235 1236
f 1237 1238 1239
f 1221 1186 1189
f 1510 1528 1512
f 939 1032 1241
f 1556 1530 5
f 1553 1554 394
f 404 1556 67
f 1247 1248 1249
f 142 199 238
f 1251 1067 635
f 850 1252 1253
f 1254 1167 1077
f 57 132 133
f 443 430 552
f 1187 1172 1175
f 1256 1070 831
f 432 405 382
f 741 748 747
f 434 350 351
f 349 432 383
f 251 124 1481
f 395 384 352
f 1518 1519 1550
f 1558 410 378
f 109 263 314
f 285 1514 1513
f 395 394 393
f 202 203 410
f 417 408 405
f 1246 1257 1258
f 3 1559 297
f 1259 1260 1261
f 403 404 347
f 955 954 953
f 462 50 51
f 1096 1095 687
f 429 147 60
f 896 1264 1265
f 1267 721 1268
f 423 424 327
f 37 179 180
f 20 23 1187
f 1256 1168 1071
f 1188 1175 1269
f 1236 1270 1271
f 1272 536 535
f 565 564 463
f 1273 792 745
f 876 1254 1255
f 316 33 164
f 437 1516 503
f 194 1494 1495
f 1275 1276 864
f 624 625 631
f 1277 1274 1137
f 569 568 567
f 1481 124 125
f 324 325 547
f 1279 1108 1107
f 1525 332 329
f 1281 1278 1137
f 171 168 1553
f 1488 73 396
f 1557 1561 1562
f 1282 856 1206
f 1053 1277 1278
f 778 777 607
f 713 583 3566
f 251 225 144
f 4 357 348
f 709 708 707
f 728 48 45
f 261 135 1563
f 789 1286 1287
f 74 314 263
f 403 284 385
f 1178 1181 1240
f 1223 1259 1289
f 1220 20 1186
f 296 1518 354
f 784 459 1538
f 1181 1180 1291
f 1269 1292 1257
f 1566 1538 438
f 136 784 1566
f 1563 1564 169
f 107 114 109
f 1297 1282 1298
f 1464 1477 1476
f 1520 187 507
f 1301 1302 1303
f 1306 1307 1308
f 175 456 1532
f 1532 456 200
f 1311 1266 1312
f 872 1314 1315
f 3836 843 878
f 1305 1308 864
f 1040 1275 863
f 1564 1566 399
f 592 1576 1575
f 591 1575 1088
f 1581 1584 1583
f 1196 1152 1147
f 710 582 583
f 285 407 408
f 953 954 961
f 1594 1592 1589
f 1585 1588 1587
f 1592 1591 1590
f 3885 945 944
f 1600 1599 1598
f 1604 1603 1602
f 1399 1392 979
f 1589 1590 1596
f 1610 1609 1608
f 298 257 361
f 551 552 276
f 1627 1626 3814
f 859 811 818
f 1078 857 1328
f 1555 439 1530
f 572 573 680
f 772 465 776
f 977 1281 918
f 404 403 392
f 1054 1331 750
f 1644 1645 1643
f 932 1265 1082
f 1067 1333 1334
f 1540 1539 264
f 597 1335 643
f 471 761 762
f 1642 696 3831
f 1644 1642 3842
f 923 946 950
f 96 549 548
f 520 531 522
f 445 444 443
f 849 839 848
f 480 759 755
f 1646 760 481
f 311 426 1567
f 464 463 3497
f 3497 1360 1361
f 234 237 236
f 190 193 192
f 153 154 152
f 231 287 286
f 1552 1553 1551
f 760 1646 1648
f 3832 1647 1649
f 828 827 826
f 52 167 166
f 1663 1662 1661
f 287 107 115
f 668 671 670
f 634 645 640
f 553 560 559
f 118 36 33
f 492 484 491
f 3552 1652 1651
f 582 589 584
f 384 395 392
f 1381 1382 1383
f 1562 1561 435
f 952 953 951
f 3529 3566 583
f 1660 1661 1667
f 1394 1395 1396
f 1660 1665 1664
f 1671 1670 1669
f 1624 1625 1673
f 1407 1408 1409
f 1677 1676 1675
f 1613 1679 1677
f 1679 1678 1676
f 1626 1681 3811
f 534 199 198
f 803 733 734
f 400 248 191
f 65 66 143
f 3526 1657 1656
f 402 159 157
f 629 628 627
f 461 477 49
f 758 757 495
f 796 787 786
f 406 407 1513
f 342 343 166
f 1694 1659 1658
f 1692 1687 1694
f 3557 1693 1652
f 3921 1704 1703
f 326 547 302
f 3916 3921 1702
f 3919 3918 1698
f 1699 1691 3927
f 1557 406 1560
f 1127 1116 1117
f 400 401 289
f 1706 1702 1707
f 1707 1702 1599
f 1709 1706 1708
f 1714 1712 1711
f 3919 3915 1709
f 1704 1711 1577
f 1716 1714 1713
f 1559 1562 1549
f 1722 1721 1720
f 1335 597 596
f 410 411 377
f 973 1170 1163
f 168 169 399
f 1571 682 1089
f 1572 681 682
f 749 646 647
f 1730 1724 1723
f 1594 1582 1729
f 1729 1723 1591
f 1384 1378 1377
f 1732 1731 1712
f 1724 1730 1731
f 1722 1724 1732
f 1721 1722 1733
f 1734 1733 1716
f 1735 1737 1736
f 1733 1732 1714
f 1663 1664 1741
f 1742 1665 1740
f 1738 1739 1737
f 1665 1660 1666
f 1665 1742 1744
f 1725 1726 1746
f 1591 1725 1745
f 1590 1745 1747
f 1745 1746 1748
f 1659 1688 3538
f 3287 1760 3545
f 1185 1177 1182
f 1664 1744 1749
f 1741 1749 1739
f 1746 1742 1743
f 1726 1744 1742
f 1115 924 1153
f 1654 3546 3575
f 1896 3562 3549
f 1720 1749 1744
f 1721 1739 1749
f 1750 1718 1701
f 1697 1736 1750
f 1151 1152 1063
f 1751 1752 1670
f 1695 1658 1752
f 961 962 986
f 1770 1769 1768
f 1766 1594 1593
f 1731 1759 1579
f 1579 1777 1774
f 3928 1772 1771
f 1764 1772 3928
f 1777 1776 1775
f 3762 3763 1699
f 1004 1127 1128
f 1774 1775 1771
f 987 1400 1399
f 1578 1774 1772
f 1783 1782 1781
f 1597 1598 1770
f 639 1878 3895
f 3928 3929 1769
f 1793 1792 1789
f 3929 3920 1798
f 3508 3516 3773
f 1802 1867 3924
f 1788 1790 1794
f 1793 1794 1795
f 3773 3772 1675
f 1584 1581 1783
f 1771 1797 3920
f 1801 1799 1798
f 1768 1769 1798
f 1775 1796 1797
f 508 514 515
f 1796 1803 1802
f 1800 1798 3920
f 1794 1805 1804
f 3532 1670 1752
f 485 1808 1807
f 3809 3844 1640
f 3837 3844 1810
f 485 482 1640
f 1690 1691 3770
f 487 488 1648
f 3839 1813 1816
f 3838 1811 1648
f 3839 1812 1811
f 1812 1809 487
f 1641 1809 767
f 465 466 755
f 767 1815 3823
f 3822 1816 3826
f 1809 1812 1815
f 3837 1653 1651
f 675 672 3541
f 1814 1649 1822
f 1821 1822 3821
f 1824 1822 1649
f 1827 1849 1850
f 1668 1669 1662
f 1779 1780 1848
f 1790 1827 1805
f 1833 1836 1853
f 3521 3506 693
f 1614 1615 1616
f 1852 1853 3498
f 1620 1621 1622
f 1855 1765 1574
f 1847 1852 3501
f 1766 1765 1855
f 1629 1630 1631
f 1633 1622 1634
f 1635 1636 1637
f 1848 1833 1852
f 1855 1861 1863
f 1803 1866 1867
f 1862 1863 1831
f 1782 1855 1862
f 3922 3924 1865
f 1873 1872 1870
f 1874 1869 799
f 2045 3878 3897
f 1219 1345 1295
f 1615 1614 1396
f 3884 3895 1877
f 645 3898 3786
f 1345 1219 1035
f 634 639 3884
f 15 1887 1327
f 3910 3895 1878
f 1894 604 605
f 3506 3551 627
f 3560 640 645
f 340 341 454
f 1897 194 195
f 1889 1882 1877
f 1901 94 129
f 196 749 754
f 1705 1704 3921
f 340 378 166
f 1570 1480 563
f 1904 1494 194
f 1781 1862 1832
f 1905 549 55
f 1000 994 995
f 986 919 920
f 1191 1185 1190
f 2094 2077 2075
f 1920 1921 1919
f 453 454 1912
f 1915 1919 1918
f 3882 2112 2106
f 1655 3575 3531
f 1916 1918 1926
f 704 3554 3561
f 278 1916 1925
f 3565 3564 1818
f 1097 949 1115
f 1927 1928 727
f 3578 3579 3654
f 1920 310 307
f 1929 307 48
f 503 504 1497
f 1902 1903 787
f 1816 1821 3820
f 1925 1926 1923
f 1535 1569 1568
f 254 252 258
f 1509 1497 366
f 119 86 35
f 219 288 293
f 141 46 47
f 542 205 244
f 1940 552 430
f 1779 1828 1827
f 1701 1710 3915
f 1661 3550 3515
f 270 53 754
f 197 1947 749
f 1727 1728 1212
f 53 54 232
f 1465 1468 1479
f 1284 3862 3854
f 1951 446 412
f 168 398 1554
f 1486 1485 206
f 506 77 78
f 994 1001 1007
f 951 953 963
f 1013 3859 3861
f 3826 3820 1820
f 1498 1909 1954
f 299 298 543
f 1754 1755 1756
f 1681 469 1683
f 1696 1694 1695
f 13 14 738
f 473 476 475
f 482 1641 768
f 204 62 30
f 1761 1762 820
f 611 1763 1125
f 1501 1503 1908
f 1074 1073 711
f 1960 1944 82
f 120 1956 1960
f 35 86 87
f 1773 1199 1025
f 1965 1545 1569
f 494 761 471
f 1966 1967 1969
f 446 1951 1971
f 174 368 125
f 1580 1579 1578
f 1785 1786 1787
f 1972 1546 304
f 1254 876 875
f 1973 341 342
f 321 1912 1973
f 1910 277 275
f 509 1973 514
f 1486 1507 1527
f 1974 1874 804
f 1977 1976 1974
f 1980 448 1966
f 379 1 2
f 1718 1715 1710
f 884 995 992
f 1680 1684 1678
f 902 990 525
f 344 255 256
f 135 138 137
f 448 446 1967
f 589 605 604
f 910 909 908
f 1981 1966 1968
f 1982 1981 1987
f 1988 1979 1987
f 1990 1988 1989
f 1991 1989 1993
f 322 321 320
f 992 828 830
f 1144 1076 1086
f 1995 1977 1978
f 1133 1129 1118
f 1997 1995 1994
f 870 1823 1335
f 805 806 1982
f 727 184 2000
f 1996 1994 1988
f 1994 1978 1979
f 1829 616 792
f 1830 1073 941
f 798 803 800
f 729 732 731
f 2011 2012 2023
f 1834 1835 846
f 402 283 284
f 2022 2023 2024
f 1838 718 989
f 810 955 952
f 1823 1839 1840
f 1430 1426 1432
f 1215 844 1841
f 1316 1208 873
f 2112 1401 1384
f 1842 1843 1844
f 1159 846 845
f 837 27 1846
f 1971 1951 2030
f 517 369 370
f 1471 2026 2027
f 3551 3525 626
f 2174 2175 770
f 935 934 1854
f 1613 1619 1611
f 1231 1228 1225
f 1856 1857 891
f 1300 1309 748
f 1150 1149 1858
f 1643 606 696
f 1215 1265 1264
f 1320 1860 902
f 1956 1943 1944
f 2031 668 669
f 2034 1325 1310
f 1879 1880 1656
f 40 245 242
f 1992 1993 2039
f 888 958 957
f 1882 1889 1996
f 1078 1138 1255
f 1871 912 1192
f 294 411 218
f 1323 2041 2026
f 123 1960 83
f 1324 2036 2041
f 384 358 359
f 1324 1325 2038
f 1883 1884 1885
f 287 1540 114
f 1096 1886 1134
f 915 1329 931
f 806 1980 1981
f 3533 3529 584
f 1425 2030 2042
f 1018 2042 1948
f 3562 1896 740
f 1948 2042 649
f 1881 1882 1990
f 1900 129 130
f 992 995 994
f 923 927 925
f 3878 2045 2047
f 1643 2048 625
f 2050 2052 2051
f 2045 1405 1404
f 3876 2047 945
f 1139 1080 1079
f 1037 1856 892
f 2055 2053 2057
f 1198 989 718
f 1619 2058 1612
f 2058 1605 1606
f 2059 2060 1607
f 2058 1619 1624
f 71 72 179
f 405 406 1557
f 322 1548 1972
f 2061 2052 2063
f 2066 2065 2067
f 2052 2061 2064
f 1609 1610 2066
f 1515 151 152
f 1009 827 993
f 1644 3843 3815
f 279 1915 1916
f 1285 3863 3862
f 1647 2066 1825
f 2056 2057 2067
f 319 320 1953
f 667 666 1913
f 2070 631 625
f 2052 2050 2055
f 2038 1654 1655
f 1606 1601 2073
f 1235 1917 1270
f 2072 2073 2075
f 2059 1606 2072
f 2074 2075 2077
f 1601 1602 2078
f 2049 2048 1643
f 1000 1004 1001
f 1089 943 684
f 1931 1286 1306
f 1462 1459 1021
f 1932 1933 1934
f 875 874 1846
f 1936 1051 1937
f 44 45 46
f 1534 1955 1956
f 1541 318 317
f 2081 2082 2084
f 146 1945 1959
f 1360 1941 1942
f 985 984 1032
f 1995 1997 1892
f 2079 2080 2082
f 2095 2096 2076
f 2081 2093 2078
f 2055 2050 2054
f 501 2096 2095
f 2097 2100 2099
f 2098 2099 2094
f 2140 2141 3893
f 2141 2046 3894
f 2051 2070 2048
f 592 2102 2101
f 2071 2064 2076
f 2102 2097 2098
f 593 2103 2102
f 1019 1895 746
f 1950 11 12
f 725 2071 2096
f 1385 2105 2104
f 1379 2104 2106
f 2107 2108 2100
f 3908 726 502
f 3896 502 499
f 940 1389 2109
f 928 929 1170
f 3868 590 684
f 1962 1963 1964
f 3878 680 573
f 2039 1993 1968
f 1389 1390 2110
f 1398 2111 2113
f 3757 3755 3753
f 3911 3883 2107
f 949 923 924
f 260 241 324
f 1390 1397 2113
f 2070 2051 2064
f 3867 3911 2103
f 2105 1385 1421
f 2114 1421 1423
f 3892 2114 2115
f 3908 2105 2114
f 554 2116 1902
f 972 1163 967
f 1765 1593 1573
f 1984 1985 1986
f 2053 2117 2069
f 3573 3556 724
f 1625 1677 1674
f 3881 3888 2119
f 3903 2115 2123
f 56 1954 1906
f 626 3877 3879
f 2001 2002 2003
f 3912 3841 2127
f 2006 2007 2008
f 2127 1413 1412
f 2014 2015 2016
f 2018 2019 2020
f 1495 1424 1947
f 1379 1377 1386
f 3814 3811 1680
f 2029 1885 1884
f 3902 2128 2120
f 629 3879 3914
f 682 683 943
f 724 1650 2121
f 1757 1819 3821
f 765 1810 3844
f 3851 714 715
f 706 707 3870
f 981 986 987
f 1457 1868 1656
f 2017 2016 2032
f 1458 1655 1868
f 1776 1777 1792
f 1959 1945 1946
f 3663 3715 3725
f 3913 3881 2122
f 1093 1089 689
f 966 965 968
f 3852 715 3881
f 2172 3577 2170
f 670 2138 2137
f 3761 787 1903
f 1429 19 28
f 964 963 978
f 3841 3813 1413
f 1473 1474 669
f 3834 3833 1359
f 2138 798 1870
f 1872 1473 2137
f 715 716 3888
f 1881 1991 1992
f 3843 3842 739
f 1837 1847 3513
f 253 58 59
f 1808 3837 3840
f 1647 3832 3818
f 3865 3866 671
f 2112 3882 3883
f 1405 2045 2044
f 3829 3824 1364
f 273 1541 391
f 576 632 3520
f 3875 3865 668
f 1430 1431 2140
f 2136 3850 3860
f 1430 2139 18
f 3893 3894 570
f 1442 1439 2046
f 1431 1442 2141
f 3869 3913 3850
f 3808 3823 1817
f 3866 3893 695
f 2142 2025 798
f 571 2143 2142
f 3819 3814 1618
f 2143 2022 2025
f 694 2142 2138
f 681 1572 2144
f 2144 2011 2022
f 328 210 457
f 1572 2010 2011
f 630 3892 3903
f 2085 2086 2087
f 2090 2091 2092
f 572 2144 2143
f 1875 1976 2153
f 1873 1875 2149
f 2103 2107 2097
f 2157 2043 2155
f 2128 1412 1414
f 3874 3871 589
f 3872 3870 628
f 2149 2153 2158
f 2159 2158 3905
f 698 3907 3902
f 3823 3847 3827
f 2158 2156 3874
f 1438 2044 2046
f 2035 2154 2160
f 2161 2160 3889
f 3871 3891 605
f 3873 17 18
f 370 29 61
f 649 1951 413
f 2153 2157 2156
f 1428 1429 1449
f 1490 76 73
f 3890 3905 710
f 2155 1891 3891
f 1456 1457 1880
f 2125 2088 2087
f 2160 2159 3890
f 300 1959 505
f 1064 1062 1046
f 2043 1892 1891
f 2129 2130 2004
f 2131 2132 2133
f 3848 3849 1450
f 1998 1975 804
f 3879 673 3864
f 474 492 490
f 1164 1165 1182
f 707 2162 3909
f 708 1472 2162
f 2162 2161 3886
f 548 549 1905
f 1145 1136 1114
f 705 2121 1650
f 2043 2157 1977
f 737 738 554
f 1034 1195 1191
f 458 1905 1907
f 195 196 232
f 2040 2039 1969
f 2145 2146 2147
f 2054 2050 2049
f 3832 1646 1639
f 9 12 11
f 252 364 506
f 472 478 479
f 1865 3924 3791
f 900 903 910
f 1941 2150 2151
f 1921 1928 1927
f 2163 1897 1898
f 271 156 153
f 1904 1326 12
f 282 263 264
f 1872 1873 2154
f 1326 1904 1897
f 628 692 693
f 1724 1722 1719
f 1549 1562 436
f 1582 1583 1730
f 1921 1920 1929
f 3563 3511 10
f 2152 2037 1950
f 475 772 774
f 769 2172 2171
f 2171 2165 476
f 476 773 772
f 1791 565 464
f 2166 2167 2168
f 595 371 372
f 483 1809 1641
f 762 2174 2173
f 771 483 484
f 486 487 1809
f 297 1549 1517
f 763 2175 2174
f 776 755 759
f 184 185 2176
f 412 447 303
f 2005 2176 185
f 3811 1681 1682
f 2164 2170 756
f 1472 2035 2161
f 950 951 964
f 2177 2178 2179
f 227 226 1510
f 2182 2183 2184
f 2186 2019 2018
f 1985 2182 2181
f 214 736 729
f 865 849 842
f 849 865 1357
f 559 3187 3188
f 16 13 737
f 560 553 498
f 3193 3196 3195
f 3200 3197 3198
f 3211 3214 3213
f 3215 3218 3217
f 2187 2188 2002
f 2169 2168 2189
f 2192 2086 2085
f 2193 2194 2195
f 2198 2199 2200
f 1998 1982 1979
f 3664 3665 3668
f 2116 1898 1903
f 1859 2006 2009
f 3904 2123 2126
f 1135 1148 1087
f 2201 2202 2015
f 1149 111 110
f 3221 3222 3218
f 2203 2204 2205
f 579 580 1895
f 1755 2207 2208
f 3891 3910 1893
f 1211 2151 2150
f 868 997 2210
f 944 945 930
f 2130 2129 2202
f 233 1903 1898
f 665 751 750
f 1167 1254 999
f 2211 2212 2213
f 2215 2216 2217
f 3867 593 590
f 2220 221 220
f 823 824 948
f 3225 3220 3227
f 266 204 455
f 3882 2108 2107
f 2221 2222 3519
f 2223 2224 2225
f 2207 2125 2124
f 673 674 3869
f 817 1000 996
f 2227 2228 2146
f 1947 1948 646
f 3900 2135 17
f 2229 1635 1638
f 1679 1613 1618
f 1637 2231 2232
f 2233 2234 1617
f 2231 2235 2236
f 1381 1638 2238
f 3586 2241 2242
f 1630 2234 2233
f 1681 1626 472
f 1408 1407 2243
f 3236 3239 3238
f 3232 3241 3240
f 1637 2230 2238
f 3237 3238 3233
f 1409 1408 1634
f 1380 1383 2247
f 1628 2248 2245
f 2249 1623 1622
f 1632 1634 1408
f 2248 1628 1631
f 2235 2231 1637
f 3245 3246 3199
f 631 2070 2071
f 515 167 52
f 782 781 2251
f 2253 2254 2255
f 397 281 459
f 1456 2039 2040
f 2040 2041 2036
f 1401 2112 2111
f 2041 2040 1970
f 1535 121 414
f 1586 1587 2080
f 2256 983 1132
f 1700 1699 3918
f 3815 1896 1686
f 1263 2256 1886
f 598 1841 844
f 2257 2258 2259
f 2258 2261 2262
f 2259 2262 2263
f 2260 2259 2216
f 1967 1971 1970
f 2212 1964 1963
f 922 921 2218
f 1312 1098 1101
f 1307 1306 1286
f 1548 1569 1546
f 2266 2267 2268
f 2265 2268 2270
f 2272 2265 2269
f 2273 2266 2265
f 2275 2276 2277
f 2278 2274 2277
f 2284 2285 3617
f 2287 2283 2286
f 2288 2289 2283
f 2290 2284 3639
f 2291 2292 2293
f 2295 2291 2294
f 2296 2297 2291
f 2297 2298 2292
f 2294 2293 2299
f 2279 2294 2300
f 2298 2301 2302
f 2292 2302 2303
f 2293 2303 2304
f 2304 2305 2306
f 2308 2309 2310
f 2302 2307 2310
f 2301 2311 2307
f 2312 2308 2307
f 2313 2314 2315
f 2318 2319 2320
f 3748 3771 2322
f 2324 2325 2273
f 2313 2324 2326
f 2328 2324 2313
f 2329 2325 2324
f 2331 2332 2333
f 2330 2333 2267
f 2325 2330 2266
f 2329 2331 2330
f 2333 2334 2335
f 2336 2334 2333
f 2338 2336 2332
f 2331 2339 2337
f 2329 2340 2339
f 2328 2341 2340
f 2316 2342 2341
f 2342 2316 2315
f 2344 2345 2346
f 2341 2344 2347
f 2342 2348 2344
f 2348 2349 2345
f 2350 2351 2352
f 2339 2350 2353
f 2340 2347 2350
f 2347 2346 2351
f 2337 2353 2354
f 2353 2352 2355
f 2356 2277 2276
f 2356 2357 2358
f 2356 2359 2296
f 2279 2277 2356
f 2360 2361 2270
f 2267 2335 2360
f 2362 2363 2364
f 2362 2365 2361
f 2366 2362 2358
f 2366 2367 2363
f 2357 2276 2368
f 2366 2368 2369
f 2276 2275 2370
f 2368 2370 2282
f 2372 2373 2374
f 2375 2376 2377
f 2378 2379 2380
f 2382 2378 2381
f 2384 2385 2378
f 2385 2386 2379
f 2388 2389 2390
f 2387 2390 2392
f 2393 2394 2387
f 2394 2395 2388
f 2186 2401 2402
f 2403 2404 2327
f 2272 2403 2326
f 2271 2405 2403
f 2405 2406 2404
f 2404 2407 2408
f 2409 2410 2411
f 2409 2412 2271
f 2413 2409 2269
f 2413 2414 2410
f 2417 2415 2416
f 2417 2418 2406
f 2412 2417 2405
f 2411 2415 2417
f 2406 2419 2407
f 3569 3520 632
f 2420 2398 2397
f 2420 2421 2423
f 2424 2420 2422
f 2424 2399 2398
f 2425 2391 2392
f 2421 2425 2426
f 2397 2396 2425
f 2396 2393 2391
f 2427 2314 2408
f 2430 2427 2428
f 2343 2315 2427
f 2432 2343 2430
f 2431 2430 2429
f 2435 2431 2433
f 2436 2432 2431
f 2428 2408 2407
f 2422 2437 2407
f 2438 2437 2422
f 2429 2428 2437
f 2440 2434 2433
f 2441 2439 2433
f 2442 2443 2439
f 2443 2444 2440
f 2445 2446 2444
f 2447 2445 2443
f 2383 2381 2445
f 2381 2380 2446
f 2448 2438 2423
f 2449 2448 2426
f 2441 2448 2449
f 2441 2429 2438
f 2449 2392 2390
f 2450 2390 2389
f 2447 2450 2451
f 2442 2449 2450
f 2451 2389 2453
f 2452 2453 2455
f 2382 2452 2454
f 2383 2451 2452
f 2456 2457 2373
f 2459 2460 2461
f 2463 2464 2465
f 2462 2465 2285
f 2466 2462 2284
f 2467 2463 2462
f 2461 2460 3703
f 2468 2469 2470
f 2472 2468 2471
f 2474 2461 3701
f 2475 2476 2477
f 2458 2455 2453
f 2479 2453 2389
f 2395 2480 2479
f 2480 2459 2458
f 2481 2482 2483
f 2484 113 2485
f 2471 2470 2464
f 2473 2471 2463
f 2487 2467 2466
f 2486 2466 2290
f 2490 2486 2488
f 2491 2487 2486
f 2492 2473 2467
f 2493 2492 2487
f 2494 2495 2492
f 2495 2472 2473
f 3690 2496 2474
f 3691 2497 2496
f 2498 2494 2493
f 2500 2498 2499
f 3700 3687 2498
f 3687 3691 2494
f 2306 2504 2278
f 2305 2505 2504
f 2504 2505 2507
f 2506 2507 2288
f 2274 2506 2508
f 2278 2504 2506
f 3633 3632 2489
f 3620 3633 2488
f 2507 2509 2289
f 2505 2510 2509
f 2508 2288 2287
f 2511 2287 2281
f 2370 2511 2280
f 2275 2508 2511
f 2512 2490 2489
f 2514 2512 2513
f 2517 2512 2514
f 2517 2491 2490
f 2499 2493 2491
f 2499 2517 2516
f 2510 2505 2519
f 2518 2519 2521
f 3616 2518 2520
f 3632 2510 2518
f 2522 2304 2303
f 2523 2522 2310
f 2305 2304 2522
f 2524 2522 2523
f 2519 2524 2525
f 2505 2305 2524
f 2308 2312 2527
f 2526 2527 2529
f 2531 2526 2528
f 2309 2308 2526
f 1214 2532 2151
f 2419 2406 2418
f 2533 2345 2349
f 2534 2533 2317
f 2535 2536 2533
f 2536 2346 2345
f 2537 2351 2346
f 2538 2537 2536
f 2539 2540 2537
f 2540 2352 2351
f 2312 2355 2541
f 2527 2541 2542
f 2543 2435 2434
f 2545 2543 2544
f 2319 2318 2543
f 2318 2436 2435
f 2514 2515 2548
f 2547 2548 2550
f 2552 2547 2549
f 2552 2516 2514
f 2520 2521 2554
f 2553 2554 2556
f 3590 2553 2555
f 3621 2520 2553
f 2523 2309 2531
f 2557 2531 2530
f 2525 2523 2557
f 2559 2557 2558
f 2554 2559 2560
f 2521 2525 2559
f 2561 2375 2007
f 2376 2562 2225
f 2564 2565 2566
f 2563 2566 338
f 2569 2563 2567
f 2570 2564 2563
f 2572 2573 2574
f 2571 2574 2576
f 2544 2571 2575
f 2544 2434 2572
f 2578 2570 2569
f 2579 2577 2569
f 2574 2577 2579
f 2573 2578 2577
f 2581 2582 2583
f 2584 2580 2583
f 3697 3675 2580
f 3676 2581 2580
f 2582 2516 2552
f 2583 2552 2551
f 2500 2501 2589
f 2590 2588 2589
f 3693 3695 2588
f 3695 3700 2500
f 2501 2516 2591
f 2592 2593 2594
f 2386 2385 2503
f 2596 2379 2386
f 2596 2374 2373
f 2599 2596 2597
f 2599 2380 2379
f 2600 2446 2380
f 2600 2599 2598
f 2603 2600 2601
f 2603 2444 2446
f 2604 2603 2602
f 2440 2604 2605
f 2444 2603 2604
f 2606 2582 2581
f 2606 2607 2590
f 2591 2516 2582
f 3676 2587 2456
f 3689 2456 2372
f 2478 2477 2608
f 2609 2610 2611
f 2564 2570 2613
f 2612 2613 2598
f 2457 2612 2597
f 2565 2564 2612
f 2614 2613 2570
f 2615 2614 2578
f 2602 2601 2614
f 2601 2598 2613
f 2572 2434 2605
f 2616 2605 2602
f 2573 2572 2616
f 1459 1016 1045
f 1265 1215 1079
f 1612 1608 1609
f 2067 2057 2069
f 1135 1109 1136
f 1938 1937 2618
f 95 548 458
f 2058 1607 1608
f 1454 1469 1445
f 655 2620 1048
f 722 1049 2621
f 1131 985 1033
f 562 1481 366
f 1723 1719 1725
f 1786 1123 1122
f 267 300 323
f 1325 2034 1654
f 1468 1165 1435
f 658 657 529
f 8 532 247
f 382 1557 1559
f 788 619 1307
f 940 930 929
f 911 2622 2623
f 2621 2620 655
f 2624 1857 2625
f 998 1846 27
f 635 638 2626
f 2627 641 644
f 2628 2627 1840
f 1200 1199 2627
f 1199 1773 641
f 1520 515 49
f 1452 1350 1349
f 2630 2631 1859
f 644 643 1335
f 1197 1198 717
f 2632 717 719
f 2628 2632 1166
f 2629 1197 2632
f 1762 2633 1050
f 1823 870 873
f 2634 2635 794
f 1042 794 2635
f 93 94 1901
f 2036 2038 1458
f 1527 332 1525
f 877 876 1274
f 134 409 797
f 1328 893 931
f 607 777 1091
f 1043 2635 2637
f 2636 2637 2639
f 1275 2636 2638
f 1275 1040 1043
f 1272 2624 2626
f 2640 2626 638
f 1110 2641 2640
f 536 1272 2640
f 1472 708 1474
f 2042 2030 1951
f 1058 1106 1105
f 2642 2623 2643
f 1192 2642 2644
f 912 2623 2642
f 3898 1657 3526
f 1049 1048 2620
f 616 1829 1885
f 1331 1913 666
f 990 989 1198
f 1911 1912 321
f 1298 1282 1205
f 76 1490 1504
f 1502 1500 421
f 610 609 658
f 1146 937 659
f 2646 911 914
f 1280 1239 1238
f 1453 1454 1452
f 835 942 1843
f 1271 1270 1173
f 1893 1878 1826
f 1050 2633 1937
f 2651 2652 814
f 1006 1053 1281
f 2653 1084 2654
f 1001 1004 1003
f 585 997 679
f 2624 1272 621
f 555 678 2028
f 1207 526 1197
f 1626 1627 478
f 426 389 419
f 1030 1193 1773
f 3898 645 634
f 534 1533 138
f 1125 1092 1042
f 333 228 88
f 569 1570 561
f 1489 2656 871
f 1857 2624 620
f 1673 1674 3770
f 622 861 864
f 619 788 891
f 261 544 545
f 393 1555 1556
f 2658 2659 2647
f 1075 2658 2657
f 1081 1080 2658
f 1080 1139 2659
f 2644 2643 1141
f 2660 1141 1140
f 642 2660 1336
f 1193 2644 2660
f 679 678 555
f 1503 1501 1500
f 1318 1317 1101
f 2661 2659 1139
f 2661 1142 2663
f 2662 2647 2659
f 2662 2663 2622
f 2664 2622 911
f 2648 2664 2646
f 2648 2647 2662
f 2083 2094 2093
f 1442 1440 1437
f 519 329 330
f 1885 2029 1209
f 799 800 805
f 1946 1943 1952
f 1302 1301 1253
f 566 2005 224
f 1389 940 928
f 683 682 681
f 836 835 1842
f 2665 1842 1845
f 2666 2665 1303
f 24 836 2665
f 831 1072 2650
f 1845 1844 1304
f 2010 2013 2012
f 1051 1936 2667
f 1522 1521 1511
f 531 440 441
f 1250 635 2625
f 2669 2625 1857
f 783 2669 1856
f 782 1250 2669
f 720 2670 2671
f 1055 1931 1930
f 1333 1067 1251
f 619 622 1308
f 652 655 2619
f 521 522 1539
f 1838 988 537
f 2672 537 536
f 1113 2672 2641
f 1113 527 1838
f 1016 1013 1351
f 3897 573 570
f 226 227 104
f 3564 3669 3827
f 1036 1037 1884
f 2674 1301 1304
f 2673 1304 1844
f 1334 2673 2675
f 1333 2674 2673
f 2676 702 1039
f 1843 2676 2675
f 942 1074 2676
f 1074 699 702
f 752 1057 1055
f 1200 1166 656
f 1120 1846 874
f 2677 874 877
f 1241 2677 1052
f 1119 1120 2677
f 1560 1513 151
f 1208 1316 611
f 215 735 736
f 1460 1459 1462
f 1208 1207 1839
f 854 856 1282
f 72 445 182
f 544 1563 1565
f 217 200 456
f 2047 1404 930
f 1204 2618 1937
f 913 777 686
f 840 527 1113
f 1531 729 730
f 2678 778 1283
f 601 667 1914
f 1537 1538 459
f 1819 1757 3509
f 991 1860 862
f 2679 711 1073
f 2680 1830 983
f 779 2680 2256
f 778 2678 2680
f 2678 2679 1830
f 180 542 245
f 1886 1132 1131
f 1138 1137 1274
f 1841 598 1140
f 75 313 314
f 193 423 420
f 2681 2682 1099
f 170 1567 1565
f 349 416 417
f 1121 1124 2684
f 547 797 409
f 123 122 121
f 2643 2663 1142
f 1542 1544 513
f 899 900 907
f 1210 677 676
f 791 663 982
f 24 27 837
f 893 896 932
f 1860 1320 863
f 535 538 862
f 1569 1548 1547
f 181 455 542
f 660 659 937
f 2013 567 568
f 887 890 2631
f 1524 1508 361
f 520 161 162
f 2653 855 854
f 1238 1237 2655
f 718 1838 527
f 1492 1493 518
f 792 616 615
f 599 846 1835
f 290 457 456
f 312 171 1552
f 1248 2687 1179
f 153 149 177
f 1240 1181 1222
f 1257 1292 1235
f 1291 1084 1083
f 1052 877 1277
f 743 742 2618
f 444 140 430
f 23 1224 1172
f 2687 2654 1180
f 102 103 409
f 1283 607 610
f 373 497 650
f 1180 2654 1084
f 855 2653 2655
f 1173 1270 1917
f 2689 850 853
f 2688 853 1108
f 2686 2688 1279
f 2687 2689 2688
f 2691 1302 1252
f 2690 1252 850
f 1248 2690 2689
f 1248 1247 2691
f 2692 617 24
f 2691 2692 2666
f 1247 1258 2692
f 1258 1168 617
f 394 1554 1555
f 2693 1260 1259
f 1072 1236 1262
f 1257 1071 1168
f 398 439 1555
f 871 1784 1314
f 1178 1232 1249
f 1224 1289 1173
f 1010 2617 2618
f 1175 1174 1292
f 2654 2687 2686
f 2694 1157 1216
f 71 418 1487
f 701 1112 1111
f 1072 1261 2649
f 1085 2695 22
f 895 2694 1264
f 1601 1606 1605
f 1259 1262 1271
f 21 20 1220
f 988 991 538
f 598 597 1336
f 1050 860 818
f 1298 2645 1761
f 1168 1167 618
f 858 1168 1256
f 39 242 516
f 2652 1761 819
f 313 316 315
f 2026 1970 1971
f 2656 1489 596
f 814 819 818
f 2696 2651 813
f 1260 2696 2649
f 2693 2697 2696
f 2697 1296 2651
f 381 355 390
f 3818 3819 1611
f 1475 1427 1428
f 1292 1174 1917
f 1551 353 354
f 1526 1525 1523
f 1593 1589 1595
f 1232 1269 1246
f 2695 2693 1223
f 2698 1297 1296
f 2698 2697 2693
f 2685 2698 2695
f 2685 854 1297
f 562 1497 271
f 2652 2651 1296
f 1365 1366 1364
f 1958 1946 1953
f 585 588 2210
f 1561 1560 1515
f 975 2648 1146
f 347 67 68
f 1038 1111 636
f 2700 781 780
f 2699 780 1036
f 2701 2699 1883
f 851 2700 2699
f 2674 1333 2251
f 2702 2251 781
f 1253 2702 2700
f 1301 2674 2702
f 1519 387 388
f 1273 1239 1280
f 2703 1280 1107
f 2701 2703 852
f 1829 1273 2703
f 91 260 326
f 1784 871 2656
f 2683 2684 2705
f 604 1894 3499
f 1669 3534 3548
f 2062 2063 2060
f 621 535 861
f 2023 731 732
f 686 779 1263
f 857 1051 2668
f 883 830 882
f 637 636 1111
f 2668 894 893
f 2667 921 894
f 1039 1038 1068
f 313 75 1504
f 1911 1972 305
f 1936 2706 1964
f 2707 2402 2401
f 2708 2707 2183
f 738 2163 2116
f 2349 2348 2432
f 2711 2712 2020
f 2400 2711 2019
f 2714 2715 2716
f 2717 2718 2719
f 2721 2722 2723
f 2726 2727 2728
f 2725 2728 2730
f 2731 2725 2729
f 2732 2726 2725
f 2734 2735 2736
f 2738 2739 2740
f 2737 2740 2741
f 2744 2745 2746
f 2745 2744 2748
f 2749 2750 2747
f 2753 2749 2751
f 2250 1380 2246
f 2754 1396 1614
f 3598 2754 2755
f 3608 2745 2747
f 1617 2756 2755
f 2242 2758 1620
f 2191 2085 2760
f 2761 2759 2760
f 3648 2759 2761
f 3623 2191 2759
f 3209 3248 3223
f 1395 1394 2236
f 1395 2235 1636
f 1616 1635 2229
f 1617 2234 2763
f 2756 2763 3628
f 2765 2763 2234
f 2766 2764 3628
f 3202 3199 3246
f 1516 437 435
f 2768 2769 3552
f 1495 541 578
f 2135 2136 28
f 3526 3540 2773
f 1690 1689 3926
f 2778 2779 2780
f 2777 2780 2781
f 2784 2778 2777
f 3555 3521 575
f 1494 1904 9
f 3529 2016 2015
f 451 61 505
f 2786 2787 2788
f 2779 2786 2785
f 2789 2752 2741
f 2790 2753 2752
f 2792 2793 2794
f 2793 2795 2796
f 2796 2797 2750
f 2794 2796 2749
f 2798 1393 1396
f 3591 2798 2754
f 2798 2799 2800
f 3591 3662 2799
f 2797 2796 2795
f 2791 2794 2753
f 216 233 232
f 3804 2806 2807
f 3805 2809 2804
f 2769 2810 3557
f 183 185 184
f 2811 2812 2775
f 2804 2811 2776
f 2809 2813 2811
f 2812 2811 2813
f 3805 2808 2816
f 3796 2818 2815
f 3798 3800 2820
f 3793 2823 2819
f 2824 2736 2735
f 2823 2825 2824
f 2825 2823 2826
f 3793 2822 2827
f 3796 2817 2826
f 2713 2716 2829
f 2828 2829 2831
f 2822 2821 2828
f 2821 2820 2713
f 2832 2827 2822
f 2833 2832 2830
f 2834 2835 2832
f 2835 2818 2827
f 2837 2838 2839
f 2836 2839 2841
f 2842 2836 2840
f 2843 2837 2836
f 2840 2841 2845
f 2718 2844 2845
f 2730 2728 2844
f 2727 2840 2844
f 2846 2845 2841
f 2829 2846 2847
f 2847 2841 2839
f 2848 2839 2838
f 2833 2848 2849
f 2831 2847 2848
f 2850 2814 2851
f 2853 2850 2852
f 2783 2777 2782
f 2785 2788 2853
f 2780 2785 2856
f 2857 2858 2855
f 2859 2857 2782
f 2861 2843 2842
f 2860 2842 2727
f 2862 2860 2726
f 2863 2861 2860
f 2861 2863 2858
f 2843 2861 2857
f 2856 2853 2854
f 2781 2856 2864
f 2837 2843 2859
f 2838 2837 2864
f 2852 2851 2834
f 2854 2852 2849
f 2865 2815 2818
f 2851 2865 2835
f 2813 2809 2815
f 2814 2813 2865
f 2866 2812 2814
f 2788 2866 2850
f 2866 2788 2787
f 2812 2866 2867
f 1892 1889 1890
f 2720 2719 2846
f 298 299 256
f 2872 2714 2713
f 3794 3800 2735
f 2729 2730 2874
f 2846 2716 2715
f 2876 2877 2878
f 2733 2875 2878
f 3806 3807 2879
f 3806 2880 2872
f 2882 2883 2884
f 2881 2884 2715
f 2880 2881 2714
f 2879 2882 2881
f 2885 2886 2887
f 2888 2889 2890
f 2885 2890 2892
f 2893 2886 2885
f 1942 2151 2532
f 2895 2892 2720
f 2884 2895 2870
f 2883 2896 2895
f 2896 2891 2892
f 2889 2874 2717
f 2890 2717 2720
f 2897 2893 2891
f 2898 2897 2896
f 2899 2898 2883
f 2900 2899 2882
f 3797 2900 2879
f 2876 2902 2901
f 2901 2902 2904
f 1785 2656 1835
f 2905 2906 2899
f 2907 2908 2897
f 3797 2901 2903
f 632 576 577
f 3532 3547 2867
f 434 385 550
f 2768 2770 3640
f 2910 2911 1623
f 2241 2912 2758
f 3640 2770 2913
f 1623 2911 2757
f 3587 2242 2757
f 2229 1381 1380
f 2765 1630 1629
f 2915 2914 1629
f 3642 3641 2914
f 3641 3622 2765
f 2919 2916 3642
f 2918 2915 2912
f 3614 2918 2241
f 3618 2919 3613
f 3541 2177 2180
f 3521 2002 2188
f 3705 3573 714
f 2925 2766 2917
f 2924 2917 2916
f 3610 2924 2919
f 3611 2925 2924
f 2926 2927 2766
f 3658 2926 2925
f 1715 1713 1705
f 785 497 498
f 1387 651 565
f 374 375 1899
f 3573 2203 2206
f 2929 2930 2886
f 2932 2933 2934
f 1905 1906 1908
f 2930 2935 2936
f 2938 2935 2930
f 1493 369 517
f 1603 1585 1586
f 2939 2938 2929
f 2940 2939 2908
f 3665 1707 1600
f 2886 2930 2937
f 2906 2907 2898
f 2908 2929 2893
f 2942 2934 2933
f 2941 2933 2937
f 3501 2941 2936
f 3498 2942 2941
f 2943 2944 2710
f 2943 2873 2874
f 2945 2943 2889
f 2946 2944 2943
f 2932 2945 2888
f 2931 2946 2945
f 727 1928 1929
f 2903 2904 2947
f 545 594 42
f 1480 1570 533
f 2907 2906 2949
f 2906 2905 2950
f 1558 452 215
f 3799 2903 2948
f 2054 1645 1644
f 3705 3684 2203
f 1828 1837 1849
f 2953 2954 2955
f 2952 2955 2957
f 2956 2261 2258
f 2953 2952 2258
f 2454 2455 2474
f 3747 2958 2959
f 3747 2132 2131
f 2961 2962 2963
f 2958 2963 2964
f 222 221 2485
f 2477 2226 2966
f 2631 2561 2006
f 2384 2454 2496
f 2967 2968 2959
f 2968 2967 2970
f 3759 2033 2971
f 3784 2971 2960
f 2972 2971 2033
f 2007 2377 2973
f 3560 3559 2134
f 1836 1833 1832
f 3506 2188 2090
f 955 810 959
f 672 675 674
f 633 710 713
f 2024 732 733
f 2025 2024 803
f 425 1552 1550
f 2975 2976 888
f 1319 1158 1157
f 1212 1935 2977
f 889 957 2228
f 1978 1974 1975
f 1138 1078 1329
f 751 665 2979
f 1619 1613 1625
f 2252 2255 1728
f 1157 1160 845
f 2706 1936 1938
f 2980 2255 2254
f 2982 2975 887
f 802 712 711
f 678 677 2029
f 527 840 690
f 1839 1207 2629
f 2983 2984 602
f 2983 1914 1913
f 2985 2983 1331
f 2986 2984 2983
f 2987 2637 2635
f 2985 2988 2639
f 2990 1319 1318
f 2991 2992 2993
f 2995 2991 2994
f 1106 1058 2991
f 1058 1057 2992
f 1415 1406 1365
f 1317 922 2217
f 1932 1728 2255
f 926 2998 2999
f 3001 2993 2992
f 3000 2992 1057
f 2999 3000 2978
f 2998 3001 3000
f 3002 2998 2209
f 3002 3003 2996
f 2993 3001 3002
f 1103 1106 2995
f 3004 2995 2996
f 2209 2210 3004
f 588 1103 3004
f 295 296 433
f 2638 2639 2988
f 3005 2988 1056
f 1305 3005 1930
f 1276 2638 3005
f 1987 1968 1993
f 2633 1762 1761
f 1423 1422 1417
f 3561 3517 739
f 2671 2670 2704
f 1473 1872 2035
f 922 1317 2694
f 1401 1400 1378
f 556 2028 1884
f 842 848 3825
f 1854 2706 2617
f 933 1082 1081
f 1440 1441 1436
f 529 657 719
f 1031 1025 1027
f 777 913 912
f 2645 1205 1204
f 441 438 1538
f 790 1287 587
f 2065 2066 1610
f 1860 991 990
f 60 106 87
f 1424 1017 1948
f 332 1527 1507
f 261 262 138
f 187 188 449
f 1719 1720 1726
f 1931 1055 1059
f 3006 1059 1105
f 1287 3006 1104
f 1286 1931 3006
f 3007 3008 3009
f 3009 3008 653
f 618 999 26
f 2029 677 1210
f 957 601 600
f 1049 2146 2228
f 2631 890 3011
f 890 889 2227
f 3011 2227 2145
f 2561 3011 3012
f 1026 656 609
f 2706 1854 1961
f 3013 2965 2485
f 2148 2147 1267
f 3015 1267 1266
f 2997 2264 1101
f 642 641 1773
f 186 477 461
f 1041 1040 1320
f 1121 3016 3017
f 2984 2986 2987
f 3018 2987 2634
f 1048 603 3018
f 603 602 2984
f 2679 2678 801
f 2062 2072 2074
f 2061 2074 2076
f 414 303 1545
f 3016 1121 2683
f 3019 2683 2704
f 3020 3019 2670
f 3007 3016 3019
f 1871 1090 1091
f 3021 1787 1122
f 3022 3021 3017
f 1314 3021 3022
f 1784 1787 3021
f 1316 1315 1763
f 3023 3022 3010
f 3023 3009 795
f 1763 3023 1092
f 1315 3022 3023
f 3016 3007 3010
f 752 751 2978
f 2986 2639 2637
f 3024 654 653
f 3020 3024 3008
f 720 723 3024
f 723 2621 654
f 2681 1098 1268
f 2671 3025 1268
f 2705 2681 3025
f 1313 3026 3027
f 3026 3028 3029
f 3027 3029 3030
f 1311 3027 3031
f 2012 568 731
f 917 2657 974
f 743 1206 856
f 1888 2027 2030
f 2682 2705 2684
f 3032 2684 1124
f 1100 3032 2989
f 1099 2682 3032
f 1123 2990 2989
f 3033 1834 1159
f 2990 3033 1158
f 1123 1786 3033
f 1786 1785 1834
f 1054 1056 2988
f 2979 665 664
f 2623 2622 2663
f 1095 660 688
f 3034 3035 2261
f 3036 3034 2956
f 3037 3038 3034
f 3038 3039 3035
f 3040 3041 3026
f 2263 3042 3041
f 3042 3039 3043
f 3041 3043 3028
f 3044 3045 3043
f 3046 3047 3045
f 3047 3048 3049
f 3043 3045 3049
f 3038 3037 3051
f 3050 3051 3053
f 3052 3046 3044
f 3039 3038 3050
f 3054 3035 3039
f 3042 2263 2262
f 2261 3035 3054
f 2216 2263 2997
f 2212 2211 2667
f 3056 868 2209
f 934 3057 1961
f 2013 3755 3757
f 3058 3059 3060
f 3059 3062 3063
f 3060 3063 2213
f 3061 3060 1963
f 3063 3064 2214
f 3062 3065 3064
f 3065 2257 2260
f 3064 2260 2215
f 3066 3067 3031
f 2608 2966 3067
f 2966 2562 3068
f 3031 3067 3068
f 2455 2458 2461
f 2476 2223 2226
f 3551 2090 2089
f 3526 2774 3769
f 433 354 355
f 2115 1423 1419
f 3509 2868 2922
f 3769 3737 2131
f 3069 2611 2167
f 2971 2972 2928
f 2961 2774 2773
f 3070 2475 2478
f 2610 2609 3071
f 2502 2371 2374
f 3072 2592 2595
f 2964 3046 3052
f 3048 2593 3074
f 2593 2592 3075
f 3075 3030 3029
f 3074 3029 3028
f 3072 3076 3075
f 3076 3072 2482
f 2481 2608 3066
f 3076 3066 3030
f 2967 3052 3053
f 2482 3072 3073
f 479 480 493
f 706 3900 3873
f 3561 2194 2221
f 2013 2010 3754
f 3533 2032 2016
f 3562 3519 2222
f 1171 1154 1155
f 2586 2566 2565
f 2982 110 113
f 2562 2376 3077
f 2376 2375 3012
f 3012 2145 2148
f 3077 2148 3015
f 2963 3047 3046
f 3051 3078 2970
f 1683 2173 491
f 3850 2122 1447
f 1986 2181 3734
f 3079 3080 2546
f 3081 3079 2575
f 1983 1986 3768
f 3082 2323 2319
f 3080 3082 2545
f 3734 3732 3082
f 3732 3748 2323
f 1309 1471 1888
f 3073 2595 2772
f 2760 3083 3084
f 2760 2085 2088
f 3085 3084 3086
f 3089 3085 3090
f 3089 2762 3084
f 3092 3088 3090
f 3093 2748 2744
f 2751 2747 2748
f 3093 2741 2752
f 2742 2741 3093
f 3094 3093 2743
f 3096 3097 3098
f 3099 3096 3087
f 3097 3094 3095
f 3100 2743 2746
f 3101 2927 3102
f 2764 2766 2927
f 2745 2764 3101
f 3102 3092 3091
f 3100 3091 3095
f 2869 2802 3592
f 3102 3103 3104
f 3658 2868 2869
f 2927 2926 3103
f 3098 3095 3091
f 3087 3098 3090
f 2088 2125 3105
f 3083 3105 3086
f 2483 3073 2771
f 2401 2186 2185
f 3099 3086 3105
f 2125 2207 3106
f 3108 2737 2742
f 3107 2742 3094
f 3110 3108 3107
f 3109 3107 3097
f 3111 3109 3096
f 3112 3110 3109
f 3113 2738 2737
f 3115 2723 2722
f 3117 3115 3114
f 3119 3117 3116
f 3118 3116 3120
f 3116 3114 3113
f 3122 3112 3111
f 3122 3123 1755
f 3124 3125 3126
f 3125 3118 3121
f 3128 3119 3118
f 3129 3128 3125
f 2020 2712 3128
f 3853 3857 1346
f 1065 1046 1047
f 1814 3838 3830
f 2021 2020 3129
f 3111 3099 3106
f 3123 3106 2207
f 2377 2225 2224
f 3014 2485 113
f 1756 2208 3782
f 3131 3132 2530
f 3133 3131 2528
f 1753 1756 3767
f 3134 3124 3127
f 2327 2408 2314
f 2436 2318 2317
f 2018 2021 3711
f 2534 3136 3137
f 2320 2322 3136
f 2185 2018 3712
f 3138 3139 2542
f 3134 3135 3744
f 3785 3130 3134
f 3140 3138 2539
f 2535 3137 3140
f 3711 2021 3130
f 2558 2530 3132
f 3782 3760 3141
f 2560 2558 3141
f 3760 3777 3142
f 958 888 2976
f 1933 1932 2980
f 2399 2424 2418
f 2348 2342 2343
f 2322 2320 2319
f 2718 2717 2874
f 2709 2729 2873
f 2894 2871 1361
f 346 289 176
f 1876 1877 1882
f 2802 2803 3607
f 3104 3144 3088
f 2974 2222 3649
f 3089 3145 2761
f 3088 3144 3145
f 2803 2974 3603
f 3870 3909 692
f 2123 1419 1418
f 1365 1363 1368
f 1581 1766 1782
f 3569 2202 2129
f 3555 2003 2002
f 3146 2585 2551
f 3751 3146 3147
f 3742 3149 3146
f 3149 2584 2585
f 3196 3198 3197
f 3604 2192 2191
f 3142 3150 2556
f 3777 3778 3150
f 3646 3152 2550
f 3150 3151 2555
f 3778 3780 3151
f 3788 3781 3152
f 3153 3147 2551
f 3152 3153 2549
f 3781 3776 3153
f 3776 3750 3147
f 3148 2767 2206
f 2183 2401 2321
f 2132 2960 2928
f 3684 3685 2204
f 3719 2198 2197
f 2594 2962 2773
f 2595 2594 2951
f 1870 798 799
f 3713 2179 2178
f 3706 2178 3736
f 336 3154 3774
f 339 3155 3154
f 3789 3683 3149
f 3683 3697 2584
f 2963 2962 3048
f 3722 3730 337
f 339 338 2566
f 3156 3157 2168
f 2610 3156 2167
f 2954 2953 3156
f 3157 3156 2953
f 3707 2166 2169
f 2567 3158 3159
f 337 3158 2567
f 3730 3069 2166
f 3764 2190 1983
f 2579 3160 3081
f 2568 3159 3160
f 3709 2169 2190
f 3065 3062 3162
f 3161 3162 1984
f 3157 3161 2189
f 2257 3065 3161
f 734 735 1922
f 3059 3058 2708
f 3163 2708 2182
f 3162 3163 1985
f 3062 3059 3163
f 3203 3206 3205
f 2122 2119 1448
f 3817 1686 1685
f 139 140 444
f 1570 569 566
f 2957 3164 3165
f 2955 3166 3164
f 1912 454 341
f 3130 3129 3124
f 1548 322 319
f 1949 1950 1327
f 2969 2970 3078
f 3167 3078 3169
f 3724 2014 2017
f 3720 2017 2033
f 3168 3169 3165
f 3170 3165 3164
f 3779 3170 3171
f 3724 3168 3170
f 3171 3164 3166
f 3172 3166 3071
f 3752 3172 3173
f 3756 3171 3172
f 3169 3037 3036
f 2593 3048 2962
f 3173 3071 2609
f 3174 2609 2199
f 3783 3174 2198
f 3749 3173 3174
f 2190 2189 1984
f 2196 2195 2767
f 2119 2120 1414
f 1464 1463 1466
f 2199 2611 3069
f 2457 2456 2587
f 2226 2225 2562
f 481 478 1627
f 333 1512 235
f 3078 3051 3037
f 3040 2264 2997
f 2219 1934 1933
f 2385 2384 2497
f 221 2220 3175
f 2220 1933 3143
f 3175 3143 2976
f 2484 3175 2975
f 2954 3071 3166
f 2630 1858 110
f 1547 319 1952
f 2091 2090 2188
f 3733 3736 2178
f 1918 1919 1927
f 3563 112 111
f 955 956 960
f 2037 3014 112
f 3143 2980 2981
f 2218 2211 2214
f 672 3877 3787
f 2152 3013 3014
f 1147 1144 1143
f 2248 2246 1409
f 1615 1636 1635
f 1410 1409 2246
f 3241 3243 3242
f 1382 3176 3177
f 3177 1410 2247
f 2247 1383 3177
f 3176 2238 2230
f 1410 3177 3179
f 3179 3180 2243
f 1633 3181 2800
f 1621 1620 2758
f 1622 1621 2245
f 2236 1394 3181
f 2237 2236 3182
f 2250 1631 2233
f 2912 1629 1628
f 135 136 1564
f 1567 419 512
f 1085 1084 2653
f 3184 869 868
f 869 3184 3057
f 1266 1268 1098
f 1267 2147 722
f 937 1146 2646
f 2146 1049 722
f 2211 2218 921
f 1957 510 507
f 1313 1312 2264
f 1496 362 1493
f 2887 2937 2933
f 1687 1688 1659
f 145 1499 1498
f 37 38 418
f 1935 1934 3185
f 104 89 301
f 2101 2098 2083
f 543 298 360
f 1934 2219 3186
f 234 1521 212
f 3845 3821 1822
f 1976 1875 1874
f 223 3186 2219
f 3655 3656 3605
f 2165 2164 467
f 467 468 2165
f 773 476 2165
f 1935 1212 1728
f 3240 3225 3226
f 3261 3249 3250
f 3215 3216 3244
f 3265 3221 3215
f 3267 3245 3198
f 3205 3206 3269
f 3214 3211 3265
f 3271 3213 3214
f 3251 3252 3239
f 3222 3221 3266
f 3232 3235 3234
f 3216 3242 3243
f 3196 3193 3268
f 3244 3243 3254
f 3238 3239 3247
f 3264 3244 3255
f 3253 3242 3216
f 3211 3266 3221
f 3257 3217 3218
f 3258 3222 3272
f 3274 3275 3280
f 3228 3229 3262
f 3275 3231 3281
f 3226 3227 3273
f 3236 3263 3260
f 3281 3263 3236
f 3287 3271 3192
f 3235 3226 3280
f 3234 3280 3281
f 3288 3290 3259
f 3260 3250 3276
f 3289 3212 3278
f 3210 3209 3224
f 3199 3202 3201
f 3228 3231 3230
f 3290 3288 3285
f 3282 3279 3271
f 3260 3263 3262
f 3243 3241 3268
f 3267 3268 3241
f 3194 3207 3208
f 3191 3270 3269
f 3270 3191 3192
f 3275 3274 3230
f 3264 3269 3270
f 3252 3251 3276
f 3248 3252 3291
f 3213 3271 3279
f 3272 3266 3289
f 3277 3278 3212
f 3228 3263 3281
f 3220 3225 3253
f 3219 3253 3217
f 3256 3218 3222
f 3247 3239 3252
f 3245 3267 3232
f 3266 3211 3212
f 3208 3205 3255
f 3288 3289 3284
f 3204 3205 3208
f 560 1899 3187
f 3209 3210 3201
f 3189 3192 3191
f 448 1980 807
f 647 648 122
f 1833 1848 1780
f 510 509 508
f 3210 1949 1887
f 1887 15 3200
f 15 16 3197
f 16 3188 3195
f 3195 3188 3187
f 3194 3187 1899
f 3207 1899 375
f 387 173 126
f 3189 1791 1760
f 3577 763 757
f 763 3577 2172
f 3583 3582 3580
f 3581 3580 3579
f 3594 3597 3596
f 3400 3601 3602
f 3626 3624 3625
f 3631 3635 3599
f 3636 3637 3595
f 3647 3584 3588
f 3650 3582 3584
f 3653 3579 3580
f 3653 2176 3654
f 1801 1864 3656
f 3651 3580 3582
f 3644 3638 3595
f 1767 1768 3659
f 1597 3663 3661
f 1708 1707 3665
f 3671 3668 3667
f 3666 3667 3673
f 1588 1708 3664
f 2080 3671 3666
f 2082 3666 3672
f 3674 3677 3635
f 3677 3678 3636
f 3682 3647 3645
f 3692 3651 3650
f 3681 3645 3644
f 786 3694 3692
f 3694 3653 3651
f 785 3692 3686
f 497 3686 3682
f 650 3682 3681
f 3696 564 3681
f 3405 3606 3605
f 3702 3699 3678
f 3699 3698 3679
f 3645 3588 3638
f 1799 3657 3659
f 3708 3704 3458
f 3462 3710 3708
f 3714 463 564
f 3615 3606 3602
f 3710 3714 3696
f 3635 3636 3596
f 3629 3626 3627
f 3597 3600 3599
f 3630 3716 3715
f 3627 3625 3597
f 3717 3716 3723
f 3715 3663 3660
f 3716 3717 3725
f 3668 3665 3661
f 3668 3725 3717
f 3667 3717 3718
f 3727 3728 3673
f 3728 1576 3672
f 3726 3727 3718
f 1576 2101 2084
f 3727 3726 3731
f 3203 376 1387
f 3190 1387 1791
f 3283 2152 1949
f 317 240 259
f 2000 2176 3653
f 3601 3599 3600
f 3589 3588 3584
f 3577 758 756
f 3585 3584 3582
f 3678 3679 3637
f 3204 375 376
f 1801 3655 3657
f 3729 3735 3728
f 1575 3735 3738
f 3735 1575 1576
f 1776 1795 1796
f 1293 1294 1290
f 1326 14 1327
f 1294 1245 1234
f 878 1244 1330
f 497 373 374
f 122 648 413
f 3699 3702 3704
f 3606 3405 3401
f 3708 3710 3698
f 3464 3714 3710
f 3704 3674 3443
f 439 398 399
f 1512 1528 1526
f 1668 1741 1738
f 839 849 1362
f 1362 1357 826
f 3843 740 1896
f 2053 2054 2118
f 3888 3887 2120
f 696 697 3816
f 1826 1878 639
f 3740 3739 3729
f 956 885 886
f 1980 806 1922
f 33 34 105
f 1343 1344 3856
f 3907 2127 2128
f 1766 1581 1582
f 14 1326 2163
f 595 98 99
f 3233 3238 3246
f 1346 1035 1044
f 748 1888 1425
f 3193 3208 3254
f 3190 3191 3206
f 3612 3605 3606
f 3624 3612 3615
f 3631 3415 3443
f 3679 3680 3644
f 3686 3650 3647
f 3702 3677 3674
f 3625 3615 3600
f 3601 3400 3415
f 3739 3738 3735
f 3630 3627 3594
f 3741 3723 3716
f 1284 1290 1288
f 3698 3696 3680
f 1778 1781 1780
f 1792 1759 1584
f 695 570 571
f 3638 3741 3594
f 3741 3638 3588
f 3247 3248 3209
f 3292 3293 3294
f 3296 3297 3298
f 3299 3298 3300
f 3302 3303 3304
f 3306 3307 3308
f 3307 3310 3311
f 3303 3302 3301
f 3312 3305 3304
f 3314 3315 3316
f 3318 3319 3320
f 3324 3318 3321
f 3326 3327 3328
f 3329 3330 3331
f 3333 3334 3335
f 3337 3338 3339
f 3333 3336 3341
f 3342 3341 3343
f 3319 3345 3344
f 3338 3335 3334
f 3346 3301 3302
f 3305 3348 3347
f 3312 3224 3223
f 3350 3337 3340
f 3312 3349 3348
f 3352 3343 3341
f 3311 3353 3354
f 3341 3336 3327
f 3359 3360 3361
f 3360 3359 3250
f 3318 3363 3345
f 3364 3363 3318
f 3314 3364 3324
f 3366 3299 3301
f 3299 3366 3367
f 3308 3354 3368
f 3369 3317 3295
f 3317 3369 3364
f 3370 3295 3317
f 3325 3371 3365
f 3352 3320 3319
f 3296 3367 3353
f 3297 3296 3311
f 3363 3368 3354
f 3345 3354 3353
f 3344 3353 3367
f 3366 3333 3342
f 3347 3339 3334
f 3339 3347 3348
f 3348 3349 3351
f 3363 3364 3369
f 3294 3309 3368
f 3293 3306 3309
f 3331 3373 3374
f 3346 3334 3333
f 3323 3322 3352
f 3356 3355 3321
f 3355 3357 3325
f 3357 3358 3371
f 3322 3356 3320
f 3361 3330 3329
f 3373 3372 3375
f 3374 3375 3376
f 3329 3332 3376
f 3327 3375 3372
f 3336 3335 3375
f 3335 3338 3376
f 3376 3338 3337
f 3337 3350 3359
f 3359 3350 3276
f 3377 3292 3295
f 3277 3316 3315
f 3371 3378 3379
f 3378 3371 3358
f 3365 3379 3315
f 3316 3277 3279
f 3282 3377 3370
f 3313 3283 3224
f 3378 3285 3284
f 3380 3286 3285
f 3379 3284 3278
f 3276 3350 3351
f 3291 3351 3349
f 3313 3304 2965
f 2965 3304 3303
f 222 3303 3300
f 223 3300 3298
f 3298 3297 3185
f 3297 3310 2977
f 3310 3307 1213
f 3307 3306 1214
f 2532 1214 3306
f 2894 2532 3293
f 2871 2894 3292
f 3253 3225 3240
f 3283 3313 3013
f 1997 1996 1889
f 1237 745 744
f 1535 1534 120
f 1531 1532 201
f 1119 1241 1032
f 946 948 824
f 163 8 5
f 3589 3726 3723
f 1155 1156 1162
f 427 213 327
f 553 1902 796
f 3381 2232 2231
f 3381 3178 2230
f 2237 3183 3180
f 3383 3384 3385
f 3384 3386 3387
f 3386 3388 3389
f 3388 3390 3391
f 3392 3393 3394
f 3395 3394 3396
f 3398 3399 3397
f 3400 3401 3399
f 3403 3404 3405
f 3406 3407 3404
f 3408 3409 3407
f 3410 3411 3409
f 3412 3413 3411
f 3415 3400 3398
f 3414 3398 3396
f 3416 3396 3394
f 3417 3394 3393
f 3393 3419 3420
f 3419 3390 3421
f 3390 3388 3422
f 3388 3386 3423
f 3386 3384 3424
f 3384 3383 3425
f 3425 3383 3426
f 2904 3427 3428
f 3429 3427 2904
f 3430 3429 2902
f 2875 3431 3430
f 3432 3433 2733
f 2825 3434 3435
f 3437 3438 3439
f 3441 3437 3436
f 2724 2723 3434
f 3436 3439 3115
f 3440 3436 3117
f 3443 3415 3414
f 3442 3414 3416
f 3444 3416 3417
f 3445 3417 3418
f 3446 3418 3420
f 3420 3421 3448
f 3421 3422 3449
f 3422 3423 3450
f 3423 3424 3451
f 3424 3425 3452
f 3425 3184 3056
f 3451 3452 2253
f 3450 3451 2252
f 3449 3450 1727
f 3448 3449 2150
f 3453 3447 3448
f 3454 3446 3447
f 3455 3445 3446
f 3456 3444 3445
f 3442 3444 3456
f 3443 3442 3457
f 3459 3460 3458
f 3457 3456 3455
f 3459 3455 3454
f 3462 3460 3459
f 3461 3454 3453
f 3464 3462 3461
f 3463 3453 1941
f 3404 3399 3401
f 3407 3397 3399
f 3409 3395 3397
f 3411 3392 3395
f 3465 3466 3413
f 3467 3468 3469
f 3465 3412 3431
f 3470 3467 3466
f 3438 3470 3432
f 3467 3470 3438
f 3468 3467 3437
f 3471 3469 3468
f 3472 3468 3441
f 3473 3441 3440
f 2712 3440 3119
f 3475 3471 3472
f 3474 3472 3473
f 3476 3473 2712
f 3477 3476 2711
f 3478 3474 3476
f 3479 3475 3474
f 3392 3411 3413
f 3466 3469 3480
f 3419 3393 3392
f 3390 3419 3480
f 3469 3471 3391
f 3389 3391 3471
f 3387 3389 3475
f 3385 3387 3479
f 3482 3477 2400
f 3483 3478 3477
f 3481 3479 3478
f 3484 3482 2402
f 3058 3484 2707
f 3061 3485 3484
f 3485 3483 3482
f 3382 3385 3481
f 3486 3481 3483
f 3426 3383 3382
f 3487 3382 3486
f 3486 3485 3061
f 1961 3057 3487
f 3057 3184 3426
f 3428 3403 3402
f 3427 3406 3403
f 3429 3408 3406
f 3430 3410 3408
f 3431 3412 3410
f 3470 3465 3433
f 3434 3439 3438
f 2723 3115 3439
f 2875 2733 3433
f 2736 2824 3435
f 2947 3428 3488
f 3464 3463 1360
f 1900 1925 1924
f 1736 1717 1718
f 1955 1952 1943
f 1671 1738 1735
f 1696 1750 1698
f 1800 1865 1864
f 2063 2055 2056
f 1737 1734 1717
f 1751 1735 1697
f 943 3885 3899
f 3656 3488 3402
f 1577 1578 1764
f 3917 1598 1599
f 1945 146 82
f 68 6 7
f 147 1542 1543
f 1109 1135 1133
f 1503 1910 1907
f 1499 1501 1909
f 452 1922 735
f 1824 2068 3835
f 1825 2067 2068
f 1463 1462 1022
f 841 1012 1009
f 1568 1547 1955
f 1910 1503 1502
f 1939 1502 422
f 309 280 1940
f 1804 1851 1866
f 269 1482 1954
f 2065 1607 2060
f 3812 1685 1758
f 280 276 552
f 1875 1873 1869
f 1739 1721 1734
f 1778 1779 1790
f 310 1920 1915
f 1909 1908 1906
f 1789 1783 1778
f 978 981 980
f 1584 1759 1731
f 425 426 311
f 148 1543 115
f 2044 3897 3894
f 277 1910 1939
f 1943 1946 1945
f 1461 1462 1463
f 2253 3452 3056
f 2981 2254 3489
f 2209 2998 3489
f 2254 2253 3055
f 2998 926 958
f 2826 2817 2721
f 3490 2739 2721
f 2816 3491 3490
f 2334 2297 2296
f 2298 2297 2334
f 2301 2298 2336
f 2311 2301 2338
f 2312 2311 2354
f 2359 2358 2361
f 2335 2296 2359
f 2414 2413 2365
f 2413 2270 2361
f 2355 2352 2540
f 2541 2540 2539
f 2722 2721 2739
f 3114 2722 2738
f 3110 3112 3121
f 3108 3110 3120
f 3122 1754 3127
f 3112 3122 3126
f 3127 1754 1753
f 3139 3133 2529
f 3744 3775 3133
f 3490 2789 2740
f 3491 2790 2789
f 228 229 91
f 245 244 243
f 248 7 247
f 2 297 296
f 145 146 300
f 327 213 210
f 329 332 331
f 239 241 240
f 373 376 375
f 178 177 176
f 1218 1225 1228
f 3862 1231 1295
f 808 809 824
f 3858 3859 1013
f 3813 3810 1411
f 2154 2149 2159
f 3845 3835 1758
f 306 807 1922
f 2157 2153 1976
f 708 709 2031
f 1450 1226 1227
f 1672 1604 1605
f 1813 1814 1821
f 1717 1716 1715
f 176 159 402
f 1710 1705 3916
f 1712 1580 1577
f 1705 1713 1711
f 971 978 979
f 822 823 1094
f 2909 2810 2793
f 2810 2769 2795
f 2799 2910 2249
f 3662 3643 2910
f 2769 2768 2801
f 3177 3176 3178
f 3178 3381 3180
f 3181 1394 1393
f 3181 1633 1632
f 3182 1632 2244
f 3183 2244 2243
f 3492 2791 2790
f 2808 3492 3491
f 2239 3574 3572
f 1149 1150 3571
f 1150 2009 3567
f 2202 3569 3566
f 2921 3564 3565
f 3568 3560 2133
f 1777 1579 1759
f 1201 1196 1183
f 3561 3554 2195
f 3553 3576 2770
f 3927 3925 1687
f 1516 152 154
f 3549 3562 2974
f 3550 3548 2779
f 2771 2772 3575
f 3070 2771 3546
f 3547 3544 2775
f 1376 1375 1370
f 2767 3543 3556
f 2195 3554 3543
f 2775 3544 3542
f 3377 3282 3545
f 3804 3802 3539
f 2776 3542 3538
f 2240 3572 3535
f 2920 3535 3669
f 3548 3534 2786
f 1805 1850 1851
f 3534 3532 2787
f 2951 2773 3540
f 2772 2951 3531
f 2973 2224 3530
f 2224 2223 3537
f 1957 1953 320
f 306 305 304
f 2770 3576 3528
f 2913 3528 3574
f 2923 3565 3527
f 308 1940 431
f 207 208 132
f 1879 1876 1881
f 3733 3787 3525
f 2475 3070 3558
f 2476 2475 3524
f 2223 2476 3523
f 3522 3549 2803
f 2037 3563 11
f 1959 1958 450
f 2003 3555 3520
f 9 10 334
f 2009 2008 3518
f 2008 2973 3536
f 3877 672 673
f 3515 3550 2778
f 2935 3514 3513
f 111 1149 3570
f 3510 3514 2935
f 683 3876 3885
f 3508 3557 2810
f 736 733 732
f 1795 1804 1803
f 3505 3510 2938
f 3507 3505 2939
f 2950 3512 3504
f 2940 2949 3504
f 3801 3791 3512
f 2868 3509 3502
f 2869 3502 3522
f 1024 1034 1023
f 3500 3503 2948
f 551 1939 442
f 2972 3499 3568
f 2032 3533 3499
f 216 93 1924
f 203 202 201
f 1828 1848 1847
f 1958 1957 449
f 272 271 178
f 2871 3545 3495
f 3619 3669 3564
f 2801 2768 3643
f 2005 3758 3654
f 960 886 899
f 3657 3655 3612
f 3780 3788 3646
f 3151 3646 3593
f 2193 3604 3623
f 3607 3603 3145
f 3603 3649 2761
f 3592 3607 3144
f 2926 3658 3634
f 3634 3592 3104
f 3755 3754 3746
f 566 567 3758
f 3488 3656 1864
f 1602 1586 2079
f 2868 3658 3611
f 2922 3611 3610
f 2923 3610 3618
f 3670 3613 2918
f 3619 3670 3614
f 2921 3618 3670
f 2920 3614 3586
f 3613 3642 2915
f 2917 2766 3622
f 2916 2917 3641
f 2239 3587 3652
f 2911 3640 3652
f 3643 3640 2911
f 2797 2801 3662
f 2797 3591 3598
f 3622 3628 2763
f 3608 3628 2764
f 2194 3623 3648
f 2221 3648 3649
f 2756 3608 3609
f 2750 3598 3609
f 3669 3535 1817
f 3763 3770 1691
f 2515 3621 3590
f 2548 3590 3593
f 2513 2489 3632
f 2513 3616 3621
f 2509 3633 3620
f 2510 3632 3633
f 2289 3620 3639
f 2283 3639 3617
f 2240 3586 3587
f 3659 3657 3624
f 716 2121 3887
f 727 1999 3761
f 2165 2171 2170
f 3660 3659 3626
f 3743 3581 3578
f 2175 2172 769
f 2100 500 2095
f 3758 567 3757
f 640 3560 3568
f 1653 3576 3553
f 1895 3536 3530
f 746 3530 3537
f 1653 1810 3528
f 3762 1603 1604
f 2093 2075 2073
f 959 996 995
f 962 899 919
f 1400 1401 1398
f 1000 817 1127
f 956 959 884
f 1662 3548 3550
f 2034 3558 3546
f 3926 1689 3539
f 3535 3572 766
f 3572 3574 765
f 334 3570 3571
f 1868 3531 3540
f 1684 1651 1652
f 1682 1683 775
f 1585 1603 3762
f 3763 3762 1672
f 2173 2174 490
f 1658 3544 3547
f 3556 3543 1650
f 1571 3754 2010
f 1587 3664 3671
f 2099 2095 2077
f 787 3761 1999
f 2000 3694 786
f 3155 339 3697
f 3713 3155 3683
f 2180 2179 3685
f 3496 2180 3684
f 1684 3846 3840
f 1760 464 3495
f 2607 3689 3693
f 2581 3676 3689
f 2371 2502 3700
f 2371 3695 3693
f 2587 3676 3675
f 2586 3675 3697
f 2497 3691 3687
f 2502 2503 3687
f 2494 3691 3690
f 3690 3688 2472
f 3688 3701 2468
f 3701 3703 2469
f 726 3908 3892
f 581 3567 3518
f 10 3511 3570
f 1837 3514 3510
f 741 3537 3523
f 1299 3524 3558
f 1851 3507 3504
f 3527 3565 1820
f 580 3518 3536
f 1758 1685 3522
f 1693 3557 3508
f 3504 3512 1867
f 1894 1826 3568
f 2126 1418 3813
f 3906 2126 3841
f 2113 3911 3867
f 2179 3713 3789
f 624 3903 3904
f 2192 3604 3788
f 2177 3541 3787
f 1364 3824 3833
f 3858 3855 1470
f 3135 1753 3775
f 2069 3812 3835
f 1351 3861 3853
f 2108 3882 3901
f 2089 2092 3736
f 3828 3834 1358
f 2001 3749 3783
f 2187 3783 3719
f 2130 3756 3752
f 2004 3752 3749
f 2014 3724 3779
f 2201 3779 3756
f 3167 3720 3759
f 3168 3724 3720
f 3159 3709 3764
f 3160 3764 3765
f 3730 3707 3158
f 3158 3707 3709
f 2200 3069 3730
f 3685 3789 3742
f 3722 3774 2197
f 3790 3736 2092
f 3774 3790 3721
f 3154 3706 3790
f 3155 3713 3706
f 2091 3719 3721
f 2196 3148 3750
f 2193 2196 3776
f 3604 2193 3781
f 2086 2192 3780
f 2087 2086 3778
f 2204 3742 3751
f 2205 3751 3750
f 3909 3886 574
f 2124 2087 3777
f 2208 2124 3760
f 3711 3785 3140
f 3785 3745 3138
f 3745 3744 3139
f 3771 3712 3136
f 3712 3711 3137
f 3775 3767 3131
f 3767 3782 3132
f 1813 3839 3838
f 1293 3854 3856
f 2184 2321 3748
f 2181 2184 3732
f 3765 3768 3079
f 3768 3734 3080
f 709 3873 3875
f 2774 2961 3737
f 3786 3769 2134
f 3809 3808 766
f 2968 3784 3766
f 2969 3759 3784
f 2958 3747 3737
f 2132 3747 3766
f 2321 2185 3771
f 3860 3848 1449
f 3905 3874 582
f 3886 3889 577
f 3847 3826 1818
f 705 3902 3887
f 3816 3912 3907
f 2111 3883 3911
f 3810 3829 1366
f 1812 3839 3822
f 675 3851 3852
f 3496 3705 3851
f 2110 3867 3868
f 2104 3896 3901
f 2109 3868 3899
f 3842 3831 703
f 1680 3811 3846
f 1639 1627 3819
f 623 3904 3906
f 2139 2140 3866
f 1808 1640 3844
f 3820 3821 1819
f 3872 3914 3900
f 1646 3832 3830
f 3889 3890 633
f 2139 3865 3875
f 2156 2155 3871
f 674 3852 3913
f 2117 3817 3812
f 1815 3822 3847
f 3855 3849 1444
f 697 3906 3912
f 866 842 3836
f 3864 3869 2136
f 3585 3731 3726
f 3583 3740 3731
f 3753 3746 3738
f 3740 3583 3581
f 1088 3738 3746
f 3739 3740 3743
f 2791 3492 3493
f 3492 2808 2807
f 2792 3493 3494
f 3493 2807 2806
f 3508 2909 3494
f 3516 3494 2806
f 2948 3503 3791
f 2105 3908 3896
f 3538 3802 3804
f 680 3878 3876
f 1891 1890 3910
f 2905 3799 3801
f 2900 3797 3799
f 2901 3797 3807
f 2734 2878 3806
f 2877 3807 3806
f 2820 3800 3794
f 2818 3796 3792
f 2823 3793 3792
f 2822 3793 3798
f 2819 2735 3800
f 2817 3796 3795
f 2809 3805 3795
f 2808 3805 3803
f 2805 3804 3803
f 1702 3921 3923
f 3922 3920 1797
f 3915 3916 1706
f 3918 3927 1692
f 1657 3898 3880
f 1890 1877 3895
f 3772 3770 1674
f 1689 1690 3772
f 3926 3802 3538
f 3516 3539 1689
f 3917 3923 1703
f 1598 3917 3928
f 3880 3884 1876
f 1691 1690 3925
f 3925 3926 1688
f 3934 3933 3937
f 3934 3938 3939
f 3932 3936 3937
f 3938 3942 3943
f 3937 3936 3940
f 3937 3941 3942
f 3942 3946 3947
f 3941 3940 3944
f 3942 3941 3945
f 3947 3946 3950
f 3944 3948 3949
f 3945 3949 3950
f 3950 3954 3955
f 3949 3948 3952
f 3950 3949 3953
f 3955 3954 3958
f 3953 3952 3956
f 3953 3957 3958
f 3959 3958 3962
f 3957 3956 3960
f 3958 3957 3961
f 3962 3966 3967
f 3960 3964 3965
f 3961 3965 3966
f 3966 3970 3971
f 3965 3964 3968
f 3966 3965 3969
f 3970 3974 3975
f 3968 3972 3973
f 3969 3973 3974
f 3974 3978 3979
f 3973 3972 3976
f 3974 3973 3977
f 3979 3978 3982
f 3976 3980 3981
f 3977 3981 3982
f 3982 3986 3987
f 3981 3980 3984
f 3982 3981 3985
f 3987 3986 3990
f 3984 3988 3989
f 3985 3989 3990
f 3991 3990 3994
f 3989 3988 3992
f 3990 3989 3993
f 3995 3994 3998
f 3992 3996 3997
f 3993 3997 3998
f 3998 4002 4003
f 3997 3996 4000
f 3998 3997 4001
f 4002 4006 4007
f 4000 4004 4005
f 4001 4005 4006
f 4006 4010 4011
f 4005 4004 4008
f 4006 4005 4009
f 4011 4010 4014
f 4008 4012 4013
f 4009 4013 4014
f 4014 4018 4019
f 4013 4012 4016
f 4014 4013 4017
f 4019 4018 4022
f 4016 4020 4021
f 4017 4021 4022
f 4023 4022 4026
f 4021 4020 4024
f 4022 4021 4025
f 4027 4026 4030
f 4024 4028 4029
f 4025 4029 4030
f 4031 4030 4034
f 4029 4028 4032
f 4030 4029 4033
f 4034 4038 4039
f 4032 4036 4037
f 4033 4037 4038
f 4038 4042 4043
f 4037 4036 4040
f 4038 4037 4041
f 4043 4042 4046
f 4040 4044 4045
f 4041 4045 4046
f 4046 4050 4051
f 4045 4044 4048
f 4046 4045 4049
f 4051 4050 4055
f 4048 4053 4054
f 4049 4054 4055
f 4056 4055 4059
f 4053 4057 4058
f 4055 4054 4058
f 4060 4059 3934
f 4058 4057 3932
f 4058 3933 3934
f 4069 4068 4081
f 4066 4079 4080
f 4065 4064 4077
f 4063 4062 4075
f 4071 4084 4085
f 4069 4082 4083
f 4067 4080 4081
f 4066 4065 4078
f 4063 4076 4077
f 4061 4074 4075
f 4072 4085 4086
f 4071 4070 4083
f 4076 4089 4090
f 4074 4087 4088
f 4086 4085 4098
f 4083 4096 4097
f 4082 4081 4094
f 4079 4092 4093
f 4078 4077 4090
f 4076 4075 4088
f 4085 4084 4097
f 4082 4095 4096
f 4080 4093 4094
f 4079 4078 4091
f 4089 4102 4103
f 4088 4087 4100
f 4098 4111 4112
f 4096 4109 4110
f 4095 4094 4107
f 4092 4105 4106
f 4090 4103 4104
f 4089 4088 4101
f 4097 4110 4111
f 4095 4108 4109
f 4094 4093 4106
f 4092 4091 4104
f 4103 4102 4115
f 4100 4113 4114
f 4112 4111 4124
f 4110 4109 4122
f 4107 4120 4121
f 4105 4118 4119
f 4103 4116 4117
f 4101 4114 4115
f 4110 4123 4124
f 4109 4108 4121
f 4107 4106 4119
f 4105 4104 4117
f 4115 4128 4129
f 4114 4113 4126
f 4124 4137 4138
f 4123 4122 4135
f 4120 4133 4134
f 4119 4118 4131
f 4117 4116 4129
f 4114 4127 4128
f 4124 4123 4136
f 4122 4121 4134
f 4119 4132 4133
f 4117 4130 4131
f 4129 4128 4141
f 4126 4139 4140
f 4138 4137 4150
f 4136 4135 4148
f 4133 4146 4147
f 4131 4144 4145
f 4130 4129 4142
f 4127 4140 4141
f 4137 4136 4149
f 4135 4134 4147
f 4132 4145 4146
f 4131 4130 4143
f 4142 4141 4154
f 4140 4139 4152
f 4150 4163 4164
f 4149 4148 4161
f 4146 4159 4160
f 4144 4157 4158
f 4142 4155 4156
f 4140 4153 4154
f 4149 4162 4163
f 4148 4147 4160
f 4146 4145 4158
f 4144 4143 4156
f 4155 4154 4167
f 4153 4152 4165
f 4163 4176 4177
f 4161 4174 4175
f 4159 4172 4173
f 4158 4157 4170
f 4155 4168 4169
f 4153 4166 4167
f 4163 4162 4175
f 4161 4160 4173
f 4159 4158 4171
f 4156 4169 4170
f 4167 4180 4181
f 4165 4178 4179
f 4176 4189 4190
f 4175 4174 4187
f 4173 4172 4185
f 4170 4183 4184
f 4169 4168 4181
f 4167 4166 4179
f 4175 4188 4189
f 4173 4186 4187
f 4171 4184 4185
f 4170 4169 4182
f 4180 4193 4194
f 4178 4191 4192
f 4190 4189 4202
f 4187 4200 4201
f 4186 4185 4198
f 4183 4196 4197
f 4182 4181 4194
f 4180 4179 4192
f 4189 4188 4201
f 4186 4199 4200
f 4184 4197 4198
f 4183 4182 4195
f 4193 4206 4207
f 4192 4191 4204
f 4202 4215 4216
f 4200 4213 4214
f 4199 4198 4211
f 4196 4209 4210
f 4194 4207 4208
f 4193 4192 4205
f 4201 4214 4215
f 4199 4212 4213
f 4198 4197 4210
f 4196 4195 4208
f 4207 4206 4219
f 4204 4217 4218
f 4216 4215 4228
f 4213 4226 4227
f 4211 4224 4225
f 4209 4222 4223
f 4207 4220 4221
f 4205 4218 4219
f 4214 4227 4228
f 4213 4212 4225
f 4211 4210 4223
f 4209 4208 4221
f 4219 4232 4233
f 4218 4217 4230
f 4228 4241 4242
f 4226 4239 4240
f 4225 4224 4237
f 4223 4222 4235
f 4221 4220 4233
f 4218 4231 4232
f 4228 4227 4240
f 4226 4225 4238
f 4223 4236 4237
f 4221 4234 4235
f 4233 4232 4245
f 4230 4243 4244
f 4242 4241 4254
f 4240 4239 4252
f 4237 4250 4251
f 4235 4248 4249
f 4234 4233 4246
f 4231 4244 4245
f 4241 4240 4253
f 4239 4238 4251
f 4236 4249 4250
f 4235 4234 4247
f 4246 4245 4258
f 4244 4243 4256
f 4254 4267 4268
f 4253 4252 4265
f 4250 4263 4264
f 4248 4261 4262
f 4246 4259 4260
f 4244 4257 4258
f 4253 4266 4267
f 4252 4251 4264
f 4250 4249 4262
f 4248 4247 4260
f 4259 4258 4271
f 4257 4256 4269
f 4267 4280 4281
f 4265 4278 4279
f 4263 4276 4277
f 4262 4261 4274
f 4259 4272 4273
f 4257 4270 4271
f 4266 4279 4280
f 4265 4264 4277
f 4263 4262 4275
f 4260 4273 4274
f 4271 4284 4285
f 4269 4282 4283
f 4281 4280 4293
f 4279 4278 4291
f 4277 4276 4289
f 4274 4287 4288
f 4273 4272 4285
f 4271 4270 4283
f 4280 4279 4292
f 4277 4290 4291
f 4275 4288 4289
f 4274 4273 4286
f 4284 4297 4298
f 4282 4295 4296
f 4294 4293 4306
f 4291 4304 4305
f 4290 4289 4302
f 4287 4300 4301
f 4286 4285 4298
f 4284 4283 4296
f 4293 4292 4305
f 4290 4303 4304
f 4288 4301 4302
f 4287 4286 4299
f 4297 4310 4311
f 4296 4295 4308
f 4306 4319 4320
f 4304 4317 4318
f 4303 4302 4315
f 4300 4313 4314
f 4298 4311 4312
f 4297 4296 4309
f 4305 4318 4319
f 4304 4303 4316
f 4302 4301 4314
f 4300 4299 4312
f 4310 4323 4324
f 4308 4321 4322
f 4320 4319 4332
f 4318 4317 4330
f 4316 4315 4328
f 4313 4326 4327
f 4311 4324 4325
f 4310 4309 4322
f 4318 4331 4332
f 4316 4329 4330
f 4315 4314 4327
f 4312 4325 4326
f 4323 4336 4337
f 4322 4321 4334
f 4332 4345 4346
f 4330 4343 4344
f 4329 4328 4341
f 4327 4326 4339
f 4325 4324 4337
f 4322 4335 4336
f 4332 4331 4344
f 4330 4329 4342
f 4327 4340 4341
f 4325 4338 4339
f 4337 4336 4350
f 4334 4348 4349
f 4346 4345 4359
f 4344 4343 4357
f 4341 4355 4356
f 4340 4339 4353
f 4338 4337 4351
f 4335 4349 4350
f 4345 4344 4358
f 4343 4342 4356
f 4340 4354 4355
f 4338 4352 4353
f 4351 4350 4363
f 4349 4348 4361
f 4359 4372 4373
f 4358 4357 4370
f 4355 4368 4369
f 4354 4353 4366
f 4351 4364 4365
f 4349 4362 4363
f 4358 4371 4372
f 4357 4356 4369
f 4355 4354 4367
f 4352 4365 4366
f 4364 4363 4376
f 4362 4361 4374
f 4373 4372 4385
f 4370 4383 4384
f 4368 4381 4382
f 4367 4366 4379
f 4364 4377 4378
f 4362 4375 4376
f 4372 4371 4384
f 4370 4369 4382
f 4368 4367 4380
f 4365 4378 4379
f 4376 4389 4390
f 4374 4387 4388
f 4385 4398 4399
f 4384 4383 4396
f 4382 4381 4394
f 4379 4392 4393
f 4378 4377 4390
f 4376 4375 4388
f 4384 4397 4398
f 4382 4395 4396
f 4380 4393 4394
f 4379 4378 4391
f 4389 4402 4403
f 4387 4400 4401
f 4399 4398 4411
f 4396 4409 4410
f 4395 4394 4407
f 4393 4392 4405
f 4391 4390 4403
f 4389 4388 4401
f 4398 4397 4410
f 4395 4408 4409
f 4393 4406 4407
f 4391 4404 4405
f 4402 4415 4416
f 4401 4400 4413
f 4411 4424 4425
f 4409 4422 4423
f 4408 4407 4420
f 4406 4405 4418
f 4403 4416 4417
f 4402 4401 4414
f 4410 4423 4424
f 4408 4421 4422
f 4407 4406 4419
f 4404 4417 4418
f 4416 4415 4428
f 4413 4426 4427
f 4425 4424 4437
f 4423 4422 4435
f 4421 4420 4433
f 4418 4431 4432
f 4416 4429 4430
f 4415 4414 4427
f 4423 4436 4437
f 4421 4434 4435
f 4420 4419 4432
f 4418 4417 4430
f 4428 4441 4442
f 4426 4439 4440
f 4437 4450 4451
f 4435 4448 4449
f 4434 4433 4446
f 4432 4431 4444
f 4430 4429 4442
f 4427 4440 4441
f 4437 4436 4449
f 4435 4434 4447
f 4432 4445 4446
f 4430 4443 4444
f 4442 4441 4454
f 4439 4452 4453
f 4451 4450 4463
f 4449 4448 4461
f 4446 4459 4460
f 4444 4457 4458
f 4443 4442 4455
f 4440 4453 4454
f 4450 4449 4462
f 4447 4460 4461
f 4445 4458 4459
f 4444 4443 4456
f 4455 4454 4467
f 4453 4452 4465
f 4463 4476 4477
f 4462 4461 4474
f 4459 4472 4473
f 4457 4470 4471
f 4455 4468 4469
f 4453 4466 4467
f 4462 4475 4476
f 4461 4460 4473
f 4459 4458 4471
f 4457 4456 4469
f 4468 4467 4063
f 4466 4465 4061
f 4477 4476 4072
f 4474 4070 4071
f 4472 4068 4069
f 4471 4470 4066
f 4468 4064 4065
f 4466 4062 4063
f 4476 4475 4071
f 4474 4473 4069
f 4472 4471 4067
f 4469 4065 4066
f 3935 4061 4465
f 4465 4452 4056
f 4452 4439 4051
f 4439 4426 4047
f 4047 4426 4413
f 4043 4413 4400
f 4039 4400 4387
f 4387 4374 4031
f 4031 4374 4361
f 4361 4348 4023
f 4348 4334 4019
f 4334 4321 4015
f 4015 4321 4308
f 4011 4308 4295
f 4007 4295 4282
f 4282 4269 3999
f 3999 4269 4256
f 4256 4243 3991
f 4243 4230 3987
f 4230 4217 3983
f 3983 4217 4204
f 3979 4204 4191
f 3975 4191 4178
f 4178 4165 3967
f 3967 4165 4152
f 4152 4139 3959
f 4139 4126 3955
f 4126 4113 3951
f 3951 4113 4100
f 3947 4100 4087
f 3943 4087 4074
f 4074 4061 3935
f 4480 4479 4483
f 4480 4484 4485
f 4479 4478 4482
f 4484 4488 4489
f 4482 4486 4487
f 4483 4487 4488
f 4488 4492 4493
f 4487 4486 4490
f 4488 4487 4491
f 4493 4492 4496
f 4490 4494 4495
f 4491 4495 4496
f 4496 4500 4501
f 4495 4494 4498
f 4496 4495 4499
f 4501 4500 4504
f 4498 4502 4503
f 4499 4503 4504
f 4505 4504 4508
f 4503 4502 4506
f 4504 4503 4507
f 4509 4508 4512
f 4506 4510 4511
f 4507 4511 4512
f 4513 4512 4516
f 4511 4510 4514
f 4512 4511 4515
f 4516 4520 4521
f 4514 4518 4519
f 4515 4519 4520
f 4520 4524 4525
f 4518 4522 4523
f 4520 4519 4523
f 4525 4524 4528
f 4522 4526 4527
f 4523 4527 4528
f 4528 4532 4533
f 4527 4526 4530
f 4528 4527 4531
f 4533 4532 4536
f 4530 4534 4535
f 4531 4535 4536
f 4537 4536 4540
f 4534 4538 4539
f 4536 4535 4539
f 4541 4540 4544
f 4539 4538 4542
f 4539 4543 4544
f 4544 4548 4549
f 4542 4546 4547
f 4544 4543 4547
f 4548 4552 4553
f 4547 4546 4550
f 4547 4551 4552
f 4552 4556 4557
f 4551 4550 4554
f 4552 4551 4555
f 4557 4556 4560
f 4554 4558 4559
f 4555 4559 4560
f 4560 4564 4565
f 4559 4558 4562
f 4560 4559 4563
f 4565 4564 4568
f 4562 4566 4567
f 4563 4567 4568
f 4569 4568 4572
f 4567 4566 4570
f 4568 4567 4571
f 4572 4576 4577
f 4570 4574 4575
f 4571 4575 4576
f 4576 4580 4581
f 4575 4574 4578
f 4576 4575 4579
f 4580 4584 4585
f 4578 4582 4583
f 4579 4583 4584
f 4584 4588 4589
f 4583 4582 4586
f 4584 4583 4587
f 4589 4588 4592
f 4586 4590 4591
f 4587 4591 4592
f 4592 4596 4597
f 4591 4590 4594
f 4592 4591 4595
f 4597 4596 4601
f 4594 4599 4600
f 4595 4600 4601
f 4602 4601 4605
f 4600 4599 4603
f 4601 4600 4604
f 4606 4605 4480
f 4603 4478 4479
f 4604 4479 4480
f 4615 4614 4627
f 4612 4625 4626
f 4611 4610 4623
f 4609 4608 4621
f 4618 4617 4630
f 4615 4628 4629
f 4613 4626 4627
f 4612 4611 4624
f 4609 4622 4623
f 4607 4620 4621
f 4619 4618 4631
f 4617 4616 4629
f 4622 4635 4636
f 4620 4633 4634
f 4632 4631 4644
f 4629 4642 4643
f 4628 4627 4640
f 4626 4625 4638
f 4624 4623 4636
f 4622 4621 4634
f 4631 4630 4643
f 4628 4641 4642
f 4626 4639 4640
f 4624 4637 4638
f 4635 4648 4649
f 4634 4633 4646
f 4644 4657 4658
f 4642 4655 4656
f 4641 4640 4653
f 4639 4638 4651
f 4636 4649 4650
f 4635 4634 4647
f 4643 4656 4657
f 4642 4641 4654
f 4640 4639 4652
f 4637 4650 4651
f 4648 4661 4662
f 4646 4659 4660
f 4658 4657 4670
f 4656 4655 4668
f 4653 4666 4667
f 4651 4664 4665
f 4649 4662 4663
f 4648 4647 4660
f 4656 4669 4670
f 4654 4667 4668
f 4653 4652 4665
f 4651 4650 4663
f 4661 4674 4675
f 4660 4659 4672
f 4670 4683 4684
f 4668 4681 4682
f 4667 4666 4679
f 4665 4664 4677
f 4663 4662 4675
f 4661 4660 4673
f 4670 4669 4682
f 4667 4680 4681
f 4665 4678 4679
f 4663 4676 4677
f 4675 4674 4687
f 4672 4685 4686
f 4684 4683 4696
f 4682 4681 4694
f 4679 4692 4693
f 4678 4677 4690
f 4676 4675 4688
f 4673 4686 4687
f 4683 4682 4695
f 4681 4680 4693
f 4678 4691 4692
f 4676 4689 4690
f 4688 4687 4700
f 4686 4685 4698
f 4696 4709 4710
f 4695 4694 4707
f 4692 4705 4706
f 4691 4690 4703
f 4688 4701 4702
f 4686 4699 4700
f 4695 4708 4709
f 4694 4693 4706
f 4692 4691 4704
f 4689 4702 4703
f 4701 4700 4713
f 4699 4698 4711
f 4710 4709 4722
f 4707 4720 4721
f 4705 4718 4719
f 4704 4703 4716
f 4701 4714 4715
f 4699 4712 4713
f 4709 4708 4721
f 4707 4706 4719
f 4705 4704 4717
f 4702 4715 4716
f 4713 4726 4727
f 4711 4724 4725
f 4723 4722 4735
f 4721 4720 4733
f 4719 4718 4731
f 4716 4729 4730
f 4715 4714 4727
f 4713 4712 4725
f 4721 4734 4735
f 4719 4732 4733
f 4717 4730 4731
f 4716 4715 4728
f 4726 4739 4740
f 4724 4737 4738
f 4736 4735 4748
f 4733 4746 4747
f 4732 4731 4744
f 4730 4729 4742
f 4728 4727 4740
f 4726 4725 4738
f 4735 4734 4747
f 4732 4745 4746
f 4730 4743 4744
f 4728 4741 4742
f 4739 4752 4753
f 4738 4737 4750
f 4748 4761 4762
f 4746 4759 4760
f 4745 4744 4757
f 4743 4742 4755
f 4740 4753 4754
f 4739 4738 4751
f 4747 4760 4761
f 4745 4758 4759
f 4744 4743 4756
f 4741 4754 4755
f 4753 4752 4765
f 4750 4763 4764
f 4762 4761 4774
f 4759 4772 4773
f 4758 4757 4770
f 4755 4768 4769
f 4753 4766 4767
f 4752 4751 4764
f 4760 4773 4774
f 4758 4771 4772
f 4757 4756 4769
f 4755 4754 4767
f 4765 4778 4779
f 4764 4763 4776
f 4774 4787 4788
f 4772 4785 4786
f 4771 4770 4783
f 4769 4768 4781
f 4767 4766 4779
f 4765 4764 4777
f 4774 4773 4786
f 4771 4784 4785
f 4769 4782 4783
f 4767 4780 4781
f 4779 4778 4791
f 4776 4789 4790
f 4788 4787 4800
f 4786 4785 4798
f 4783 4796 4797
f 4782 4781 4794
f 4780 4779 4792
f 4777 4790 4791
f 4787 4786 4799
f 4785 4784 4797
f 4782 4795 4796
f 4780 4793 4794
f 4792 4791 4804
f 4790 4789 4802
f 4800 4813 4814
f 4799 4798 4811
f 4796 4809 4810
f 4795 4794 4807
f 4792 4805 4806
f 4790 4803 4804
f 4799 4812 4813
f 4798 4797 4810
f 4796 4795 4808
f 4793 4806 4807
f 4805 4804 4817
f 4803 4802 4815
f 4814 4813 4826
f 4811 4824 4825
f 4809 4822 4823
f 4808 4807 4820
f 4805 4818 4819
f 4803 4816 4817
f 4813 4812 4825
f 4811 4810 4823
f 4809 4808 4821
f 4806 4819 4820
f 4817 4830 4831
f 4815 4828 4829
f 4826 4839 4840
f 4825 4824 4837
f 4823 4822 4835
f 4820 4833 4834
f 4819 4818 4831
f 4817 4816 4829
f 4825 4838 4839
f 4823 4836 4837
f 4821 4834 4835
f 4820 4819 4832
f 4830 4843 4844
f 4828 4841 4842
f 4840 4839 4852
f 4837 4850 4851
f 4836 4835 4848
f 4834 4833 4846
f 4832 4831 4844
f 4830 4829 4842
f 4839 4838 4851
f 4836 4849 4850
f 4834 4847 4848
f 4832 4845 4846
f 4843 4856 4857
f 4842 4841 4854
f 4852 4865 4866
f 4850 4863 4864
f 4849 4848 4861
f 4847 4846 4859
f 4844 4857 4858
f 4843 4842 4855
f 4851 4864 4865
f 4849 4862 4863
f 4848 4847 4860
f 4845 4858 4859
f 4857 4856 4869
f 4855 4854 4867
f 4866 4865 4878
f 4864 4863 4876
f 4862 4861 4874
f 4859 4872 4873
f 4857 4870 4871
f 4856 4855 4868
f 4864 4877 4878
f 4862 4875 4876
f 4861 4860 4873
f 4859 4858 4871
f 4869 4882 4883
f 4868 4867 4880
f 4878 4891 4892
f 4877 4876 4889
f 4874 4887 4888
f 4873 4872 4885
f 4871 4870 4883
f 4868 4881 4882
f 4878 4877 4890
f 4876 4875 4888
f 4873 4886 4887
f 4871 4884 4885
f 4883 4882 4896
f 4880 4894 4895
f 4892 4891 4905
f 4890 4889 4903
f 4887 4901 4902
f 4885 4899 4900
f 4884 4883 4897
f 4881 4895 4896
f 4891 4890 4904
f 4889 4888 4902
f 4886 4900 4901
f 4885 4884 4898
f 4897 4896 4909
f 4895 4894 4907
f 4905 4918 4919
f 4904 4903 4916
f 4901 4914 4915
f 4899 4912 4913
f 4897 4910 4911
f 4895 4908 4909
f 4904 4917 4918
f 4903 4902 4915
f 4901 4900 4913
f 4899 4898 4911
f 4910 4909 4922
f 4908 4907 4920
f 4919 4918 4931
f 4916 4929 4930
f 4914 4927 4928
f 4913 4912 4925
f 4910 4923 4924
f 4908 4921 4922
f 4918 4917 4930
f 4916 4915 4928
f 4914 4913 4926
f 4911 4924 4925
f 4922 4935 4936
f 4920 4933 4934
f 4931 4944 4945
f 4930 4929 4942
f 4928 4927 4940
f 4925 4938 4939
f 4924 4923 4936
f 4922 4921 4934
f 4930 4943 4944
f 4928 4941 4942
f 4926 4939 4940
f 4925 4924 4937
f 4935 4948 4949
f 4933 4946 4947
f 4945 4944 4957
f 4942 4955 4956
f 4941 4940 4953
f 4938 4951 4952
f 4937 4936 4949
f 4935 4934 4947
f 4944 4943 4956
f 4941 4954 4955
f 4939 4952 4953
f 4938 4937 4950
f 4948 4961 4962
f 4947 4946 4959
f 4957 4970 4971
f 4955 4968 4969
f 4954 4953 4966
f 4951 4964 4965
f 4949 4962 4963
f 4948 4947 4960
f 4956 4969 4970
f 4954 4967 4968
f 4953 4952 4965
f 4951 4950 4963
f 4962 4961 4974
f 4959 4972 4973
f 4971 4970 4983
f 4968 4981 4982
f 4966 4979 4980
f 4964 4977 4978
f 4962 4975 4976
f 4960 4973 4974
f 4969 4982 4983
f 4967 4980 4981
f 4966 4965 4978
f 4964 4963 4976
f 4975 4974 4987
f 4973 4972 4985
f 4983 4996 4997
f 4981 4994 4995
f 4979 4992 4993
f 4978 4977 4990
f 4976 4975 4988
f 4973 4986 4987
f 4983 4982 4995
f 4981 4980 4993
f 4978 4991 4992
f 4976 4989 4990
f 4988 4987 5000
f 4985 4998 4999
f 4997 4996 5009
f 4995 4994 5007
f 4992 5005 5006
f 4991 4990 5003
f 4989 4988 5001
f 4986 4999 5000
f 4996 4995 5008
f 4994 4993 5006
f 4991 5004 5005
f 4989 5002 5003
f 5001 5000 5013
f 4999 4998 5011
f 5009 5022 5023
f 5008 5007 5020
f 5005 5018 5019
f 5004 5003 5016
f 5001 5014 5015
f 4999 5012 5013
f 5008 5021 5022
f 5007 5006 5019
f 5005 5004 5017
f 5002 5015 5016
f 5014 5013 4609
f 5012 5011 4607
f 5022 4618 4619
f 5020 4616 4617
f 5018 4614 4615
f 5017 5016 4612
f 5014 4610 4611
f 5012 4608 4609
f 5021 4617 4618
f 5020 5019 4615
f 5018 5017 4613
f 5015 4611 4612
f 4481 4607 5011
f 5011 4998 4602
f 4998 4985 4597
f 4985 4972 4593
f 4593 4972 4959
f 4589 4959 4946
f 4585 4946 4933
f 4933 4920 4577
f 4577 4920 4907
f 4907 4894 4569
f 4894 4880 4565
f 4880 4867 4561
f 4561 4867 4854
f 4557 4854 4841
f 4553 4841 4828
f 4828 4815 4545
f 4545 4815 4802
f 4802 4789 4537
f 4789 4776 4533
f 4776 4763 4529
f 4529 4763 4750
f 4525 4750 4737
f 4521 4737 4724
f 4724 4711 4513
f 4513 4711 4698
f 4698 4685 4505
f 4685 4672 4501
f 4672 4659 4497
f 4497 4659 4646
f 4493 4646 4633
f 4489 4633 4620
f 4620 4607 4481
