# Face Semantic ICP Wrap export
v 0.31211197 0.09526687 0.05085285
v 0.33498763 0.09071888 0.06068367
v 0.33739481 0.10099750 0.06324350
v 0.31513221 0.10365877 0.05402836
v 0.37839468 0.10494066 0.01083576
v 0.36058348 0.12809546 0.02975875
v 0.36063057 0.14811691 0.03070122
v 0.36575517 0.14711576 0.01222946
v 0.12389842 -0.11136876 -0.38468743
v 0.03283061 -0.11402511 -0.41852465
v 0.03708676 -0.19003553 -0.41289245
v 0.12212260 -0.19567360 -0.37606723
v 0.24520031 -0.32085182 -0.26750512
v 0.21193610 -0.27526753 -0.29534680
v 0.21122928 -0.34406132 -0.33735494
v 0.25952736 -0.36122126 -0.27364939
v 0.09931107 0.42110986 0.64015618
v 0.15076881 0.41890844 0.60876573
v 0.14845272 0.38032412 0.63312136
v -0.51892728 0.06140018 0.00101911
v -0.54377959 0.05510674 0.00711167
v -0.54616644 0.06481485 0.00914283
v -0.51963835 0.07131263 0.00287777
v -0.57582637 0.06766781 -0.05198319
v -0.56813334 0.09069659 -0.03016306
v -0.56745938 0.10825149 -0.02898550
v -0.56776097 0.10736602 -0.04726136
v 0.09886059 0.37894586 0.65972711
v 0.49885931 0.24543968 -0.04374753
v 0.49829990 0.22816423 -0.05092017
v 0.50174521 0.21773711 -0.03510402
v 0.49894117 0.23395326 -0.03123462
v 0.48037135 0.12685783 -0.03592508
v 0.47389844 0.17540980 -0.04538348
v 0.48339594 0.19212635 -0.04810585
v 0.48468385 0.17854123 -0.04436606
v 0.47226665 0.06252828 -0.01632661
v 0.46775023 0.06769842 -0.01184295
v 0.47608059 0.09582553 -0.02391700
v 0.48081663 0.09363498 -0.02866479
v 0.38144917 -0.06754467 0.11698838
v 0.39764210 -0.04959437 0.10756219
v 0.40003814 -0.06552159 0.09780571
v 0.37338013 -0.07619633 0.10602543
v 0.35426595 -0.07086571 0.09796398
v 0.38297352 -0.07244138 0.07549087
v 0.37698363 -0.05476335 0.06866401
v 0.35399875 -0.05597538 0.08631363
v 0.46645633 0.30907665 0.05094362
v 0.46545222 0.29015799 0.05340312
v 0.45075106 0.28605609 0.06806297
v 0.45440658 0.30388548 0.07014148
v 0.38482730 0.09422106 -0.02508662
v 0.37076213 0.05066759 -0.01439049
v 0.40952178 0.08068032 -0.01966039
v 0.41126397 0.09862229 -0.02153978
v 0.45135763 0.23965435 -0.00422292
v 0.45767611 0.24558718 -0.02308335
v 0.45995821 0.23269288 -0.03052619
v 0.45506753 0.22204975 -0.01464638
v 0.47266267 0.25811986 -0.05377562
v 0.47405095 0.23832924 -0.06463737
v 0.36532502 -0.00906503 0.12751577
v 0.36040377 0.01445266 0.13374519
v 0.36399378 0.02690743 0.12701077
v 0.36947877 0.02116772 0.12074723
v 0.36292645 0.10341702 0.02603948
v 0.36288156 0.13468030 0.04010459
v 0.44679360 -0.00447055 0.01364396
v 0.44620894 0.00736447 0.01834844
v 0.46022962 0.03318589 -0.00128276
v 0.46311479 0.02399087 -0.00709079
v 0.43379607 0.02639958 0.03134075
v 0.44878762 0.04132456 0.01066647
v 0.45628787 0.04518412 0.00030344
v 0.44733003 0.03212416 0.01173046
v 0.47446914 0.26391753 0.00313440
v 0.45944460 0.27761172 0.03121257
v 0.46489772 0.27814726 0.03449874
v 0.47752619 0.26379687 0.00305000
v 0.42413557 0.17279401 -0.01371088
v 0.41768703 0.20537075 -0.00007599
v 0.40927543 0.20102980 0.00141989
v 0.41478962 0.17287164 -0.00920245
v 0.47462215 0.23977971 -0.03721939
v 0.47871263 0.22359234 -0.04399783
v 0.46410091 0.21623310 -0.03872815
v 0.38986065 0.22343789 0.05622219
v 0.39477821 0.22781506 0.04831799
v 0.39706806 0.21778125 0.04526851
v 0.39555113 0.21004276 0.05242515
v 0.39909838 -0.07171794 0.07824109
v 0.35932365 -0.00949854 0.02427020
v 0.36970513 -0.00553136 0.01925504
v 0.38763653 0.01980438 0.00323201
v 0.37858276 0.02984873 -0.00006018
v 0.35304987 -0.05915022 0.12752799
v 0.37099168 -0.05650902 0.13131653
v 0.37700583 -0.06336570 0.12359510
v 0.35851105 -0.07072099 0.11898633
v 0.40662049 0.25080899 0.04973532
v 0.42097299 0.24780007 0.03735102
v 0.41065036 0.24108470 0.04075384
v 0.40008453 0.24263049 0.04971969
v 0.46719870 0.16276147 -0.03571741
v 0.45850651 0.20448408 -0.02370905
v 0.47281469 0.10582087 -0.00018070
v 0.47495589 0.10601033 -0.01891678
v 0.46905459 0.08016997 -0.00921252
v -0.22949815 -0.13371026 -0.39629427
v -0.13359983 -0.12375607 -0.42352439
v -0.12564136 -0.20027272 -0.41270976
v -0.21149366 -0.21970979 -0.38104437
v 0.46749777 0.08177863 0.00837785
v 0.46709798 0.15637238 0.00001219
v 0.46879001 0.15610693 -0.02151706
v 0.48648055 0.21397528 -0.03289993
v 0.48661715 0.17494868 -0.03506789
v 0.48530666 0.21730042 -0.03894816
v 0.39517641 0.23066296 0.01705584
v 0.39121040 0.25859164 -0.00761008
v 0.38936533 0.21733963 -0.02404053
v 0.39806017 0.21609477 0.00566514
v 0.36663754 0.05369430 0.12378719
v 0.37454293 0.06836916 0.11564162
v 0.36627503 0.05410649 0.10600667
v 0.36606543 0.04021808 0.10911194
v 0.39158856 0.00621561 0.01008473
v 0.37513299 -0.01242794 0.02453048
v 0.37785702 -0.01549326 0.02849716
v 0.39416951 -0.00398132 0.01878740
v 0.43466924 0.25576238 0.02703834
v 0.43813620 0.22237044 0.02159591
v 0.42914357 0.22177151 0.02948513
v 0.41527707 0.03998642 0.08542441
v 0.41924356 0.04927116 0.07222635
v 0.42612812 0.02765619 0.06158900
v 0.41851185 0.01368418 0.07156606
v 0.42305362 -0.04387992 0.04944732
v 0.40820251 -0.04892301 0.04257702
v 0.39432663 -0.06450097 0.05968724
v 0.41127341 -0.06155789 0.06492026
v 0.36796777 0.03305996 0.11669571
v 0.36499446 0.03647716 0.12499047
v 0.43917679 0.17558071 -0.02647166
v 0.43297645 0.21419199 -0.00935186
v 0.45381906 0.21159730 -0.00033121
v 0.45815793 0.19662488 -0.00746232
v 0.37483710 0.13522714 0.08711972
v 0.36173695 0.13940883 0.07746344
v 0.36392339 0.13438551 0.07688285
v 0.38002030 0.12488989 0.08862190
v 0.37769429 0.13385228 0.09681811
v 0.38260684 0.12396414 0.09778033
v 0.38080988 0.12216834 0.10565777
v 0.37753362 0.12764279 0.10629106
v 0.35912964 0.14083868 0.07145149
v 0.36028687 0.13907459 0.07478224
v 0.36137014 0.14266370 0.07308512
v 0.39153992 0.16087184 0.00224903
v 0.40339490 0.11142618 -0.00681623
v 0.39525171 0.10630654 0.00022199
v 0.37678915 0.15138473 0.00512042
v 0.47563550 0.11218135 -0.02966598
v 0.42995231 0.28084298 0.09457179
v 0.42110750 0.29181958 0.09460981
v 0.43743435 0.31387774 0.06785511
v 0.37541207 0.05499734 0.04775017
v 0.39612500 0.05859975 0.07074200
v 0.38611883 0.05628818 0.07935433
v 0.37522661 0.05029235 0.05853936
v 0.36534313 0.08144809 0.08695460
v 0.35302383 0.05895945 0.08990527
v 0.37614431 0.07218924 0.09889308
v 0.37636064 0.17109971 0.09987609
v 0.36785296 0.14815112 0.07851996
v 0.37240962 0.14159124 0.08900727
v 0.37269145 0.14337754 0.09856129
v 0.47609814 0.05667389 -0.02374065
v 0.48376219 0.09054987 -0.03738413
v 0.47349459 0.08784276 -0.04820636
v 0.46477586 0.05187297 -0.03277959
v 0.35686155 -0.03468103 0.13635430
v 0.33796686 -0.05177975 0.11367316
v 0.35475911 -0.01479908 0.14133537
v 0.49329328 0.29016812 -0.00630622
v 0.46997982 0.30447850 -0.00966528
v 0.47139804 0.29019216 -0.02642173
v 0.49578663 0.27610212 -0.02094638
v 0.35933804 0.18427987 0.03608866
v 0.35896952 0.17119204 0.03922270
v 0.36229960 0.17861614 0.05011806
v 0.36379369 0.19107793 0.04941806
v 0.26400832 -0.02967078 -0.25355280
v 0.31415221 -0.03821859 -0.13007598
v 0.33189421 0.05190551 -0.16869933
v 0.28597145 0.05800347 -0.27174340
v 0.42864005 -0.02709684 0.05199264
v 0.42353897 -0.04004672 0.06840142
v 0.38853141 0.21904040 0.11332031
v 0.38504232 0.23136233 0.12459316
v 0.39247499 0.26578017 0.11857462
v 0.39757828 0.24476538 0.11481340
v 0.47898515 0.18632299 -0.06835669
v 0.49665622 0.18147536 -0.05341483
v 0.40360220 0.25347163 0.06273289
v 0.42606355 0.27600351 0.04846728
v 0.41311767 0.25982248 0.04895212
v 0.40203171 0.25016424 0.05770838
v 0.39588226 0.20605863 0.07568199
v 0.40014941 0.21312494 0.07848284
v 0.39227312 0.21780467 0.07510901
v 0.38605305 0.20943311 0.07293466
v 0.38711894 0.26165894 0.13721036
v 0.39379847 0.29457883 0.11949086
v 0.35072391 -0.00835967 0.02011572
v 0.39881974 0.21283299 0.09566280
v 0.40351434 0.22937499 0.10015492
v 0.40560854 0.22372070 0.08289910
v -0.32083833 -0.37047994 -0.27972818
v -0.29603917 -0.31623204 -0.30575059
v -0.26993896 -0.38615955 -0.34706075
v -0.31950342 -0.41696775 -0.28837409
v 0.35684239 0.01850645 0.14652826
v 0.36050335 0.03183533 0.13433856
v 0.39842914 0.24388679 0.05812659
v 0.39416043 0.23669785 0.05763638
v 0.38667942 0.21434235 0.06246985
v 0.38880966 0.20405182 0.05412502
v 0.43644046 0.16315933 0.01944479
v 0.44857344 0.11317083 0.00823491
v 0.35448876 0.04476309 -0.07812286
v 0.34062160 -0.04560891 0.00335534
v 0.38652663 0.21873531 0.07353958
v 0.38751726 0.21972486 0.07115695
v 0.38400886 0.21464132 0.06809397
v 0.38118178 0.21184622 0.07104651
v 0.41607600 -0.05245703 0.08171001
v 0.42719355 0.20029741 0.03415551
v 0.40462639 0.19276890 0.04120488
v 0.40761012 0.20340145 0.04348968
v 0.48266189 0.12369603 -0.02991596
v 0.49041053 0.17453526 -0.03232534
v 0.49810246 0.17689705 -0.04108916
v 0.48892781 0.12286274 -0.03536457
v 0.34460908 -0.06255256 0.10592922
v 0.35697514 0.16532500 0.03264632
v 0.36353978 0.15568389 0.04011253
v 0.37445703 0.19379363 0.05160664
v 0.37700158 0.20484356 0.06256633
v 0.36178028 0.05155794 0.13646931
v 0.46647627 0.26509430 -0.02077222
v 0.47040451 0.25322602 -0.02959525
v 0.45484990 0.25589680 -0.01530321
v 0.45308279 0.26306783 -0.00506252
v 0.45084496 0.27290147 0.01266122
v 0.45172296 0.28066508 0.01709162
v 0.46067617 0.27388824 -0.00841670
v 0.39360565 0.19886873 0.04717896
v 0.40099711 0.20559090 0.04836228
v 0.40727223 0.02959922 0.09389533
v 0.40988270 -0.00941166 0.08611586
v 0.45835337 0.05926385 0.00421316
v 0.45549523 0.06578986 0.02120224
v 0.45678734 0.12268927 -0.05542637
v 0.45241201 0.18301306 -0.06398350
v 0.44926188 0.17847897 -0.04261006
v 0.45086166 0.12203969 -0.04224072
v 0.41159772 0.13362077 -0.01735560
v 0.39126594 0.14586625 -0.02465112
v 0.37521236 0.13418523 0.11096615
v 0.36937993 0.15721565 0.12467040
v 0.36835651 0.19498934 0.04833675
v 0.37194144 0.20231546 0.06173660
v 0.41697413 0.02409304 -0.00336403
v 0.39001342 -0.02160004 0.03908850
v 0.41589177 0.01085577 0.00619154
v 0.36514205 -0.02569917 0.04980584
v 0.36183823 -0.03120197 0.06379541
v 0.37752673 -0.03157776 0.05496747
v 0.43531695 0.03987674 0.03695824
v 0.44695496 0.04633050 0.02032442
v 0.35857229 0.13833785 0.06697987
v 0.35176132 0.12748193 0.05718166
v 0.35416952 0.13510528 0.06882533
v 0.45763548 0.15792062 0.01378523
v 0.46494515 0.10911956 0.01024076
v 0.40002586 0.22573469 0.07673520
v 0.37925404 0.16792910 0.06842833
v 0.39020011 0.18725594 0.08396107
v 0.41676462 0.25017535 0.08621817
v 0.40730779 0.23850852 0.07815579
v 0.40519928 0.23190307 0.07800835
v 0.41078759 0.23628731 0.08582417
v 0.32951414 0.07234245 0.05469609
v 0.34565660 0.06330388 0.06901741
v 0.35403926 0.08560724 0.07295986
v 0.44286681 0.28140423 0.02827605
v 0.44503907 0.26859220 0.01902600
v 0.44203890 0.22070526 -0.02457755
v 0.39874079 0.23016754 0.04212605
v 0.40239968 0.22113787 0.03859826
v 0.39615320 0.31420431 0.03131663
v 0.39574446 0.29618659 0.05078511
v 0.39885648 0.29673760 0.05753149
v 0.39811563 0.32827805 0.06008717
v 0.35690612 -0.04684805 0.08143782
v 0.37328998 -0.04464385 0.06668907
v 0.37227347 -0.03781245 0.06457137
v 0.35945701 -0.03851723 0.07516657
v 0.38112346 0.05386850 0.08224094
v 0.37424953 0.04770203 0.06511111
v 0.46541241 0.06723961 -0.01317918
v 0.46308611 0.06178607 -0.00721608
v 0.47223789 0.08625476 -0.01972726
v 0.47381769 0.09439297 -0.02500928
v 0.37476481 0.18785369 0.02472556
v 0.35874726 0.18452045 0.01985644
v 0.41368015 0.25453953 0.03747060
v 0.42807565 0.26979685 0.02826063
v 0.41790151 0.28709331 0.05054718
v 0.40822706 0.27401121 0.05102696
v 0.44760240 0.22937060 -0.04569694
v 0.40284788 0.21292055 0.04179158
v 0.40880889 0.21400353 0.03693511
v 0.40009865 0.21487451 0.04328563
v 0.38034402 0.20429498 0.07058426
v 0.38977604 0.19887417 0.07159449
v 0.41323602 0.25106795 0.07510316
v 0.43819901 0.27538292 0.06007517
v 0.43482728 0.27070886 0.05610026
v 0.41336601 0.25357264 0.07206348
v 0.39154482 0.22897230 0.06527345
v 0.03652302 -0.03568900 -0.44253198
v 0.04348431 0.03089407 -0.47463445
v -0.40792695 0.40284682 0.60253145
v -0.45317063 0.39712460 0.56360474
v -0.45056801 0.35715392 0.58969359
v -0.40565685 0.36039633 0.62220554
v 0.40557233 0.29335956 0.09571751
v 0.41218758 0.30365159 0.07211442
v 0.41922843 0.30892401 0.06918530
v 0.41014582 0.29841052 0.09005971
v 0.45206188 0.25527515 -0.00242970
v 0.48350255 0.23351700 -0.03150681
v 0.36760204 0.14680954 0.05255448
v 0.35686010 0.12350671 0.04936785
v 0.31121663 0.11354477 0.04687086
v 0.31101298 0.12144710 0.04912069
v 0.31686866 0.11849642 0.04197684
v 0.31649716 0.11018718 0.03953857
v 0.33612302 0.08001693 0.03254333
v 0.34813019 0.07300779 0.04423257
v 0.34265210 0.06007556 0.05494103
v 0.33094671 0.06418251 0.03669942
v 0.31197913 0.09233404 0.04107649
v 0.31168297 0.10374832 0.04511663
v 0.31759095 0.09948281 0.03534771
v 0.31773444 0.08778715 0.02844947
v 0.43839358 0.28070806 0.04027737
v 0.45318786 0.28106685 0.03037777
v 0.48884520 0.22799036 -0.02522636
v 0.49095988 0.21317122 -0.02975314
v 0.47636980 0.25897505 -0.01381664
v 0.48032526 0.24724549 -0.02261583
v 0.37808997 0.08451069 0.11751283
v 0.38289560 0.08652174 0.10502738
v 0.38135743 0.07644834 0.10562471
v 0.49550448 0.24803071 -0.02383999
v 0.49788716 0.26102995 -0.03328119
v 0.37035952 -0.03172665 0.12960402
v 0.36556498 -0.04241876 0.13587352
v 0.24822963 -0.46838679 0.13956532
v 0.29906678 -0.42481333 0.06397927
v 0.29998867 -0.47782839 0.05815827
v 0.24593441 -0.51975513 0.12722169
v 0.41887662 0.26471176 0.10014612
v 0.41210645 0.27982701 0.10464966
v 0.31166980 0.08084627 0.04539152
v 0.31331183 0.07720132 0.03678243
v 0.32670814 0.06280160 0.04382516
v 0.33724667 0.11130650 0.06538030
v 0.31330815 0.11332703 0.05627613
v 0.33763318 0.09039441 0.03456121
v 0.33448486 0.12361850 0.04912201
v 0.33349990 0.13132099 0.05826222
v 0.34985980 0.04591027 0.08418926
v 0.36176635 0.04073634 0.07166587
v 0.37046729 0.04033693 0.09429680
v 0.31913289 0.07248162 0.02763366
v 0.37360867 0.19124287 0.03915907
v 0.35034693 0.09576738 0.04046783
v 0.36412368 0.08214655 0.03279895
v 0.36384224 0.06891583 0.03956673
v 0.35093572 0.08355865 0.03957072
v 0.42651227 0.02233205 0.04970380
v 0.42945322 0.03489108 0.05083911
v 0.37749804 0.05894299 0.03426043
v 0.40214924 0.06013680 0.05161300
v 0.36724725 0.16453147 0.04821922
v 0.37966997 0.18462783 0.06167584
v 0.35855744 0.14001135 0.06748153
v 0.34965382 0.11042583 0.04592360
v 0.36103319 0.09685616 0.03514310
v 0.33589253 0.11986794 0.06664029
v 0.35723218 0.12106170 0.07447039
v 0.35555032 0.12774377 0.07254551
v 0.33447946 0.12593249 0.06511500
v 0.41774290 0.22184280 0.03278792
v 0.40490234 0.26544503 0.11072014
v 0.41256572 0.24710028 0.10124899
v 0.40968931 0.34462095 -0.04483722
v 0.40028996 0.29344879 -0.08051835
v 0.39274602 0.29470746 0.00635991
v 0.33717536 0.10226295 0.03747731
v 0.31374205 0.12651547 0.05104219
v 0.31422927 0.12488281 0.05927663
v 0.45649204 0.04206546 0.00161029
v 0.37693988 0.04015080 0.09942775
v 0.37019382 0.19408421 0.06392454
v 0.45339370 0.08855476 -0.04370241
v 0.44613706 0.05505440 -0.02985589
v 0.36877864 0.20011556 0.06196696
v 0.37389269 0.20576263 0.06787409
v 0.36920840 0.04371456 0.06725578
v 0.37709912 0.04721095 0.08802318
v 0.37683385 0.20786568 0.06902991
v 0.38063573 0.08394934 0.09664379
v 0.44915483 0.22095069 0.00516016
v 0.39560019 -0.03758100 0.03685807
v 0.38505055 -0.04753138 0.05430318
v 0.31388854 0.11989209 0.05829259
v 0.34036291 0.05910461 0.05674857
v 0.33670137 0.11403871 0.04271539
v 0.37100289 0.10804186 0.08358648
v 0.36922009 0.09448755 0.08579508
v 0.38320269 0.09762227 0.09495233
v 0.40944299 0.06206442 0.04073643
v 0.38258015 0.06961918 0.02232362
v 0.39040170 0.07467753 0.01028586
v 0.42053665 0.06753927 0.03146752
v 0.43532547 0.02475065 -0.01656448
v 0.42215024 -0.00335086 0.00116784
v 0.43665070 -0.00794704 0.00629836
v 0.45239153 0.01913670 -0.01481367
v 0.41758057 0.44335649 -0.09596391
v 0.41284654 0.37935647 0.00235182
v 0.42158173 0.48237749 -0.01942229
v 0.44335353 0.28107806 -0.00894488
v 0.44390698 0.26518665 -0.02026699
v 0.47400176 0.27399481 -0.04043968
v 0.39625395 0.31601027 0.09128229
v 0.40146389 0.29783326 0.06622307
v 0.40510167 0.30240300 0.07676828
v 0.47423269 0.12374962 -0.06150726
v 0.38408202 0.19461975 0.10814263
v 0.39437564 0.19934595 0.09037706
v 0.41202577 0.03225296 -0.00630363
v 0.42927136 0.05625270 0.04792888
v 0.44154582 0.05776898 0.03468114
v 0.47676356 0.28954809 0.03511994
v 0.45329054 0.27929003 0.04935978
v 0.00924839 -0.57885081 0.28794041
v 0.01375325 -0.61143038 0.25386439
v -0.08949825 0.03312182 0.69822652
v -0.07942300 0.03182696 0.69007751
v -0.08664861 0.04334194 0.68277941
v -0.09121916 0.04382815 0.68695042
v -0.08513833 -0.02288670 0.68985057
v -0.08743276 -0.01318920 0.68455616
v -0.08004729 -0.01498230 0.67983622
v -0.07505188 -0.02240978 0.68511300
v -0.10544789 0.04222923 0.68142188
v -0.11524418 0.02527588 0.69768638
v -0.10865078 0.03114982 0.70616646
v -0.10003735 0.04580110 0.68642327
v 0.47566535 0.30801537 0.02991292
v -0.06040588 -0.02231662 0.68959440
v -0.06761964 -0.01274716 0.68209415
v -0.06389992 -0.00818735 0.69491312
v -0.05120421 -0.01584417 0.70408111
v -0.12051274 -0.01766309 0.73623175
v -0.11126152 -0.00572300 0.73812022
v -0.11981286 -0.01040424 0.72200074
v -0.12044599 -0.02097505 0.71905604
v -0.09723467 -0.00158368 0.73641424
v -0.08417878 -0.00303318 0.74932835
v -0.07073416 -0.00125286 0.74025020
v -0.08525069 -0.00061136 0.72797297
v -0.11057884 0.00349426 0.69467048
v -0.10735500 -0.00863310 0.70129779
v -0.11997193 0.00417535 0.71473462
v -0.06457324 0.00470561 0.68347028
v -0.07038072 -0.00180393 0.67528768
v -0.07724636 0.02084013 0.66966522
v -0.07241390 0.02523666 0.67517620
v 0.26601743 -0.38146474 0.15888647
v 0.30178828 -0.35081116 0.07254082
v 0.08763763 0.13972138 0.60311361
v 0.08367665 0.12167780 0.60909397
v 0.05551072 0.12666245 0.61058948
v 0.06026114 0.14256874 0.60559505
v 0.38537271 0.11161777 0.10132044
v 0.38089705 0.11597271 0.10840758
v 0.44575364 0.24709697 -0.03213631
v 0.47259571 0.26691058 -0.00189366
v 0.44193983 0.29342074 0.00540460
v 0.43121311 0.30666581 0.03627781
v 0.42476203 0.29521194 0.04368640
v 0.43423677 0.28080728 0.01756037
v 0.48996631 0.27271874 0.00002376
v 0.38699973 0.03224402 0.10581709
v 0.44244630 0.19589980 0.02661091
v 0.42444264 0.31006099 0.05283186
v 0.44700783 0.31942787 0.04955376
v 0.47951078 0.12503054 -0.03070806
v 0.49368776 0.26106251 -0.01250410
v 0.48146231 0.25333915 -0.00831707
v 0.42753923 0.26483405 0.08540582
v 0.39970977 0.09080729 -0.00257133
v 0.44218202 0.09059555 0.01406521
v 0.43202211 0.07516657 0.02336409
v -0.68566565 0.19936609 -0.13331771
v -0.68402084 0.18163687 -0.14000741
v -0.68781408 0.17198627 -0.12405866
v -0.68584607 0.18724795 -0.12080421
v -0.65584444 0.08278564 -0.11504587
v -0.65693782 0.12972272 -0.12611108
v -0.66664289 0.14538231 -0.13060090
v -0.66577479 0.13218206 -0.12639372
v 0.39619615 0.07844086 0.00317480
v 0.35591761 0.17558691 0.02285289
v 0.35961540 0.05354346 0.15099593
v 0.42063188 -0.00722064 0.06488289
v -0.65322130 0.01470037 -0.09306455
v -0.64962507 0.02009277 -0.08876428
v -0.65776206 0.04878248 -0.10142471
v -0.66297611 0.04497099 -0.10759447
v 0.42550785 -0.00127804 0.04929735
v 0.13554790 -0.02902067 -0.39868017
v 0.15073795 0.04276558 -0.42583804
v 0.48880339 0.12324616 -0.04678117
v 0.43987601 0.27690622 0.03060917
v 0.39995889 0.03060910 0.10041074
v 0.39179327 -0.00945339 0.10192804
v 0.38194468 -0.00735091 0.11204449
v 0.40610128 0.21631273 0.03710966
v 0.40766868 0.04007552 -0.00766271
v 0.40690422 0.05692900 -0.01407862
v 0.31669913 0.12393430 0.04382760
v 0.41744996 0.00430200 0.00494044
v 0.39365679 -0.02930455 0.03849747
v 0.31858912 -0.32187516 -0.01466330
v 0.30071229 -0.29310132 -0.10885596
v -0.57396720 -0.10001842 0.05506869
v -0.59154636 -0.08588722 0.04483982
v -0.59054015 -0.10029121 0.03657859
v -0.56388409 -0.11020937 0.04697489
v 0.30855810 -0.35751256 -0.10665981
v 0.32078405 -0.38944471 -0.01756064
v 0.36705397 0.14360234 0.14874392
v 0.37145028 0.10022196 0.13021997
v 0.36766361 0.09170110 0.14138553
v 0.10501329 -0.51555489 0.27304729
v 0.08983419 -0.57415046 0.23190782
v 0.36681303 0.05339118 0.17700465
v 0.36972449 0.04051786 0.24636141
v 0.36800845 0.14453599 0.25183690
v 0.37108134 0.11543716 0.18515630
v 0.26095733 0.32662365 0.48764506
v 0.27542171 0.33606637 0.45913977
v 0.28366551 0.27216558 0.45547474
v 0.26575250 0.27696446 0.47970490
v -0.02883908 0.67955260 0.58942008
v -0.09550530 0.68060918 0.59697149
v -0.09656122 0.72899239 0.56342642
v -0.02824496 0.72642603 0.55413183
v 0.16201513 0.08933446 -0.45518190
v 0.17352027 0.15241254 -0.48692639
v 0.05627888 0.12755768 -0.54707976
v 0.04911778 0.07104101 -0.50821143
v -0.02145582 0.85018188 0.41722551
v -0.09082309 0.85751449 0.42987475
v -0.08694338 0.89510458 0.36624436
v -0.54594263 -0.10608368 0.04444217
v -0.56876639 -0.10859077 0.01898766
v -0.56336289 -0.09303537 0.01498201
v -0.54575215 -0.09333355 0.03616341
v -0.01730401 0.88484090 0.35489148
v 0.22227750 0.13564090 0.55755794
v 0.23894726 0.09889428 0.55805039
v 0.21325107 0.09324359 0.57991697
v 0.19898555 0.13064826 0.57473171
v 0.38969458 -0.04279045 0.11478055
v 0.38119083 -0.03822730 0.12125889
v -0.67212914 0.26485485 -0.03328197
v -0.66973075 0.24688810 -0.03121188
v -0.65678336 0.24382996 -0.01494295
v -0.66208154 0.26026917 -0.01228029
v -0.57035441 0.05434922 -0.08188784
v -0.55571197 0.00945871 -0.06893767
v -0.59298789 0.03631497 -0.08572380
v -0.59430108 0.05708072 -0.09071166
v -0.08156788 0.92780093 0.29064602
v -0.01113052 0.91593967 0.28183971
v -0.06488409 0.17892857 0.64029853
v -0.64499352 0.19650611 -0.08579833
v -0.64979247 0.20170738 -0.10468952
v -0.65128849 0.18750861 -0.11097061
v -0.64712388 0.17758624 -0.09487661
v -0.66074416 0.21364917 -0.13941804
v -0.65829174 0.19321331 -0.14936914
v -0.56436505 -0.04687556 0.06856631
v -0.56187983 -0.02408521 0.07407457
v -0.56636928 -0.01183178 0.06541493
v -0.56831091 -0.01763305 0.05808879
v -0.56607780 0.06584044 -0.03258629
v -0.57295136 0.09514034 -0.02141537
v -0.62770278 -0.04691479 -0.05477660
v -0.63013527 -0.03674294 -0.05182318
v -0.64242630 -0.01339326 -0.07496512
v -0.64152456 -0.02103979 -0.08035803
v -0.06066831 0.19241780 0.62602824
v -0.03437482 0.17114333 0.61923200
v -0.03731392 0.15732651 0.63104429
v -0.10980318 0.49557725 0.66901713
v -0.10400334 0.54973625 0.65419220
v -0.04436468 0.55403696 0.64897729
v -0.05341831 0.50033256 0.66661371
v -0.00307561 0.15465771 0.61151091
v -0.00664990 0.14239850 0.62080486
v -0.09513686 0.77635939 0.52543619
v -0.02522056 0.77316934 0.51429144
v 0.00532597 0.97651025 -0.04341691
v -0.61968539 -0.01848180 -0.04026334
v -0.63053149 -0.00425439 -0.06497070
v -0.63730172 -0.00121224 -0.07515102
v -0.62990704 -0.01396284 -0.06224030
v 0.00382784 0.97291151 0.01211106
v -0.06681662 0.98584340 0.00391681
v -0.66776436 0.21945960 -0.08283796
v -0.65864512 0.23394215 -0.05249222
v -0.66362556 0.23369144 -0.05073447
v -0.67061790 0.21933695 -0.08353504
v -0.05361347 0.98897308 -0.07714271
v 0.35169871 0.17363497 -0.20067601
v 0.37465867 0.15733415 -0.09987961
v 0.38599565 0.23726383 -0.10172048
v 0.37794891 0.27722658 -0.20900039
v 0.18530273 -0.45971263 0.23148191
v 0.17253231 -0.52228847 0.19675065
v -0.61824811 0.13034298 -0.08314450
v -0.61382920 0.16341491 -0.06763246
v -0.60415410 0.16203110 -0.06718521
v -0.60712262 0.13416999 -0.08240484
v -0.66352293 0.19399462 -0.12106745
v -0.66558436 0.17709394 -0.12670334
v -0.65259910 0.17088158 -0.11876690
v -0.59627781 0.18443813 -0.01696625
v -0.59915506 0.18634562 -0.02506048
v -0.60107106 0.17747406 -0.02915668
v -0.59632878 0.17084743 -0.02235754
v -0.58639411 -0.10777122 0.01818648
v -0.54649568 -0.05116041 -0.02569046
v -0.55692149 -0.04899055 -0.03392708
v -0.57188587 -0.02343696 -0.05470629
v -0.56369072 -0.01324299 -0.05640272
v 0.20210072 0.46660067 0.53966849
v 0.21342030 0.50213108 0.51430550
v 0.24213456 0.46010459 0.49010467
v 0.22797876 0.43037998 0.51719925
v -0.11733562 0.40771813 0.68768820
v -0.06802518 0.41107598 0.68876280
v -0.07793414 0.36873736 0.68796292
v -0.12049678 0.36651147 0.68731065
v -0.54821878 -0.09538955 0.06873830
v -0.56682140 -0.09037203 0.06668253
v -0.57128798 -0.09686974 0.06012946
v -0.55162998 -0.10409077 0.05921511
v 0.26650291 0.22799746 0.48026957
v 0.28738328 0.21100080 0.46234996
v 0.28110542 0.15535975 0.49016815
v 0.25929752 0.18058598 0.50263286
v 0.23884192 0.14557619 0.53926208
v -0.61411791 0.20907841 -0.02688621
v -0.62624992 0.20615907 -0.04124354
v -0.61606174 0.20005232 -0.03684622
v -0.60743277 0.20149096 -0.02571699
v 0.25665735 0.11036372 0.53638817
v -0.65328591 0.11795680 -0.11382599
v -0.64850798 0.16013651 -0.10268022
v -0.03487473 0.61602918 0.62542536
v -0.09936981 0.61492879 0.63119698
v 0.26374644 0.40299011 0.46992563
v 0.24915538 0.38202463 0.49944154
v -0.08592320 0.19814179 0.65298995
v -0.07829031 0.20984247 0.63486534
v -0.09920835 0.24024946 0.65355457
v -0.65843825 0.06094699 -0.08036060
v -0.65704214 0.06061879 -0.09835891
v -0.64970336 0.03563882 -0.08872263
v -0.65176196 0.03690415 -0.07067219
v -0.12213666 0.23129451 0.68151923
v -0.12439841 0.25682706 0.67454696
v -0.10300136 0.25973783 0.65795466
v 0.06345009 0.50683626 0.62994048
v 0.07468774 0.55606499 0.60965467
v 0.12571936 0.55012243 0.57745628
v 0.11595887 0.50433962 0.59962159
v -0.02280897 0.81411900 0.47019223
v -0.65727122 0.11159633 -0.08046505
v -0.65533282 0.11097772 -0.10050294
v -0.09299474 0.81894866 0.48256197
v -0.12499978 0.31711259 0.67906844
v -0.09414804 0.32023923 0.67174077
v -0.10091830 0.29771752 0.66419726
v -0.67038451 0.16758305 -0.11683739
v -0.66760726 0.12894245 -0.11752989
v -0.67016388 0.17112115 -0.12229589
v -0.59772074 0.19100211 -0.04844874
v -0.59033624 0.21762468 -0.07170156
v -0.58324200 0.17733784 -0.08545930
v -0.59771029 0.17537323 -0.05909856
v -0.12522116 0.29563733 0.67429078
v 0.02273999 0.13309045 0.61407262
v 0.02696373 0.14702997 0.60779711
v 0.34132663 -0.04361432 0.08040250
v 0.34746535 -0.05190417 0.08867820
v 0.38603967 0.25495465 0.17834804
v 0.37000282 0.18511081 0.18399603
v 0.37026485 0.23044008 0.25169329
v 0.37437080 0.31876982 0.24102787
v 0.37381056 0.39698737 0.22030959
v 0.38402535 0.45514510 0.19426167
v 0.39276630 0.35938931 0.14273476
v 0.38885964 0.31500493 0.16574255
v 0.27552150 -0.33450712 -0.18996700
v 0.25974228 -0.27573461 -0.20227611
v -0.12427152 0.20898107 0.69425659
v -0.12457702 0.18832850 0.70734409
v 0.06064265 0.40154172 -0.60035274
v -0.57318370 0.01547231 0.06003175
v -0.58061682 0.02978250 0.04998848
v -0.57470525 0.01716058 0.04245623
v -0.57204265 0.00284305 0.04640348
v 0.06099459 0.31189464 -0.59531609
v 0.18460084 0.34124931 -0.52594598
v 0.17966070 0.42645753 -0.52703808
v 0.34005653 0.10173904 -0.18465638
v -0.57597428 -0.03698112 -0.04740461
v -0.56098826 -0.05553590 -0.02920262
v -0.56397459 -0.05823901 -0.02550355
v -0.58052513 -0.04871535 -0.03912386
v 0.36604062 0.09755068 -0.09123169
v -0.07504823 0.01280420 0.70260268
v -0.09232114 0.04029038 0.67115522
v -0.08932957 0.01844746 0.67070364
v -0.09272913 0.03522856 0.67043232
v -0.07220025 -0.00142645 0.71544223
v -0.05669278 -0.00526667 0.72669379
v -0.08415166 -0.00483080 0.67350272
v -0.08983700 -0.00325911 0.67544655
v -0.09394854 0.02041571 0.67150907
v -0.08626231 0.04297926 0.67559926
v -0.13701854 -0.03021044 0.75048598
v -0.13397321 -0.02219641 0.77020640
v -0.10885934 -0.01213404 0.76459248
v -0.11962193 -0.02045209 0.74984176
v -0.10574547 0.03711907 0.67904342
v -0.11075290 0.02255601 0.68472770
v -0.11429636 0.00955167 0.72681552
v -0.09917413 0.03280158 0.70414838
v -0.09556233 0.04516112 0.68705019
v -0.10152056 0.01326510 0.72363748
v -0.10943377 -0.02144099 0.70340245
v -0.08870501 0.01440160 0.71437744
v -0.63477838 0.21301277 -0.05483008
v -0.63801942 0.18012897 -0.05747754
v -0.62996881 0.18034909 -0.04911495
v -0.60874619 -0.00231443 0.01598111
v -0.61381473 0.00685546 0.00319124
v -0.61541008 -0.01554480 -0.00861036
v -0.60848334 -0.02799087 0.00328293
v 0.42372239 0.05378195 0.06043875
v 0.31360820 -0.26001789 0.12315610
v 0.32791778 -0.16414402 0.09149470
v 0.32151872 -0.16285026 0.05244329
v -0.60755374 -0.08467826 -0.01418743
v -0.59324709 -0.09062356 -0.01809677
v -0.58183672 -0.10246334 0.00174418
v -0.59752343 -0.10039489 0.00327130
v -0.57110184 -0.00511863 0.05383344
v -0.56932562 -0.00190247 0.06286216
v -0.62797211 0.13227070 -0.09919244
v -0.62615441 0.17257732 -0.08244434
v 0.31218235 -0.25850083 0.06147719
v 0.42165464 0.21210641 0.03188539
v 0.30190893 0.51515804 0.37894495
v 0.31279576 0.58952195 0.32554589
v 0.35980330 0.52414304 0.25243338
v -0.64623024 0.16807018 -0.08053000
v -0.64832569 0.15252623 -0.08695198
v 0.35388966 0.45542205 0.27874248
v 0.31217644 0.65285342 0.27396279
v 0.36031787 0.59420841 0.20767517
v 0.39350717 0.52270038 0.14674543
v 0.41100102 0.39819216 0.05649584
v 0.13118692 0.22817250 0.59824218
v 0.13366615 0.22633985 0.59805753
v 0.12357561 0.22289585 0.60524134
v -0.58327076 0.09436013 0.02304209
v -0.57058633 0.09951013 0.01617294
v -0.57267050 0.09501593 0.01519855
v -0.58766647 0.08424747 0.02354824
v 0.12155716 0.22515918 0.60555233
v 0.12842329 0.22885462 0.59658233
v 0.11961857 0.22667370 0.60200201
v -0.58469939 0.09203505 0.03096366
v -0.58903258 0.08236791 0.03119411
v -0.58712947 0.08057645 0.03876609
v -0.58357956 0.08575153 0.03940537
v 0.13621852 0.23067855 0.59144669
v 0.13840925 0.23073423 0.59343113
v 0.14025419 0.22887291 0.59269303
v 0.02240736 0.22566065 0.61415959
v 0.02431719 0.22787448 0.60941596
v 0.03929975 0.22353627 0.61792697
v 0.03891126 0.22219672 0.62271618
v 0.02207824 0.22300823 0.61548259
v 0.04065907 0.21900046 0.62283788
v -0.56991072 0.10195668 0.01065914
v -0.56996911 0.10000635 0.01377140
v -0.57129011 0.10327162 0.01174503
v -0.58883249 0.11875905 -0.06500986
v -0.59397297 0.07096103 -0.07681450
v -0.58505997 0.06715662 -0.06552821
v -0.57138273 0.11260034 -0.05878566
v 0.01812379 0.23449405 0.57361282
v 0.01660964 0.23803459 0.57368321
v -0.65374588 0.06763947 -0.10859115
v 0.02467703 0.22867212 0.57609336
v 0.00867331 0.23731023 0.59115610
v 0.00633213 0.24379595 0.59146679
v -0.64192911 0.23768261 0.01544917
v -0.63351235 0.24821294 0.01854428
v -0.64673242 0.26958411 -0.01042402
v 0.01246709 0.24877488 0.57520382
v 0.01514489 0.24134375 0.57385110
v 0.01001089 0.23415394 0.59199230
v -0.57768288 0.01853916 -0.01201162
v -0.59935811 0.02255836 0.00660686
v -0.59228232 0.02061374 0.01708883
v -0.57927194 0.01548832 -0.00122621
v -0.57509072 0.04375618 0.02485848
v -0.56327229 0.02344335 0.02994968
v -0.58444324 0.03385737 0.03393918
v -0.58503546 0.12982500 0.03286529
v -0.57676673 0.10785293 0.01474492
v -0.58014354 0.09997901 0.02446512
v -0.58047942 0.10148522 0.03293398
v -0.65296126 0.00955451 -0.10101509
v -0.66165681 0.04240365 -0.11683272
v -0.64969325 0.04073948 -0.12711974
v -0.64121251 0.00564045 -0.10825212
v 0.00090094 0.23311719 0.59441657
v -0.00187874 0.23635982 0.59257368
v -0.55459327 -0.07254971 0.07796044
v -0.53223045 -0.09230512 0.06095705
v -0.55440800 -0.05364941 0.08491934
v -0.68958064 0.24540693 -0.09590948
v -0.66765524 0.26104814 -0.09430797
v -0.66641715 0.24808483 -0.11243144
v -0.68892865 0.23169910 -0.11152738
v -0.56601793 0.14341240 -0.02413663
v -0.56423819 0.13118055 -0.02030311
v -0.56850736 0.13974069 -0.01132674
v -0.57226690 0.15017410 -0.01320879
v -0.00226875 0.23968314 0.59396155
v 0.07255514 0.21314945 0.62508223
v 0.07543111 0.20883070 0.62301552
v 0.04489484 0.21065407 0.62156562
v 0.04306569 0.21530876 0.62240011
v 0.07014735 0.21664624 0.62622239
v 0.09188755 0.21781955 0.62307635
v 0.09506421 0.21458579 0.62111663
v 0.09714300 0.21054023 0.61829158
v -0.40248070 -0.06864303 -0.28480721
v -0.46735611 -0.08306837 -0.16404666
v -0.49447545 0.00837228 -0.21229501
v -0.43643804 0.01865761 -0.31258960
v -0.61743386 -0.06857903 -0.01291838
v -0.61272226 -0.07986776 0.00463880
v -0.60549771 0.17524312 0.04285753
v -0.60485734 0.18893267 0.05447127
v -0.61464762 0.22426552 0.04880659
v -0.61553769 0.20164749 0.04396873
v 0.02226167 0.21616584 0.61592075
v 0.02174301 0.22025665 0.61578419
v 0.09887234 0.20616998 0.61447285
v 0.07753745 0.20402509 0.61917371
v -0.65725369 0.14132643 -0.15424340
v -0.67721604 0.13526867 -0.14032995
v 0.04656280 0.20517882 0.61929143
v 0.02246366 0.21203328 0.61586004
v 0.00205596 0.22057837 0.61011257
v 0.00635259 0.22296716 0.61054599
v 0.07847522 0.19908172 0.61536146
v 0.07907001 0.19287346 0.61330006
v 0.04637620 0.19386990 0.61426849
v 0.04672476 0.19953213 0.61608436
v -0.61372049 0.21079169 -0.01462087
v -0.63218154 0.23185066 -0.03290376
v -0.62022832 0.21826892 -0.02936136
v -0.61114467 0.20897693 -0.01779553
v -0.60550480 0.16516711 0.00679356
v -0.60991912 0.17309740 0.00814099
v -0.60211925 0.17719328 0.00626042
v -0.59578217 0.16924423 0.00578130
v 0.09972234 0.20109034 0.60999673
v 0.10009290 0.19475037 0.60748111
v -0.61030500 0.22214723 0.06511334
v -0.62081732 0.25601311 0.04982130
v 0.15240107 0.23040510 0.58033358
v 0.15610844 0.23322627 0.57554890
v 0.15767831 0.22916865 0.57407675
v -0.53273442 -0.04951150 -0.02632964
v 0.15608257 0.22642465 0.57672437
v 0.18053574 0.21250409 0.54920592
v 0.18532067 0.22251739 0.54508871
v 0.19932120 0.21745233 0.53406699
v -0.60962492 0.17100158 0.02365125
v -0.61661334 0.18704975 0.02658225
v -0.61530733 0.18308680 0.00936452
v -0.56048683 -0.02090848 0.08760376
v -0.56456485 -0.00707156 0.07406054
v -0.60588815 0.20331022 -0.01739766
v -0.60213163 0.19587475 -0.01687523
v -0.59419873 0.17461492 -0.00948957
v -0.59251163 0.16251782 -0.01846182
v 0.19225454 0.20644802 0.54105806
v -0.63153202 0.12301643 -0.05969091
v -0.63834732 0.07085130 -0.07075558
v 0.25175296 0.15914042 0.52041346
v 0.20643016 0.19178239 0.53641888
v 0.21622377 0.20353911 0.52508831
v 0.14785926 0.22781303 0.58549845
v 0.14232038 0.22574012 0.59133556
v 0.14581549 0.23104097 0.58713843
v 0.15025831 0.23351617 0.58215056
v 0.15195897 0.22376377 0.58211502
v 0.14546228 0.22145162 0.58872271
v 0.13617219 0.22327490 0.59701978
v 0.13934763 0.21878778 0.59482289
v 0.12901058 0.21546681 0.60268935
v 0.12648712 0.21960946 0.60410444
v 0.11253211 0.21683991 0.61299012
v -0.52951403 0.00265415 -0.12384016
v -0.51037161 -0.08862631 -0.03446126
v 0.10954247 0.21984457 0.61441720
v 0.11452328 0.21250012 0.61079454
v 0.13115406 0.21079021 0.60048957
v 0.11721885 0.20812654 0.60811136
v 0.14244536 0.21408544 0.59122866
v 0.14964972 0.21715157 0.58394333
v 0.15574669 0.22004143 0.57701049
v 0.16019174 0.22293213 0.57191682
v 0.16253301 0.22740851 0.56884210
v 0.16020591 0.21564700 0.56991603
v 0.16597587 0.21114505 0.56337820
v 0.15712808 0.20700138 0.57191761
v 0.15338132 0.21241558 0.57768383
v 0.16578395 0.21955073 0.56422797
v 0.17232492 0.21621046 0.55663895
v -0.59599529 0.17838113 0.00431812
v -0.59681038 0.17971782 0.00043534
v -0.59332114 0.17373538 -0.00206844
v -0.59060025 0.17177792 0.00281576
v 0.14483561 0.20961058 0.58652643
v 0.14716785 0.20427899 0.58141331
v 0.13372890 0.20073786 0.59198028
v 0.13259696 0.20669326 0.59676992
v -0.60698522 -0.08984085 0.01889696
v -0.62734705 0.15982070 -0.04283108
v -0.60756225 0.15228916 -0.03183998
v -0.61303481 0.16207748 -0.03112869
v 0.12006530 0.20358767 0.60436676
v 0.12078007 0.19760126 0.59938840
v -0.66187139 0.07763823 -0.11042121
v -0.67313395 0.12795363 -0.11796652
v -0.68152022 0.12983563 -0.12418161
v -0.66860955 0.07600284 -0.11682039
v 0.06783499 0.21894345 0.62650407
v 0.06693186 0.22005165 0.62318283
v 0.08854110 0.22096390 0.62039201
v 0.08888802 0.22008797 0.62370261
v 0.10666363 0.22234204 0.61444677
v -0.53777154 -0.09938723 0.05320085
v -0.56475618 0.12546137 -0.02672001
v -0.56984991 0.11505813 -0.02038437
v 0.10667956 0.22353199 0.61121493
v 0.08952560 0.21337780 0.60361312
v 0.08538469 0.21817979 0.57709124
v 0.10436531 0.21971974 0.57318909
v 0.11151376 0.21631167 0.59811605
v -0.57792294 0.15223101 -0.01740251
v -0.58479782 0.16475119 -0.00566567
v 0.06488233 0.21117840 0.60509549
v 0.06332276 0.21931420 0.57932654
v 0.04050632 0.21466412 0.60412391
v -0.56817312 0.01274199 0.07429387
v 0.04170490 0.22330019 0.57827358
v 0.02364768 0.22508614 0.60077653
v 0.07793851 0.29603454 0.63296412
v 0.07934463 0.30132927 0.63387538
v 0.10673983 0.29909448 0.62901817
v 0.10469472 0.29320760 0.62846969
v 0.25109691 0.17348680 -0.41083776
v 0.25686952 0.26940077 -0.43713981
v 0.18252145 0.23850147 -0.51058450
v 0.12726078 0.27328494 0.62043186
v 0.12783715 0.28098069 0.62025478
v 0.14390695 0.27460063 0.60977132
v 0.14215308 0.26761104 0.60975553
v 0.12613088 0.26563482 0.61923726
v -0.66049426 0.21942420 -0.10454446
v -0.66235758 0.20792239 -0.11337743
v -0.65119204 0.21120996 -0.09713569
v -0.65156757 0.21833343 -0.08731153
v -0.64992725 0.22749968 -0.06889771
v -0.65136363 0.23705448 -0.06511607
v -0.65773355 0.22794765 -0.09225943
v -0.59827988 0.15728778 -0.02590300
v -0.60571982 0.16418711 -0.02622916
v 0.13998889 0.26101547 0.60727269
v 0.10529737 0.27082856 0.62926207
v -0.60012905 -0.01083175 0.02432959
v -0.60223835 -0.04887380 0.02120916
v -0.64064806 0.01405515 -0.07392339
v -0.64039379 0.02100965 -0.05588870
v -0.63291887 0.07814812 -0.13112252
v -0.63297710 0.13805790 -0.14038303
v -0.63096675 0.13398454 -0.11654842
v -0.62915362 0.07781813 -0.11670050
v 0.10574312 0.27969329 0.63049953
v 0.10534940 0.28706905 0.62916488
v 0.14395084 0.25980546 0.57399894
v 0.13706359 0.26948118 0.57879376
v -0.59927433 0.09402103 -0.08930819
v -0.58100298 0.10700587 -0.08595305
v -0.58377397 0.09251116 0.04349378
v -0.58114237 0.11644747 0.05736840
v -0.57709232 0.15315474 -0.01569595
v -0.58142604 0.16165423 -0.00433779
v -0.60038858 -0.02056220 -0.06706854
v -0.57731303 -0.06504557 -0.01789688
v -0.59970217 -0.03391905 -0.05692596
v -0.55370772 -0.06752144 -0.00111600
v -0.55254147 -0.07262726 0.01350482
v -0.56690407 -0.07337614 0.00143249
v 0.13457079 0.25624205 0.59495825
v 0.14034252 0.25158606 0.58806556
v 0.14826390 0.25548623 0.56933956
v 0.14454995 0.24866391 0.58215927
v 0.14476152 0.26050001 0.54676871
v 0.13918517 0.26552348 0.55101422
v 0.13107109 0.27201974 0.55715074
v -0.62126747 -0.00470956 -0.03568860
v -0.63008350 0.00117081 -0.05450784
v 0.14830232 0.25622351 0.54420460
v -0.56967391 0.09966174 0.00546800
v -0.55894145 0.09216320 -0.00357250
v -0.56546215 0.09713500 0.00858041
v -0.64872006 0.11614673 -0.06755315
v -0.65368851 0.06476452 -0.06986347
v -0.60997212 0.18608056 0.00592963
v 0.15044864 0.25207926 0.54300011
v -0.58619109 0.12615810 0.00247174
v -0.59805816 0.14543405 0.01516219
v -0.62794703 0.20890845 0.00872758
v -0.61873839 0.19755438 0.00382458
v -0.61529648 0.19180760 0.00513107
v -0.62136907 0.19545914 0.01043259
v -0.53721148 0.03789376 0.00266633
v -0.55595944 0.02735530 0.01292943
v -0.56420762 0.04862531 0.01533798
v 0.15016843 0.24710638 0.54206376
v 0.14817933 0.24229849 0.54379793
v 0.27626928 0.05929714 0.52029692
v 0.27123914 0.12777719 0.51413255
v -0.64426027 0.23725088 -0.05484258
v -0.64453606 0.22408557 -0.06381101
v -0.63134990 0.17821756 -0.10042303
v 0.29280379 0.07947794 0.49432751
v 0.14332816 0.23310885 0.58815149
v -0.60317650 0.18880421 -0.03195384
v -0.60764262 0.17950998 -0.03682981
v 0.14775579 0.23578606 0.58314699
v -0.60324282 0.27371564 -0.03666442
v -0.60641723 0.25530224 -0.01660644
v -0.61018931 0.25541355 -0.01193221
v -0.61222990 0.28795120 -0.01034439
v 0.14078976 0.23370673 0.58658041
v -0.54826345 -0.08640580 0.03136021
v -0.56393795 -0.08443893 0.01423504
v -0.56272704 -0.07877217 0.01222286
v -0.55022099 -0.07964719 0.02480082
v -0.58851443 0.01911724 0.02081724
v -0.57947695 0.01352528 0.00513411
v 0.14364944 0.23594846 0.58265536
v -0.64533030 0.02080421 -0.09023685
v -0.64352974 0.01588785 -0.08426185
v -0.65086664 0.04086864 -0.09839065
v -0.65258213 0.04839509 -0.10338170
v 0.15126539 0.23860453 0.57793209
v 0.15470838 0.23660717 0.57645676
v 0.13404379 0.22242809 0.58286564
v 0.13049246 0.22676561 0.56213957
v 0.13791325 0.23056469 0.55642346
v -0.57318695 0.14656217 -0.04195128
v -0.56436996 0.14241499 -0.04037804
v -0.61813274 0.21243421 -0.03329712
v -0.62966058 0.22808174 -0.04609714
v -0.62438672 0.24568617 -0.02262502
v -0.61502830 0.23251948 -0.01938212
v -0.63330042 0.18518587 -0.12317333
v 0.14083194 0.22862609 0.57503322
v 0.12550141 0.21933080 0.58971133
v 0.11940080 0.22258208 0.56775636
v 0.14216796 0.23428720 0.55240570
v 0.14566491 0.23834327 0.54736625
v -0.60903312 0.17137171 -0.03360086
v -0.61411585 0.17245744 -0.03829177
v 0.14442281 0.23244533 0.57203651
v -0.60517181 0.17400003 -0.03195674
v 0.14739538 0.23626743 0.56673287
v 0.14619149 0.23895885 0.57830731
v -0.59065673 0.16407715 0.00402785
v -0.59908456 0.15833782 0.00386631
v -0.62319419 0.21001353 -0.00168151
v -0.64391110 0.23364412 -0.02145119
v -0.63949850 0.22892586 -0.02573150
v -0.62203790 0.21296897 -0.00469729
v 0.15075986 0.24386605 0.56222885
v 0.15139652 0.24748066 0.56351183
v 0.14801633 0.24094780 0.57438394
v -0.60015067 0.18781557 -0.00797136
v 0.15066411 0.24422268 0.57137818
v 0.14958987 0.24089059 0.56306212
v -0.14547786 -0.04580789 -0.45020923
v -0.15515968 0.02186311 -0.48459314
v 0.15052120 0.25158954 0.56574488
v 0.14836452 0.24620919 0.57572998
v 0.15901754 0.23363974 0.57192714
v 0.15823065 0.23974848 0.57232366
v 0.16417450 0.24597983 0.56777011
v 0.16374362 0.23338437 0.56724604
v -0.61826291 0.25014573 0.02301964
v -0.62079603 0.26109105 -0.00029845
v -0.62788648 0.26526747 -0.00539120
v -0.62153696 0.25485148 0.01675119
v -0.64747339 0.21177389 -0.08473730
v 0.17124734 0.23382061 0.56032816
v 0.16909838 0.22525863 0.56070459
v 0.17362970 0.24968395 0.56372192
v 0.18246925 0.25534305 0.55853382
v -0.67184061 0.18810120 -0.11732710
v -0.57513907 0.10712268 -0.01073231
v -0.56400726 0.08630708 -0.01075801
v 0.17984640 0.23504227 0.55305144
v 0.17615989 0.22431831 0.55338914
v 0.15452799 0.24141274 0.57388338
v -0.51582438 0.08023724 -0.00482137
v -0.51644789 0.08810794 -0.00357219
v -0.52135658 0.08455159 -0.01206651
v -0.51973723 0.07619791 -0.01429120
v 0.15655283 0.24418028 0.57151233
v 0.16812997 0.25467313 0.57371047
v -0.53911648 0.04548228 -0.02099375
v -0.55528500 0.03849610 -0.01155070
v -0.55193775 0.02659744 -0.00057138
v -0.53571259 0.03050874 -0.01663807
v 0.17446792 0.26132497 0.57201154
v 0.15974164 0.24998656 0.57603930
v 0.15510244 0.25248494 0.58570941
v 0.16171977 0.25839828 0.58592570
v -0.51331191 0.05953039 -0.00875595
v -0.51487772 0.07041354 -0.00642095
v -0.51902570 0.06531847 -0.01711469
v -0.51932829 0.05256123 -0.02022634
v 0.16629879 0.26472424 0.58585060
v 0.15340230 0.26236185 0.59759423
v -0.64379458 0.23807806 -0.04157210
v -0.65217771 0.23839474 -0.05307370
v 0.15668629 0.26916328 0.59799979
v 0.14873337 0.25632491 0.59584376
v 0.15287488 0.24701141 0.57726772
v -0.67667933 0.18187213 -0.11242497
v -0.67675192 0.16682405 -0.11667079
v -0.67002001 0.21490569 -0.10062702
v -0.67199049 0.20269810 -0.10983374
v 0.14876872 0.24931069 0.58416218
v 0.14369114 0.25208565 0.59249548
v 0.13721673 0.25553753 0.60224533
v -0.58309354 0.04475747 0.05003787
v -0.58829277 0.04695023 0.03834703
v -0.58700762 0.03729065 0.03923579
v -0.68590117 0.20145856 -0.11199481
v -0.68741988 0.21583477 -0.12377707
v -0.56941266 -0.06891163 0.06961337
v -0.56347623 -0.07831667 0.07481193
v -0.35825595 -0.52589198 0.10998306
v -0.40403488 -0.48986882 0.03098276
v -0.39410205 -0.54669591 0.02178626
v -0.34251904 -0.57810331 0.09737165
v -0.63239606 0.22247846 0.02314125
v -0.62767362 0.23630027 0.02994925
v 0.12499863 0.26062805 0.61514007
v 0.12282351 0.26167456 0.60718580
v 0.10495177 0.26451990 0.62537768
v -0.51693317 0.04761562 -0.00263010
v -0.51697184 0.04304964 -0.01223550
v -0.53290945 0.03039004 -0.00730961
v -0.54672037 0.07480759 0.00948901
v -0.52215359 0.07903467 0.00416405
v 0.10323735 0.26405158 0.61732734
v 0.08285789 0.30929404 0.63628927
v 0.11387524 0.30889836 0.63091826
v 0.10491192 0.28236179 0.59876705
v 0.09670110 0.28141378 0.57625506
v 0.07892190 0.28194564 0.58447969
v 0.08129421 0.28349944 0.60928646
v -0.53989530 0.05677816 -0.02005557
v 0.00627773 0.24789803 0.59470606
v 0.00841735 0.25446077 0.60032431
v -0.54138538 0.09045641 -0.00989066
v -0.54414102 0.09484584 0.00161499
v -0.55920492 0.01122251 0.02424002
v -0.56809368 0.00790403 0.01171870
v -0.57769167 0.00494988 0.03244881
v -0.51981769 0.04033844 -0.01975205
v -0.57593216 0.14968229 -0.02985567
v 0.01420434 0.26152114 0.58160157
v 0.01113387 0.25423266 0.57708343
v 0.00172243 0.24429226 0.59958412
v 0.00774364 0.24993661 0.60647092
v -0.55549898 0.06152301 -0.01519073
v -0.56862177 0.04584491 -0.02369712
v -0.56864318 0.03345847 -0.01734817
v -0.55532817 0.04961155 -0.01524919
v -0.61541624 -0.02116337 -0.01969182
v -0.61758799 -0.00894350 -0.02028484
v -0.57412560 0.02250670 -0.02590686
v -0.60005214 0.02270045 -0.01401171
v -0.57212324 0.12473899 -0.01303261
v -0.58762169 0.14411075 -0.00265100
v -0.56891345 0.10149758 0.00555170
v -0.55668577 0.07592880 -0.01252399
v -0.56489991 0.06118600 -0.02260203
v -0.54609758 0.08355762 0.00952833
v -0.56765220 0.08274955 0.01390564
v -0.56656900 0.08983491 0.01242162
v -0.54519347 0.08930590 0.00788263
v -0.62233231 0.18005540 -0.04490789
v -0.62244438 0.22337513 0.03948916
v -0.62452620 0.20538958 0.02630004
v -0.60877764 0.30228996 -0.11472732
v -0.58944340 0.25136403 -0.14597892
v -0.59708464 0.25311902 -0.06027208
v -0.54041067 0.06781065 -0.01613614
v -0.52053288 0.09335324 -0.00155978
v -0.52452625 0.09008912 0.00548965
v -0.63984600 -0.00516910 -0.07330264
v -0.58163898 0.00292553 0.03637970
v -0.57949059 0.15408050 0.00026838
v -0.63127934 0.04242423 -0.11810475
v -0.62267895 0.00891854 -0.10264603
v -0.57947403 0.15984524 -0.00290452
v -0.58426622 0.16585209 0.00158309
v -0.57483318 0.01007461 0.00765438
v -0.58505670 0.01206460 0.02630959
v -0.58657115 0.16793183 0.00178359
v -0.58808775 0.04511320 0.03138107
v -0.64472914 0.17783821 -0.07506566
v 0.03091900 0.27345972 0.61366200
v 0.03723829 0.27533409 0.58845135
v -0.58309359 -0.07902194 -0.02000740
v -0.57368667 -0.08713533 -0.00062952
v 0.02067481 0.27032082 0.58580463
v -0.52323090 0.08546713 0.00516530
v 0.01624097 0.26418966 0.60783434
v -0.54816542 0.02367012 0.00054980
v -0.54213063 0.07953192 -0.01320927
v 0.03686790 0.26137189 0.62232918
v 0.01923034 0.25472008 0.61403480
v 0.08028572 0.26630818 0.62376690
v -0.57855783 0.06911987 0.02157195
v -0.57734335 0.05599971 0.02356387
v -0.58913031 0.05806769 0.02999243
v 0.05759668 0.63180048 -0.56793135
v 0.06118182 0.53251395 -0.59728274
v -0.60350603 0.02292051 -0.02683041
v -0.57722099 0.03078545 -0.04190915
v -0.57979284 0.03423590 -0.05626979
v -0.61182065 0.02582577 -0.03883009
v -0.61471693 -0.02183642 -0.08645663
v -0.60454571 -0.04736596 -0.06231449
v -0.61837601 -0.05274401 -0.06049097
v -0.63098689 -0.02568608 -0.08617005
v 0.17499231 0.54690875 -0.52179330
v 0.17115075 0.63384966 -0.50138065
v -0.61535320 0.40173946 -0.16729394
v -0.62290239 0.33702244 -0.07027862
v -0.63458326 0.44045055 -0.09355332
v -0.64017144 0.23873032 -0.08784012
v -0.63836611 0.22300375 -0.09955848
v -0.66271772 0.23215285 -0.12741075
v -0.61635328 0.27669880 0.02232892
v -0.61213290 0.25610867 -0.00400856
v -0.61488543 0.26095052 0.00702882
v -0.64925626 0.07800792 -0.14226701
v 0.12601377 0.27804726 0.58760961
v 0.11592870 0.27784583 0.56678441
v 0.22590992 0.64101434 -0.43943621
v 0.21522059 0.69602410 -0.41747739
v 0.16695975 0.70858946 -0.46142062
v 0.18395229 -0.20855913 -0.31823042
v 0.12826123 -0.26960656 -0.37816008
v -0.59539624 0.15205646 0.03875138
v -0.60372110 0.15736027 0.02008139
v -0.00277631 0.24241818 0.60753615
v -0.59519247 -0.01244796 -0.06980166
v 0.00634577 0.24827435 0.61290274
v -0.61939103 0.01304199 -0.02328031
v -0.62801568 0.01419161 -0.03931137
v -0.67792523 0.24445497 -0.05116257
v -0.65372020 0.23767286 -0.03496479
v -0.00871117 0.23825608 0.60319231
v -0.01560653 0.23773507 0.60477018
v -0.00992938 0.24398989 0.60863408
v -0.00087780 0.25154658 0.61463700
v 0.01756811 0.25456832 0.61881710
v 0.01142131 0.25957258 0.62204052
v 0.03060930 0.26789237 0.62950688
v 0.03578438 0.26171917 0.62691112
v 0.07907523 0.26618282 0.63157919
v 0.07718018 0.27297101 0.63372732
v 0.02694480 0.27556856 0.62958692
v 0.00712580 0.26613422 0.62202077
v 0.02411095 0.28314349 0.62918748
v 0.00469148 0.27475151 0.62115013
v 0.07538874 0.28937130 0.63306181
v 0.07569533 0.28100870 0.63419859
v 0.00601738 0.22547437 0.60927689
v -0.01146388 0.22902049 0.60489075
v 0.00743774 0.22846305 0.60695602
v -0.00622478 0.23193130 0.60299228
v 0.01384167 0.22998110 0.60116074
v -0.01033724 0.23432214 0.60150591
v -0.01680965 0.23216461 0.60326532
v -0.13866958 -0.59431630 0.28543218
v -0.12840438 -0.62908217 0.25164546
v 0.01300093 0.23070874 0.59403845
v -0.01623420 0.24761336 0.60571765
v -0.02251494 0.23811881 0.60322226
v -0.02431939 0.25096378 0.60178687
v -0.03007794 0.23864259 0.59979626
v -0.01336243 0.26546451 0.60966287
v -0.00641578 0.25749035 0.61160816
v -0.02369186 0.23009604 0.60224120
v -0.01960508 0.22653428 0.60390879
v -0.03016897 0.22894904 0.59983019
v -0.02599592 0.22422764 0.60105168
v 0.02130713 0.20742145 0.61494662
v 0.01940738 0.20248140 0.61230908
v -0.00215646 0.21638543 0.60983911
v -0.00583309 0.21213656 0.60710215
v 0.07777714 0.18561419 0.60894448
v 0.09969426 0.18777077 0.60444874
v 0.07474020 0.17748614 0.60512770
v -0.20185973 0.02922661 0.68867075
v -0.21010145 0.02758015 0.67909604
v -0.20262371 0.03947457 0.67288664
v -0.19917872 0.04026792 0.67793146
v 0.09746454 0.17834638 0.60028613
v 0.04109531 0.17976845 0.60728861
v 0.04463936 0.18713975 0.61070495
v 0.17460985 -0.56524412 0.17784288
v 0.17248453 0.20569967 0.55751398
v 0.18147353 0.19725056 0.55193049
v 0.16997438 0.19024329 0.56224788
v 0.16220130 0.20112042 0.56654627
v 0.15070423 0.19719498 0.57623633
v -0.20130835 -0.02592835 0.68046293
v -0.19882700 -0.01552052 0.67635093
v -0.20460785 -0.01732716 0.67077738
v -0.21029286 -0.02560767 0.67465504
v 0.15436181 0.18525823 0.57400597
v 0.13676732 0.18243608 0.58431438
v 0.13578798 0.19344381 0.58722909
v 0.12127111 0.19056332 0.59548831
v 0.11941267 0.18019957 0.59251090
v 0.19004342 0.23448446 0.54267651
v 0.19772605 0.25735167 0.54337636
v 0.20434317 0.23078951 0.53058064
v 0.21377595 0.25676186 0.52847441
v -0.03442968 0.25634866 0.60112481
v -0.18483272 0.04002620 0.67441868
v -0.17648627 0.02332683 0.69099457
v -0.18494353 0.02823421 0.69903161
v -0.19159808 0.04304370 0.67875183
v -0.03895661 0.24083511 0.59760187
v -0.04965060 0.26072255 0.60557239
v -0.05116902 0.24365115 0.60045890
v -0.04211561 0.27990333 0.61592140
v -0.02636546 0.27650054 0.61168565
v -0.03586813 0.22861310 0.59750000
v -0.03174856 0.22161908 0.59809742
v -0.04491823 0.22714403 0.59744518
v -0.03827754 0.21785343 0.59762289
v 0.01640670 0.19597478 0.60846177
v 0.01224287 0.18874627 0.60570327
v -0.01014819 0.20732397 0.60385143
v -0.01682909 0.20122614 0.60234146
v 0.23992744 0.10597934 -0.38188831
v 0.26046905 0.37074409 -0.45081987
v 0.16886798 0.34143332 0.61752273
v 0.15158180 0.32108369 0.62070457
v 0.12532652 0.32581855 0.63481411
v 0.13947360 0.34890283 0.63773499
v 0.18247019 0.37130426 0.60542857
v 0.20207686 0.35218471 0.58636285
v 0.18715099 0.32918985 0.59797204
v 0.17041082 0.31193204 0.60403791
v 0.20150739 0.27692643 0.55178376
v 0.18967173 0.27456996 0.56251931
v 0.18856139 0.28702486 0.57270893
v 0.20073658 0.29311033 0.56364765
v 0.21796019 0.27951625 0.53644156
v 0.21903442 0.30295191 0.54947472
v 0.19566209 0.30969346 0.57937409
v 0.18084881 0.29899144 0.58764605
v 0.21245512 0.32576471 0.56840512
v 0.00768726 0.31579834 0.63969012
v 0.01652333 0.30727580 0.63361780
v -0.00423076 0.29306774 0.62300737
v -0.01671404 0.29559762 0.62596715
v -0.00210688 0.32334029 0.64535021
v -0.03095797 0.29877182 0.62792461
v 0.09525420 0.35248546 0.65436383
v 0.08814613 0.32776418 0.64419899
v 0.02162709 0.28869969 0.62766867
v 0.00637835 0.28074002 0.62298817
v 0.02172183 0.29391265 0.62790854
v 0.00489144 0.28406196 0.62174794
v 0.25644250 0.76282070 -0.29336818
v 0.26718990 0.79878960 -0.21133625
v 0.16694163 0.87161433 -0.26115710
v 0.16756501 0.82560446 -0.34251722
v 0.12841325 0.28650536 0.61927618
v 0.12901152 0.29385033 0.61969457
v 0.14620171 0.28828028 0.60795841
v 0.14445365 0.28084150 0.60800997
v 0.15714134 0.27596777 0.59607111
v 0.16049467 0.28324748 0.59455260
v 0.17192366 0.27707379 0.58155138
v 0.16783423 0.27121344 0.58355453
v 0.17390595 0.26887074 0.57494362
v 0.17844304 0.27029163 0.57099131
v 0.00334471 0.29009780 0.62380325
v 0.01985109 0.29862815 0.62935352
v 0.24380251 0.56566237 -0.45459901
v 0.13769221 0.59909437 0.54692468
v 0.18774129 0.58039335 0.50881550
v 0.17375872 0.53628563 0.54258167
v 0.13705393 0.30408822 0.62053069
v 0.15537936 0.29816283 0.60675863
v 0.16921142 0.29087548 0.59234665
v 0.17863597 0.28215702 0.57922748
v 0.18279262 0.27554384 0.57065533
v 0.36408091 0.07302651 0.14086239
v 0.36905562 0.07462620 0.13019394
v 0.42320832 0.12811767 -0.01722946
v 0.40872586 0.17310636 -0.01052647
v 0.39853475 0.19707474 -0.00290051
v 0.40656916 0.25450920 0.06667543
v 0.42860099 0.27502776 0.05287214
v 0.44404838 0.02145399 0.01815273
v 0.42717216 0.01216880 0.04302313
v -0.67894981 0.26454079 -0.05610264
v 0.44564205 0.02808729 0.01594604
v 0.47689386 0.25537439 -0.01020065
v 0.47994634 0.24304958 -0.01918198
v 0.48534481 0.24115918 -0.01706184
v 0.20794957 -0.02923920 -0.33561454
v 0.22682626 0.05182219 -0.35875915
v 0.48384534 0.22941815 -0.02767029
v 0.38006603 0.10582029 0.11471972
v 0.43225404 0.12468840 -0.02069211
v 0.44371963 0.12224938 -0.03312475
v 0.44689309 0.08969397 -0.03594520
v 0.44275209 0.09198634 -0.02986712
v 0.43994973 0.05804534 -0.02601716
v 0.43668851 0.06206209 -0.02188632
v 0.45649963 0.04423594 0.00018588
v 0.46584384 0.06746875 -0.01478817
v 0.43694811 0.27883840 0.04657909
v 0.43235369 0.27318745 0.05572963
v 0.44455120 0.27816123 0.04592603
v 0.38495192 0.09891865 0.10525716
v 0.39627158 0.24164105 0.06427644
v 0.39314824 0.22904552 0.07390040
v 0.39255425 0.23023341 0.06957391
v 0.36216600 0.13087168 0.07498546
v 0.36026989 0.13663021 0.07465957
v 0.36861321 0.12161320 0.07995284
v 0.38227528 0.11222578 0.09145247
v 0.35055368 0.06132146 0.08164072
v 0.34740448 0.05436958 0.06885240
v 0.34659174 0.04711260 0.07704292
v 0.45583002 0.31931358 0.02933604
v 0.39289834 0.22379147 0.07563144
v 0.40011911 0.23138126 0.07707278
v 0.40187618 0.23907006 0.07620726
v 0.44915582 0.27753336 0.04573302
v 0.40477013 0.24539366 0.07552760
v 0.40025688 0.24277874 0.07261045
v 0.41053535 0.25493262 0.07010827
v 0.39777814 0.24143119 0.06879726
v 0.39121664 0.08616823 0.00242059
v 0.38154477 0.08403609 0.01225318
v 0.37066046 0.20724332 0.14478662
v 0.37436796 0.19375485 0.12564973
v 0.42203268 0.00942926 0.05723198
v 0.39549849 0.24118464 0.02897338
v 0.39303729 0.26328729 0.02048452
v 0.47369213 0.09657238 -0.02358517
v 0.43284237 0.06608680 0.03640595
v 0.42048339 0.06274509 0.04669620
v 0.44542943 0.07237755 0.02752349
v 0.45774364 0.08760959 0.01857114
v 0.36398805 0.19136415 0.03591972
v 0.44393843 0.20916181 0.01925266
v 0.45250044 0.19503362 0.01454958
v 0.43395198 0.20974134 0.02784497
v 0.39463635 0.28947087 0.03183498
v 0.39736435 0.28517107 0.04441476
v 0.39964600 0.25435873 0.03868825
v 0.39987241 0.27239249 0.04519499
v 0.36194253 0.08473212 0.08151476
v 0.36049672 0.04632099 0.06111710
v 0.36172254 0.05654637 0.05156281
v 0.36942177 0.04690282 0.05710171
v 0.37011712 0.05258349 0.04616976
v 0.37104479 0.06298851 0.03600815
v 0.37342842 0.07446179 0.02681916
v 0.37340682 0.08785820 0.02213967
v 0.35878516 0.11071297 0.07517321
v 0.39831279 0.28643569 0.10334462
v 0.35822026 0.09868239 0.07423475
v 0.36470816 0.12210212 0.07723150
v 0.36629846 0.11059720 0.07982408
v 0.36591165 0.09793605 0.08125617
v 0.40482733 0.04661786 0.09019537
v 0.40858156 0.05722416 0.07320698
v 0.39296973 0.04905987 0.09242937
v 0.41374187 0.06091308 0.05865976
v 0.38369133 0.04936902 0.09236709
v 0.39686160 0.24984546 0.03555706
v 0.39603159 0.27184800 0.03593616
v 0.36706288 0.09317082 0.15455657
v 0.30570407 0.11529161 0.46417168
v 0.31431980 0.17946604 0.43180919
v 0.04210922 -0.22083342 0.54826017
v 0.03511875 -0.24243522 0.54989301
v 0.25622280 0.04055010 0.54693014
v 0.22965257 0.02028465 0.57635484
v 0.03670038 -0.18673887 0.61301319
v 0.03124028 -0.19159083 0.61200394
v 0.02317823 -0.18789969 0.61398462
v 0.02926712 -0.18531896 0.61266314
v 0.01163703 -0.18607945 0.60820195
v 0.01749204 -0.18588574 0.60367334
v 0.01952882 -0.18499859 0.60876740
v 0.01394098 -0.18409228 0.61274573
v 0.06584510 -0.09044172 0.63994859
v 0.09312034 -0.06140780 0.64207437
v 0.11058027 -0.08888508 0.63267479
v 0.08605421 -0.11276516 0.63365907
v 0.03274204 -0.19101793 0.56315478
v 0.03112383 -0.18047630 0.56443978
v 0.02133094 -0.18273842 0.58380413
v 0.02419687 -0.18754870 0.58340571
v 0.03155303 -0.20989601 0.56357180
v 0.02300162 -0.19687006 0.58332038
v 0.04541571 -0.19481036 0.54882150
v 0.04054023 -0.17735332 0.55082496
v 0.10650788 -0.22783542 0.59899983
v 0.07966195 -0.21535124 0.60610118
v 0.08475171 -0.19544965 0.61312826
v 0.11070310 -0.19852074 0.60539452
v 0.03549344 -0.01393245 0.64503482
v 0.06563990 -0.03592117 0.64730338
v 0.04561497 -0.06482224 0.64169181
v 0.01773099 -0.03671622 0.63941656
v -0.01026142 -0.00971519 0.63708177
v 0.00546174 0.01057994 0.64005628
v -0.02606857 0.03708750 0.66034350
v -0.02036842 0.01175404 0.66842886
v -0.02154620 0.00144006 0.69127508
v -0.02076830 0.01953580 0.68379572
v -0.03433631 -0.02549050 0.67833660
v -0.01877562 -0.00390157 0.65944323
v -0.06246062 -0.03428769 0.67752678
v -0.22522575 -0.02652058 0.67784357
v -0.21710314 -0.01590575 0.67150440
v -0.22301054 -0.01292432 0.68262815
v -0.23610318 -0.02171151 0.69001173
v -0.06513601 -0.03123133 0.68368610
v -0.03566980 -0.02592733 0.66627355
v -0.17610272 -0.01988344 0.73036154
v -0.18598426 -0.00906973 0.73019152
v -0.17618120 -0.01276654 0.71638148
v -0.17347560 -0.02284275 0.71401796
v -0.03256313 -0.02853306 0.65192792
v -0.05773122 -0.03602257 0.67067947
v -0.07118188 -0.02711248 0.68612081
v -0.05120445 -0.02507039 0.68934068
v -0.19780443 -0.00610900 0.72638250
v -0.21111488 -0.00703947 0.73751897
v -0.22230937 -0.00681076 0.72681306
v -0.20689750 -0.00672031 0.71626400
v -0.17850746 0.00119994 0.68807124
v -0.18189537 -0.01160385 0.69455104
v -0.17418627 0.00209074 0.70923742
v -0.22094595 0.00046658 0.67100375
v -0.21389700 -0.00510490 0.66370222
v -0.20781905 0.01747625 0.65837238
v -0.21362399 0.02098011 0.66332846
v -0.03824573 -0.01442508 0.70455438
v -0.12423942 -0.02392997 0.73398437
v -0.11484727 -0.01725710 0.74818161
v -0.08843552 0.18235935 0.66907728
v -0.06514863 0.16229460 0.65333280
v -0.08736974 0.16381224 0.67988106
v -0.06525587 0.14620211 0.66402348
v -0.04631645 -0.00189422 0.72765100
v -0.03232992 0.01572436 0.72029853
v -0.06617798 0.00522232 0.74794597
v -0.05764271 0.02537820 0.74814469
v -0.12569820 0.27744469 0.67268223
v -0.13204774 -0.04396420 0.70767143
v -0.12846648 -0.04620931 0.70555300
v -0.13555089 -0.03820781 0.71761880
v 0.05026181 0.78594934 -0.48003707
v 0.04381873 0.86169859 -0.40018601
v 0.02809154 0.94446539 -0.24822850
v 0.00834893 0.96827012 -0.17066629
v -0.10141570 -0.14265476 0.71236648
v -0.10444848 -0.12554351 0.71038490
v -0.05127864 -0.13998403 0.62771995
v -0.08848473 -0.14077302 0.63470004
v -0.09099763 -0.16713718 0.64944050
v -0.05700354 -0.16649006 0.64163588
v -0.02922008 -0.16616496 0.62897687
v -0.02295165 -0.14029971 0.61685144
v -0.04702902 -0.11462231 0.61923990
v -0.08523230 -0.11538698 0.62658426
v -0.05867368 -0.18348697 0.66423584
v -0.09189392 -0.18357467 0.67605441
v -0.09405567 -0.17211521 0.69381081
v -0.05885242 -0.17526520 0.67932934
v -0.01151296 -0.05075176 0.64950567
v -0.04087811 -0.05075723 0.66208357
v -0.07168936 -0.05355256 0.68018025
v -0.09526362 -0.05625490 0.69618649
v -0.10033312 -0.04501740 0.69769314
v -0.08098921 -0.04070047 0.68501628
v -0.10478940 -0.04129104 0.69893136
v -0.08576090 -0.03764772 0.68821552
v -0.08848814 -0.03496220 0.69072974
v -0.08586922 -0.02824730 0.69039115
v -0.10035783 -0.02891532 0.69730468
v -0.09670637 -0.02228234 0.69532574
v -0.10750174 -0.03788045 0.69990600
v -0.12335152 0.12259241 0.74815063
v -0.12379464 0.14614629 0.73419489
v -0.07321760 -0.11506721 0.69956915
v -0.10663700 -0.11194171 0.70644522
v -0.11179601 -0.08769062 0.70243122
v -0.08158886 -0.08781518 0.69602695
v -0.04881581 -0.09170865 0.68249330
v -0.03812693 -0.12560014 0.68608164
v -0.12425076 -0.04979604 0.70371649
v -0.07035237 -0.12919724 0.70219640
v -0.06739528 -0.14615980 0.70194011
v -0.03543406 -0.14059846 0.68646547
v -0.03367245 -0.15559286 0.68401017
v -0.00413095 -0.14062695 0.66803014
v -0.01033647 -0.10223411 0.66801067
v 0.03013588 -0.11377062 0.65138591
v 0.02415324 -0.15590590 0.64819425
v 0.08024339 -0.17587347 0.62107618
v 0.04820434 -0.18890172 0.61375545
v 0.04687443 -0.18062202 0.61914915
v 0.04396681 -0.17328162 0.62676732
v 0.07519673 -0.15576318 0.62975553
v 0.10495244 -0.16973741 0.61429512
v 0.09857392 -0.14008543 0.62361712
v 0.06044746 -0.13472154 0.63944266
v 0.03823099 -0.16567586 0.63554301
v 0.03659625 -0.18206501 0.61791011
v 0.02960533 -0.18337737 0.61557586
v 0.03380503 -0.17749749 0.62380114
v 0.02699311 -0.18123611 0.62018401
v 0.02911223 -0.17349706 0.63141128
v 0.02269516 -0.17896930 0.62588077
v 0.01498171 -0.17627095 0.63567342
v 0.01999997 -0.16818993 0.64277925
v 0.01389036 -0.18503061 0.60683832
v 0.00665131 -0.18430557 0.61349356
v 0.00702168 -0.18560856 0.62164341
v 0.01450225 -0.18589888 0.61399257
v 0.01784665 -0.18544983 0.60335684
v 0.01835931 -0.18528261 0.61037826
v 0.01740460 -0.17761043 0.58976696
v 0.00830434 -0.17183421 0.60049237
v -0.40052903 -0.43454975 0.13189388
v -0.42532409 -0.41148417 0.04359664
v 0.02076195 -0.18634577 0.60059865
v 0.02179819 -0.18506242 0.60645149
v 0.02292281 -0.18426709 0.61312146
v 0.02184631 -0.18424287 0.61556797
v 0.01773044 -0.18354124 0.62004417
v 0.01032786 -0.18249737 0.62796083
v -0.03322649 -0.16842685 0.67596577
v -0.00759187 -0.16642208 0.66223040
v -0.00946616 -0.17661980 0.65210805
v -0.03336975 -0.17995152 0.66200882
v -0.01184391 -0.18304230 0.64119343
v -0.01797115 -0.11592641 0.61140813
v -0.03503859 -0.18340434 0.64923655
v 0.00041049 -0.14522176 0.60179250
v 0.00622427 -0.12626057 0.59103352
v -0.00786246 -0.16778644 0.61353917
v 0.02705758 -0.16896097 0.57011772
v 0.01549877 -0.15681043 0.58570282
v 0.03675127 -0.16384585 0.55704864
v 0.02277067 -0.14233829 0.57585688
v -0.01205100 -0.18411427 0.62886389
v -0.00537832 -0.15459010 0.66656721
v -0.06400839 -0.16161493 0.69384497
v -0.09812739 -0.15769284 0.70522202
v -0.36773593 0.12492485 0.57323293
v -0.36365072 0.10679484 0.57969682
v -0.33573308 0.11387828 0.58534310
v -0.34067171 0.12996192 0.57958464
v -0.12076977 0.06906981 0.78123313
v -0.12192271 0.09770455 0.76324442
v 0.01750770 -0.18512165 0.61521074
v 0.01945165 -0.63786658 0.22717474
v -0.59104640 0.07042886 0.03413343
v -0.58615059 0.07428403 0.04090234
v -0.63368693 0.20560442 -0.11194347
v 0.04276142 -0.19605807 0.61002253
v 0.02649480 -0.22591064 0.56220486
v 0.01781915 -0.20517037 0.58467822
v 0.08729310 -0.25635595 0.59427976
v 0.05287607 -0.28042421 0.60410074
v 0.03748564 -0.25652490 0.61449133
v 0.06502915 -0.23604222 0.60336035
v 0.01418377 -0.21973333 0.62846549
v 0.03140280 -0.20667932 0.61457607
v -0.66825732 0.22425919 -0.08872044
v 0.02080727 -0.19855428 0.61937472
v 0.00508167 -0.20675641 0.63494387
v -0.00358286 -0.19666715 0.63811285
v 0.01292765 -0.19163004 0.62185142
v -0.01847542 -0.18800289 0.63334957
v -0.04895510 -0.18783109 0.65088648
v -0.04927014 -0.21233680 0.61736392
v -0.01874041 -0.21141208 0.60558437
v 0.00579131 -0.20852960 0.59226044
v 0.00426447 -0.18715918 0.61424229
v -0.64158832 0.25063562 -0.07319707
v -0.63496095 0.26388574 -0.04083195
v -0.62889474 0.25331225 -0.03144451
v -0.63291283 0.23902711 -0.05905949
v -0.01333293 -0.18310330 0.63840637
v 0.00691423 -0.18315655 0.62023862
v -0.04503490 -0.18450696 0.65788995
v 0.09499927 -0.60650879 0.20774880
v 0.00937041 -0.18558338 0.62318978
v -0.00918976 -0.18625527 0.63974524
v -0.03865585 -0.18932390 0.66249276
v -0.03118312 -0.20305938 0.66345246
v -0.02321230 -0.21743669 0.66210936
v -0.01600495 -0.23385179 0.65329076
v 0.00276129 -0.27675012 0.63138524
v 0.01394325 -0.30604874 0.62348666
v -0.04071152 -0.29006990 0.64554612
v -0.03194548 -0.32042801 0.64382283
v -0.05145003 -0.24580887 0.67561746
v -0.05772093 -0.22581988 0.68651441
v -0.06368636 -0.20876862 0.68646179
v -0.06960699 -0.19329639 0.68080784
v -0.11904246 -0.05873949 0.70228365
v -0.11210852 -0.02856700 0.70420293
v -0.12193077 -0.02750808 0.71783206
v -0.09907805 -0.00825520 0.75536154
v -0.13738087 -0.03453117 0.73259004
v -0.07918696 0.00408370 0.75597318
v -0.09200464 -0.00047239 0.76330700
v -0.08716201 0.01145687 0.76971534
v -0.07752951 0.01625791 0.76407962
v -0.10351572 -0.00544029 0.77033188
v -0.09486439 0.00964401 0.77524970
v -0.13144804 -0.01497162 0.78037309
v -0.12616410 0.00760557 0.79478130
v -0.12091679 0.04530173 0.79297504
v -0.12382371 0.02306345 0.79768556
v -0.08630086 0.02214361 0.77324949
v -0.07797013 0.03599210 0.76664743
v -0.68565810 0.22658311 -0.08804530
v -0.07419050 0.05541704 0.75272857
v -0.05399244 0.04485126 0.73327594
v -0.07127719 0.97346773 0.10726767
v -0.07527664 -0.18635021 0.67529247
v -0.07851969 -0.18968427 0.66218992
v -0.58695241 -0.00701389 0.03966771
v -0.63954949 0.15424853 -0.05203031
v -0.04437056 -0.27511290 0.57141209
v -0.04693039 -0.24808617 0.58790234
v -0.07534723 -0.25052468 0.59362464
v -0.63179844 0.26617904 -0.02255131
v -0.65409682 0.27639078 -0.03064124
v -0.07199975 -0.27880684 0.57677485
v -0.10678570 -0.19036448 0.66578173
v -0.65906469 0.07926730 -0.10981802
v -0.68598370 0.21543731 -0.10155610
v -0.67376798 0.20846677 -0.09524125
v -0.63511464 0.22380190 0.00529711
v -0.59048257 0.04974193 -0.06988037
v -0.63242406 0.04789604 -0.06053243
v -0.62259277 0.03238762 -0.04925802
v -0.58551310 0.03747388 -0.06432295
v -0.56172760 0.13484394 -0.03561000
v -0.10490921 -0.21442727 0.62839929
v -0.07833593 -0.21278977 0.62492795
v -0.10523007 -0.18792710 0.68090979
v -0.10156892 -0.19657380 0.68787246
v -0.09697857 -0.21208194 0.69623562
v -0.10220193 -0.25364105 0.59530607
v -0.09744508 -0.28075184 0.57905291
v -0.56671493 0.01441808 0.08963368
v 0.01403687 -0.23782882 0.56813105
v -0.61243921 -0.04875992 -0.00043478
v -0.61632942 -0.04459160 -0.01754722
v -0.25211691 -0.05160120 -0.41860392
v -0.27100094 0.02195674 -0.44879896
v -0.66515681 0.07668313 -0.12933993
v 0.02151057 -0.25885324 0.55470768
v -0.01481282 -0.24517985 0.57966670
v -0.00987220 -0.27135136 0.56413395
v -0.07747680 -0.32226135 0.65735088
v -0.08245487 -0.29248302 0.65259784
v -0.09292317 -0.23181903 0.69684014
v -0.09003303 -0.25471431 0.68574457
v 0.03705594 0.91032592 -0.32643870
v 0.26947140 0.62937900 0.37046902
v 0.25947043 0.58534590 0.41769180
v -0.64135206 0.23268132 -0.05088849
v 0.20756284 0.62745503 0.45974334
v 0.22033350 0.66373589 0.41750334
v 0.27368985 0.68181553 0.31972145
v 0.22504057 0.70921676 0.36908990
v 0.12290618 0.93327610 -0.00485819
v 0.11874464 0.91899525 0.08593703
v -0.00035256 0.95933270 0.10407706
v 0.09988421 0.94641344 -0.09655658
v 0.18020047 0.89403950 -0.14862367
v 0.18395655 0.89917801 -0.02324327
v 0.17577740 0.88822067 0.07246768
v -0.59621497 -0.00956355 0.03107767
v -0.58666704 -0.04744771 0.03658548
v -0.57824516 -0.04642886 0.04740810
v -0.61120422 0.17467963 -0.03837615
v 0.13075343 -0.32942517 -0.39985472
v 0.25676723 0.45303598 -0.45627518
v 0.16218171 0.87437410 0.15933325
v 0.10978259 0.90138598 0.17390672
v 0.10383450 0.87860235 0.25364150
v 0.15150531 0.85672115 0.23403896
v -0.00592273 0.94034298 0.19743350
v -0.07635985 0.95310002 0.20516565
v 0.06155377 0.20781055 -0.57810840
v -0.12441236 0.16883971 0.72038517
v 0.24346653 -0.13415624 -0.23959257
v 0.29850912 -0.13696398 -0.11916092
v 0.32517899 -0.44039951 -0.02386088
v 0.35983860 -0.02311109 0.04300509
v 0.35777135 -0.01980938 0.03745721
v 0.31812000 -0.23925438 -0.01521507
v 0.32227228 -0.15617074 -0.00425661
v 0.18871718 -0.12416128 -0.31990281
v 0.41834730 0.05245790 -0.01344155
v 0.42311953 0.07667019 -0.01910492
v 0.42557545 0.04565392 -0.01338417
v 0.43126458 0.07167641 -0.01934459
v 0.43337659 0.09801454 -0.02165429
v 0.42813389 0.03454004 -0.01068217
v 0.40450663 0.28511847 0.05778193
v 0.41113398 0.29679655 0.06265128
v -0.59174895 -0.00497526 -0.07109123
v -0.59093949 0.01140182 -0.07840832
v 0.35347173 -0.03048645 0.06875121
v 0.35357938 -0.02703081 0.05786538
v -0.52214764 0.09035739 -0.01036959
v 0.34771133 -0.02609698 0.06149418
v 0.34708600 -0.03143282 0.07070843
v 0.35232055 -0.03643992 0.07841881
v 0.34797618 -0.03560413 0.07719971
v 0.40240326 0.39346166 0.11081302
v 0.34935983 -0.03193429 0.04859882
v 0.35400610 -0.02009383 0.03814489
v 0.35375154 -0.02505174 0.04820158
v 0.34924765 -0.02905234 0.05502437
v 0.34828277 -0.03467646 0.06794811
v 0.34819674 -0.04044859 0.07885789
v 0.35001440 -0.04298622 0.08294499
v -0.60016539 -0.04024362 -0.05868317
v -0.58072081 -0.07214115 -0.01903776
v -0.43664099 -0.38675502 -0.04215564
v -0.41291141 -0.35400504 -0.13342271
v -0.40506222 -0.42401000 -0.13446534
v -0.42197218 -0.45962914 -0.04820331
v -0.58096345 0.10309095 0.08225680
v -0.58241251 0.05973690 0.06350109
v -0.57650752 0.05168103 0.07709900
v 0.43016918 0.02978764 -0.01266501
v 0.38195128 -0.03802552 0.05425066
v -0.24128468 -0.54730857 0.26245715
v -0.20468186 -0.60757410 0.22383671
v 0.41630408 0.23092118 0.02103174
v 0.41511856 0.21899755 0.01172531
v 0.42986195 0.23036238 0.00181747
v 0.43089198 0.24517693 0.01035603
v 0.29580649 0.11342255 -0.29124134
v 0.30985897 0.18040987 -0.32057333
v 0.05042007 -0.32723729 -0.43219157
v 0.04562691 -0.26378032 -0.41655095
v 0.39416906 0.38378869 -0.19877169
v 0.41535162 0.24256084 0.03001194
v 0.42988451 0.25723890 0.01890270
v 0.42537282 0.10247771 -0.02017966
v 0.40371669 0.23960986 0.03182953
v 0.40493129 0.22786258 0.02253404
v 0.43718744 0.26958350 0.00670197
v 0.43782493 0.25487760 -0.00353290
v 0.43868254 0.23829053 -0.01249387
v 0.40582185 0.21652390 0.01259043
v -0.57348986 0.01438772 0.11422169
v -0.58372642 0.00198839 0.18120118
v -0.59510794 0.10555714 0.18142590
v -0.58630755 0.07508271 0.11912248
v 0.39409797 0.27872355 0.02053301
v 0.40727586 0.57278510 -0.03515069
v 0.40375575 0.53847920 -0.12715146
v 0.37253792 0.67859085 -0.05582016
v 0.37216060 0.65158210 -0.15419747
v 0.34705329 0.61675432 -0.25967237
v 0.37772148 0.49698487 -0.23596769
v 0.39852997 0.28420553 0.05183916
v 0.41738144 0.30169636 0.05782037
v 0.27298009 0.72254348 0.26844927
v 0.31099188 0.69466996 0.22299419
v 0.22383864 0.74658325 0.32222461
v 0.21983603 0.77934123 0.27783351
v 0.26558572 0.76089825 0.22297958
v 0.32113230 0.72541282 0.14872206
v 0.41310160 0.51168165 0.06033545
v 0.39501215 0.60368830 0.05576771
v 0.37090451 0.62490429 0.14047176
v -0.53891533 0.29758346 0.42829901
v -0.55066268 0.30644965 0.39825781
v -0.55383146 0.24247828 0.39422929
v -0.53908871 0.24732269 0.42106417
v 0.35674857 0.70500481 0.04153001
v 0.28796632 0.78196189 0.10673670
v 0.31630334 0.76624071 0.01504013
v 0.23889762 0.83601085 0.07960169
v 0.25993746 0.83270769 -0.01135727
v 0.26685707 0.82565953 -0.11356586
v 0.33256226 0.74803470 -0.07946632
v 0.25154180 0.79590875 0.18291654
v 0.20772797 0.80940404 0.24210320
v 0.21497199 0.83499250 0.15825454
v 0.19237142 0.83552293 0.21227363
v 0.35415064 0.63277564 0.18472306
v 0.33732975 -0.06323136 0.06450904
v 0.34037129 -0.07037148 0.09979374
v -0.28941706 0.67237198 0.57333970
v -0.22323656 0.67731488 0.59003172
v -0.22434018 0.72610996 0.55459285
v -0.29099401 0.71986992 0.53493773
v 0.36046571 -0.00089967 0.16375345
v -0.28304729 0.07055270 -0.47803059
v -0.29885455 0.13173326 -0.51738925
v -0.17289826 0.11852192 -0.56079122
v -0.16169741 0.06447501 -0.51610224
v 0.33787664 0.13824517 0.38820151
v 0.33551343 0.22185329 0.37584539
v 0.36066469 0.17586552 0.31155074
v 0.35989295 0.08663946 0.32684032
v -0.28714901 0.84439399 0.39728858
v -0.22035747 0.85466907 0.41994289
v -0.21753805 0.89245425 0.35669335
v -0.28454697 0.87852261 0.33494882
v -0.49365336 0.11141087 0.50771075
v -0.50741954 0.07275767 0.50602859
v -0.48400677 0.06951581 0.53118851
v -0.47220197 0.10820885 0.52840957
v 0.32594729 0.31208594 0.37114050
v 0.35678933 0.26766862 0.30909634
v 0.35177712 0.36517872 0.29783269
v 0.31950267 0.41033013 0.37229657
v 0.29840194 0.58520306 -0.36623704
v 0.31952172 0.47814158 -0.36207441
v -0.58505952 -0.07821928 0.05121367
v -0.57849099 -0.07438140 0.05833533
v 0.32575060 0.39653552 -0.35153022
v 0.16510759 0.49628166 0.56662964
v -0.21341160 0.92321276 0.28032638
v -0.28104887 0.90736008 0.26094323
v 0.05245590 0.72319036 -0.52143962
v 0.15383668 0.65084327 0.50361075
v 0.24002514 0.71663818 -0.36658958
v -0.03725044 -0.26894439 -0.42547967
v 0.16709506 0.75893652 -0.42071301
v 0.33164366 0.72262315 -0.17511359
v 0.31305182 0.69195116 -0.26272838
v 0.27092239 0.65462619 -0.36486279
v 0.32285379 0.29359445 -0.34324598
v 0.15558577 0.83117673 0.28358739
v 0.23556917 0.28019512 0.51691900
v 0.23234025 0.25050114 0.50907668
v 0.23535531 0.31161158 0.52943639
v 0.22223466 0.21888168 0.51625271
v -0.03900273 0.14307405 0.64123554
v -0.04214195 0.12857774 0.65127530
v -0.04485932 0.11381296 0.66006593
v -0.01604058 0.11244126 0.63987981
v -0.02022233 0.09338245 0.64776669
v -0.06645997 0.10847727 0.68521638
v -0.06571653 0.12794147 0.67453665
v -0.04697596 0.09456088 0.66766599
v -0.04648535 0.07510497 0.67345392
v -0.06497270 0.09057966 0.69664583
v -0.01958804 -0.00019623 0.64222962
v -0.01301604 0.03104818 0.64078128
v -0.02904489 0.05529182 0.65154842
v 0.00617985 0.07825813 0.64199202
v -0.00241802 0.05709025 0.64403671
v -0.02606552 0.07575656 0.65060592
v 0.01372374 0.09866451 0.63358599
v -0.03855630 0.05499844 0.68759596
v -0.03106365 0.03218654 0.70762243
v -0.06030324 0.06861107 0.71313867
v -0.07642828 0.07790671 0.73296973
v -0.08093345 0.10149614 0.71574229
v -0.01163587 0.12798115 0.63086482
v 0.01879476 0.11618803 0.62420070
v 0.02342463 0.03769523 0.64611056
v 0.05479318 0.01846971 0.64995424
v 0.03641581 0.06581077 0.64160508
v 0.06816140 0.05094811 0.64323006
v 0.04400077 0.08803060 0.63179406
v 0.07582587 0.07573042 0.63250017
v 0.08486701 -0.00420738 0.64931872
v 0.11217591 -0.02789895 0.64281946
v 0.13798882 -0.06108708 0.62912752
v 0.13275898 0.00690698 0.63730834
v 0.16160230 -0.02621165 0.62390725
v 0.14418675 0.04128897 0.62863969
v 0.17969569 0.01059645 0.61581625
v -0.22526000 0.17225228 0.63047083
v -0.22824836 0.18554042 0.61656352
v -0.25142794 0.16280554 0.60624564
v -0.24978557 0.14956034 0.61816874
v -0.20903070 0.49208144 0.66185356
v -0.21563050 0.54549351 0.64598579
v -0.27482785 0.54643445 0.63376548
v -0.26452303 0.49338012 0.65189176
v 0.10138583 0.03180206 0.64279986
v 0.11166116 0.05971693 0.63278342
v 0.08078622 0.09894125 0.62015550
v 0.04999097 0.10810614 0.62071663
v 0.14405751 0.11029469 0.60453536
v 0.14746980 0.07586972 0.61707068
v 0.11434510 0.08852099 0.61995835
v 0.11389212 0.11636953 0.60767749
v 0.18619374 0.05438481 0.60574681
v 0.17824985 0.10188593 0.59619050
v 0.16913484 0.13272433 0.58720837
v 0.06924227 0.16616101 0.60421904
v 0.03624575 0.16905178 0.60592557
v 0.09370366 0.16594957 0.60030065
v 0.13916170 0.13491465 0.59536879
v 0.11418856 0.13704070 0.59980288
v 0.19264105 0.18258208 0.54980116
v 0.17755336 0.17478765 0.56244194
v 0.13663120 0.16720686 0.58553558
v 0.11654143 0.16598235 0.59392602
v 0.15752216 0.17025237 0.57504264
v 0.00589419 0.17816892 0.60503747
v -0.02370995 0.19159412 0.60429983
v 0.29644983 -0.21622328 -0.11295227
v -0.08522415 0.12173770 0.70304203
v -0.08640704 0.14310343 0.69088936
v -0.05082267 0.30016820 0.63540158
v -0.06208973 0.28097148 0.62436160
v -0.10352819 0.27888437 0.66033254
v -0.02604757 0.32644826 0.65441368
v -0.04772005 0.20923939 0.60614011
v -0.28000317 0.14481717 0.59378962
v -0.27718288 0.13264318 0.60405549
v -0.05813717 0.22393661 0.60684833
v -0.06614507 0.24358301 0.60983375
v -0.06722255 0.26187488 0.61638753
v -0.22350784 0.77314220 0.51586987
v -0.29110500 0.76644458 0.49429904
v -0.25397951 0.97107113 -0.06332858
v -0.25940396 0.96441852 -0.00824176
v -0.18998219 0.98284319 -0.00557269
v -0.19176777 0.98638314 -0.08757091
v 0.04365740 0.41729828 0.66505296
v 0.02853908 0.37517357 0.68081540
v 0.23623776 0.53779466 0.47228366
v 0.26955083 0.48731017 0.44776102
v 0.18712863 0.40464696 0.58149069
v 0.21268912 0.37946246 0.56246283
v 0.22980939 0.34653573 0.54384713
v 0.28963481 0.41450045 0.42650077
v 0.29897971 0.33296585 0.41750639
v 0.30843916 0.25306663 0.41937916
v -0.52024588 0.13258259 -0.25573781
v -0.55806619 0.11556964 -0.15798944
v -0.57121762 0.19565508 -0.16345827
v -0.54827401 0.23833752 -0.26988856
v 0.16832298 0.73312810 0.42092006
v -0.31868998 -0.50417586 0.20978043
v -0.28431856 -0.56937336 0.17786979
v -0.02840442 -0.33313947 -0.43867451
v 0.16570281 0.76943465 0.37556701
v 0.16364591 0.69065972 0.46458029
v 0.10157906 0.85172307 0.31525745
v 0.10236359 0.82226367 0.37029299
v 0.16125518 0.80182881 0.33006008
v 0.10635295 0.78872837 0.41826982
v 0.10924829 0.75139012 0.46263224
v 0.10337360 0.70826330 0.50536655
v 0.09640397 0.66608754 0.54237078
v 0.08527242 0.61053541 0.58313164
v 0.23869965 -0.20022923 -0.23308121
v -0.09124289 0.04495736 0.67764696
v -0.09619056 0.04573949 0.68161573
v -0.49756840 0.44300026 0.48679495
v -0.50870732 0.47887724 0.45988665
v -0.53109258 0.43398894 0.43356415
v -0.51749980 0.40393267 0.46155538
v -0.09650759 0.04148935 0.67442879
v -0.10153495 0.04279645 0.67820093
v -0.10167105 0.03398859 0.67589831
v -0.09644325 -0.01143191 0.69196138
v -0.10202585 0.00041302 0.68538842
v -0.10441871 0.02167428 0.67782680
v 0.35665435 -0.04380919 0.14502316
v -0.19836530 0.40597393 0.68298124
v -0.24759424 0.40548952 0.67547234
v -0.23509546 0.36566637 0.67699410
v -0.19268093 0.36549260 0.68311160
v -0.53585542 0.19828389 0.42261391
v -0.55242515 0.18022871 0.40143332
v -0.54488893 0.12526941 0.43053650
v -0.52723986 0.15165691 0.44575521
v -0.50866636 0.12010275 0.48659659
v -0.52393368 0.08267924 0.48160596
v -0.28407881 0.60824103 0.61059376
v -0.22024382 0.61108616 0.62442211
v -0.54490621 0.37428222 0.41039564
v -0.53171694 0.35377426 0.44117147
v -0.20717840 0.19258086 0.64508177
v -0.21291136 0.20381362 0.62719568
v -0.19635395 0.23596868 0.64666004
v -0.17829222 0.22833836 0.67707980
v -0.17724946 0.25522890 0.67027662
v -0.19505325 0.25685074 0.65110230
v -0.37622923 0.49180460 0.59662130
v -0.38713289 0.54076204 0.57539486
v -0.43346058 0.53251633 0.53557222
v -0.42402582 0.48681565 0.55909869
v -0.28990556 0.80703760 0.44941257
v -0.22245819 0.81551320 0.47238482
v -0.18320072 0.31637589 0.67521250
v -0.21255595 0.31789094 0.66341929
v -0.20211063 0.29569359 0.65671035
v -0.18024997 0.29487992 0.67045991
v -0.30550203 0.12125667 0.59332043
v -0.30985531 0.13528398 0.58595346
v -0.52832017 -0.08514428 0.03474215
v -0.53912488 -0.09037289 0.03940883
v -0.60759561 0.21787994 0.10461738
v -0.58982029 0.14515315 0.11266200
v -0.60013085 0.19696923 0.17756064
v -0.61257876 0.28273711 0.16645993
v -0.62197065 0.35770937 0.14718464
v -0.62898952 0.41530517 0.11878318
v -0.62531026 0.31793006 0.06991501
v -0.62250017 0.27657962 0.09251233
v -0.36324037 -0.39224593 -0.20972869
v -0.35899513 -0.32602485 -0.21941281
v -0.17699985 0.20654034 0.68954554
v -0.17704160 0.18596391 0.70255234
v -0.19807222 0.39014659 -0.62491380
v -0.19168471 0.30029957 -0.61883313
v -0.32297889 0.32068105 -0.57023877
v -0.32786511 0.40545788 -0.57767847
v -0.50794011 0.06024826 -0.23536185
v -0.54640072 0.05445451 -0.14409222
v -0.21502458 0.00820434 0.69091137
v -0.19454605 0.03714794 0.66180307
v -0.19606278 0.01563699 0.66076350
v -0.19508887 0.03331188 0.66110326
v -0.21800213 -0.00734581 0.70313198
v -0.23391785 -0.01150487 0.71204559
v -0.20008463 -0.00740077 0.66361132
v -0.19542252 -0.00571444 0.66664508
v -0.19198698 0.01750457 0.66283667
v -0.20165033 0.03928884 0.66552581
v -0.16007747 -0.03065242 0.74828376
v -0.16584668 -0.02249999 0.76696806
v -0.18991416 -0.01355226 0.75644305
v -0.17773960 -0.02186217 0.74373247
v -0.18373835 0.03473231 0.67118237
v -0.17813006 0.02057011 0.67843571
v -0.18163566 0.00613080 0.71979224
v -0.19360459 0.02937598 0.69583669
v -0.19550796 0.04189589 0.67869597
v -0.19282750 0.00936100 0.71492008
v -0.18156207 -0.02437098 0.69734144
v -0.20378496 0.01001241 0.70430298
v -0.61539912 0.01167782 -0.00957534
v -0.47064671 -0.31281301 0.09142055
v -0.49833102 -0.21458119 0.05494669
v -0.48373944 -0.21225562 0.02067184
v -0.45730700 -0.31469706 0.03381397
v -0.62541131 0.17005980 -0.04550621
v -0.58056795 0.48222906 0.31280738
v -0.58704276 0.55865408 0.25648910
v -0.61862417 0.48798836 0.17795885
v -0.61302216 0.41745063 0.20650401
v -0.58459063 0.62151090 0.20671260
v -0.61991009 0.55859078 0.13464498
v -0.63782419 0.48342446 0.07064303
v -0.63003726 0.35625730 -0.01766621
v -0.41499251 0.21169428 0.55540542
v -0.41726606 0.20986443 0.55538341
v -0.40803844 0.20712304 0.56384313
v -0.40635324 0.20909163 0.56401398
v -0.41223127 0.21215986 0.55315820
v -0.40491782 0.20887878 0.55945764
v -0.41857440 0.21515984 0.54817531
v -0.42173434 0.21404679 0.54979156
v -0.42331274 0.21203040 0.54927686
v -0.30975271 0.21454672 0.58766727
v -0.31113082 0.21471754 0.58226331
v -0.32631863 0.21098623 0.58610240
v -0.32714951 0.21006146 0.59340574
v -0.30916882 0.21227456 0.58913146
v -0.32833263 0.20689206 0.59290585
v -0.29937936 0.22394256 0.54691431
v -0.29820523 0.22810455 0.54783479
v -0.30540666 0.21773150 0.54754892
v -0.29325947 0.22976311 0.56729714
v -0.29367255 0.23488997 0.56880487
v -0.29664775 0.23929812 0.55001757
v -0.29705627 0.23237917 0.54826797
v -0.29401926 0.22499590 0.56805522
v -0.28517790 0.22457778 0.57266169
v -0.28363810 0.22803811 0.57129432
v -0.28491360 0.23114387 0.57415671
v -0.35974451 0.19943915 0.59088380
v -0.36203703 0.19519613 0.58893593
v -0.33185192 0.19833464 0.59201447
v -0.33036260 0.20276333 0.59246399
v -0.35769715 0.20312437 0.59149932
v -0.37863208 0.20365802 0.58578830
v -0.38135040 0.20014170 0.58400781
v -0.38274772 0.19634636 0.58156934
v -0.30899327 0.20501000 0.58959639
v -0.30856207 0.20917532 0.58935300
v -0.38369541 0.19173544 0.57842481
v -0.36314268 0.19053386 0.58509646
v -0.33280863 0.19303579 0.58964503
v -0.30897534 0.20101103 0.58992394
v -0.28870878 0.21116727 0.58659290
v -0.29282094 0.21321214 0.58633232
v -0.36337676 0.18526804 0.58255712
v -0.36319304 0.17898297 0.58168920
v -0.33124930 0.18188335 0.58742891
v -0.33227327 0.18759923 0.58746768
v -0.38387856 0.18602114 0.57507630
v -0.38339494 0.17950445 0.57337755
v -0.43340319 0.21274476 0.53566625
v -0.43655655 0.21510354 0.53040940
v -0.43768732 0.21065417 0.52920137
v -0.43638335 0.20825074 0.53222173
v -0.45652715 0.19062398 0.50333015
v -0.46141602 0.19944373 0.49784292
v -0.47406936 0.19234044 0.48512841
v -0.46704862 0.18299384 0.49387780
v -0.52046878 0.13186254 0.46527209
v -0.47941921 0.16724201 0.48751414
v -0.48876673 0.17744825 0.47421572
v -0.42967145 0.21050538 0.54150386
v -0.42502803 0.20867126 0.54815125
v -0.42804985 0.21394018 0.54291692
v -0.43179957 0.21599599 0.53742570
v -0.43293968 0.20612499 0.53819801
v -0.42770201 0.20416808 0.54571254
v -0.41948560 0.20678706 0.55455607
v -0.42219099 0.20212666 0.55258657
v -0.41254420 0.19969194 0.56146228
v -0.41036900 0.20415428 0.56274023
v -0.39723969 0.20209628 0.57308144
v -0.39487414 0.20520217 0.57466349
v -0.39878264 0.19780927 0.57148326
v -0.41424032 0.19444332 0.55971399
v -0.40101082 0.19284581 0.56891899
v -0.42448687 0.19695203 0.54926436
v -0.43066651 0.19951809 0.54090894
v -0.43571732 0.20193518 0.53319108
v -0.43974273 0.20418028 0.52755189
v -0.44213206 0.20791781 0.52404617
v -0.43935927 0.19667779 0.52641925
v -0.44407259 0.19138763 0.51992274
v -0.43626912 0.18798144 0.52988833
v -0.43343564 0.19412319 0.53501766
v -0.44449199 0.19981059 0.51983742
v -0.44983689 0.19539634 0.51182995
v -0.42590883 0.19202426 0.54486100
v -0.42732383 0.18619655 0.54046766
v -0.41507510 0.18357888 0.55312243
v -0.41503998 0.18976528 0.55718101
v -0.40364012 0.18717073 0.56613928
v -0.40339149 0.18077286 0.56241424
v -0.35592764 0.20610513 0.59177566
v -0.35322483 0.20631323 0.58592852
v -0.37429561 0.20693887 0.58071726
v -0.37610339 0.20640669 0.58668884
v -0.39263685 0.20747657 0.57503436
v -0.39138517 0.20797571 0.57026198
v -0.37201236 0.19864946 0.56403502
v -0.36422849 0.20389666 0.53898321
v -0.38296771 0.20432735 0.53258193
v -0.39353825 0.20015529 0.55564323
v -0.34748851 0.19749654 0.56879091
v -0.34288450 0.20644226 0.54460016
v -0.32410417 0.20235870 0.57159432
v -0.32179837 0.21159172 0.54670115
v -0.30857186 0.21312401 0.57220270
v -0.37170332 0.27793283 0.59830077
v -0.37331751 0.28325511 0.59840250
v -0.39999665 0.27899810 0.58925060
v -0.39726232 0.27305432 0.58897088
v -0.38611385 0.14548355 -0.45244949
v -0.39520302 0.24331610 -0.48391705
v -0.31401068 0.21808172 -0.55122518
v -0.41610163 0.25240144 0.57620976
v -0.41756912 0.25941347 0.57614374
v -0.43111357 0.25265830 0.56300428
v -0.42860682 0.24641775 0.56313986
v -0.41460413 0.24575849 0.57516259
v -0.42588292 0.24075813 0.56129917
v -0.39624409 0.25200457 0.58801335
v -0.39715740 0.25953010 0.58903914
v -0.39740659 0.26685083 0.58872689
v -0.42584019 0.24258797 0.52838659
v -0.42038919 0.25271396 0.53434980
v -0.41856180 0.23852181 0.54993844
v -0.42275911 0.23359233 0.54202518
v -0.42876334 0.23795950 0.52364606
v -0.42597054 0.23050712 0.53633461
v -0.42258288 0.24331166 0.50195255
v -0.41825752 0.24891179 0.50688197
v -0.41157012 0.25609792 0.51434023
v -0.42502111 0.23872148 0.49926753
v -0.42632300 0.23443870 0.49827704
v -0.42572560 0.22939307 0.49798066
v -0.42371334 0.22455263 0.49997759
v -0.53628184 0.02871014 0.46353659
v -0.53621756 0.09884609 0.45663046
v -0.54974335 0.04775383 0.43451868
v -0.42587701 0.21602992 0.54389798
v -0.42956212 0.21823592 0.53853645
v -0.42242019 0.21720495 0.54332784
v -0.42475085 0.21915660 0.53950786
v -0.43218001 0.22064838 0.53305305
v -0.43542053 0.21847386 0.53125755
v -0.41426147 0.20604874 0.53943720
v -0.40863488 0.20937543 0.51872588
v -0.41526772 0.21336845 0.51301257
v -0.41965221 0.21281362 0.53203780
v -0.40766537 0.20105773 0.54526580
v -0.39769436 0.20581668 0.52517758
v -0.41902199 0.21655291 0.50855547
v -0.42164656 0.22073026 0.50356248
v -0.42330532 0.21583393 0.52837175
v -0.42588923 0.21938854 0.52320070
v -0.42696597 0.22195449 0.53535608
v -0.42936511 0.22699030 0.51829272
v -0.42995149 0.23020728 0.51873767
v -0.42840951 0.22373019 0.53085657
v -0.43047724 0.22678801 0.52684991
v -0.42806453 0.22371662 0.51930838
v -0.42973624 0.23399821 0.52031723
v -0.42828127 0.22823462 0.53053406
v -0.43907735 0.21469165 0.52673267
v -0.43798718 0.22085724 0.52696910
v -0.44377092 0.22599637 0.52145333
v -0.44325098 0.21338170 0.52166737
v -0.44998259 0.21233633 0.51383237
v -0.44767985 0.20448727 0.51536711
v -0.45261270 0.22809736 0.51572034
v -0.46157790 0.23150486 0.50923888
v -0.45773280 0.21221073 0.50554885
v -0.45354271 0.20250380 0.50734156
v -0.43416037 0.22288855 0.52870411
v -0.43632971 0.22516028 0.52596909
v -0.44838944 0.23321146 0.52535618
v -0.45485875 0.23835010 0.52284510
v -0.44018335 0.22988291 0.52886529
v -0.43683668 0.23208576 0.53841944
v -0.44374727 0.23684746 0.53768870
v -0.44850893 0.24242457 0.53691935
v -0.43746590 0.24093349 0.55000451
v -0.44118204 0.24703615 0.54967785
v -0.43220190 0.23580709 0.54907732
v -0.43333015 0.22788399 0.53110120
v -0.43014561 0.22982546 0.53791495
v -0.42643899 0.23250100 0.54641841
v -0.42181508 0.23596654 0.55684455
v -0.41280290 0.24171639 0.57113150
v -0.40987519 0.24542349 0.56392328
v -0.39507625 0.24604604 0.58441615
v -0.39372858 0.25084075 0.57855307
v -0.37750710 0.29089258 0.60069665
v -0.40879237 0.28782156 0.59094540
v -0.39288640 0.26820730 0.55972219
v -0.38075481 0.26820495 0.53884862
v -0.36421977 0.26971299 0.54947007
v -0.37077593 0.27094731 0.57390131
v -0.29546467 0.23661455 0.57043347
v -0.29782626 0.24246406 0.57425343
v -0.29966437 0.25138413 0.55459503
v -0.29607830 0.24406642 0.55117892
v -0.29097224 0.23262395 0.57723304
v -0.29904659 0.23720225 0.58088293
v -0.32087542 0.26271580 0.58359567
v -0.32285323 0.26544675 0.55830113
v -0.30650713 0.26069932 0.55768590
v -0.30596902 0.25322427 0.57995359
v -0.32744880 0.24931804 0.59146360
v -0.30998456 0.24275072 0.58623825
v -0.37138252 0.25385682 0.58869796
v -0.21436983 0.62325001 -0.59221137
v -0.20785669 0.52087541 -0.61920049
v -0.33171924 0.52713263 -0.56856672
v -0.33251351 0.61631279 -0.54316985
v -0.41130382 0.26200250 0.54513023
v -0.39825749 0.26292748 0.52656330
v -0.38875030 0.61800382 -0.48690405
v -0.38546720 0.67504573 -0.46434065
v -0.33454331 0.69135322 -0.50049451
v -0.28068299 -0.24330135 -0.32985817
v -0.20031860 -0.29524315 -0.38156297
v -0.28580083 0.23131583 0.58585024
v -0.29573297 0.23624588 0.58941598
v -0.27930060 0.22787848 0.58237416
v -0.27267565 0.22761196 0.58535804
v -0.27919314 0.23296570 0.58858099
v -0.28922878 0.23957207 0.59306850
v -0.30799790 0.24224808 0.59311024
v -0.30296359 0.24666198 0.59782494
v -0.32328690 0.25376785 0.60120212
v -0.32738627 0.24873315 0.59740785
v -0.37086433 0.25002024 0.59447244
v -0.36975598 0.25580332 0.59736528
v -0.32022056 0.26080993 0.60291362
v -0.29906415 0.25281941 0.59960011
v -0.31820678 0.26807365 0.60325271
v -0.29767098 0.26117810 0.59869341
v -0.36906770 0.27146220 0.59786599
v -0.36864398 0.26333669 0.59812262
v -0.29283377 0.21596821 0.58532133
v -0.27577239 0.22029522 0.58373532
v -0.29425052 0.21865089 0.58267595
v -0.28094406 0.22265578 0.58097410
v -0.29882653 0.21861026 0.57734431
v -0.27724014 0.22529425 0.58036388
v -0.27036611 0.22361810 0.58319990
v -0.29756740 0.21970240 0.56906818
v -0.27271131 0.23706073 0.58736575
v -0.26558380 0.22848059 0.58531541
v -0.26448436 0.24107284 0.58557798
v -0.25774356 0.22954071 0.58396004
v -0.27782242 0.25385526 0.59100773
v -0.28363447 0.24572918 0.59205261
v -0.26320569 0.22166943 0.58394751
v -0.26720106 0.21830094 0.58458234
v -0.25633361 0.22070750 0.58343694
v -0.26040041 0.21630347 0.58356278
v -0.30758729 0.19666218 0.58953127
v -0.30507757 0.19204670 0.58828937
v -0.28438527 0.20730065 0.58751864
v -0.28012247 0.20336926 0.58671778
v -0.36078655 0.17177500 0.57880864
v -0.38194938 0.17290821 0.57143326
v -0.35609117 0.16434935 0.57641185
v -0.37895970 0.16362268 0.56910283
v -0.32394860 0.16798492 0.58291067
v -0.32827726 0.17514017 0.58491621
v -0.27203627 -0.61048080 0.15863731
v -0.44941385 0.18513831 0.51355645
v -0.45770142 0.17540753 0.50660809
v -0.44610212 0.17015007 0.51937253
v -0.44022072 0.18166208 0.52460196
v -0.42954400 0.17851272 0.53592468
v -0.43223715 0.16626935 0.53415748
v -0.41584821 0.16458009 0.54707434
v -0.41593765 0.17596129 0.54904928
v -0.40277151 0.17377163 0.55969862
v -0.39978680 0.16398511 0.55785292
v -0.46688028 0.20988023 0.49367598
v -0.47613315 0.23102080 0.49227375
v -0.47970062 0.20452374 0.48011580
v -0.49163616 0.22878879 0.47605482
v -0.25492282 0.24739121 0.58731361
v -0.24903102 0.23241591 0.58432927
v -0.24094090 0.25296267 0.59355888
v -0.23691924 0.23590423 0.58981804
v -0.25164507 0.27195651 0.60100523
v -0.26609931 0.26655609 0.59531730
v -0.25022230 0.22050993 0.58333429
v -0.25406975 0.21392883 0.58305062
v -0.24158899 0.21960159 0.58566513
v -0.24767035 0.21027482 0.58416038
v -0.30119156 0.18578747 0.58690729
v -0.29625170 0.17887851 0.58525449
v -0.27490292 0.19878115 0.58584661
v -0.26859062 0.19287174 0.58621146
v -0.37416312 0.07536437 -0.41805654
v -0.40372691 0.34496391 -0.49980067
v -0.46407954 0.31574479 0.57036769
v -0.44613687 0.29678288 0.57532381
v -0.42222082 0.30369529 0.59284179
v -0.43842000 0.32625619 0.59381129
v -0.47990389 0.34587806 0.55695676
v -0.49483762 0.32492308 0.53493184
v -0.47882645 0.30207759 0.54834077
v -0.46206035 0.28611516 0.55670124
v -0.48325588 0.24941446 0.50110466
v -0.47107147 0.24875988 0.51314991
v -0.47310634 0.26056655 0.52400429
v -0.48539727 0.26534065 0.51337405
v -0.49826547 0.25108273 0.48354173
v -0.50233278 0.27421455 0.49631039
v -0.48340039 0.28210523 0.52923828
v -0.46927754 0.27248639 0.53948364
v -0.49994889 0.29751127 0.51575340
v -0.30613391 0.30285041 0.61627791
v -0.31263454 0.29344219 0.60894180
v -0.29046062 0.28084875 0.60227751
v -0.27901270 0.28501329 0.60629700
v -0.29854272 0.31252547 0.62295624
v -0.26621798 0.28978419 0.61060397
v -0.39680478 0.33314802 0.61640169
v -0.38553165 0.30861626 0.60808229
v -0.31602342 0.27379127 0.60285080
v -0.30010801 0.26707569 0.60057887
v -0.31669259 0.27901518 0.60289890
v -0.29870802 0.27058831 0.59933025
v -0.44803783 0.74149256 -0.34836059
v -0.47334131 0.77593992 -0.26816142
v -0.37760936 0.85950106 -0.30527649
v -0.36160726 0.81342970 -0.38626065
v -0.41883052 0.26508379 0.57577906
v -0.42089613 0.27201195 0.57717106
v -0.43651061 0.26536502 0.56306163
v -0.43296879 0.25854839 0.56213676
v -0.44362600 0.25312852 0.54891679
v -0.44823024 0.25934529 0.54792872
v -0.45624960 0.25247242 0.53378416
v -0.45129566 0.24805398 0.53549794
v -0.45605364 0.24489179 0.52635378
v -0.46025749 0.24559735 0.52229023
v -0.29766779 0.27689997 0.60178159
v -0.31490709 0.28401819 0.60455428
v -0.39580890 0.53983989 -0.50029995
v -0.44471071 0.58044322 0.50296177
v -0.48826386 0.55837400 0.45766560
v -0.47561146 0.51570257 0.49313722
v -0.43063087 0.28093343 0.57767570
v -0.44665403 0.27374401 0.56118217
v -0.45752953 0.26558168 0.54514704
v -0.46360533 0.25665395 0.53131980
v -0.46560544 0.25026715 0.52204370
v -0.57139396 0.03363922 0.07793574
v -0.57616592 0.03529840 0.06568055
v -0.61243733 0.08783514 -0.09039342
v -0.60135584 0.13440909 -0.07965740
v -0.59425680 0.15875123 -0.06833751
v -0.61719161 0.21067176 -0.01108996
v -0.63633922 0.23097170 -0.02912108
v -0.62875447 -0.02416800 -0.05399939
v -0.61588982 -0.03167647 -0.02606491
v -0.62966409 -0.01836529 -0.05774107
v -0.66926708 0.20959915 -0.09579357
v -0.67028155 0.19734563 -0.10447728
v -0.67618775 0.19587750 -0.10384324
v -0.33339391 -0.06088108 -0.36192883
v -0.36050089 0.02060342 -0.39201583
v -0.67094865 0.18313017 -0.11223463
v -0.58565356 0.06476912 0.04643787
v -0.61911296 0.08244266 -0.09245674
v -0.62806559 0.07814342 -0.10587957
v -0.62609819 0.04469124 -0.10866651
v -0.62516883 0.04742963 -0.10169285
v -0.62025116 0.01217672 -0.09638875
v -0.62001247 0.01634696 -0.09142368
v -0.63859697 -0.00305551 -0.07538059
v -0.64714414 0.02027034 -0.09176052
v -0.64272152 0.23583291 -0.03579326
v -0.63789800 0.23026465 -0.02670514
v -0.64614870 0.23571411 -0.03699186
v -0.58950070 0.05853797 0.03790444
v -0.60653593 0.20077345 -0.00996787
v -0.60234686 0.18971473 0.00261865
v -0.60121147 0.18987633 -0.00313849
v -0.57245195 0.09204783 0.01362949
v -0.57075292 0.09780040 0.01332142
v -0.57667724 0.08241195 0.01756019
v -0.58924773 0.07193851 0.02615750
v -0.56196087 0.02516316 0.02320092
v -0.55924197 0.01893446 0.01081857
v -0.55803912 0.01432075 0.01719771
v -0.66041292 0.27606989 -0.05255237
v -0.60277871 0.18431886 0.00522912
v -0.60983861 0.19173311 0.00493785
v -0.61274542 0.19883183 0.00313732
v -0.65004172 0.23528596 -0.03718970
v -0.61447634 0.20478303 0.00019218
v -0.61079053 0.20184203 -0.00189011
v -0.61978341 0.21193883 -0.00844308
v -0.60845292 0.19973740 -0.00632360
v -0.58259031 0.04779243 -0.06219675
v -0.57738663 0.04648697 -0.05016026
v -0.59339977 0.16534524 0.07450606
v -0.59046021 0.15144452 0.05712534
v -0.61263071 -0.03314193 -0.01050064
v -0.60217345 0.20297745 -0.03868505
v -0.59829883 0.22413312 -0.04684965
v -0.65520163 0.04988687 -0.10104627
v -0.62260448 0.02311440 -0.03608637
v -0.61294964 0.02291114 -0.02238957
v -0.63454493 0.02820856 -0.04807415
v -0.64629164 0.04348202 -0.05959196
v -0.57123157 0.14952624 -0.02687837
v -0.64130418 0.16641304 -0.06002995
v -0.64640811 0.15267531 -0.06499014
v -0.63347189 0.16797178 -0.05116894
v -0.60211416 0.24807395 -0.03433809
v -0.60659242 0.24386238 -0.02270747
v -0.60832943 0.21191757 -0.02969217
v -0.60741060 0.23058024 -0.02240348
v -0.57157345 0.04700501 0.02125678
v -0.56764231 0.01252188 0.00253545
v -0.56870023 0.02269613 -0.00517253
v -0.57592314 0.01307609 -0.00088020
v -0.57407494 0.01817393 -0.01133985
v -0.57272310 0.02705360 -0.02224849
v -0.57246404 0.03745625 -0.03215951
v -0.57256934 0.05101332 -0.03645415
v -0.56833048 0.07268294 0.01536476
v -0.61825332 0.24473993 0.03410758
v -0.56752630 0.06119659 0.01597033
v -0.57407938 0.08316104 0.01568319
v -0.57495333 0.07184976 0.01863007
v -0.57434916 0.05964457 0.02109123
v -0.60431605 0.00637718 0.02300355
v -0.60767642 0.01752699 0.00590777
v -0.59659280 0.01106466 0.02811753
v -0.60862301 0.02254377 -0.00867661
v -0.58885508 0.01272622 0.02922315
v -0.60434873 0.21013803 -0.03113823
v -0.60362296 0.23106117 -0.03117789
v -0.57593650 0.05352321 0.09105478
v -0.56223057 0.08247204 0.40167084
v -0.57129732 0.14658179 0.36742110
v -0.28911376 -0.23021149 0.52145585
v -0.28157523 -0.25140232 0.52391625
v -0.51798476 0.01151654 0.49257848
v -0.49279769 -0.00602791 0.52639623
v -0.29759207 -0.19652612 0.58831909
v -0.29191750 -0.20179799 0.58910088
v -0.28494993 -0.19760816 0.59200442
v -0.29024711 -0.19440595 0.58955509
v -0.27325083 -0.19277247 0.58590199
v -0.27788665 -0.19336846 0.58097360
v -0.28035486 -0.19300665 0.58594640
v -0.27632100 -0.19224722 0.59044497
v -0.33379235 -0.10557448 0.61255830
v -0.36310088 -0.07891064 0.61000401
v -0.37583686 -0.10742768 0.59932902
v -0.35016221 -0.12919858 0.60430945
v -0.28635474 -0.20004925 0.53801877
v -0.28602098 -0.18974856 0.53987735
v -0.27932860 -0.19098057 0.56151109
v -0.28212504 -0.19564908 0.56010136
v -0.28317663 -0.21849739 0.53834691
v -0.28000241 -0.20452336 0.55969193
v -0.29482190 -0.20451785 0.52162871
v -0.29234447 -0.18700237 0.52473508
v -0.35682935 -0.24683977 0.56588630
v -0.33367118 -0.23070986 0.57537310
v -0.34127654 -0.21121392 0.58208427
v -0.36474228 -0.21776152 0.57249257
v -0.31146125 -0.02644534 0.62191490
v -0.33911623 -0.05134146 0.61912541
v -0.31614018 -0.07838565 0.61714839
v -0.29074778 -0.04805296 0.61912407
v -0.26603899 -0.01850153 0.62118755
v -0.28393559 0.00008867 0.62180210
v -0.25736885 0.02883228 0.64609075
v -0.26174601 0.00381027 0.65248828
v -0.26285936 -0.00627574 0.67388425
v -0.26414237 0.01131715 0.66738507
v -0.24859682 -0.03159937 0.66300099
v -0.26157449 -0.01125599 0.64308856
v -0.22009549 -0.03867577 0.66573340
v -0.21914755 -0.03568855 0.67210043
v -0.24563962 -0.03212303 0.65199097
v -0.24585317 -0.03536872 0.63871349
v -0.22249297 -0.04141390 0.65832170
v -0.21400448 -0.03063102 0.67564446
v -0.23396866 -0.03004692 0.67609362
v -0.24866620 -0.02052897 0.68844164
v -0.17141492 -0.02557636 0.72932845
v -0.18251596 -0.01931228 0.74093065
v -0.20633231 0.17725405 0.66060865
v -0.22611438 0.15590000 0.64296994
v -0.20810646 0.15883119 0.67107047
v -0.22696608 0.14002840 0.65354919
v -0.24420341 -0.00810169 0.71184319
v -0.25719938 0.00858806 0.70343234
v -0.22800578 0.00008391 0.73380528
v -0.23756720 0.01941698 0.73347560
v -0.17771561 0.27649069 0.66896462
v -0.15821254 -0.04478900 0.70535969
v -0.16096708 -0.04728211 0.70339064
v -0.15644331 -0.03853606 0.71573235
v -0.22347984 0.77617470 -0.50209191
v -0.23584948 0.85773005 -0.42730168
v -0.24652458 0.94001809 -0.27128822
v -0.23876534 0.96453205 -0.19040356
v -0.17470321 -0.14433740 0.70810887
v -0.17382179 -0.12711846 0.70567712
v -0.20951536 -0.14453257 0.61706341
v -0.17370681 -0.14298741 0.62891197
v -0.17190638 -0.16858023 0.64435075
v -0.20457603 -0.16927471 0.63224198
v -0.23083235 -0.17034725 0.61532113
v -0.23768423 -0.14558506 0.60166530
v -0.21462393 -0.11967178 0.60746023
v -0.17751299 -0.11798503 0.62052596
v -0.20557889 -0.18551504 0.65543068
v -0.17360404 -0.18433000 0.67154198
v -0.17505526 -0.17380729 0.68866928
v -0.20829438 -0.17777235 0.66949253
v -0.26379050 -0.05935836 0.63338751
v -0.23681607 -0.05706807 0.64853931
v -0.20922904 -0.05813482 0.66986289
v -0.18923116 -0.05912008 0.68961369
v -0.18547460 -0.04752575 0.69188034
v -0.20170883 -0.04439048 0.67572965
v -0.18234866 -0.04358600 0.69304592
v -0.19862577 -0.04088514 0.67919881
v -0.19693146 -0.03800533 0.68184760
v -0.20040688 -0.03125627 0.68123478
v -0.18726642 -0.03155380 0.68983786
v -0.19083779 -0.02524214 0.68746724
v -0.18071312 -0.04039531 0.69426714
v -0.17944001 0.11956555 0.74246253
v -0.17864716 0.14317785 0.72874738
v -0.20444879 -0.11804370 0.69163700
v -0.17388971 -0.11369478 0.70161432
v -0.17109975 -0.08935417 0.69835856
v -0.19902764 -0.09136425 0.68768875
v -0.22828842 -0.09745238 0.66982097
v -0.23622277 -0.12984711 0.67344684
v -0.16357201 -0.05091181 0.70148237
v -0.20582097 -0.13190244 0.69491784
v -0.20631865 -0.14896998 0.69427708
v -0.23771400 -0.14490270 0.67449475
v -0.23724526 -0.15979644 0.67160613
v -0.26530869 -0.14652182 0.65073443
v -0.26232847 -0.11039327 0.65038438
v -0.29857880 -0.12452831 0.62955319
v -0.28951748 -0.16404198 0.62636800
v -0.34011470 -0.19163060 0.59148858
v -0.30872087 -0.19996788 0.58740678
v -0.30852390 -0.19167016 0.59307957
v -0.30622703 -0.18395650 0.60120576
v -0.33781726 -0.17079351 0.60152793
v -0.36267940 -0.18819268 0.58245050
v -0.35974253 -0.15767403 0.59294901
v -0.32607857 -0.14822955 0.61381841
v -0.30163366 -0.17539369 0.61104454
v -0.29790279 -0.19170625 0.59358941
v -0.29084526 -0.19194747 0.59205348
v -0.29537577 -0.18651955 0.59969261
v -0.28844541 -0.18964816 0.59745443
v -0.29117375 -0.18172264 0.60790669
v -0.28434496 -0.18673310 0.60390841
v -0.27731676 -0.18314837 0.61510055
v -0.28333667 -0.17533153 0.62138226
v -0.27344857 -0.19210392 0.58714587
v -0.26643496 -0.19043304 0.59501621
v -0.26745040 -0.19193937 0.60300362
v -0.27451024 -0.19272998 0.59391209
v -0.27796860 -0.19310886 0.58202490
v -0.27850747 -0.19266670 0.58913111
v -0.27528530 -0.18546645 0.56885453
v -0.26726300 -0.17860510 0.58129773
v -0.28107483 -0.19404166 0.57797165
v -0.28242231 -0.19294896 0.58383214
v -0.28383124 -0.19262016 0.59091223
v -0.28271248 -0.19196438 0.59381694
v -0.27867007 -0.19111719 0.59941857
v -0.27170122 -0.18946433 0.60873542
v -0.23461113 -0.17221798 0.66278086
v -0.25853265 -0.17172767 0.64579614
v -0.25452388 -0.18196779 0.63619827
v -0.23132396 -0.18397023 0.64955148
v -0.25024386 -0.18793045 0.62585691
v -0.24455457 -0.12190594 0.59542870
v -0.22725939 -0.18634284 0.63725131
v -0.26011999 -0.15198442 0.58353973
v -0.26677807 -0.13363745 0.57167949
v -0.25143622 -0.17293324 0.59663786
v -0.28245449 -0.17815641 0.54679007
v -0.27341744 -0.16463520 0.56476540
v -0.29064669 -0.17337392 0.53183549
v -0.28084572 -0.15060718 0.55329924
v -0.24848584 -0.18850266 0.61344652
v -0.26266354 -0.16029615 0.64998010
v -0.20694714 -0.16390916 0.68435664
v -0.17467835 -0.15934054 0.70069830
v -0.18490792 0.06684479 0.77506798
v -0.18260680 0.09536999 0.75781086
v -0.28017848 -0.19404899 0.59324662
v -0.12279124 -0.65565081 0.22508663
v -0.30239222 -0.20711510 0.58443737
v -0.27637215 -0.23367977 0.53756404
v -0.27397950 -0.21194340 0.56119418
v -0.33606623 -0.27398777 0.56464119
v -0.30339137 -0.29480755 0.58082780
v -0.29186278 -0.26879639 0.59174370
v -0.31881995 -0.25076111 0.57596600
v -0.27613457 -0.23011470 0.60754386
v -0.29190778 -0.21780685 0.59144784
v -0.28344767 -0.20904181 0.59798952
v -0.26979591 -0.21676966 0.61502015
v -0.26290269 -0.20612372 0.61904700
v -0.27704923 -0.20122154 0.60134616
v -0.24854308 -0.19343353 0.61478649
v -0.22143198 -0.19194772 0.63570096
v -0.21226907 -0.21471084 0.60270283
v -0.24047865 -0.21578203 0.58716478
v -0.26360990 -0.21424936 0.56970341
v -0.26720969 -0.19333237 0.59310215
v -0.25449363 -0.19077248 0.61942916
v -0.27071234 -0.19147239 0.59849865
v -0.22614656 -0.18995961 0.64271381
v -0.19597003 -0.63967662 0.19982992
v -0.27394780 -0.19475958 0.60190660
v -0.25825739 -0.19492115 0.62052567
v -0.23226094 -0.19525326 0.64692657
v -0.23861225 -0.20980526 0.64758707
v -0.24504980 -0.22542604 0.64588199
v -0.24880376 -0.24190183 0.63650420
v -0.25887107 -0.28612638 0.61304995
v -0.26594938 -0.31648225 0.60606961
v -0.21700496 -0.29575244 0.63230188
v -0.22106414 -0.32644758 0.63199926
v -0.21565426 -0.25075745 0.66352454
v -0.21435917 -0.23026974 0.67472942
v -0.20976071 -0.21254168 0.67551660
v -0.20460708 -0.19699068 0.67009079
v -0.16746112 -0.06010258 0.69959035
v -0.17776306 -0.03070347 0.69821649
v -0.17091269 -0.02913962 0.71317775
v -0.19828060 -0.01078894 0.74582720
v -0.15692381 -0.03482632 0.73081209
v -0.21672405 0.00043012 0.74316579
v -0.20561158 -0.00319442 0.75236082
v -0.21132208 0.00799633 0.75775121
v -0.21994623 0.01188268 0.75087609
v -0.19564132 -0.00728033 0.76129829
v -0.20498012 0.00675352 0.76457415
v -0.16984793 -0.01535688 0.77640676
v -0.17815250 0.00651426 0.79028984
v -0.18489220 0.04321124 0.78667811
v -0.18146643 0.02165242 0.79214353
v -0.21332115 0.01835861 0.76092183
v -0.22068560 0.03109149 0.75319755
v -0.22368246 0.04998455 0.73968994
v -0.24013791 0.03828314 0.71893310
v -0.19954171 0.96867306 0.09706369
v -0.19893940 -0.18968449 0.66456166
v -0.19410339 -0.19221557 0.65200171
v -0.20456759 -0.27785772 0.55820735
v -0.20691052 -0.25048868 0.57417553
v -0.17987268 -0.25145584 0.58371338
v -0.17789407 -0.27999099 0.56782016
v -0.16632626 -0.19192241 0.66027546
v -0.16038667 -0.21608867 0.62317139
v -0.18569387 -0.21503013 0.61473377
v -0.16931208 -0.18978846 0.67530931
v -0.17288558 -0.19793774 0.68286934
v -0.17720456 -0.21393427 0.69056895
v -0.15458514 -0.25407581 0.59041643
v -0.15384044 -0.28093864 0.57427285
v -0.26486533 -0.24405258 0.54457985
v -0.26734881 -0.26702676 0.53058701
v -0.23737856 -0.24901136 0.55984472
v -0.23765312 -0.27640271 0.54493412
v -0.17720896 -0.32435743 0.65090039
v -0.17582034 -0.29465612 0.64498432
v -0.17950793 -0.23404050 0.69055053
v -0.17985166 -0.25653063 0.67876256
v -0.24290899 0.90585164 -0.35198379
v -0.55359692 0.60312015 0.30686892
v -0.54633465 0.55768278 0.35593762
v -0.50313251 0.60389479 0.40501173
v -0.51344837 0.64144715 0.35971809
v -0.55331566 0.65382574 0.25597350
v -0.51368370 0.68529086 0.31136660
v -0.37143792 0.91705424 -0.04376027
v -0.37984700 0.90203003 0.04738103
v -0.26788587 0.95018938 0.08346381
v -0.33872265 0.93655192 -0.13152836
v -0.40813084 0.88032619 -0.19549943
v -0.42766494 0.87989090 -0.07128730
v -0.43173177 0.86655841 0.02518659
v -0.18293646 -0.35650855 -0.40245139
v -0.40362744 0.42688157 -0.50565169
v -0.42974217 0.85297951 0.11339141
v -0.38268756 0.88461939 0.13588044
v -0.38694423 0.86114179 0.21530127
v -0.42898993 0.83532782 0.18873514
v -0.27526078 0.93190940 0.17676235
v -0.20749335 0.94816891 0.19477911
v -0.18475307 0.19678829 -0.59962942
v -0.17762495 0.16618464 0.71546217
v -0.36783142 -0.17486075 -0.26208116
v -0.43824533 -0.18627166 -0.14591837
v -0.41278104 -0.51437475 -0.05987893
v -0.54753036 -0.06358557 -0.00650860
v -0.54582442 -0.06137486 -0.01227063
v -0.45503387 -0.29758383 -0.04062986
v -0.47661414 -0.20698178 -0.03381717
v -0.30249675 -0.15680673 -0.33778768
v -0.60227793 0.00704474 -0.08046726
v -0.60712936 0.03244937 -0.08848238
v -0.60941475 0.00014832 -0.08061404
v -0.61550111 0.02668733 -0.08889544
v -0.61824204 0.05469861 -0.09258408
v -0.61145896 -0.01110296 -0.07755688
v -0.61368239 0.24460893 -0.01321954
v -0.61936461 0.25477769 -0.00881489
v -0.54533043 -0.07247029 0.02049765
v -0.54363205 -0.06794378 0.01025369
v -0.54074732 -0.06980980 0.01586565
v -0.54020689 -0.07318985 0.02373912
v -0.54433194 -0.07757436 0.02929574
v -0.53953427 -0.07647759 0.03005608
v -0.62884692 0.35198366 0.03635239
v -0.52614904 -0.06771189 0.00466814
v -0.53950449 -0.06004866 -0.00932017
v -0.54093508 -0.06462816 0.00144071
v -0.53662229 -0.06846671 0.01028228
v -0.53327757 -0.07364457 0.02202095
v -0.53498420 -0.07971044 0.03277875
v -0.54136341 -0.08343979 0.03445033
v -0.61075986 -0.01583192 -0.08021180
v -0.57103171 -0.07899300 -0.00017057
v -0.61733609 0.18943546 -0.04942745
v -0.61428885 0.17792377 -0.05710588
v -0.62630182 0.18872772 -0.07089564
v -0.62841844 0.20318205 -0.06352970
v -0.44583962 0.07536061 -0.33559843
v -0.45741655 0.14621914 -0.36905836
v -0.10429221 -0.34126819 -0.42977860
v -0.11723503 -0.27587079 -0.41562630
v -0.57229345 0.34381758 -0.26461405
v -0.61765339 0.20053939 -0.04104499
v -0.62925989 0.21581226 -0.05553635
v -0.61034999 0.06059227 -0.09148474
v -0.60993015 0.19745623 -0.03558965
v -0.60901455 0.18717389 -0.04501985
v -0.63267655 0.22843611 -0.07029374
v -0.63167784 0.21356129 -0.08036157
v -0.63065638 0.19670817 -0.08905934
v -0.60719348 0.17595287 -0.05468000
v -0.60080838 0.23739170 -0.04630709
v -0.62581264 0.53340469 -0.10883945
v -0.60298109 0.49884882 -0.19761738
v -0.59415189 0.64253702 -0.12620761
v -0.57166068 0.61483017 -0.22120675
v -0.52601921 0.58201226 -0.32091867
v -0.55631489 0.45938898 -0.30049814
v -0.60866428 0.24289037 -0.01687200
v -0.62484642 0.25906456 -0.01565200
v -0.54913064 0.69462589 0.20639266
v -0.57905996 0.66327956 0.15686202
v -0.50910006 0.72271864 0.26584794
v -0.50061294 0.75510170 0.22304226
v -0.53515239 0.73156221 0.16235028
v -0.57592317 0.69049599 0.08127657
v -0.64163640 0.47012286 -0.01516340
v -0.63064943 0.56540182 -0.01901519
v -0.62250373 0.58832890 0.06747758
v -0.59430733 0.66877022 -0.02937276
v -0.53966595 0.75055217 0.04360178
v -0.55589726 0.73565126 -0.05125964
v -0.49286736 0.81065780 0.02305816
v -0.50112118 0.80797525 -0.06985814
v -0.49155161 0.80228249 -0.17172869
v -0.55671350 0.71722340 -0.14636452
v -0.51482862 0.76605443 0.12401181
v -0.48322869 0.78435752 0.18895264
v -0.47876621 0.80914663 0.10455216
v -0.46423150 0.81088905 0.16128217
v -0.61340727 0.59835730 0.11338404
v -0.52011849 -0.10903427 0.02089229
v -0.52796328 -0.11436304 0.05375285
v -0.56094048 -0.04083601 0.10427832
v -0.58379876 0.10195989 0.32134672
v -0.58760869 0.18953446 0.30914624
v -0.59936916 0.13948877 0.24060856
v -0.59128855 0.04848311 0.26043483
v -0.58564290 0.28317785 0.30312906
v -0.60027299 0.23631392 0.23463995
v -0.60390089 0.33011634 0.22461596
v -0.58656400 0.37691108 0.30365425
v -0.45920932 0.55448801 -0.41822630
v -0.47509989 0.44575557 -0.41523507
v -0.48061397 0.36386492 -0.40649542
v -0.46675704 0.47592641 0.51852593
v -0.21932741 0.71479855 -0.54541359
v -0.45688144 0.63055272 0.45647278
v -0.41808764 0.69576488 -0.41823244
v -0.34239395 0.74295313 -0.46055313
v -0.53488036 0.69113811 -0.23912216
v -0.49930376 0.66240619 -0.32321955
v -0.44092144 0.62803393 -0.41819846
v -0.47425316 0.26000603 -0.39699192
v -0.44073962 0.81134367 0.23764533
v -0.51314493 0.25128325 0.46270224
v -0.50667482 0.22208323 0.45545094
v -0.51660372 0.28258637 0.47390588
v -0.49517998 0.19166039 0.46413749
v -0.24885538 0.13543027 0.62840999
v -0.24662317 0.12129791 0.63836779
v -0.24453593 0.10666935 0.64773261
v -0.26978538 0.10384183 0.62408592
v -0.26566775 0.08490622 0.63246346
v -0.22657940 0.10267023 0.67482557
v -0.22702993 0.12193378 0.66426582
v -0.24277088 0.08761585 0.65570547
v -0.24232479 0.06801118 0.66158853
v -0.22852070 0.08456137 0.68572456
v -0.25943189 -0.00861620 0.62743426
v -0.26777883 0.02207146 0.62492114
v -0.25490502 0.04709589 0.63852071
v -0.28917844 0.06845496 0.62353168
v -0.27999514 0.04760320 0.62675344
v -0.25947358 0.06754710 0.63656251
v -0.29676299 0.08867939 0.61424366
v -0.24973030 0.04722568 0.67430095
v -0.25772027 0.02421450 0.69146288
v -0.23336922 0.06205428 0.70086594
v -0.22101413 0.07279149 0.72161856
v -0.21577963 0.09647004 0.70584267
v -0.27324733 0.11883552 0.61475773
v -0.30158850 0.10541574 0.60452828
v -0.30432842 0.02653893 0.62555824
v -0.33396467 0.00469564 0.62473717
v -0.31770881 0.05441026 0.61968883
v -0.34786913 0.03735539 0.61718618
v -0.32550751 0.07636682 0.60898649
v -0.35585960 0.06187478 0.60546167
v -0.36124049 -0.02068178 0.62000483
v -0.38487457 -0.04674176 0.60921427
v -0.40447690 -0.08161618 0.59243986
v -0.40583870 -0.01220542 0.60205282
v -0.42959424 -0.04794572 0.58436101
v -0.41863706 0.02205902 0.59106590
v -0.44805769 -0.01154967 0.57314639
v -0.37856314 0.01555426 0.61196869
v -0.38928009 0.04345748 0.60008380
v -0.36063083 0.08442684 0.59164139
v -0.33117093 0.09553831 0.59682660
v -0.42095512 0.09192019 0.56622014
v -0.42263372 0.05714172 0.57799094
v -0.39232124 0.07190709 0.58584374
v -0.39251238 0.09977749 0.57351130
v -0.45638982 0.03283006 0.56078019
v -0.45227209 0.08164782 0.55332443
v -0.44412903 0.11238522 0.54486435
v -0.35015414 0.15323341 0.57664618
v -0.31877570 0.15745268 0.58248439
v -0.37439328 0.15110100 0.56964260
v -0.41614364 0.11679879 0.55712741
v -0.39283624 0.12051624 0.56546890
v -0.46757405 0.15945961 0.50302205
v -0.45245868 0.15355948 0.51874913
v -0.41529357 0.14964886 0.54824765
v -0.39639509 0.14989394 0.55964866
v -0.43428211 0.15080651 0.53453117
v -0.28926132 0.16837868 0.58561793
v -0.26171371 0.18297129 0.58892706
v -0.42386223 -0.26984420 -0.13747071
v -0.21057507 0.11675876 0.69385415
v -0.20903722 0.13798523 0.68194966
v -0.24769868 0.29405011 0.62044262
v -0.23265128 0.27583595 0.61174685
v -0.19695857 0.27664626 0.65356559
v -0.27717331 0.31853829 0.63523272
v -0.23939256 0.20171179 0.59461830
v -0.23069962 0.21646448 0.59710633
v -0.22363552 0.23656351 0.60084371
v -0.22472202 0.25556764 0.60599343
v -0.35582822 0.40350169 0.63402583
v -0.33988545 0.36302813 0.65330673
v -0.52787805 0.51170673 0.41465562
v -0.55257027 0.45753404 0.38643688
v -0.48402166 0.38037916 0.53149239
v -0.50422230 0.35282164 0.50893821
v -0.51632550 0.31837930 0.48902315
v -0.56582913 0.38343255 0.36303444
v -0.56839822 0.30264195 0.35332260
v -0.57185587 0.22226625 0.35447274
v -0.46602200 0.71346916 0.37065751
v -0.46114147 0.75046451 0.32730020
v -0.46441907 0.67191716 0.41395491
v -0.39401370 0.83663873 0.27717399
v -0.40108740 0.80776338 0.33154897
v -0.45266170 0.78304716 0.28312469
v -0.40907202 0.77393649 0.37831707
v -0.41433443 0.73595859 0.42099024
v -0.41223104 0.69377695 0.46422716
v -0.40718870 0.65043569 0.50507499
v -0.39787439 0.59483552 0.54756069
v -0.35028869 -0.24309567 -0.24959782
v -0.19776295 0.04168864 0.66843212
v -0.19410304 0.04282887 0.67330608
v -0.19142994 0.03866184 0.66586980
v -0.18775758 0.04039318 0.67058795
v -0.18680845 0.03146447 0.66785858
v -0.19202879 -0.01376959 0.68460977
v -0.18467637 -0.00203348 0.67808910
v -0.18331144 0.01916673 0.67046078
v -0.54795495 -0.08315890 0.09076738
v -0.39826308 -0.47877542 -0.14659342
v -0.36475356 -0.44744221 -0.22232826
v 0.31681932 -0.40858352 -0.11435630
v 0.29099513 -0.38409436 -0.19826698
v 0.09949151 -0.63386930 0.19174730
v 0.17861040 -0.59956331 0.16357295
v 0.18581603 -0.63930229 0.14770970
v 0.10607373 -0.66938624 0.17522311
v 0.36274538 -0.48637073 -0.16080324
v 0.33092838 -0.45147688 -0.13033910
v 0.31461231 -0.42375251 -0.22458731
v 0.35367975 -0.45691088 -0.26640111
v 0.27706351 -0.40799036 -0.31138711
v 0.31572441 -0.44316319 -0.36405233
v 0.25380739 -0.44159133 -0.44603047
v 0.21758033 -0.40070446 -0.38082355
v 0.14515794 -0.39436094 -0.43935041
v 0.17569151 -0.44576710 -0.50405009
v 0.25033708 -0.55904911 0.11330429
v 0.30607141 -0.51816412 0.04710040
v 0.32371153 -0.56461566 0.02863925
v 0.26098614 -0.60421903 0.09834354
v 0.33311598 -0.48472845 -0.03442223
v 0.35210435 -0.52624181 -0.05991543
v 0.08462432 -0.44837569 -0.53570814
v 0.06311383 -0.39020893 -0.46536167
v 0.12779590 -0.76639311 0.14967125
v 0.04500960 -0.79348169 0.15415039
v 0.03682145 -0.73841070 0.16983535
v 0.11572627 -0.71618553 0.15891729
v 0.34074554 -0.75241795 0.06048882
v 0.43767778 -0.70283741 -0.01791446
v 0.48034659 -0.75128645 0.00402290
v 0.37100965 -0.80563093 0.08057706
v 0.62246452 -0.71739766 -0.06327738
v 0.68935791 -0.63451731 -0.20076903
v 0.23327786 -0.79225341 0.11452158
v 0.25123174 -0.84668578 0.14152117
v 0.00427461 -0.51502837 -0.61382361
v -0.00880652 -0.45393930 -0.53672955
v 0.62537619 -0.61173662 -0.22849468
v 0.62916090 -0.57942333 -0.39011380
v 0.71073552 -0.60249327 -0.37084543
v 0.39572180 -0.71972254 -0.70632920
v 0.40390213 -0.76119157 -0.72966325
v 0.49589634 -0.72619707 -0.69747802
v 0.46391058 -0.68861610 -0.67336202
v 0.48893991 -0.51388837 -0.36441834
v 0.42476613 -0.51947589 -0.48114579
v 0.48416473 -0.55899676 -0.51447441
v 0.55843192 -0.54822436 -0.38979064
v 0.27098689 -0.62877711 -0.66432635
v 0.38096764 -0.59138837 -0.60182983
v 0.33427607 -0.54676509 -0.57039157
v 0.23435711 -0.56647275 -0.62799576
v 0.56207348 -0.58418935 -0.23520684
v 0.48953197 -0.55489662 -0.22161631
v 0.51061204 -0.64556866 -0.11622742
v 0.45095573 -0.60546277 -0.10743707
v 0.39367196 -0.65010421 -0.00719787
v 0.36942781 -0.47789034 -0.42537254
v 0.29525007 -0.49131390 -0.51157160
v 0.20315203 -0.50495842 -0.57073060
v 0.10411302 -0.51142726 -0.60302168
v 0.04578110 -0.82379711 -0.76905191
v 0.03773510 -0.74723942 -0.74630430
v 0.14931956 -0.64938985 -0.69489814
v 0.12746084 -0.58196975 -0.65982501
v 0.56545553 -0.68069801 -0.10157270
v 0.39291655 -0.56440085 -0.08629278
v 0.34940278 -0.61001094 0.00840400
v 0.40641353 -0.85986271 0.14383205
v 0.53074443 -0.80344709 0.05592513
v 0.27658378 -0.90643959 0.20605892
v 0.15850529 -0.94338965 0.23657539
v 0.17148497 -0.73060785 -0.72689375
v 0.17320222 -0.80584075 -0.75200606
v 0.29825082 -0.78305209 -0.73809904
v 0.31299239 -0.70317258 -0.70187144
v 0.31073335 -0.69705580 0.07142970
v 0.21823916 -0.73491700 0.11915596
v 0.13535734 -0.82231616 0.14987809
v 0.41103951 -0.48566745 -0.31515555
v 0.41739394 -0.51812761 -0.19325155
v 0.28132944 -0.65362796 0.08060250
v 0.20174912 -0.68969770 0.12969474
v 0.03043106 -0.69398793 0.18802931
v 0.14487119 -0.88150942 0.17845131
v 0.65144423 -0.62974321 -0.52616022
v 0.57926192 -0.67995728 -0.63188279
v 0.53144228 -0.66110596 -0.62893887
v 0.02552591 -0.66332641 -0.71181990
v -0.03501903 -0.75122211 0.17185535
v -0.02888889 -0.80070531 0.15280029
v -0.04133315 -0.70694620 0.19588285
v 0.55142144 -0.60661034 -0.55038491
v 0.42795543 -0.64410114 -0.64195142
v -0.04483219 -0.67628943 0.21552615
v -0.01856457 -0.39683025 -0.47025681
v -0.02249282 -0.86003966 0.14264958
v -0.01882201 -0.92844391 0.16950126
v -0.01758728 -0.99975079 0.23111476
v 0.02385842 -0.66144280 0.20726769
v 0.05797505 -0.91312127 0.17733560
v 0.05068938 -0.85038561 0.14965366
v 0.06582819 -0.97968425 0.23603213
v 0.01506589 -0.58768371 -0.67426099
v -0.18981448 -0.66414869 0.18368470
v -0.26675248 -0.64203053 0.14529354
v -0.26655232 -0.68079769 0.12991855
v -0.18888672 -0.69748001 0.16809801
v -0.41996107 -0.55453525 -0.20449291
v -0.40083655 -0.52192272 -0.16800852
v -0.37109301 -0.48985600 -0.25365186
v -0.39675740 -0.52021228 -0.30533238
v -0.32161259 -0.46041069 -0.33260594
v -0.34795001 -0.49495489 -0.39618665
v -0.27513026 -0.48039655 -0.47029472
v -0.25803241 -0.43614711 -0.39633539
v -0.17955992 -0.41522953 -0.45008475
v -0.19011932 -0.47037605 -0.52012228
v -0.33882316 -0.61688944 0.08619700
v -0.38996259 -0.58786942 0.01071917
v -0.39439626 -0.62976395 -0.01064840
v -0.33989594 -0.65950635 0.07091751
v -0.41044925 -0.55923025 -0.07539049
v -0.41933875 -0.59544916 -0.10487334
v -0.09824892 -0.46185712 -0.54267723
v -0.09794348 -0.40329160 -0.46617761
v -0.18662806 -0.78942627 0.14126975
v -0.10224071 -0.80248223 0.15123125
v -0.10727604 -0.75038914 0.16941345
v -0.18764197 -0.74072447 0.15280917
v -0.37836220 -0.80806621 0.00985542
v -0.46952435 -0.76755426 -0.08386008
v -0.50557698 -0.82176750 -0.06598177
v -0.40358373 -0.85984925 0.03187512
v -0.64217514 -0.80746757 -0.15387988
v -0.70128448 -0.73101048 -0.30129085
v -0.27800868 -0.83070578 0.08731842
v -0.29068158 -0.88712429 0.10860527
v -0.63795206 -0.69736552 -0.31855194
v -0.62491605 -0.66310171 -0.47933354
v -0.70415146 -0.69753738 -0.47225723
v -0.32535979 -0.76442565 -0.75944834
v -0.32213514 -0.80624767 -0.78308363
v -0.42518550 -0.78336586 -0.76511451
v -0.40269643 -0.74345752 -0.73650942
v -0.50317312 -0.58166300 -0.43171812
v -0.42042729 -0.58199428 -0.53836096
v -0.46803524 -0.62257711 -0.58184280
v -0.56031952 -0.62384390 -0.46846390
v -0.22470331 -0.65986420 -0.70070200
v -0.34974894 -0.63789157 -0.65333696
v -0.31638456 -0.58744825 -0.61254130
v -0.20731687 -0.59561691 -0.66079971
v -0.58030144 -0.66329724 -0.31631127
v -0.52050929 -0.62706025 -0.29264665
v -0.53638259 -0.72042755 -0.19101430
v -0.48935447 -0.67452118 -0.17354005
v -0.43909975 -0.71202702 -0.06795098
v -0.38189443 -0.53560616 -0.46959666
v -0.29498742 -0.53351265 -0.54481061
v -0.19552436 -0.53424320 -0.59485420
v -0.09303460 -0.52887787 -0.62001359
v -0.09875733 -0.67017098 -0.71435897
v -0.09974753 -0.58658849 -0.66987559
v -0.58539451 -0.76142725 -0.18458402
v -0.45488609 -0.62746029 -0.13766827
v -0.41342716 -0.66878125 -0.03778221
v -0.44159125 -0.92097004 0.09158594
v -0.55740514 -0.88269580 -0.01808001
v -0.31454830 -0.95122212 0.16627514
v -0.19852487 -0.97340469 0.21379529
v -0.09723142 -0.74728198 -0.74734024
v -0.08359106 -0.82350642 -0.77065586
v -0.21611001 -0.81279038 -0.77695929
v -0.24821739 -0.73731654 -0.74403140
v -0.36157951 -0.74776075 0.02501562
v -0.27472501 -0.77287713 0.09605210
v -0.18356602 -0.84504233 0.13592469
v -0.44181228 -0.55089471 -0.36600556
v -0.46171741 -0.58611902 -0.24839745
v -0.34881106 -0.70392287 0.04903541
v -0.27085494 -0.72648305 0.11233043
v -0.11234043 -0.70881989 0.18770952
v -0.18641039 -0.90697294 0.15862526
v -0.62215696 -0.71176934 -0.61886166
v -0.52680799 -0.74956777 -0.71283562
v -0.48117017 -0.72621084 -0.70226058
v -0.52154822 -0.67640642 -0.62767148
v -0.38009075 -0.69567486 -0.70079002
v -0.11724112 -0.67747045 0.20589633
v -0.09748947 -0.92645989 0.16709521
v -0.09721353 -0.86094474 0.14282399
v -0.10333809 -0.99617092 0.22455179
v -0.19354125 0.03164411 0.66232101
v -0.56150454 -0.11044420 0.21865842
v -0.54641271 -0.15712424 0.17029389
v -0.52695116 -0.22519894 0.20728169
v -0.54417009 -0.17638389 0.25551606
v -0.49258375 -0.29471905 0.25472646
v -0.52136178 -0.23503630 0.29806706
v -0.45555595 -0.34764815 0.30667769
v -0.49295356 -0.28624260 0.33957580
v -0.42374305 -0.37697080 0.36243498
v -0.46258830 -0.32087748 0.38625227
v -0.33276756 -0.40182201 0.49751578
v -0.31699140 -0.43087558 0.46658560
v -0.27419922 -0.44762641 0.51721436
v -0.28273206 -0.42566696 0.54970877
v -0.23041544 -0.46265385 0.56392075
v -0.23772237 -0.44000597 0.59585235
v -0.17919701 -0.46561858 0.59325078
v -0.18317601 -0.44402270 0.62679856
v -0.11691317 -0.46180553 0.60956026
v -0.12134736 -0.43754956 0.64075861
v -0.12563661 -0.38178497 0.66752364
v -0.18235216 -0.38750914 0.65586938
v -0.18395808 -0.41775295 0.64551487
v -0.12386771 -0.41473779 0.65641893
v -0.23252870 -0.38487359 0.62890665
v -0.23806507 -0.41597337 0.61466486
v -0.27817544 -0.37141373 0.59139376
v -0.28323585 -0.40234571 0.57317060
v -0.32498697 -0.34908038 0.54912853
v -0.33179854 -0.37801057 0.52514253
v -0.36843341 -0.32007065 0.52677686
v -0.38676820 -0.33837004 0.49572559
v -0.16663445 -0.48035705 0.54605095
v -0.11146921 -0.47724669 0.56581270
v -0.21483947 -0.47691203 0.52086591
v -0.25911508 -0.46522691 0.48163379
v -0.29691424 -0.45425189 0.43587934
v -0.38097446 -0.39889696 0.41724660
v -0.33588135 -0.44043012 0.38464402
v -0.38451148 -0.41358391 0.33742486
v -0.41814943 -0.38900336 0.27669044
v -0.46200166 -0.33653439 0.21657035
v -0.50375469 -0.26384059 0.16236751
v -0.52960902 -0.18288829 0.12258247
v -0.55625824 -0.10291548 0.14081451
v -0.22508606 -0.35666183 0.63401057
v -0.17994150 -0.35578854 0.65693088
v -0.27221817 -0.34329288 0.60044509
v -0.31475696 -0.32073116 0.56682618
v -0.35214323 -0.29799226 0.54936802
v -0.39093537 -0.22306964 0.55668332
v -0.37913077 -0.26310614 0.55009476
v -0.38722810 -0.14310482 0.58298572
v -0.38953226 -0.18274418 0.56890355
v -0.44457080 -0.09738992 0.55828362
v -0.45065895 -0.15505319 0.52956436
v -0.42024295 -0.17427041 0.54973584
v -0.41629034 -0.12360730 0.57122862
v -0.47051085 -0.05832214 0.54476177
v -0.48026082 -0.12607215 0.50840669
v -0.15604026 -0.49362000 0.50634053
v -0.10382510 -0.49402087 0.51590306
v -0.19996350 -0.49154669 0.48356814
v -0.23690110 -0.48830915 0.44566774
v -0.26297082 -0.48502953 0.40154288
v -0.29185417 -0.47712620 0.35219068
v -0.32591077 -0.46311139 0.30004425
v -0.37155840 -0.43578398 0.24458542
v -0.43151671 -0.38071054 0.17746762
v -0.48215231 -0.29459836 0.12121482
v -0.50922076 -0.20917068 0.08019993
v -0.22929478 -0.52658117 0.31821607
v -0.20561975 -0.52200628 0.35993109
v -0.18497569 -0.51981627 0.39644633
v -0.16725201 -0.51730467 0.42870301
v -0.13298446 -0.52224256 0.42426715
v -0.08799860 -0.52573368 0.42012633
v -0.12153765 -0.53870899 0.37121864
v -0.07860940 -0.53950075 0.37489448
v -0.13476117 -0.55218577 0.33807738
v -0.07327911 -0.55131039 0.34590497
v -0.14590099 -0.56761097 0.31212520
v -0.06832586 -0.57375645 0.31661567
v -0.39930463 -0.27872924 0.52428236
v -0.42667965 -0.28244658 0.49193926
v -0.44616827 -0.21814744 0.50500555
v -0.47848895 -0.19878753 0.47551849
v -0.45924389 -0.27588283 0.45305557
v -0.41721061 -0.22794822 0.53234443
v -0.49387690 -0.24920085 0.41001629
v -0.50820959 -0.16652838 0.44364297
v -0.50702756 -0.08656152 0.48588398
v -0.52824950 -0.13433562 0.41173989
v -0.51961784 -0.20971028 0.36995312
v -0.52883605 -0.05729249 0.45719989
v -0.54500379 -0.02979780 0.42954609
v -0.54372179 -0.09767354 0.38033398
v -0.53575349 -0.16868747 0.33800538
v -0.41330154 -0.35355719 0.44225320
v -0.55068698 -0.12062634 0.30015495
v -0.55772906 -0.00249083 0.39965767
v -0.55436127 -0.06419541 0.35093324
v -0.57122331 0.03547886 0.36269587
v -0.57087283 -0.01715944 0.31061870
v -0.56662440 -0.07081830 0.25996323
v -0.57369694 -0.05128171 0.16908668
v -0.12675551 -0.35064352 0.66838735
v -0.50735181 -0.09594913 -0.00327272
v -0.28567468 -0.09527326 0.63305180
v -0.25104323 -0.08272236 0.65024056
v -0.21858878 -0.07778662 0.66966469
v -0.19346678 -0.07517045 0.68804696
v -0.16854690 -0.07489324 0.69848673
v -0.05650757 -0.62946460 0.26131824
v -0.15625307 0.36445032 0.68775061
v -0.06350773 -0.59856624 0.29385182
v -0.12659769 -0.28168274 0.57815694
v -0.14267822 0.95537367 0.20776340
v -0.12781936 -0.31999321 0.66185596
v -0.12857843 -0.25481490 0.59460855
v -0.15321595 0.09911025 0.76741235
v -0.12925952 -0.29248341 0.65379244
v -0.13596858 -0.23677995 0.69600665
v -0.13734719 -0.19896278 0.68812967
v -0.15912853 0.61181681 0.63105142
v -0.13676077 -0.21531997 0.69590028
v -0.14397324 -0.06155038 0.69998626
v -0.15364466 0.07085716 0.78396531
v -0.13741520 -0.18932571 0.67977856
v -0.05019312 -0.11862041 -0.42685595
v -0.13363014 -0.25428319 0.68275205
v -0.13396691 -0.21633787 0.62791760
v -0.13680886 -0.19124457 0.66605621
v -0.13104507 -0.11782322 0.62686805
v -0.14187762 -0.07775702 0.69784831
v -0.15089813 0.21385753 0.69606571
v -0.05709036 0.11920225 -0.56259852
v -0.15180341 0.19329327 0.70940929
v -0.15967007 0.77441290 0.52617230
v -0.15931694 0.67882948 0.59882583
v -0.15248780 0.12590152 0.75133048
v -0.07246808 0.52257814 -0.62635975
v -0.07766007 0.62931288 -0.60170577
v -0.15897280 0.49103166 0.66587382
v -0.11397027 0.97908669 -0.20154329
v -0.15342749 0.04604382 0.79597051
v -0.14725978 -0.03617462 0.73182309
v -0.15277652 0.89682067 0.36915438
v -0.06295550 0.29871507 -0.62341005
v -0.10165077 0.92772575 -0.36467532
v -0.13500635 -0.17641234 0.69621477
v -0.14812559 0.92982949 0.29289940
v -0.13302792 -0.18484006 0.67714515
v -0.15083037 -0.01727945 0.78118449
v -0.05958779 0.19634274 -0.60320904
v -0.06728772 0.38881808 -0.62959138
v -0.14028436 -0.11534797 0.70235302
v -0.14126388 -0.09260954 0.69805577
v -0.10801619 0.95704703 -0.28285341
v -0.15646991 0.40532613 0.68624139
v -0.13953338 -0.12987077 0.70986475
v -0.15295319 0.27685853 0.67625300
v -0.13816177 -0.14706371 0.71319171
v -0.05038811 -0.65461147 0.23630193
v -0.08481899 0.79421729 -0.51611920
v -0.13683905 -0.16330075 0.70721548
v -0.13147077 -0.16848769 0.65023702
v -0.15230069 0.15050158 0.73627683
v -0.13093363 -0.14300283 0.63560993
v -0.15934614 0.54564156 0.65217227
v -0.14542018 -0.04829897 0.70690470
v -0.14555692 -0.04572487 0.70954515
v -0.15235984 0.25808891 0.67825703
v -0.16066571 0.72922075 0.56417468
v -0.15332568 0.29386213 0.67766123
v -0.14438659 -0.05158089 0.70417182
v -0.08286371 0.72686799 -0.55569153
v -0.12226735 0.99331856 -0.08983073
v -0.12850390 0.99078217 -0.00496092
v -0.15158305 0.23504895 0.68575324
v -0.15177563 0.17350395 0.72201450
v -0.04584211 -0.19406702 -0.42043285
v -0.15224357 0.00447797 0.79768363
v -0.15299357 0.02256783 0.80021667
v -0.15609256 0.85694370 0.43271773
v -0.05573674 0.06647846 -0.52044927
v -0.13602681 0.97654852 0.10613235
v -0.15825718 0.81782533 0.48509417
v -0.05317697 -0.04127416 -0.45434461
v -0.05447824 0.02404576 -0.48919979
v -0.15005924 -0.02461673 0.76975446
v -0.15522065 0.31523754 0.68200639
v -0.14865927 -0.03234317 0.74944184
v -0.09294967 0.87758874 -0.43730800
v -0.14609804 -0.04077541 0.71742163
v -0.09390684 0.03394673 0.67122864
v 0.35211434 -0.07206493 0.27669607
v 0.34958031 -0.11636063 0.22443353
v 0.33023119 -0.18367487 0.25721155
v 0.33311467 -0.13797851 0.30986348
v 0.29602402 -0.25317470 0.29984790
v 0.30875579 -0.19618196 0.34891385
v 0.25754940 -0.30719272 0.34552790
v 0.27917509 -0.24761907 0.38553220
v -0.17802013 -0.01808902 0.76223808
v -0.16888400 -0.02666345 0.74640891
v 0.22207423 -0.34164038 0.39942103
v 0.24656583 -0.28485714 0.42874920
v -0.24932428 0.22561466 0.58383837
v -0.19907181 -0.03311406 0.68185030
v -0.19768092 0.10950383 0.72648013
v -0.23913858 0.22686215 0.58751222
v 0.11184892 -0.37811120 0.52238625
v 0.10769053 -0.40881786 0.49066846
v 0.05538351 -0.43002988 0.53469479
v 0.05426245 -0.40929521 0.56777457
v -0.21632068 -0.03159404 0.67459638
v 0.00391097 -0.45139194 0.57653250
v 0.00190682 -0.42846582 0.60850399
v -0.05172427 -0.46010688 0.60019929
v -0.05679350 -0.43805405 0.63375235
v -0.19375723 0.15524801 0.70030764
v -0.20363524 0.21964107 0.63594270
v -0.06899450 -0.38386943 0.66237293
v -0.06166482 -0.41311935 0.65246249
v -0.19406152 0.13174307 0.71387137
v -0.25813638 -0.01557999 0.68139814
v -0.24259231 -0.03083599 0.67098594
v -0.19915441 0.02017766 0.77799562
v -0.20428025 0.03778620 0.77126228
v -0.01550620 -0.37682155 0.64154827
v -0.20132200 0.00105383 0.76378530
v -0.18355310 -0.01139134 0.76976189
v -0.00446965 -0.40566478 0.62790048
v -0.26322432 0.22446053 0.58373246
v -0.29722624 0.23605323 0.54890757
v -0.19370337 0.00712189 0.77784016
v -0.17357440 -0.00674069 0.78378524
v -0.28392154 0.22940652 0.57157518
v -0.25614189 0.22495946 0.58362550
v -0.23399731 0.01010152 0.73510914
v -0.19515890 0.21129047 0.65916598
v 0.03384835 -0.35757731 0.60895415
v 0.04593724 -0.38688484 0.59127320
v 0.08544610 -0.33021094 0.57422813
v 0.10123269 -0.35663348 0.55008184
v -0.25227888 0.00054132 0.70921014
v 0.13207398 -0.29667887 0.55895683
v 0.15725113 -0.31183118 0.52895394
v -0.04983236 -0.47520457 0.55226066
v -0.27023976 0.22493863 0.58325229
v -0.27674364 0.22625601 0.58062196
v -0.20321584 0.08618471 0.74212513
v 0.00243195 -0.46582532 0.53197781
v 0.05305164 -0.44723876 0.49788769
v 0.09981928 -0.43230302 0.45884612
v 0.17645657 -0.36997328 0.45007799
v -0.29388929 0.23292558 0.56736271
v -0.16377482 -0.03418200 0.71455673
v -0.21926604 0.00685099 0.74727203
v -0.20917681 0.00386342 0.75599477
v -0.16723108 -0.03815267 0.70298926
v 0.14958443 -0.41254656 0.41293077
v 0.20031146 -0.37789536 0.36931555
v -0.22652756 0.22536872 0.59884424
v 0.23864014 -0.34618867 0.30780482
v -0.19244918 0.19436043 0.67667912
v -0.19294396 0.17422945 0.68900358
v 0.28424996 -0.29217389 0.25223123
v 0.32271713 -0.21885333 0.20556467
v -0.16432858 -0.03076033 0.73034668
v 0.34398710 -0.13886748 0.16993996
v 0.35880390 -0.06298839 0.19795930
v -0.02547765 -0.34983901 0.64529851
v -0.07309189 -0.35327237 0.66245717
v 0.02440069 -0.33135713 0.61782554
v -0.20529800 0.06034211 0.75924760
v 0.06962002 -0.30424220 0.59069613
v 0.10983767 -0.27722800 0.58029026
v 0.13986757 -0.20078099 0.59176576
v -0.18335194 -0.03484283 0.69263133
v 0.13327256 -0.24078728 0.58450536
v 0.12685782 -0.12292772 0.61771063
v 0.13375523 -0.16174632 0.60363355
v 0.18476158 -0.07358385 0.60030744
v 0.19910033 -0.12897651 0.57275074
v 0.16698888 -0.15017454 0.58911177
v -0.15147010 -0.00784800 0.79040149
v -0.18826585 -0.00321389 0.77453803
v 0.15663131 -0.10145814 0.60989348
v 0.20915323 -0.03343683 0.58978212
v 0.22848752 -0.09796564 0.55355078
v -0.04800403 -0.48847811 0.51156942
v -0.34805565 0.31841822 0.62057084
v -0.34720576 0.30251827 0.61225476
v -0.00075946 -0.48054824 0.49335552
v 0.04499175 -0.46984624 0.46098697
v 0.08084087 -0.46120053 0.42053355
v 0.12023995 -0.44810212 0.37411999
v 0.16320114 -0.42735358 0.32510016
v 0.21265818 -0.39178594 0.26998771
v -0.30488219 0.33751019 0.64873977
v -0.18802526 0.33947584 0.67966593
v -0.22339515 0.34020091 0.67152189
v 0.27323204 -0.33287013 0.20594765
v -0.34304187 0.26283717 0.60263020
v -0.34709046 0.25340988 0.59149711
v -0.34496190 0.28841389 0.60520591
v -0.34834604 0.25013875 0.59749961
v -0.34510355 0.25558166 0.60080684
v 0.31603264 -0.24675236 0.15757478
v -0.34348561 0.28293469 0.60367454
v 0.33316474 -0.16158330 0.12182859
v -0.34441693 0.27729376 0.60344068
v 0.07859245 -0.50321522 0.33117867
v -0.34384956 0.33581386 0.63462321
v 0.04367665 -0.50641812 0.37264350
v 0.01220955 -0.50888136 0.40687403
v -0.34265972 0.27049539 0.60307647
v -0.34492172 0.26738333 0.58257497
v -0.01477009 -0.50906064 0.43580037
v -0.34399337 0.26915348 0.55583599
v -0.04594268 -0.51921093 0.42886926
v -0.15565839 0.33859502 0.68521689
v -0.29903815 0.40425261 0.66108115
v -0.48937332 0.40985925 0.50932665
v -0.03597292 -0.53620100 0.37583539
v -0.50873149 0.37471792 0.48843238
v -0.01325524 -0.54375116 0.34312812
v -0.45998744 0.13324337 0.52177493
v -0.47767268 0.13986732 0.50423350
v -0.28190831 0.36253412 0.66848511
v 0.00647822 -0.55424425 0.31648758
v 0.15928583 -0.25341762 0.56072617
v 0.19172152 -0.25441186 0.53086667
v 0.20313740 -0.19074039 0.54714223
v 0.23713120 -0.16856840 0.52059923
v -0.33319147 0.54407922 0.61094552
v -0.34531237 0.85804992 0.30761762
v -0.32247313 0.49327684 0.62999044
v -0.41411974 0.44438248 0.58084481
v 0.22774632 -0.24440556 0.49524070
v -0.35126167 0.82623155 0.36641333
v 0.17027812 -0.20252452 0.57088632
v 0.26517605 -0.21487643 0.45639093
v 0.26902291 -0.13435204 0.49188894
v 0.25531736 -0.05700394 0.53531700
v 0.29050594 -0.10098530 0.46491792
v -0.45840446 0.43646383 0.54065427
v 0.29319226 -0.17410980 0.42002635
v -0.50839815 0.17621988 0.45636594
v -0.20379160 0.44559514 0.67522011
v -0.51874174 0.21309402 0.44218642
v 0.27862938 -0.02658084 0.51051138
v -0.25571728 0.44659610 0.66659013
v -0.29416051 0.95807097 -0.09454187
v 0.29608559 0.00279745 0.48661274
v 0.30723390 -0.06361383 0.43609566
v 0.31114478 -0.13279052 0.39189915
v 0.19544536 -0.32304003 0.47832978
v -0.24319698 0.31882063 0.65041026
v 0.32750099 -0.08484464 0.35726576
v -0.39444922 0.13698807 0.56062133
v -0.41439996 0.13470874 0.55075996
v 0.31051482 0.03079058 0.45954879
v -0.32036360 0.94195646 -0.02354453
v -0.50159378 0.15964150 0.47046996
v -0.35240453 0.66377933 0.54542059
v -0.21332434 0.27648484 0.63372373
v -0.22404156 0.29527426 0.63796931
v -0.35542240 0.70935467 0.50509792
v 0.31914091 -0.02910662 0.41041988
v 0.32476664 0.07012214 0.42596790
v 0.33758851 0.01891883 0.37323152
v -0.35670638 0.75362730 0.46279739
v 0.34545007 -0.03336347 0.32093872
v 0.36698039 -0.01230276 0.23075099
v -0.34015187 0.88506633 0.23819885
v -0.28404844 0.15721954 0.58735619
v 0.33398519 -0.05417052 0.03329754
v 0.01412538 -0.08444291 0.65288851
v -0.02430069 -0.07515485 0.66551408
v -0.52250319 0.33334515 0.46892937
v -0.52672550 0.28910939 0.45601921
v -0.32937260 0.92764975 0.06554510
v -0.34559023 0.14285666 0.57735282
v -0.52415528 0.25026612 0.44611451
v -0.21726445 0.97737429 -0.14046987
v -0.06027810 -0.07257015 0.68083042
v -0.49159163 0.14798531 0.48697518
v -0.08852992 -0.07206654 0.69539347
v -0.11578737 -0.07347320 0.70170552
v -0.36611592 0.44559562 0.61545270
v -0.37137432 0.13927515 0.57012286
v -0.20875652 0.25638018 0.62782461
v -0.25557612 0.17293642 0.59434244
v -0.23369436 0.19465164 0.60240333
v -0.35503042 0.79185459 0.41755067
v -0.22081715 0.21199405 0.61011992
v -0.20938462 0.23678717 0.62188869
v -0.31442493 0.14732019 0.58323432
v -0.34439285 0.60370639 0.58493454
v -0.33449143 0.91003130 0.15652139
v -0.43697344 0.13325741 0.53734261
v -0.11743183 0.98816250 -0.15099623
v -0.15837523 0.44462848 0.67814452
v -0.21419360 0.22283856 0.61647353
v -0.26326561 0.33899426 0.66318144
v -0.31096193 0.44647367 0.64750767
v -0.13089774 -0.27132419 0.66056079
v -0.31202984 -0.16455726 0.61472364
v -0.32035427 -0.17968163 0.60358424
v -0.31639742 -0.21653500 0.58097952
v -0.26552924 -0.12949406 0.65035079
v -0.29364886 -0.14760356 0.63028318
v -0.25196632 -0.26223118 0.62437833
v -0.32158459 -0.19230909 0.59360301
v -0.21553202 -0.27001703 0.64645089
v -0.32346480 -0.20481468 0.58679136
v -0.17759753 -0.27289663 0.65885366
v -0.14074356 -0.10367111 0.69862704
v -0.20188604 -0.10416070 0.68911405
v -0.17185627 -0.10146250 0.69910270
v -0.23362976 -0.11392183 0.67129079
v -0.30222372 -0.23090621 0.58410778
v -0.28217461 -0.24799501 0.60015662
v -0.12136911 -0.01742390 0.76806534
v -0.12834162 -0.02571882 0.75051595
v -0.03775424 0.23394880 0.59761315
v -0.08688120 -0.03029718 0.69106778
v -0.10214482 0.11379463 0.73482139
v -0.04808578 0.23458427 0.59861088
v -0.06852915 -0.02822386 0.68627603
v -0.10517788 0.15954646 0.70816726
v -0.08930476 0.22503182 0.64309441
v -0.10456653 0.13643109 0.72219638
v -0.02767477 -0.00885797 0.69897631
v -0.04169401 -0.02517249 0.68579092
v -0.10374385 0.02284024 0.78744263
v -0.09806870 0.04163499 0.78201606
v -0.09837567 0.00351202 0.77365476
v -0.11708156 -0.01024884 0.77631991
v -0.02415971 0.23348645 0.60191337
v 0.01448187 0.24436715 0.57392436
v -0.10859544 0.00910354 0.78613329
v -0.12915190 -0.00614323 0.78823128
v -0.00289858 0.23851182 0.59183101
v -0.03111380 0.23368566 0.59995182
v -0.06082918 0.01577274 0.74956085
v -0.10063179 0.21608015 0.66610513
v -0.03818698 0.00700371 0.72580402
v -0.01727139 0.23424008 0.60285145
v -0.01078948 0.23575844 0.60146117
v -0.09804130 0.09032917 0.75140288
v 0.00771936 0.24012550 0.58986287
v -0.12833205 -0.03344873 0.71802562
v -0.07730678 0.01089442 0.76041459
v -0.08899836 0.00689994 0.76756046
v -0.12280219 -0.03636493 0.70708114
v -0.06257300 0.23253399 0.60805557
v -0.10521594 0.19876187 0.68383184
v -0.10562175 0.17839127 0.69691211
v -0.13059158 -0.02974157 0.73349735
v -0.09672143 0.06454128 0.76953491
v -0.10449922 -0.03221541 0.69930387
v -0.11314088 -0.00178532 0.78193393
v 0.04814393 0.33408099 0.65059848
v 0.05048928 0.31886545 0.64229549
v -0.00221700 0.34707823 0.67224607
v -0.12289791 0.34041615 0.68323576
v -0.08670147 0.34269152 0.68082949
v 0.04937111 0.27889346 0.63377791
v 0.05700049 0.26624450 0.62524090
v 0.05001245 0.30480219 0.63484227
v 0.05649781 0.26482349 0.63086239
v 0.05212041 0.27100371 0.63324613
v 0.04843005 0.29909787 0.63362307
v 0.04937400 0.29350571 0.63328509
v 0.03895495 0.35011346 0.66390886
v 0.04832746 0.28679943 0.63343737
v 0.05505543 0.27914580 0.61533008
v 0.05830482 0.28010443 0.58826766
v -0.01592057 0.41428753 0.68230432
v 0.19307485 0.43403300 0.56053538
v 0.21836932 0.40143769 0.54292471
v 0.18649342 0.15491954 0.56693716
v 0.20490017 0.16343658 0.55258154
v -0.03084450 0.36926876 0.68714148
v 0.01669147 0.55571223 0.63546837
v 0.04772574 0.86892782 0.33759323
v 0.00656985 0.50443205 0.65410141
v 0.10578370 0.46199741 0.61975704
v 0.04711333 0.83645838 0.39676596
v 0.15637653 0.45712040 0.58690610
v 0.23708321 0.20419179 0.51009363
v -0.11350292 0.44819005 0.68089129
v 0.24595080 0.24202390 0.49686439
v -0.06085740 0.45321134 0.68069625
v 0.04984805 0.96515440 -0.06760401
v -0.06178679 0.32312660 0.66465043
v 0.11540529 0.15340718 0.59497219
v 0.13655297 0.15238417 0.58849802
v 0.06786950 0.95464121 0.00671148
v 0.23065427 0.18604806 0.52298651
v 0.03644417 0.67528710 0.57173106
v -0.08368829 0.27966157 0.64344822
v -0.07607372 0.29848610 0.64960020
v 0.03998219 0.71973522 0.53545873
v 0.04462515 0.76406234 0.49342526
v 0.05213105 0.89800323 0.26866734
v 0.00111620 0.16693540 0.60607927
v 0.23716974 0.36170544 0.52526383
v 0.24582144 0.31794775 0.51310526
v 0.06451277 0.94115015 0.09585678
v 0.06495525 0.15562462 0.60422940
v 0.24823578 0.27937117 0.50217168
v -0.02025935 0.98081285 -0.12544200
v 0.22009895 0.17262405 0.53744592
v 0.05297929 0.45999143 0.64694521
v 0.09109240 0.15424108 0.60060153
v -0.08523360 0.26060480 0.63662596
v -0.02940354 0.18151771 0.60871049
v -0.05351765 0.20216948 0.61279742
v 0.04657713 0.80256985 0.44841003
v -0.06865755 0.21883669 0.61862208
v -0.08247859 0.24237198 0.62992319
v 0.03153817 0.15890933 0.60584695
v 0.02784447 0.61572354 0.61018531
v 0.05699718 0.92229800 0.18649823
v 0.16127438 0.15292644 0.57887597
v -0.07627346 0.22910801 0.62435028
v -0.04581452 0.34433143 0.67991770
v -0.00435030 0.45703702 0.67008712
v 0.04738225 -0.15312504 0.63933735
v 0.05764940 -0.16684393 0.63000656
v 0.05907344 -0.20396508 0.60896290
v -0.00505916 -0.12264892 0.66830570
v 0.02664548 -0.13864451 0.65197092
v -0.00920421 -0.25364134 0.64218508
v 0.06059185 -0.17911943 0.62129094
v -0.04683678 -0.26462347 0.65898505
v 0.06418610 -0.19158668 0.61497035
v -0.08652784 -0.27143369 0.66658633
v -0.07729464 -0.10107031 0.69757194
v -0.11011591 -0.09978637 0.70376164
v -0.04202359 -0.10874715 0.68423685
v 0.04514335 -0.21871861 0.60929507
v 0.02403558 -0.23664748 0.62190741
v 0.06983878 0.25305710 0.53549522
v -0.34567278 0.24052220 0.50151576
v 0.05418438 0.24930621 0.61940559
v 0.04404350 0.24904364 0.61669014
v 0.03478131 0.24888434 0.61295739
v 0.02708170 0.24881811 0.60878155
v 0.05431093 0.25140341 0.61954259
v 0.04428028 0.25315837 0.61698004
v 0.03512562 0.25485413 0.61338679
v 0.02753025 0.25635498 0.60931216
v 0.05484244 0.25343702 0.61972130
v 0.04533111 0.25714649 0.61730127
v 0.03663996 0.26063988 0.61385995
v 0.02942374 0.26364233 0.60991966
v 0.05575166 0.25532249 0.61990441
v 0.04711822 0.26084471 0.61767733
v 0.03924484 0.26602470 0.61438721
v 0.03271740 0.27042388 0.61057113
v 0.05702713 0.25699499 0.62008820
v 0.04960171 0.26412159 0.61805368
v 0.04284481 0.27078524 0.61493578
v 0.03725483 0.27643019 0.61127113
v 0.05858821 0.25839315 0.62028279
v 0.05267412 0.26685759 0.61843489
v 0.04730973 0.27474549 0.61549177
v 0.04289467 0.28143243 0.61196753
v 0.06040277 0.25944519 0.62047779
v 0.05622526 0.26893339 0.61880517
v 0.05246242 0.27776249 0.61603673
v 0.04939334 0.28523110 0.61265413
v 0.06238911 0.26013406 0.62063829
v 0.06011449 0.27027817 0.61915482
v 0.05810420 0.27971887 0.61654947
v 0.05649570 0.28769736 0.61330287
v 0.06446562 0.26042099 0.62078364
v 0.06418770 0.27084262 0.61945756
v 0.06402099 0.28053481 0.61699870
v 0.06395360 0.28873324 0.61387810
v 0.06655927 0.26029629 0.62092257
v 0.06829626 0.27059262 0.61972028
v 0.06998656 0.28017569 0.61737937
v 0.07147063 0.28827285 0.61435649
v 0.06859034 0.25975956 0.62101795
v 0.07227757 0.26954984 0.61991704
v 0.07575798 0.27865916 0.61766899
v 0.07875216 0.28636082 0.61472617
v 0.07048302 0.25884918 0.62107700
v 0.07597809 0.26775164 0.62004385
v 0.08114297 0.27604581 0.61785744
v 0.08553681 0.28307372 0.61497202
v 0.07214788 0.25757422 0.62109081
v 0.07926184 0.26525932 0.62009737
v 0.08591126 0.27244045 0.61793784
v 0.09155879 0.27852049 0.61508651
v 0.07355246 0.25600649 0.62107528
v 0.08200625 0.26218707 0.62007541
v 0.08988122 0.26797024 0.61790154
v 0.09656906 0.27288100 0.61504242
v 0.07460557 0.25419887 0.62101975
v 0.08408322 0.25863932 0.61996541
v 0.09291084 0.26280535 0.61775915
v 0.10039406 0.26637533 0.61486806
v 0.07529971 0.25221639 0.62092536
v 0.08543316 0.25474728 0.61976877
v 0.09487736 0.25715791 0.61749512
v 0.10286429 0.25925931 0.61454604
v 0.07558683 0.25014005 0.62079980
v 0.08600042 0.25067257 0.61952800
v 0.09569823 0.25124409 0.61713622
v 0.10391453 0.25179285 0.61410657
v 0.07546114 0.24805016 0.62063285
v 0.08575452 0.24656175 0.61920664
v 0.09534264 0.24528130 0.61668656
v 0.10345452 0.24427275 0.61353986
v 0.07493140 0.24601153 0.62047554
v 0.08472247 0.24258480 0.61888353
v 0.09383945 0.23950268 0.61619336
v 0.10156640 0.23699163 0.61291591
v 0.07402303 0.24412792 0.62029437
v 0.08293165 0.23888869 0.61849433
v 0.09124412 0.23412866 0.61565411
v 0.09828944 0.23020585 0.61223486
v 0.07276013 0.24245021 0.62013589
v 0.08046482 0.23560450 0.61815009
v 0.08765483 0.22936590 0.61509610
v 0.09376166 0.22418993 0.61153505
v 0.07120245 0.24106700 0.61990341
v 0.07739429 0.23287628 0.61774287
v 0.08320509 0.22539104 0.61454216
v 0.08813572 0.21918614 0.61081446
v 0.06939446 0.24000553 0.61972011
v 0.07385839 0.23078899 0.61737888
v 0.07805042 0.22237600 0.61398870
v 0.08164296 0.21537830 0.61011907
v 0.06741312 0.23931338 0.61954481
v 0.06997346 0.22944043 0.61702273
v 0.07242032 0.22041349 0.61347896
v 0.07453868 0.21290092 0.60947569
v 0.06533709 0.23902149 0.61940072
v 0.06590003 0.22887511 0.61672258
v 0.06650387 0.21958739 0.61303289
v 0.06708028 0.21186217 0.60890292
v 0.06324318 0.23914431 0.61927458
v 0.06179345 0.22911264 0.61646859
v 0.06053863 0.21993972 0.61265837
v 0.05955915 0.21231058 0.60842387
v 0.06120843 0.23967459 0.61919550
v 0.05780645 0.23014873 0.61628808
v 0.05475728 0.22145377 0.61237755
v 0.05227643 0.21422019 0.60805931
v 0.05931188 0.24058556 0.61915741
v 0.05410016 0.23195239 0.61616127
v 0.04938031 0.22406482 0.61218742
v 0.04549274 0.21751059 0.60782794
v 0.05764405 0.24185629 0.61911141
v 0.05081449 0.23443605 0.61612030
v 0.04460455 0.22767225 0.61212386
v 0.03946926 0.22205794 0.60775074
v 0.05623831 0.24342695 0.61912209
v 0.04807054 0.23751156 0.61614734
v 0.04062208 0.23213722 0.61218269
v 0.03444685 0.22770119 0.60781155
v 0.06485630 0.24968684 0.62078932
v 0.05517692 0.24523448 0.61918130
v 0.04598045 0.24106557 0.61625745
v 0.03758597 0.23729830 0.61234407
v 0.03061763 0.23421856 0.60801758
v 0.05448041 0.24722055 0.61927357
v 0.04461336 0.24495341 0.61644583
v 0.03562319 0.24295416 0.61259630
v 0.02815035 0.24134682 0.60832893
v 0.01965614 0.24880153 0.60370149
v 0.00838142 0.24895303 0.59327894
v -0.00096130 0.24932216 0.58066630
v -0.00758986 0.24986862 0.56707181
v -0.01134989 0.25050502 0.55423295
v -0.01125065 0.25188842 0.53125950
v -0.00801414 0.25341552 0.50850255
v -0.00244908 0.25442578 0.49634102
v 0.00607592 0.25557762 0.48386192
v 0.01714507 0.25674911 0.47275067
v 0.03029309 0.25787599 0.46378850
v 0.04502810 0.25890612 0.45743735
v 0.06074988 0.25979566 0.45399802
v 0.02018215 0.25785572 0.60433350
v 0.00904641 0.26033844 0.59407802
v -0.00018648 0.26271667 0.58161717
v -0.00673298 0.26474843 0.56812059
v -0.01043858 0.26631156 0.55533349
v -0.01033720 0.26800892 0.53239289
v -0.00711914 0.26922164 0.50963222
v -0.00159785 0.26930489 0.49738954
v 0.00684581 0.26897204 0.48479848
v 0.01780346 0.26813418 0.47354931
v 0.03081217 0.26683051 0.46440902
v 0.04536862 0.26507209 0.45786528
v 0.06092441 0.26294064 0.45421096
v 0.02247199 0.26661894 0.60506353
v 0.01190920 0.27139021 0.59500360
v 0.00318403 0.27570684 0.58270713
v -0.00299477 0.27918300 0.56934424
v -0.00647468 0.28162919 0.55661947
v -0.00629668 0.28362819 0.53371169
v -0.00315954 0.28453965 0.51093441
v 0.00213543 0.28374112 0.49860482
v 0.01020625 0.28196277 0.48589659
v 0.02065524 0.27918417 0.47448340
v 0.03305166 0.27550029 0.46514458
v 0.04692032 0.27105075 0.45836419
v 0.06171788 0.26598536 0.45445979
v 0.02640798 0.27476955 0.60585412
v 0.01687806 0.28165709 0.59600612
v 0.00901522 0.28777578 0.58390894
v 0.00348100 0.29259864 0.57068488
v 0.00039667 0.29586173 0.55805816
v 0.00070810 0.29814988 0.53516483
v 0.00371493 0.29877215 0.51234718
v 0.00861015 0.29715476 0.49994767
v 0.01603053 0.29403213 0.48710546
v 0.02560227 0.28945292 0.47551833
v 0.03694095 0.28356873 0.46595014
v 0.04959559 0.27660114 0.45891617
v 0.06308544 0.26882025 0.45473658
v 0.03187480 0.28198774 0.60668888
v 0.02375028 0.29074891 0.59707204
v 0.01708895 0.29846856 0.58516465
v 0.01244886 0.30447915 0.57209506
v 0.00992087 0.30848294 0.55956596
v 0.01041357 0.31100290 0.53669754
v 0.01323781 0.31138686 0.51384458
v 0.01757366 0.30903467 0.50136540
v 0.02409150 0.30472466 0.48838807
v 0.03245959 0.29854740 0.47659580
v 0.04232728 0.29071744 0.46680158
v 0.05331178 0.28152421 0.45950049
v 0.06497835 0.27131847 0.45502789
v 0.03863888 0.28800318 0.60753778
v 0.03226536 0.29831993 0.59814520
v 0.02709195 0.30737078 0.58644855
v 0.02355988 0.31437555 0.57352199
v 0.02171555 0.31898943 0.56107791
v 0.02243559 0.32172508 0.53825083
v 0.02502806 0.32189895 0.51537557
v 0.02867575 0.31893248 0.50280380
v 0.03408567 0.31362806 0.48967474
v 0.04095838 0.30611840 0.47770158
v 0.04900923 0.29666589 0.46766403
v 0.05791289 0.28562801 0.46009171
v 0.06731839 0.27341407 0.45532614
v 0.04644062 0.29256419 0.60836751
v 0.04209457 0.30408003 0.59920530
v 0.03864333 0.31414668 0.58769495
v 0.03640066 0.32189886 0.57491041
v 0.03533291 0.32698367 0.56254621
v 0.03633471 0.32988038 0.53976620
v 0.03863484 0.32989476 0.51687652
v 0.04150344 0.32645814 0.50420559
v 0.04562523 0.32040519 0.49093739
v 0.05077825 0.31187790 0.47876701
v 0.05672304 0.30119223 0.46850553
v 0.06321932 0.28874133 0.46066876
v 0.07002875 0.27499819 0.45561689
v 0.05499073 0.29553435 0.60914138
v 0.05286750 0.30781246 0.60019193
v 0.05130560 0.31853553 0.58886254
v 0.05046065 0.32678377 0.57620729
v 0.05025741 0.33215569 0.56394086
v 0.05154464 0.33514684 0.54118346
v 0.05355813 0.33506620 0.51826120
v 0.05555709 0.33133825 0.50552274
v 0.05827696 0.32479196 0.49211752
v 0.06153261 0.31560247 0.47976964
v 0.06516633 0.30411702 0.46928714
v 0.06903958 0.29076224 0.46121171
v 0.07299220 0.27603628 0.45589185
v 0.06395536 0.29676415 0.60983649
v 0.06414483 0.30936073 0.60107441
v 0.06457598 0.32036796 0.58989746
v 0.06520115 0.32882084 0.57737172
v 0.06590738 0.33431486 0.56518612
v 0.06750790 0.33733351 0.54245166
v 0.06921041 0.33722225 0.51948875
v 0.07029276 0.33337392 0.50669346
v 0.07153681 0.32662118 0.49317788
v 0.07280652 0.31715369 0.48066759
v 0.07402619 0.30534188 0.46999926
v 0.07514109 0.29159658 0.46169710
v 0.07610335 0.27645866 0.45613793
v 0.07298650 0.29622808 0.61041550
v 0.07551875 0.30867927 0.60181526
v 0.07795218 0.31956503 0.59077787
v 0.08006218 0.32792617 0.57835018
v 0.08168990 0.33337125 0.56621338
v 0.08357805 0.33638588 0.54350896
v 0.08498460 0.33627806 0.52054737
v 0.08514765 0.33247748 0.50767873
v 0.08490383 0.32581570 0.49405737
v 0.08416590 0.31647048 0.48142318
v 0.08295928 0.30479752 0.47058752
v 0.08129102 0.29122990 0.46210770
v 0.07923932 0.27627382 0.45634654
v 0.08174343 0.29392620 0.61086685
v 0.08655415 0.30579423 0.60238555
v 0.09093168 0.31616695 0.59145472
v 0.09447695 0.32414262 0.57910988
v 0.09698784 0.32936549 0.56701064
v 0.09917209 0.33230833 0.54432892
v 0.10027657 0.33227202 0.52136093
v 0.09955448 0.32869396 0.50843301
v 0.09787333 0.32241417 0.49474433
v 0.09519606 0.31358079 0.48200816
v 0.09161336 0.30252665 0.47105478
v 0.08725842 0.28965789 0.46242549
v 0.08227799 0.27546345 0.45650866
v 0.08990237 0.28998002 0.61116616
v 0.09682841 0.30080951 0.60276295
v 0.10299757 0.31029949 0.59190650
v 0.10788490 0.31763229 0.57961257
v 0.11121062 0.32244807 0.56755899
v 0.11368359 0.32525105 0.54487708
v 0.11449741 0.32535081 0.52188457
v 0.11295604 0.32217894 0.50894059
v 0.10993032 0.31654436 0.49520337
v 0.10545405 0.30859189 0.48240718
v 0.09967162 0.29860436 0.47136526
v 0.09280054 0.28695801 0.46264112
v 0.08510740 0.27408935 0.45662050
v 0.09713355 0.28449800 0.61130470
v 0.10592888 0.29391840 0.60294448
v 0.11369854 0.30219484 0.59210934
v 0.11977117 0.30862129 0.57984504
v 0.12382865 0.31287643 0.56781034
v 0.12654668 0.31548822 0.54512934
v 0.12711352 0.31577927 0.52212491
v 0.12483503 0.31316628 0.50917646
v 0.12062070 0.30843499 0.49542456
v 0.11454528 0.30169476 0.48258486
v 0.10681648 0.29318360 0.47151167
v 0.09772069 0.28321770 0.46274325
v 0.08760382 0.27217746 0.45667488
v 0.10315928 0.27772611 0.61127154
v 0.11352137 0.28538322 0.60290032
v 0.12262000 0.29215947 0.59207347
v 0.12968674 0.29747174 0.57979826
v 0.13435810 0.30103734 0.56775255
v 0.13727694 0.30342338 0.54507871
v 0.13763939 0.30393823 0.52208279
v 0.13474331 0.30201202 0.50913152
v 0.12953251 0.29839242 0.49537976
v 0.12212156 0.29315278 0.48255984
v 0.11276880 0.28646854 0.47148921
v 0.10182532 0.27859249 0.46273071
v 0.08969861 0.26983122 0.45667310
v 0.10774778 0.26990430 0.61107341
v 0.11930704 0.27553156 0.60265605
v 0.12942680 0.28057806 0.59177840
v 0.13725064 0.28459716 0.57946670
v 0.14238433 0.28737828 0.56739203
v 0.14545463 0.28947707 0.54472021
v 0.14565723 0.29027848 0.52174876
v 0.14229576 0.28913570 0.50880461
v 0.13632448 0.28680632 0.49508867
v 0.12789356 0.28329254 0.48230736
v 0.11730465 0.27872139 0.47129723
v 0.10494592 0.27326280 0.46260332
v 0.09129264 0.26710870 0.45661200
v 0.11073260 0.26134538 0.61069608
v 0.12307008 0.26473748 0.60219731
v 0.13385156 0.26788965 0.59124042
v 0.14216043 0.27049785 0.57885811
v 0.14759510 0.27241390 0.56676274
v 0.15076649 0.27422298 0.54407526
v 0.15086449 0.27530919 0.52110937
v 0.14719712 0.27502765 0.50821592
v 0.14073505 0.27411047 0.49455482
v 0.13163788 0.27249356 0.48185523
v 0.12024440 0.27024735 0.47093920
v 0.10697759 0.26742106 0.46236423
v 0.09232954 0.26413388 0.45649547
v 0.11199581 0.25236979 0.61017963
v 0.12466267 0.25343995 0.60155065
v 0.13571891 0.25459556 0.59046571
v 0.14422649 0.25573151 0.57801141
v 0.14978682 0.25672665 0.56587268
v 0.15301414 0.25821987 0.54316518
v 0.15305497 0.25961422 0.52020187
v 0.14925730 0.26025372 0.50737572
v 0.14259216 0.26081102 0.49380545
v 0.13322108 0.26119127 0.48121624
v 0.12149037 0.26136015 0.47044606
v 0.10782700 0.26130159 0.46202297
v 0.09275978 0.26101354 0.45632632
v 0.11143387 0.24332921 0.60947840
v 0.12398107 0.24204978 0.60071176
v 0.13494122 0.24119193 0.58950311
v 0.14337915 0.24084060 0.57695191
v 0.14888353 0.24091067 0.56473562
v 0.15207221 0.24210863 0.54201262
v 0.15214451 0.24379974 0.51909188
v 0.14840209 0.24536142 0.50632146
v 0.14181917 0.24740575 0.49284973
v 0.13256153 0.24979658 0.48041373
v 0.12097191 0.25240492 0.46981192
v 0.10747908 0.25512941 0.46159485
v 0.09258442 0.25786920 0.45611377
v 0.10915810 0.23456843 0.60873543
v 0.12110703 0.23100066 0.59974519
v 0.13156457 0.22819643 0.58838629
v 0.13963205 0.22639513 0.57571961
v 0.14490811 0.22557605 0.56341943
v 0.14801478 0.22647751 0.54067783
v 0.14816827 0.22847008 0.51778945
v 0.14465939 0.23092214 0.50508484
v 0.13845331 0.23441182 0.49174567
v 0.12970579 0.23874565 0.47947619
v 0.11873053 0.24373385 0.46908670
v 0.10592903 0.24915722 0.46109488
v 0.09179237 0.25481809 0.45586404
v 0.10523959 0.22640456 0.60793124
v 0.11615688 0.22072043 0.59871606
v 0.12572121 0.21611962 0.58715954
v 0.13313083 0.21298012 0.57435170
v 0.13801218 0.21134140 0.56198710
v 0.14099677 0.21194606 0.53920775
v 0.14128446 0.21423785 0.51633831
v 0.13817672 0.21750912 0.50373035
v 0.13262402 0.22233903 0.49053082
v 0.12475395 0.22847538 0.47845100
v 0.11483903 0.23566069 0.46827757
v 0.10325209 0.24360989 0.46054154
v 0.09042345 0.25199219 0.45558665
v 0.09979174 0.21918167 0.60707904
v 0.10928182 0.21162065 0.59762856
v 0.11764250 0.20541591 0.58586695
v 0.12414870 0.20108279 0.57291640
v 0.12846837 0.19871428 0.56046881
v 0.13127760 0.19908653 0.53765869
v 0.13175303 0.20161422 0.51481554
v 0.12920841 0.20561843 0.50230532
v 0.12455806 0.21164335 0.48925531
v 0.11789748 0.21938131 0.47735640
v 0.10945302 0.22851390 0.46742521
v 0.09953698 0.23868139 0.45995647
v 0.08852574 0.24948772 0.45529386
v 0.09302393 0.21316396 0.60619808
v 0.10076304 0.20404323 0.59651390
v 0.10762505 0.19651130 0.58456582
v 0.11302703 0.19118126 0.57146877
v 0.11666728 0.18819017 0.55892838
v 0.11924815 0.18835631 0.53609405
v 0.11995664 0.19109402 0.51328726
v 0.11810166 0.19572377 0.50086232
v 0.11456364 0.20274525 0.48795326
v 0.10939733 0.21181066 0.47626163
v 0.10277233 0.22256751 0.46656143
v 0.09493607 0.23458035 0.45936412
v 0.08619130 0.24739459 0.45499663
v 0.07685774 0.26049376 0.45362056
v 0.08520938 0.20859124 0.60535435
v 0.09092498 0.19827541 0.59544695
v 0.09606998 0.18972269 0.58330413
v 0.10018957 0.18363731 0.57006931
v 0.10305304 0.18018526 0.55742730
v 0.10535664 0.18020154 0.53457422
v 0.10634491 0.18309441 0.51181026
v 0.10527334 0.18819150 0.49945796
v 0.10302407 0.19596946 0.48669032
v 0.09958040 0.20605370 0.47518338
v 0.09506008 0.21804768 0.46572058
v 0.08963206 0.23146713 0.45878797
v 0.08348249 0.24580972 0.45470569
v 0.07666548 0.20562033 0.60456722
v 0.08015812 0.19453801 0.59445606
v 0.08340671 0.18532016 0.58212852
v 0.08612729 0.17875045 0.56875435
v 0.08812918 0.17500634 0.55604334
v 0.09014537 0.17492714 0.53315804
v 0.09142991 0.17791826 0.51041542
v 0.09122296 0.18330961 0.49815620
v 0.09037476 0.19157819 0.48551047
v 0.08882151 0.20233105 0.47418086
v 0.08661782 0.21512703 0.46492723
v 0.08380996 0.22944822 0.45824466
v 0.08051764 0.24477887 0.45443149
v 0.06770420 0.20437918 0.60387901
v 0.06887132 0.19297884 0.59357218
v 0.07013796 0.18348563 0.58108336
v 0.07138405 0.17671954 0.56759117
v 0.07247345 0.17285879 0.55481948
v 0.07420575 0.17272043 0.53190317
v 0.07578411 0.17577168 0.50916538
v 0.07648913 0.18128436 0.49698721
v 0.07711736 0.18975158 0.48446543
v 0.07755446 0.20078270 0.47328629
v 0.07775804 0.21389547 0.46422847
v 0.07770937 0.22861937 0.45776176
v 0.07740683 0.24435618 0.45418669
v 0.05866757 0.20491156 0.60330340
v 0.05749477 0.19365721 0.59283549
v 0.05676122 0.18428793 0.58022523
v 0.05652428 0.17761117 0.56662013
v 0.05669954 0.17379850 0.55377708
v 0.05811518 0.17369771 0.53084326
v 0.06000719 0.17671626 0.50813849
v 0.06163554 0.18218100 0.49600675
v 0.06375174 0.19056349 0.48357747
v 0.06618995 0.20146924 0.47253330
v 0.06882518 0.21444855 0.46362957
v 0.07155793 0.22898066 0.45735165
v 0.07427003 0.24454092 0.45397812
v 0.04990895 0.20720536 0.60287315
v 0.04645982 0.19654974 0.59228188
v 0.04378257 0.18769625 0.57956580
v 0.04211269 0.18139952 0.56588790
v 0.04140193 0.17781700 0.55297743
v 0.04252528 0.17779109 0.53002943
v 0.04471078 0.18073654 0.50734542
v 0.04722990 0.18597439 0.49524575
v 0.05078322 0.19397738 0.48289640
v 0.05516599 0.20436115 0.47195106
v 0.06017044 0.21671832 0.46317717
v 0.06559160 0.23055020 0.45703353
v 0.07123181 0.24534341 0.45381594
v 0.04175463 0.21115621 0.60259006
v 0.03619352 0.20152830 0.59191693
v 0.03171704 0.19356844 0.57913501
v 0.02870173 0.18792846 0.56540690
v 0.02717753 0.18475033 0.55246795
v 0.02800642 0.18485461 0.52949649
v 0.03049623 0.18766912 0.50680356
v 0.03383008 0.19250431 0.49474675
v 0.03872801 0.19985183 0.48244214
v 0.04490730 0.20935204 0.47156763
v 0.05211082 0.22063509 0.46286891
v 0.06004729 0.23324999 0.45681955
v 0.06840070 0.24671692 0.45370419
v 0.03452189 0.21663468 0.60248300
v 0.02709190 0.20842581 0.59177504
v 0.02102506 0.20167547 0.57894131
v 0.01682291 0.19694821 0.56519546
v 0.01456624 0.19433192 0.55224719
v 0.01515099 0.19462850 0.52925755
v 0.01788843 0.19725109 0.50655862
v 0.02195731 0.20151730 0.49451693
v 0.02803980 0.20795780 0.48223832
v 0.03581864 0.21625042 0.47138127
v 0.04496636 0.22605435 0.46272369
v 0.05512694 0.23698790 0.45671754
v 0.06589854 0.24862648 0.45365043
v 0.02848893 0.22341381 0.60254279
v 0.01950221 0.21696971 0.59183972
v 0.01210644 0.21172478 0.57901693
v 0.00691421 0.20810994 0.56526671
v 0.00404335 0.20618609 0.55231422
v 0.00442826 0.20670018 0.52932453
v 0.00736917 0.20910299 0.50662658
v 0.01205400 0.21268058 0.49456874
v 0.01913366 0.21800046 0.48227336
v 0.02824275 0.22479046 0.47142003
v 0.03901387 0.23276778 0.46274746
v 0.05102135 0.24161802 0.45673158
v 0.06380840 0.25097935 0.45365293
v 0.02390120 0.23124502 0.60278727
v 0.01371787 0.22683548 0.59213398
v 0.00530920 0.22332221 0.57934014
v -0.00063045 0.22098478 0.56561718
v -0.00396091 0.21984427 0.55266118
v -0.00373296 0.22064771 0.52969219
v -0.00064351 0.22275769 0.50699337
v 0.00450731 0.22555078 0.49490121
v 0.01234183 0.22958591 0.48256808
v 0.02247195 0.23464858 0.47166166
v 0.03447922 0.24051803 0.46293921
v 0.04790288 0.24694482 0.45685920
v 0.06221636 0.25369309 0.45371353
v 0.02090896 0.23981255 0.60317362
v 0.00996567 0.23763879 0.59262189
v 0.00089809 0.23601543 0.57990086
v -0.00552972 0.23509284 0.56622601
v -0.00915789 0.23481461 0.55331907
v -0.00902919 0.23590427 0.53034432
v -0.00583796 0.23772661 0.50762510
v -0.00038932 0.23965199 0.49550366
v 0.00793416 0.24227694 0.48310168
v 0.01872948 0.24544387 0.47211324
v 0.03154014 0.24899027 0.46328439
v 0.04586942 0.25278024 0.45709804
v 0.06117845 0.25667481 0.45382997
v -0.36332686 0.23664927 0.58495176
v -0.37344336 0.23639029 0.58218534
v -0.38269047 0.23623253 0.57842595
v -0.39040009 0.23615993 0.57427391
v -0.36320027 0.23874359 0.58509674
v -0.37320932 0.24049880 0.58248668
v -0.38236049 0.24219272 0.57887569
v -0.38995992 0.24369106 0.57480993
v -0.36268257 0.24077329 0.58527996
v -0.37218909 0.24448092 0.58284521
v -0.38087231 0.24797407 0.57938735
v -0.38807820 0.25097563 0.57543688
v -0.36178136 0.24265762 0.58547396
v -0.37041108 0.24817812 0.58323270
v -0.37828895 0.25335946 0.57994857
v -0.38481682 0.25775854 0.57613512
v -0.36051555 0.24432853 0.58567881
v -0.36793941 0.25145418 0.58363262
v -0.37470209 0.25812305 0.58052231
v -0.38029441 0.26376827 0.57687212
v -0.35895966 0.24572684 0.58588062
v -0.36487176 0.25419154 0.58403195
v -0.37024894 0.26208300 0.58109874
v -0.37467132 0.26877136 0.57758823
v -0.35715009 0.24678011 0.58607817
v -0.36133181 0.25626726 0.58440925
v -0.36509527 0.26510112 0.58165535
v -0.36818092 0.27257306 0.57829536
v -0.35517094 0.24747097 0.58626422
v -0.35745153 0.25761424 0.58478302
v -0.35946977 0.26705883 0.58218897
v -0.36108162 0.27504047 0.57895475
v -0.35309569 0.24775790 0.58642402
v -0.35337886 0.25817918 0.58509959
v -0.35355488 0.26787569 0.58265523
v -0.35362708 0.27607707 0.57954864
v -0.35100523 0.24763142 0.58656583
v -0.34927666 0.25793203 0.58538547
v -0.34759309 0.26751763 0.58306035
v -0.34611090 0.27561819 0.58004424
v -0.34897372 0.24709601 0.58666780
v -0.34529334 0.25688830 0.58558083
v -0.34181418 0.26600103 0.58335476
v -0.33883225 0.27370763 0.58042481
v -0.34708262 0.24618642 0.58673709
v -0.34159081 0.25509022 0.58572380
v -0.33643799 0.26338770 0.58355666
v -0.33205107 0.27041899 0.58068256
v -0.34541615 0.24491205 0.58676284
v -0.33831261 0.25259597 0.58578156
v -0.33167299 0.25977923 0.58364997
v -0.32603333 0.26586017 0.58080986
v -0.34401531 0.24334188 0.58676368
v -0.33557640 0.24952010 0.58577910
v -0.32770503 0.25530807 0.58363427
v -0.32102801 0.26021917 0.58077982
v -0.34295923 0.24153318 0.58671551
v -0.33349450 0.24597279 0.58567972
v -0.32467755 0.25014064 0.58349972
v -0.31720687 0.25370876 0.58062067
v -0.34225837 0.23954928 0.58662824
v -0.33213238 0.24207923 0.58552082
v -0.32270499 0.24449083 0.58327324
v -0.31473006 0.24659206 0.58032637
v -0.34197337 0.23747017 0.58651223
v -0.33156452 0.23799954 0.58528667
v -0.32187322 0.23857061 0.58293623
v -0.31367256 0.23911971 0.57991701
v -0.34208717 0.23537123 0.58635940
v -0.33179536 0.23388363 0.58499523
v -0.32221301 0.23259675 0.58251941
v -0.31411502 0.23159271 0.57937489
v -0.34262456 0.23333818 0.58619061
v -0.33283490 0.22990441 0.58464849
v -0.32371940 0.22681612 0.58200861
v -0.31600259 0.22430354 0.57874848
v -0.34353059 0.23145403 0.58600081
v -0.33462252 0.22619960 0.58427529
v -0.32631863 0.22143602 0.58145676
v -0.31928285 0.21751228 0.57804564
v -0.34479936 0.22978162 0.58579834
v -0.33709737 0.22292172 0.58387837
v -0.32990967 0.21667220 0.58087462
v -0.32381892 0.21149755 0.57732128
v -0.34635699 0.22838945 0.58559335
v -0.34016281 0.22019041 0.58347021
v -0.33436505 0.21270404 0.58028301
v -0.32944020 0.20649858 0.57656512
v -0.34816668 0.22733213 0.58538732
v -0.34370478 0.21810969 0.58306585
v -0.33950925 0.20969305 0.57970764
v -0.33592931 0.20270012 0.57583697
v -0.35014616 0.22664349 0.58519407
v -0.34758751 0.21676550 0.58269598
v -0.34514248 0.20773653 0.57917384
v -0.34302454 0.20023329 0.57516832
v -0.35221831 0.22635694 0.58502868
v -0.35165405 0.21621146 0.58235711
v -0.35104929 0.20692543 0.57868345
v -0.35047385 0.19920165 0.57457050
v -0.35430573 0.22648764 0.58488010
v -0.35575293 0.21645704 0.58207754
v -0.35700486 0.20728748 0.57828005
v -0.35798139 0.19966006 0.57405799
v -0.35633298 0.22702394 0.58477546
v -0.35972870 0.21750227 0.58186225
v -0.36276762 0.20880756 0.57796721
v -0.36525244 0.20157443 0.57366961
v -0.35821943 0.22794308 0.58470120
v -0.36341873 0.21931022 0.58171938
v -0.36814232 0.21141762 0.57775841
v -0.37202172 0.20486899 0.57340491
v -0.35988517 0.22920776 0.58467931
v -0.36670317 0.22179303 0.58167111
v -0.37289930 0.21503348 0.57766508
v -0.37802274 0.20942604 0.57328730
v -0.36128499 0.23077544 0.58469191
v -0.36944114 0.22486316 0.58170267
v -0.37686713 0.21949877 0.57770216
v -0.38301548 0.21507550 0.57329651
v -0.35269607 0.23702375 0.58641887
v -0.36234009 0.23258249 0.58474314
v -0.37151982 0.22841813 0.58179371
v -0.37988393 0.22466389 0.57782545
v -0.38682927 0.22158860 0.57346917
v -0.36302470 0.23457487 0.58482511
v -0.37286223 0.23231049 0.58194023
v -0.38184230 0.23031590 0.57805881
v -0.38931371 0.22870147 0.57379504
v -0.39780755 0.23613958 0.56918965
v -0.40908748 0.23628509 0.55878911
v -0.41847048 0.23665108 0.54623506
v -0.42514624 0.23719688 0.53269878
v -0.42893342 0.23783372 0.51988360
v -0.42887756 0.23921196 0.49695436
v -0.42564531 0.24073541 0.47419514
v -0.42007842 0.24174056 0.46203048
v -0.41156113 0.24288427 0.44955191
v -0.40050181 0.24405310 0.43844289
v -0.38736259 0.24517820 0.42948360
v -0.37263802 0.24621079 0.42313648
v -0.35692544 0.24710499 0.41970250
v -0.39730623 0.24518600 0.56985117
v -0.40845043 0.24767074 0.55961648
v -0.41772464 0.25004753 0.54721144
v -0.42429701 0.25208079 0.53374792
v -0.42803056 0.25364147 0.52098824
v -0.42794576 0.25533354 0.49806938
v -0.42473856 0.25654380 0.47531377
v -0.41922546 0.25662086 0.46307453
v -0.41078969 0.25628057 0.45048611
v -0.39984236 0.25543814 0.43924161
v -0.38684333 0.25413196 0.43010447
v -0.37229562 0.25237558 0.42356441
v -0.35674999 0.25024948 0.41991586
v -0.39504611 0.25394980 0.57061068
v -0.40561625 0.25872164 0.56057040
v -0.41437125 0.26303950 0.54831953
v -0.42056739 0.26651485 0.53497940
v -0.42406628 0.26896150 0.52227052
v -0.42390090 0.27095517 0.49937971
v -0.42077198 0.27186416 0.47660804
v -0.41548708 0.27105770 0.46428461
v -0.40742700 0.26927185 0.45158173
v -0.39698827 0.26648867 0.44017297
v -0.38460323 0.26280323 0.43084034
v -0.37074610 0.25835534 0.42406578
v -0.35595756 0.25329542 0.42016645
v -0.39112963 0.26210482 0.57144082
v -0.40067244 0.26899219 0.56160541
v -0.40854561 0.27511048 0.54953052
v -0.41409195 0.27993351 0.53632227
v -0.41718899 0.28319706 0.52370266
v -0.41689482 0.28547988 0.50083297
v -0.41389790 0.28609721 0.47802233
v -0.40901340 0.28447244 0.46563152
v -0.40160238 0.28134177 0.45279338
v -0.39203941 0.27675860 0.44120830
v -0.38071200 0.27087322 0.43164531
v -0.36806853 0.26390816 0.42461563
v -0.35458887 0.25613228 0.42044167
v -0.38568741 0.26932194 0.57230236
v -0.39381665 0.27808757 0.56269707
v -0.40048028 0.28580578 0.55079915
v -0.40512721 0.29181606 0.53773810
v -0.40766902 0.29581123 0.52521676
v -0.40718926 0.29833451 0.50236765
v -0.40437597 0.29871356 0.47952303
v -0.40005052 0.29635412 0.46705056
v -0.39354019 0.29203766 0.45407656
v -0.38518387 0.28585545 0.44228738
v -0.37532726 0.27802460 0.43249831
v -0.36435446 0.26883542 0.42520183
v -0.35269165 0.25863325 0.42073618
v -0.37893251 0.27534564 0.57316900
v -0.38531152 0.28565900 0.56378784
v -0.39048233 0.29470936 0.55209410
v -0.39402321 0.30171501 0.53917739
v -0.39588060 0.30632438 0.52674344
v -0.39517151 0.30905829 0.50392626
v -0.39259007 0.30922587 0.48106201
v -0.38894957 0.30625381 0.46849124
v -0.38354789 0.30094519 0.45536715
v -0.37668659 0.29343210 0.44339593
v -0.36864827 0.28397887 0.43336390
v -0.35975527 0.27294177 0.42579624
v -0.35035821 0.26073126 0.42103406
v -0.37112901 0.27991027 0.57401395
v -0.37548691 0.29142245 0.56486034
v -0.37893992 0.30148815 0.55335357
v -0.38119700 0.30923682 0.54058510
v -0.38227452 0.31431878 0.52822434
v -0.38128235 0.31721375 0.50545118
v -0.37898625 0.31722190 0.48256925
v -0.37612669 0.31378125 0.46990095
v -0.37201198 0.30772566 0.45663232
v -0.36687151 0.29919528 0.44446736
v -0.36093866 0.28851014 0.43421025
v -0.35445271 0.27606029 0.42637703
v -0.34765062 0.26231929 0.42132708
v -0.36258983 0.28287833 0.57480124
v -0.36472739 0.29514777 0.56586395
v -0.36628653 0.30587654 0.55453470
v -0.36714391 0.31412078 0.54189402
v -0.36735952 0.31949242 0.52962873
v -0.36608395 0.32248081 0.50688074
v -0.36407492 0.32239485 0.48396527
v -0.36208189 0.31866340 0.47122789
v -0.35936603 0.31211619 0.45781988
v -0.35611598 0.30292571 0.44547754
v -0.35249844 0.29144001 0.43499566
v -0.34863318 0.27808667 0.42692183
v -0.34468737 0.26336114 0.42160299
v -0.35363401 0.28410699 0.57551531
v -0.35344831 0.29670253 0.56675714
v -0.35302385 0.30770805 0.55558384
v -0.35240821 0.31615810 0.54306506
v -0.35171286 0.32165026 0.53088630
v -0.35014603 0.32466540 0.50817287
v -0.34843212 0.32455248 0.48520047
v -0.34735194 0.32070284 0.47240337
v -0.34611346 0.31394929 0.45888722
v -0.34485218 0.30448282 0.44637837
v -0.34364105 0.29267135 0.43571050
v -0.34253401 0.27892562 0.42740927
v -0.34157713 0.26378621 0.42185071
v -0.34460155 0.28357178 0.57610641
v -0.34208432 0.29602893 0.56750647
v -0.33965318 0.30690567 0.55648014
v -0.33755310 0.31526390 0.54405076
v -0.33594167 0.32070599 0.53193125
v -0.33406387 0.32371675 0.50922701
v -0.33266136 0.32361084 0.48626329
v -0.33250172 0.31981043 0.47339259
v -0.33275113 0.31314897 0.45977337
v -0.33349011 0.30380578 0.44713763
v -0.33471064 0.29213251 0.43630212
v -0.33638507 0.27856406 0.42782183
v -0.33844249 0.26360384 0.42206130
v -0.33584023 0.28127362 0.57657642
v -0.33104600 0.29313993 0.56809359
v -0.32667972 0.30350647 0.55716716
v -0.32314671 0.31148018 0.54482026
v -0.32064793 0.31670001 0.53273076
v -0.31847212 0.31964054 0.51004780
v -0.31737082 0.31960642 0.48707733
v -0.31809928 0.31603038 0.47415071
v -0.31978629 0.30975252 0.46046437
v -0.32246941 0.30092194 0.44772749
v -0.32605866 0.28986707 0.43677232
v -0.33041972 0.27699604 0.42814246
v -0.33540466 0.26279709 0.42222475
v -0.32769808 0.27732369 0.57688633
v -0.32078386 0.28815337 0.56848240
v -0.31461896 0.29764142 0.55762701
v -0.30974198 0.30497015 0.54533141
v -0.30643005 0.30978232 0.53328214
v -0.30396530 0.31258536 0.51059840
v -0.30315744 0.31268712 0.48760547
v -0.30470316 0.30951813 0.47466344
v -0.30773365 0.30388698 0.46092699
v -0.31221465 0.29593714 0.44812949
v -0.31800175 0.28594862 0.43708529
v -0.32487744 0.27430002 0.42835901
v -0.33257516 0.26142543 0.42233734
v -0.32047293 0.27184686 0.57703421
v -0.31168670 0.28126079 0.56867390
v -0.30392942 0.28953381 0.55783703
v -0.29786596 0.29595971 0.54557140
v -0.29382289 0.30021622 0.53354324
v -0.29111223 0.30282302 0.51085581
v -0.29055078 0.30311682 0.48785293
v -0.29283188 0.30050787 0.47490329
v -0.29704792 0.29578044 0.46115144
v -0.30312602 0.28904421 0.44831006
v -0.31085776 0.28053239 0.43723425
v -0.31995777 0.27056308 0.42846395
v -0.33007304 0.25951627 0.42239285
v -0.31444645 0.26506604 0.57701126
v -0.30410171 0.27272480 0.56864811
v -0.29501465 0.27949909 0.55781113
v -0.28796090 0.28481037 0.54553264
v -0.28330592 0.28836987 0.53349378
v -0.28039253 0.29076002 0.51081045
v -0.28003484 0.29127678 0.48781661
v -0.28293052 0.28935608 0.47486281
v -0.28814061 0.28574247 0.46110847
v -0.29555153 0.28050587 0.44828837
v -0.30490648 0.27382073 0.43721325
v -0.31585363 0.26594025 0.42845234
v -0.32798428 0.25717026 0.42239162
v -0.30986792 0.25724149 0.57681804
v -0.29831663 0.26287242 0.56841367
v -0.28821888 0.26791869 0.55752544
v -0.28041853 0.27193271 0.54521156
v -0.27529838 0.27471097 0.53314078
v -0.27223042 0.27681485 0.51046161
v -0.27202603 0.27761718 0.48748950
v -0.27538471 0.27648167 0.47454246
v -0.28135148 0.27415975 0.46082005
v -0.28978182 0.27064897 0.44803676
v -0.30037261 0.26607592 0.43702317
v -0.31273475 0.26061259 0.42832497
v -0.32639142 0.25444922 0.42233039
v -0.30687808 0.24868170 0.57646294
v -0.29456517 0.25207506 0.56796674
v -0.28380345 0.25522801 0.55699770
v -0.27550804 0.25783310 0.54461647
v -0.27009761 0.25974625 0.53252141
v -0.26693177 0.26156027 0.50982585
v -0.26682918 0.26265108 0.48685730
v -0.27048759 0.26237832 0.47395686
v -0.27694319 0.26146721 0.46028917
v -0.28603871 0.25985265 0.44758532
v -0.29743287 0.25760410 0.43666562
v -0.31070238 0.25477046 0.42808627
v -0.32535444 0.25147367 0.42221427
v -0.30562333 0.23970254 0.57596862
v -0.29297931 0.24077712 0.56732896
v -0.28193886 0.24193194 0.55623405
v -0.27344030 0.24306395 0.54377576
v -0.26789981 0.24405731 0.53164079
v -0.26470289 0.24555922 0.50893424
v -0.26464631 0.24696223 0.48595149
v -0.26842617 0.24760971 0.47311934
v -0.27508487 0.24817101 0.45954250
v -0.28445431 0.24855223 0.44694802
v -0.29618677 0.24871699 0.43617390
v -0.30985414 0.24864949 0.42774583
v -0.32492559 0.24835151 0.42204550
v -0.30614311 0.23065041 0.57531324
v -0.29364672 0.22937988 0.56650413
v -0.28271572 0.22852470 0.55527287
v -0.27429542 0.22817403 0.54271203
v -0.26880607 0.22824725 0.53050214
v -0.26561681 0.22945310 0.50777354
v -0.26553936 0.23115451 0.48484367
v -0.26927471 0.23272230 0.47206592
v -0.27585180 0.23476890 0.45858803
v -0.28511176 0.23715916 0.44614550
v -0.29670477 0.23976145 0.43553838
v -0.31020165 0.24247675 0.42731680
v -0.32510061 0.24520638 0.42183181
v -0.30842640 0.22188239 0.57455708
v -0.29650929 0.21832486 0.56554101
v -0.28608111 0.21553490 0.55415165
v -0.27803366 0.21373372 0.54147615
v -0.27276381 0.21292277 0.52917347
v -0.26965254 0.21382972 0.50643515
v -0.26949803 0.21583124 0.48353785
v -0.27300536 0.21828712 0.47082820
v -0.27921093 0.22177756 0.45748305
v -0.28796237 0.22610787 0.44520889
v -0.29894442 0.23108843 0.43481349
v -0.31175311 0.23650298 0.42681485
v -0.32589342 0.24215346 0.42158107
v -0.31235303 0.21372299 0.57372197
v -0.30146435 0.20804664 0.56448736
v -0.29190864 0.20345374 0.55292012
v -0.28450660 0.20032280 0.54010751
v -0.27963403 0.19869483 0.52774056
v -0.27665226 0.19930747 0.50495833
v -0.27636987 0.20160426 0.48208488
v -0.27947765 0.20487719 0.46947247
v -0.28503387 0.20970528 0.45626645
v -0.29291010 0.21583588 0.44418236
v -0.30283271 0.22301192 0.43400331
v -0.31442808 0.23095077 0.42626201
v -0.32726127 0.23932406 0.42130345
v -0.31780749 0.20650049 0.57285206
v -0.30832874 0.19894882 0.56339044
v -0.29997599 0.19275455 0.55162523
v -0.29347216 0.18843884 0.53867236
v -0.28915531 0.18607088 0.52622321
v -0.28635488 0.18645004 0.50340951
v -0.28588598 0.18898126 0.48056119
v -0.28843885 0.19298659 0.46804638
v -0.29309486 0.19900781 0.45499155
v -0.29976405 0.20673862 0.44308720
v -0.30821802 0.21586085 0.43314907
v -0.31814245 0.22601890 0.42567546
v -0.32915319 0.23681714 0.42101096
v -0.32456306 0.20048355 0.57195654
v -0.31683072 0.19137240 0.56226754
v -0.30996959 0.18385268 0.55032228
v -0.30457379 0.17853638 0.53722196
v -0.30094243 0.17555354 0.52467495
v -0.29837155 0.17572265 0.50184204
v -0.29767242 0.17846228 0.47903247
v -0.29953788 0.18309065 0.46660266
v -0.30308596 0.19010553 0.45368805
v -0.30826251 0.19916261 0.44199040
v -0.31489818 0.20990765 0.43228361
v -0.32274271 0.22191263 0.42508107
v -0.33149292 0.23472078 0.42071172
v -0.34083234 0.24781444 0.41933517
v -0.33236177 0.19591784 0.57108878
v -0.32665073 0.18561962 0.56118214
v -0.32151094 0.17707101 0.54904966
v -0.31740246 0.17099761 0.53580930
v -0.31455044 0.16755128 0.52317193
v -0.31225685 0.16756650 0.50031941
v -0.31127713 0.17045992 0.47755155
v -0.31236084 0.17555307 0.46519454
v -0.31462292 0.18332369 0.45242284
v -0.31807925 0.19339877 0.44090786
v -0.32261126 0.20538385 0.43144028
v -0.32804845 0.21879474 0.42450297
v -0.33420278 0.23313332 0.42042025
v -0.34089596 0.19295630 0.57027496
v -0.33740628 0.18188532 0.56016518
v -0.33416206 0.17267363 0.54785712
v -0.33145201 0.16611286 0.53448055
v -0.32946833 0.16237014 0.52178249
v -0.32746706 0.16228926 0.49890199
v -0.32619349 0.16528026 0.47615305
v -0.32641076 0.17066556 0.46388726
v -0.32727101 0.17892603 0.45123829
v -0.32883147 0.18966928 0.43990145
v -0.33105251 0.20245641 0.43064263
v -0.33386807 0.21677140 0.42395762
v -0.33716643 0.23209999 0.42014432
v -0.34984989 0.19172138 0.56956405
v -0.34868185 0.18032831 0.55926696
v -0.34742044 0.17084282 0.54678769
v -0.34618630 0.16408021 0.53330592
v -0.34511224 0.16021975 0.52054254
v -0.34342043 0.16007858 0.49764721
v -0.34183919 0.16312691 0.47489689
v -0.34114320 0.16863302 0.46271437
v -0.34052741 0.17709183 0.45018636
v -0.34010398 0.18811393 0.43900291
v -0.33991173 0.20122013 0.42994239
v -0.33997001 0.21593946 0.42347325
v -0.34027893 0.23167573 0.41989727
v -0.35886968 0.19226508 0.56894967
v -0.36004839 0.18100825 0.55851034
v -0.36078655 0.17164663 0.54590181
v -0.36104100 0.16496742 0.53232134
v -0.36088569 0.16115573 0.51948648
v -0.35948794 0.16105294 0.49655892
v -0.35760927 0.16406420 0.47386025
v -0.35599436 0.16952061 0.46172818
v -0.35388948 0.17789653 0.44929088
v -0.35146088 0.18879379 0.43824677
v -0.34884311 0.20176787 0.42934049
v -0.34611809 0.21629720 0.42306011
v -0.34341279 0.23185758 0.41968878
v -0.36761454 0.19456308 0.56848626
v -0.37107070 0.18389805 0.55792078
v -0.37375655 0.17505305 0.54521812
v -0.37544755 0.16875237 0.53156866
v -0.37617636 0.16516672 0.51867302
v -0.37506917 0.16513928 0.49573157
v -0.37289632 0.16807662 0.47305325
v -0.37039380 0.17330840 0.46095625
v -0.36685506 0.18130364 0.44860290
v -0.36248814 0.19168039 0.43765876
v -0.35749710 0.20403355 0.42888630
v -0.35208506 0.21786394 0.42274306
v -0.34645058 0.23265802 0.41952631
v -0.37576056 0.19851393 0.56818219
v -0.38133309 0.18888155 0.55753682
v -0.38581467 0.18092265 0.54476678
v -0.38884459 0.17527890 0.53105715
v -0.39039201 0.17209365 0.51814775
v -0.38957975 0.17219609 0.49518381
v -0.38710965 0.17500311 0.47250531
v -0.38379144 0.17983146 0.46045003
v -0.37890890 0.18717223 0.44814533
v -0.37274349 0.19666677 0.43727174
v -0.36555208 0.20794695 0.42857338
v -0.35762524 0.22056118 0.42252525
v -0.34927843 0.23403025 0.41941269
v -0.38297684 0.20399562 0.56803967
v -0.39042194 0.19577875 0.55736188
v -0.39650479 0.18902640 0.54455668
v -0.40072071 0.18428738 0.53083070
v -0.40300043 0.18167021 0.51791314
v -0.40243428 0.18196249 0.49494094
v -0.39971610 0.18457968 0.47225650
v -0.39566452 0.18883901 0.46021792
v -0.38959518 0.19527375 0.44793769
v -0.38183027 0.20356211 0.43707989
v -0.37269417 0.21336363 0.42842448
v -0.36254379 0.22429773 0.42242177
v -0.35177425 0.23593878 0.41935870
v -0.38897656 0.21078171 0.56805418
v -0.39800308 0.20431656 0.55740523
v -0.40541856 0.19906606 0.54461778
v -0.41063117 0.19544536 0.53089859
v -0.41352322 0.19351743 0.51797528
v -0.41315758 0.19402997 0.49500606
v -0.41023640 0.19642718 0.47232090
v -0.40556742 0.19999927 0.46026669
v -0.39850261 0.20531370 0.44797207
v -0.38940474 0.21209921 0.43711738
v -0.37864476 0.22007508 0.42844610
v -0.36664727 0.22892549 0.42243301
v -0.35386808 0.23828999 0.41935919
v -0.39355135 0.21860971 0.56826058
v -0.40376600 0.21418056 0.55766138
v -0.41221624 0.21064783 0.54493045
v -0.41818616 0.20831099 0.53124999
v -0.42154230 0.20716743 0.51833569
v -0.42132617 0.20797436 0.49537698
v -0.41825064 0.21007871 0.47268735
v -0.41311469 0.21286639 0.46059486
v -0.40529285 0.21689674 0.44826337
v -0.39517516 0.22195440 0.43735821
v -0.38318027 0.22782188 0.42863929
v -0.36976736 0.23425013 0.42256299
v -0.35546128 0.24100269 0.41942088
v -0.39653509 0.22716506 0.56864164
v -0.40749408 0.22497962 0.55812687
v -0.41661539 0.22334409 0.54547614
v -0.42307807 0.22241948 0.53185164
v -0.42674122 0.22214217 0.51898992
v -0.42663335 0.22322981 0.49603131
v -0.42345443 0.22504759 0.47331899
v -0.41801681 0.22696661 0.46119731
v -0.40970197 0.22958597 0.44879479
v -0.39891884 0.23274852 0.43780928
v -0.38611776 0.23629295 0.42898255
v -0.37179675 0.24008441 0.42279810
v -0.35649686 0.24398361 0.41953605
f 4 2 1
f 8 6 5
f 13 15 14
f 17 19 18
f 32 30 29
f 36 34 33
f 37 39 38
f 21 23 20
f 25 27 24
f 41 43 42
f 48 46 45
f 52 50 49
f 53 55 54
f 60 58 57
f 29 62 61
f 66 64 63
f 67 6 68
f 72 70 69
f 76 74 73
f 77 79 78
f 81 83 82
f 59 86 85
f 88 90 89
f 96 94 93
f 100 98 97
f 101 103 102
f 106 34 87
f 108 115 107
f 117 36 118
f 124 126 125
f 131 129 128
f 132 134 133
f 142 140 139
f 148 60 147
f 144 127 124
f 149 151 150
f 156 154 153
f 159 158 157
f 116 164 105
f 171 169 168
f 174 173 172
f 179 181 180
f 186 188 187
f 194 196 195
f 199 139 198
f 206 208 207
f 213 211 210
f 202 214 201
f 96 216 54
f 92 43 44
f 97 246 100
f 250 229 228
f 252 58 253
f 258 256 255
f 260 229 259
f 110 112 113
f 114 263 109
f 265 267 266
f 56 270 269
f 274 249 250
f 185 63 64
f 280 278 276
f 285 283 157
f 288 211 212
f 141 92 46
f 289 175 176
f 148 105 106
f 312 170 171
f 238 42 43
f 318 160 317
f 310 308 307
f 241 325 324
f 160 240 317
f 47 307 308
f 108 315 164
f 345 86 119
f 348 350 349
f 356 358 357
f 355 353 352
f 363 32 362
f 149 150 176
f 364 253 365
f 366 368 367
f 183 371 63
f 163 161 160
f 209 101 208
f 378 165 166
f 379 381 380
f 383 3 4
f 284 386 385
f 387 389 388
f 391 229 249
f 73 397 396
f 405 407 406
f 203 411 410
f 414 413 412
f 1 357 4
f 277 131 275
f 254 57 58
f 358 415 351
f 417 386 408
f 401 192 420
f 419 127 143
f 421 182 422
f 103 302 409
f 428 368 174
f 380 359 356
f 62 266 323
f 140 431 430
f 357 351 348
f 356 379 380
f 415 403 434
f 437 436 435
f 438 440 439
f 188 450 449
f 452 454 453
f 265 181 421
f 224 64 225
f 237 213 427
f 275 128 458
f 281 460 459
f 50 79 461
f 73 282 281
f 468 466 465
f 390 352 359
f 482 484 483
f 489 487 486
f 493 495 494
f 472 470 469
f 502 500 499
f 220 222 223
f 512 143 66
f 518 511 80
f 513 230 286
f 205 31 244
f 189 451 188
f 163 532 8
f 533 225 251
f 446 447 412
f 335 540 334
f 544 546 545
f 329 291 292
f 199 262 238
f 385 416 550
f 532 191 247
f 363 118 243
f 236 237 250
f 578 580 579
f 573 571 570
f 561 562 272
f 241 259 240
f 590 592 591
f 545 595 594
f 503 155 504
f 606 624 623
f 478 480 479
f 646 648 647
f 590 689 684
f 564 651 650
f 728 184 727
f 714 716 715
f 692 575 693
f 541 581 578
f 346 248 400
f 161 230 160
f 128 94 95
f 698 704 703
f 574 576 575
f 290 401 328
f 630 725 726
f 733 735 734
f 755 496 493
f 759 481 760
f 757 762 761
f 764 466 467
f 768 3808 3809
f 759 488 489
f 492 475 771
f 474 769 473
f 773 465 772
f 771 486 483
f 484 775 491
f 774 489 486
f 495 764 756
f 495 761 494
f 137 784 136
f 325 797 547
f 165 51 52
f 369 29 370
f 730 568 569
f 90 301 89
f 243 516 242
f 800 806 805
f 817 808 816
f 816 823 822
f 306 447 807
f 815 809 808
f 829 828 825
f 726 501 502
f 274 424 423
f 879 881 880
f 884 879 885
f 219 217 211
f 906 904 897
f 455 205 542
f 898 830 829
f 903 880 881
f 906 897 898
f 377 519 165
f 923 948 946
f 946 951 950
f 3519 739 3517
f 900 886 880
f 225 65 144
f 182 442 422
f 809 947 824
f 954 962 961
f 927 965 966
f 885 880 886
f 925 966 967
f 343 341 340
f 965 971 968
f 968 970 969
f 972 969 973
f 963 981 978
f 336 338 339
f 992 827 828
f 810 996 959
f 1007 1002 1008
f 1012 827 1009
f 1011 1007 1008
f 294 292 291
f 907 920 919
f 1017 1019 1018
f 1020 1022 1021
f 1035 1020 1044
f 1061 1047 1046
f 1063 1046 1062
f 1044 1021 1045
f 1102 1097 1109
f 1116 1118 1117
f 1016 1014 1013
f 881 904 903
f 816 1127 817
f 1094 949 1097
f 514 167 515
f 146 81 82
f 1133 1130 1129
f 1102 1126 822
f 822 1116 816
f 1145 1148 1136
f 1076 1151 1069
f 1148 1086 1087
f 1109 1114 1136
f 1154 1156 1155
f 1153 967 1156
f 3464 463 3714
f 1144 1152 1151
f 1156 1163 1162
f 1164 1169 1165
f 1145 1176 1147
f 1114 1154 1171
f 1183 1164 1177
f 1184 1177 1185
f 1069 1062 1064
f 1023 1194 1022
f 1162 1170 1169
f 1195 1185 1191
f 1183 1176 1155
f 1201 1152 1196
f 1061 1201 1202
f 3825 843 3836
f 1203 1195 1034
f 1202 1184 1195
f 1218 1203 1217
f 1060 1202 1203
f 1225 1217 1219
f 671 694 670
f 1219 1024 1035
f 1217 1034 1024
f 1226 1015 1227
f 1243 1234 1233
f 1231 1229 1228
f 847 1233 843
f 843 1244 878
f 1233 1245 1244
f 1923 233 216
f 2100 499 500
f 3914 2135 3900
f 61 323 505
f 210 217 457
f 1299 1309 1300
f 3863 1231 3862
f 1066 1321 1322
f 1322 1228 1229
f 1060 1321 1047
f 1325 1323 1310
f 1244 1332 1330
f 1290 1242 1288
f 1337 1339 1338
f 1330 1340 1339
f 1341 1245 1294
f 1342 1332 1341
f 1343 1341 1344
f 1344 1294 1293
f 3857 1345 1346
f 1347 1342 1343
f 3856 1295 1345
f 1349 1348 1347
f 3861 1347 3853
f 3853 1343 3857
f 906 829 1353
f 905 1353 1354
f 865 1355 1357
f 1355 829 825
f 1357 825 826
f 1356 1353 1355
f 3834 1338 3833
f 866 1356 865
f 1358 1354 1356
f 3828 1337 3834
f 838 1012 841
f 1363 1338 1339
f 1368 1339 1340
f 1348 1340 1342
f 1371 3824 3829
f 524 526 523
f 528 530 527
f 1372 1369 1371
f 535 537 538
f 1367 1348 1350
f 1370 1359 1369
f 1369 3833 3824
f 1373 903 904
f 555 557 558
f 1374 910 1373
f 1373 905 1375
f 1374 1375 1376
f 1375 1354 1370
f 1378 908 1377
f 376 651 1387
f 1388 973 969
f 586 588 585
f 1390 1388 1391
f 1391 969 970
f 597 599 596
f 600 602 603
f 1392 970 979
f 608 610 607
f 612 523 611
f 614 616 613
f 617 25 24
f 620 622 619
f 1397 1391 1392
f 1398 1392 1399
f 1400 920 1378
f 1402 1165 1169
f 636 638 635
f 930 1402 929
f 641 643 644
f 929 1169 1170
f 1404 1403 1402
f 1411 1365 1406
f 1412 1415 1414
f 652 654 655
f 609 657 658
f 659 661 662
f 558 586 585
f 665 667 664
f 1413 1406 1412
f 1418 3810 3813
f 1417 1371 1416
f 1416 3829 3810
f 1419 1416 1418
f 1386 1374 1420
f 677 679 676
f 1385 1420 1421
f 1420 1376 1422
f 685 687 688
f 1421 1422 1423
f 528 691 658
f 1422 1372 1417
f 1018 747 1425
f 699 701 702
f 1424 579 1017
f 3663 1767 3660
f 700 711 712
f 1093 3754 1571
f 717 530 719
f 721 723 720
f 704 3543 3554
f 19 1426 1430
f 1429 1427 1426
f 1658 3542 3544
f 1439 1434 1438
f 1437 1435 1434
f 1426 1433 1432
f 1442 1432 1440
f 742 744 745
f 1432 1441 1440
f 751 753 750
f 1438 1403 1405
f 1446 1444 1443
f 1447 1446 1443
f 3860 1443 3848
f 1415 1445 1446
f 1414 1446 1448
f 2173 469 470
f 777 779 686
f 780 782 783
f 1676 1806 1675
f 3859 1349 3861
f 789 791 788
f 745 793 742
f 652 795 653
f 1455 1457 1456
f 1454 1350 1452
f 610 802 801
f 3831 698 703
f 1352 1045 1351
f 1015 1459 1460
f 811 813 814
f 2118 3817 2117
f 819 821 818
f 1466 1194 1190
f 1467 1465 1466
f 1182 1468 1467
f 832 833 831
f 835 837 834
f 1467 1190 1182
f 1469 1444 1445
f 840 712 690
f 1453 1469 1454
f 599 845 846
f 1226 3849 3855
f 851 853 850
f 855 856 854
f 858 860 857
f 861 863 864
f 1014 3855 3858
f 867 868 869
f 870 872 873
f 874 876 877
f 1310 1471 1309
f 1476 1427 1475
f 1461 1475 1460
f 887 889 890
f 788 892 891
f 894 896 893
f 1460 1227 1015
f 901 524 612
f 1465 1477 1464
f 1865 3500 1864
f 911 913 914
f 916 918 915
f 1850 3507 1851
f 921 895 894
f 1479 1436 1478
f 926 667 601
f 1481 563 1480
f 269 84 1482
f 931 933 916
f 934 614 869
f 936 688 937
f 938 662 939
f 1484 122 123
f 941 835 834
f 320 509 510
f 1849 3505 1850
f 84 1484 83
f 1487 1488 539
f 1757 3502 3509
f 365 1491 364
f 461 80 511
f 117 362 1496
f 1494 541 1495
f 926 957 958
f 1477 1433 1476
f 1709 1585 1700
f 119 1496 345
f 271 504 156
f 511 189 186
f 345 1492 365
f 255 344 254
f 57 299 132
f 1501 268 1500
f 267 1499 145
f 974 976 977
f 1678 1693 1676
f 3846 1807 3840
f 557 663 558
f 983 984 985
f 1443 3849 3848
f 421 268 265
f 989 991 988
f 1490 418 1504
f 279 309 310
f 997 676 679
f 998 999 875
f 1504 38 1505
f 1506 1507 1486
f 360 1508 1506
f 1506 207 360
f 939 1006 938
f 270 1483 269
f 66 546 512
f 1010 793 935
f 367 437 1509
f 244 363 243
f 1670 3534 1669
f 209 1510 226
f 235 1512 1511
f 1511 234 235
f 388 426 425
f 427 250 237
f 161 521 231
f 100 45 44
f 1025 608 1027
f 1029 1031 1028
f 939 1033 1032
f 41 594 99
f 1036 783 1037
f 702 1038 1039
f 1040 1042 1043
f 362 369 1493
f 187 477 186
f 70 539 198
f 1511 1521 234
f 1049 603 1048
f 613 869 614
f 860 1051 857
f 1005 1053 1006
f 753 1056 1054
f 1057 1059 1055
f 293 1522 292
f 288 1521 1522
f 292 1523 329
f 331 1508 1524
f 306 453 305
f 100 41 99
f 462 78 79
f 330 1524 462
f 635 1068 636
f 1485 1526 1528
f 206 1528 1510
f 1070 1072 831
f 942 1073 1074
f 916 1075 917
f 440 1530 439
f 157 1514 285
f 1529 5 1530
f 371 546 63
f 790 663 791
f 1077 857 1078
f 1403 1435 1165
f 1080 1082 1079
f 531 1529 440
f 21 1084 1085
f 272 1531 561
f 137 396 397
f 690 802 691
f 335 3567 581
f 1090 1029 1091
f 1092 794 1042
f 1533 137 138
f 661 1095 1096
f 69 445 72
f 1099 1101 1098
f 38 1536 1505
f 1104 1106 1103
f 852 1108 853
f 1377 909 1386
f 291 411 294
f 316 516 33
f 539 1533 534
f 1505 316 313
f 1110 1112 1113
f 1539 460 264
f 522 1537 1539
f 834 1120 1119
f 1122 1124 1121
f 612 1041 901
f 935 615 614
f 276 130 131
f 1686 3522 1685
f 193 1541 273
f 231 1540 287
f 556 982 557
f 365 85 345
f 190 318 1541
f 1810 3574 3528
f 3924 3512 3791
f 1132 985 1131
f 208 102 132
f 1134 662 661
f 1491 80 77
f 429 1542 147
f 1137 915 918
f 172 428 174
f 1139 1141 1142
f 549 54 55
f 1517 1518 296
f 976 1146 938
f 834 984 941
f 1543 286 115
f 1544 239 513
f 133 1544 1542
f 506 257 258
f 420 328 401
f 1158 1160 1157
f 587 1103 588
f 1513 1514 151
f 607 1027 608
f 304 1545 303
f 364 77 506
f 69 198 139
f 1006 976 938
f 700 1112 701
f 3877 3525 3787
f 1166 657 656
f 1167 858 1077
f 1300 3524 1299
f 1172 1174 1175
f 218 200 217
f 1179 1181 1178
f 372 97 98
f 89 227 88
f 1186 1188 1189
f 172 1517 1549
f 1482 81 1498
f 1090 1193 1030
f 394 353 1551
f 526 1198 1197
f 811 858 812
f 1199 1026 1025
f 606 697 696
f 1204 1206 743
f 1207 523 526
f 1209 867 613
f 914 685 936
f 1478 1441 1477
f 1029 1161 1091
f 1211 1213 1214
f 3858 1451 3859
f 844 1216 845
f 423 273 274
f 1220 1222 1083
f 22 1224 23
f 882 897 881
f 1519 173 387
f 1189 1232 1178
f 349 550 416
f 1071 1236 1072
f 1237 1239 745
f 1221 1189 1240
f 1510 1512 333
f 939 1241 1005
f 1556 5 67
f 1553 394 1551
f 404 67 347
f 1247 1249 1246
f 142 238 92
f 1251 635 1250
f 850 1253 851
f 1254 1077 1255
f 57 133 429
f 443 552 551
f 1187 1175 1188
f 1256 831 833
f 432 382 383
f 741 747 746
f 434 351 415
f 349 383 348
f 251 1481 1480
f 395 352 353
f 1518 1550 1551
f 1558 378 340
f 109 314 315
f 285 1513 407
f 395 393 392
f 202 410 1558
f 417 405 432
f 1246 1258 1247
f 3 297 2
f 1259 1261 1262
f 403 347 284
f 955 953 952
f 462 51 330
f 1096 687 1263
f 429 60 57
f 896 1265 932
f 1267 1268 1266
f 423 327 420
f 37 180 40
f 20 1187 1186
f 1256 1071 1070
f 155 156 504
f 1188 1269 1232
f 1236 1271 1262
f 1272 535 621
f 565 463 464
f 1273 745 1239
f 876 1255 1274
f 316 164 315
f 437 503 1509
f 194 1495 197
f 1275 864 863
f 624 631 630
f 1277 1137 1278
f 569 567 566
f 1481 125 366
f 324 547 326
f 1279 1107 1280
f 1525 329 1523
f 1281 1137 918
f 171 1553 1552
f 1488 396 1533
f 1557 1562 1559
f 1282 1206 1205
f 1053 1278 1281
f 778 607 1283
f 713 3566 3569
f 251 144 124
f 4 348 383
f 709 707 706
f 728 45 246
f 261 1563 544
f 789 1287 790
f 74 263 282
f 403 385 434
f 1178 1240 1189
f 1223 1289 1224
f 158 150 151
f 1220 1186 1221
f 296 354 433
f 784 1538 1566
f 1181 1291 1222
f 1269 1257 1246
f 1566 438 399
f 136 1566 1564
f 1563 169 1565
f 107 109 108
f 1297 1298 1296
f 1464 1476 1461
f 1520 507 508
f 1301 1303 1304
f 1306 1308 1305
f 175 1532 272
f 1532 200 201
f 1311 1312 1313
f 872 1315 1316
f 1317 1318 1319
f 3836 878 3828
f 1305 864 1276
f 1040 863 1320
f 1564 399 169
f 592 1575 591
f 591 1088 689
f 1581 1583 1582
f 1196 1147 1176
f 710 583 713
f 285 408 386
f 953 961 963
f 1594 1589 1593
f 1585 1587 1586
f 1592 1590 1589
f 3885 944 3899
f 1600 1598 1597
f 1604 1602 1601
f 1399 979 980
f 1589 1596 1595
f 1610 1608 1607
f 298 361 360
f 551 276 277
f 1627 3814 3819
f 859 818 860
f 1078 1328 1329
f 1555 1530 1556
f 572 680 681
f 772 776 774
f 977 918 917
f 404 392 393
f 1054 750 753
f 1644 1643 1642
f 932 1082 933
f 1067 1334 1068
f 1540 264 114
f 597 643 1336
f 471 762 470
f 1642 3831 3842
f 1644 3842 3843
f 923 950 927
f 96 548 95
f 520 522 521
f 445 443 442
f 849 848 842
f 480 755 493
f 1646 481 1639
f 311 1567 170
f 464 3497 3495
f 3497 1361 3495
f 234 236 235
f 190 192 191
f 153 152 149
f 231 286 230
f 1552 1551 1550
f 760 1648 488
f 3832 1649 3830
f 828 826 825
f 52 166 165
f 1663 1661 1660
f 287 115 286
f 668 670 669
f 634 640 639
f 553 559 554
f 118 33 516
f 492 491 490
f 3552 1651 3553
f 582 584 583
f 384 392 415
f 1381 1383 1380
f 1562 435 436
f 952 951 947
f 3529 583 584
f 1660 1667 1666
f 1394 1396 1393
f 1660 1664 1663
f 1671 1669 1668
f 1624 1673 1672
f 1407 1409 1410
f 1677 1675 1674
f 1613 1677 1625
f 1679 1676 1677
f 1626 3811 3814
f 534 198 539
f 176 150 159
f 803 734 800
f 400 191 192
f 65 143 144
f 3526 1656 3540
f 402 157 283
f 629 627 626
f 461 49 50
f 758 495 756
f 796 786 785
f 406 1513 1560
f 342 166 167
f 1694 1658 1695
f 1692 1694 1696
f 3557 1652 3552
f 3921 1703 3923
f 326 302 90
f 3916 1702 1706
f 3919 1698 1701
f 1699 3927 3918
f 1557 1560 1561
f 1127 1117 1128
f 400 289 346
f 1706 1707 1708
f 1707 1599 1600
f 1709 1708 1588
f 1714 1711 1713
f 3919 1709 1700
f 1704 1577 1703
f 1716 1713 1715
f 1559 1549 297
f 1722 1720 1719
f 1335 596 1489
f 410 377 378
f 973 1163 972
f 168 399 398
f 1571 1089 1093
f 1572 682 1571
f 749 647 754
f 1730 1723 1729
f 1594 1729 1592
f 1729 1591 1592
f 1731 1730 1583
f 1384 1377 1379
f 1732 1712 1714
f 1724 1731 1732
f 1712 1731 1580
f 1722 1732 1733
f 1721 1733 1734
f 1734 1716 1717
f 1735 1736 1697
f 1733 1714 1716
f 1663 1741 1668
f 1742 1740 1743
f 1738 1737 1735
f 1665 1666 1740
f 1665 1744 1664
f 1725 1746 1745
f 1591 1745 1590
f 1590 1747 1596
f 1745 1748 1747
f 1659 3538 3542
f 3287 3545 3282
f 1185 1182 1190
f 1664 1749 1741
f 1741 1739 1738
f 1746 1743 1748
f 1726 1742 1746
f 1153 924 925
f 1115 1153 1154
f 1654 3575 1655
f 1896 3549 1686
f 1720 1744 1726
f 1721 1749 1720
f 1750 1701 1698
f 1697 1750 1696
f 1151 1063 1062
f 1751 1670 1671
f 1695 1752 1751
f 961 986 981
f 1770 1768 1767
f 1766 1593 1765
f 1731 1579 1580
f 1579 1774 1578
f 3928 1771 3929
f 1764 3928 3917
f 1777 1775 1774
f 3762 1699 1700
f 1004 1128 1003
f 1774 1771 1772
f 987 1399 980
f 1578 1772 1764
f 1783 1781 1778
f 1597 1770 1767
f 639 3895 3884
f 3928 1769 1770
f 1793 1789 1788
f 3929 1798 1769
f 3508 3773 1806
f 1802 3924 3922
f 1788 1794 1793
f 1793 1795 1776
f 3773 1675 1806
f 1584 1783 1789
f 1771 3920 3929
f 1801 1798 1800
f 1768 1798 1799
f 1775 1797 1771
f 508 515 1520
f 1796 1802 1797
f 1800 3920 3922
f 1794 1804 1795
f 3532 1752 3547
f 485 1807 775
f 3809 1640 768
f 3837 1810 1653
f 485 1640 1808
f 1690 3770 3772
f 487 1648 1811
f 3839 1816 3822
f 3838 1648 3830
f 3839 1811 3838
f 1812 487 1811
f 1641 767 768
f 465 755 776
f 767 3823 3808
f 3822 3826 3847
f 1809 1815 767
f 3837 1651 3840
f 675 3541 3496
f 1814 1822 1821
f 1821 3821 3820
f 1824 1649 1825
f 1827 1850 1805
f 1668 1662 1663
f 1779 1848 1828
f 1790 1805 1794
f 1833 1853 1852
f 3521 693 575
f 1614 1616 1617
f 1852 3498 3501
f 1620 1622 1623
f 1855 1574 1861
f 1847 3501 3513
f 1766 1855 1782
f 1629 1631 1628
f 1633 1634 1632
f 1635 1637 1638
f 1848 1852 1847
f 1855 1863 1862
f 1803 1867 1802
f 1862 1831 1832
f 1782 1862 1781
f 3922 1865 1800
f 1873 1870 1869
f 1874 799 804
f 2045 3897 2044
f 1219 1295 1225
f 1615 1396 1395
f 3884 1877 1876
f 645 3786 3559
f 1345 1035 1346
f 634 3884 3880
f 15 1327 14
f 3910 1878 1893
f 1894 605 1893
f 3506 627 693
f 3560 645 3559
f 340 454 1558
f 1897 195 1898
f 1889 1877 1890
f 1901 129 1900
f 196 754 232
f 1705 3921 3916
f 340 166 343
f 1570 563 561
f 1904 194 1897
f 1781 1832 1780
f 1905 55 1906
f 1000 995 996
f 986 920 987
f 1191 1190 1194
f 2094 2075 2093
f 1920 1919 1915
f 453 1912 1911
f 1915 1918 1916
f 3882 2106 3901
f 1655 3531 1868
f 1916 1926 1925
f 704 3561 703
f 278 1925 1900
f 3565 1818 1820
f 1097 1115 1114
f 1927 727 1923
f 3578 3654 3758
f 1920 307 1929
f 1929 48 728
f 503 1497 1509
f 1902 787 796
f 1816 3820 3826
f 1925 1923 1924
f 1535 1568 1534
f 254 258 255
f 1509 366 367
f 119 35 36
f 219 293 294
f 141 47 431
f 542 244 245
f 1940 430 431
f 1779 1827 1790
f 1701 3915 3919
f 1661 3515 1667
f 270 754 647
f 197 749 196
f 1727 1212 1211
f 53 232 754
f 1465 1479 1478
f 1284 3854 1293
f 1951 412 413
f 168 1554 1553
f 1486 206 207
f 506 78 361
f 994 1007 993
f 951 963 964
f 1013 3861 1351
f 3826 1820 1818
f 1498 1954 1482
f 299 543 132
f 1754 1756 1753
f 1681 1683 1682
f 1696 1695 1697
f 13 738 737
f 473 475 474
f 482 768 1640
f 204 30 205
f 1761 820 819
f 611 1125 612
f 1501 1908 1909
f 1074 711 699
f 1960 82 83
f 120 1960 123
f 35 87 34
f 1773 1025 1031
f 1965 1569 1535
f 494 471 479
f 1966 1969 1968
f 446 1971 1967
f 174 125 126
f 1580 1578 1577
f 1785 1787 1784
f 1972 304 305
f 1254 875 999
f 1973 342 514
f 321 1973 509
f 1910 275 1907
f 509 514 508
f 1486 1527 1485
f 1974 804 1975
f 1977 1974 1978
f 1980 1966 1981
f 379 2 295
f 1718 1710 1701
f 884 992 883
f 1680 1678 1679
f 902 525 524
f 344 256 299
f 135 137 136
f 236 228 333
f 448 1967 1966
f 589 604 584
f 910 908 907
f 1981 1968 1987
f 1982 1987 1979
f 1988 1987 1989
f 1990 1989 1991
f 1991 1993 1992
f 322 320 319
f 992 830 883
f 1144 1086 1143
f 1995 1978 1994
f 1133 1118 1126
f 1997 1994 1996
f 870 1335 1489
f 805 1982 1998
f 727 2000 1999
f 1996 1988 1990
f 1994 1979 1988
f 1829 792 1273
f 1830 941 983
f 798 800 799
f 729 731 730
f 2011 2023 2022
f 1834 846 1159
f 402 284 347
f 2022 2024 2025
f 1838 989 988
f 810 952 809
f 1823 1840 644
f 1430 1432 1431
f 1215 1841 1079
f 149 176 177
f 1316 873 872
f 2112 1384 2106
f 1842 1844 1845
f 1159 845 1160
f 837 1846 1120
f 1971 2030 2027
f 517 370 189
f 858 833 812
f 1471 2027 1888
f 3551 626 627
f 2174 770 490
f 935 1854 1010
f 1613 1611 1618
f 1231 1225 1295
f 1856 891 892
f 1300 748 741
f 1150 1858 1859
f 1643 696 1642
f 1215 1264 1216
f 1320 902 901
f 1956 1944 1960
f 2031 669 1474
f 2034 1310 1299
f 1879 1656 1657
f 40 242 39
f 1992 2039 1456
f 888 957 889
f 1882 1996 1990
f 1078 1255 1077
f 1871 1192 1090
f 294 218 219
f 1323 2026 1471
f 123 83 1484
f 1324 2041 1323
f 384 359 352
f 1324 2038 2036
f 1883 1885 1829
f 287 114 107
f 1096 1134 661
f 915 931 916
f 806 1981 1982
f 3533 584 604
f 1425 2042 1018
f 1018 1948 1017
f 3562 740 3519
f 1948 649 646
f 1881 1990 1991
f 1900 130 278
f 992 994 993
f 923 925 924
f 3878 2047 3876
f 1643 625 606
f 2050 2051 2049
f 2045 1404 2047
f 3876 945 3885
f 1139 1079 1841
f 1037 892 982
f 2055 2057 2056
f 1198 718 717
f 1619 1612 1611
f 2058 1606 2059
f 2059 1607 2058
f 2058 1624 1605
f 71 179 37
f 405 1557 382
f 976 1006 977
f 322 1972 1911
f 2061 2063 2062
f 2066 2067 1825
f 2052 2064 2051
f 1609 2066 1647
f 1515 152 1516
f 1009 993 1007
f 1644 3815 2118
f 279 1916 278
f 1285 3862 1284
f 1647 1825 1649
f 2056 2067 2065
f 319 1953 1952
f 667 1913 1914
f 2070 625 2048
f 2052 2055 2063
f 2038 1655 1458
f 1606 2073 2072
f 1235 1270 1236
f 2072 2075 2074
f 2059 2072 2062
f 2074 2077 2076
f 1601 2078 2073
f 2049 1643 1645
f 1000 1001 994
f 1089 684 689
f 1931 1306 1930
f 1462 1021 1022
f 1932 1934 1935
f 875 1846 998
f 1936 1937 1938
f 44 46 92
f 1534 1956 120
f 1541 317 391
f 2081 2084 2083
f 146 1959 300
f 1360 1942 1361
f 985 1032 1033
f 1995 1892 2043
f 2079 2082 2081
f 2095 2076 2077
f 2081 2078 2079
f 2055 2054 2053
f 501 2095 500
f 2097 2099 2098
f 2098 2094 2083
f 2140 3893 3866
f 2141 3894 3893
f 2051 2048 2049
f 592 2101 1576
f 2071 2076 2096
f 2102 2098 2101
f 593 2102 592
f 1019 746 747
f 1950 12 1327
f 725 2096 501
f 1385 2104 1379
f 1379 2106 1384
f 2107 2100 2097
f 3908 502 3896
f 3896 499 3901
f 940 2109 944
f 928 1170 973
f 3868 684 3899
f 1962 1964 1961
f 3878 573 3897
f 2039 1968 1969
f 1389 2110 2109
f 1398 2113 1397
f 3757 3753 3743
f 3911 2107 2103
f 949 924 1115
f 260 324 326
f 1390 2113 2110
f 2070 2064 2071
f 3867 2103 593
f 2105 1421 2114
f 2114 1423 2115
f 3892 2115 3903
f 3908 2114 3892
f 554 1902 553
f 972 967 966
f 1765 1573 1574
f 1984 1986 1983
f 2053 2069 2057
f 3573 724 714
f 1625 1674 1673
f 3881 2119 2122
f 3903 2123 3904
f 56 1906 55
f 626 3879 629
f 2001 2003 2004
f 3912 2127 3907
f 2006 2008 2009
f 2127 1412 2128
f 2014 2016 2017
f 2018 2020 2021
f 1495 1947 197
f 1379 1386 1385
f 3814 1680 1618
f 2029 1884 2028
f 3902 2120 3887
f 629 3914 3872
f 682 943 1089
f 724 2121 716
f 1757 3821 3845
f 765 3844 3809
f 3851 715 3852
f 706 3870 3872
f 981 987 980
f 1457 1656 1880
f 2017 2032 2033
f 1458 1868 1457
f 1776 1792 1793
f 1959 1946 1958
f 3663 3725 3661
f 3913 2122 3850
f 1093 689 1088
f 966 968 972
f 3852 3881 3913
f 2172 2170 2171
f 670 2137 669
f 3761 1903 233
f 1429 28 1449
f 964 978 971
f 3841 1413 2127
f 1473 669 2137
f 3834 1359 1358
f 2138 1870 2137
f 1872 2137 1870
f 715 3888 3881
f 1881 1992 1880
f 3843 739 740
f 1837 3513 3514
f 253 59 85
f 1808 3840 1807
f 1647 3818 1609
f 3865 671 668
f 2112 3883 2111
f 1405 2044 1438
f 3829 1364 1366
f 273 391 249
f 576 3520 3555
f 3875 668 2031
f 1430 2140 2139
f 2136 3860 28
f 1430 18 19
f 3893 570 695
f 1442 2046 2141
f 1431 2141 2140
f 3869 3850 2136
f 3808 1817 766
f 3866 695 671
f 2142 798 2138
f 571 2142 694
f 3819 1618 1611
f 2143 2025 2142
f 694 2138 670
f 681 2144 572
f 2144 2022 2143
f 328 457 290
f 1572 2011 2144
f 630 3903 624
f 2085 2087 2088
f 2090 2092 2089
f 572 2143 571
f 1875 2153 2149
f 1873 2149 2154
f 2103 2097 2102
f 2157 2155 2156
f 2128 1414 2120
f 3874 589 582
f 3872 628 629
f 2149 2158 2159
f 2159 3905 3890
f 698 3902 705
f 3823 3827 1817
f 2158 3874 3905
f 1438 2046 1439
f 2035 2160 2161
f 2161 3889 3886
f 3871 605 589
f 3873 18 3875
f 370 61 451
f 649 413 648
f 2153 2156 2158
f 1428 1449 1450
f 1490 73 1488
f 3890 710 633
f 2155 3891 3871
f 1456 1880 1992
f 2125 2087 2124
f 2160 3890 3889
f 300 505 323
f 1064 1046 1065
f 2043 1891 2155
f 2129 2004 2003
f 2131 2133 2134
f 3848 1450 1449
f 1998 804 805
f 3879 3864 3914
f 474 490 770
f 1164 1182 1177
f 707 3909 3870
f 708 2162 707
f 2162 3886 3909
f 548 1905 458
f 1145 1114 1171
f 705 1650 704
f 2043 1977 1995
f 737 554 559
f 1034 1191 1023
f 458 1907 275
f 195 232 233
f 2040 1969 1970
f 2145 2147 2148
f 2054 2049 1645
f 3832 1639 3818
f 9 11 10
f 252 506 258
f 472 479 471
f 1865 3791 3503
f 900 910 907
f 1941 2151 1942
f 1921 1927 1919
f 2163 1898 2116
f 271 153 178
f 1904 12 9
f 282 264 460
f 1872 2154 2035
f 1326 1897 2163
f 628 693 627
f 1724 1719 1723
f 1549 436 172
f 1582 1730 1729
f 1921 1929 1928
f 3563 10 11
f 2152 1950 1949
f 475 774 771
f 769 2171 473
f 2171 476 473
f 476 772 475
f 1791 464 1760
f 2166 2168 2169
f 595 372 98
f 483 1641 482
f 762 2173 470
f 771 484 492
f 486 1809 483
f 297 1517 296
f 763 2174 762
f 776 759 489
f 184 2176 2000
f 412 303 414
f 2005 185 224
f 3811 1682 3846
f 2164 756 764
f 1472 2161 2162
f 950 964 965
f 2177 2179 2180
f 227 1510 333
f 764 467 2164
f 2182 2184 2181
f 2186 2018 2185
f 1985 2181 1986
f 214 729 1531
f 1545 1546 1569
f 865 842 866
f 849 1357 1362
f 452 1558 454
f 559 3188 737
f 16 737 3188
f 560 498 374
f 3193 3195 3194
f 3200 3198 3199
f 3211 3213 3212
f 3215 3217 3216
f 2187 2002 2001
f 2169 2189 2190
f 2192 2085 2191
f 2193 2195 2196
f 2198 2200 2197
f 1998 1979 1975
f 3664 3668 3671
f 2116 1903 1902
f 1859 2009 1150
f 3904 2126 3906
f 1135 1087 1130
f 2201 2015 2014
f 1149 110 1858
f 3221 3218 3215
f 2203 2205 2206
f 579 1895 1019
f 1755 2208 1756
f 3891 1893 605
f 1211 2150 1727
f 868 2210 2209
f 944 930 940
f 2130 2202 2201
f 233 1898 195
f 665 750 666
f 1167 999 618
f 2211 2213 2214
f 2215 2217 2218
f 3867 590 3868
f 2220 220 2219
f 823 948 1094
f 3225 3227 3226
f 266 455 265
f 3882 2107 3883
f 2221 3519 3517
f 2223 2225 2226
f 2207 2124 2208
f 673 3869 3864
f 817 996 815
f 2227 2146 2145
f 1947 646 749
f 3900 17 3873
f 2229 1638 1381
f 1679 1618 1680
f 1637 2232 2230
f 2233 1617 1616
f 2231 2236 2237
f 1381 2238 1382
f 3586 2242 3587
f 1630 2233 1631
f 1681 472 469
f 1408 2243 2244
f 3236 3238 3237
f 3232 3240 3235
f 1637 2238 1638
f 3237 3233 3234
f 1409 1634 2245
f 1380 2247 2246
f 1628 2245 1621
f 2249 1622 1633
f 1632 1408 2244
f 2248 1631 2250
f 2235 1637 1636
f 3245 3199 3198
f 631 2071 725
f 515 52 49
f 782 2251 1251
f 2253 2255 2252
f 397 459 784
f 1456 2040 1455
f 2040 2036 1455
f 1401 2111 1398
f 2041 1970 2026
f 1535 414 1965
f 1586 2080 2079
f 2256 1132 1886
f 1700 3918 3919
f 3815 1686 3817
f 1263 1886 1096
f 598 844 599
f 2257 2259 2260
f 2258 2262 2259
f 2259 2263 2216
f 2260 2216 2215
f 1967 1970 1969
f 2212 1963 2213
f 922 2218 2217
f 1312 1101 2264
f 1307 1286 789
f 1548 1546 1972
f 2266 2268 2265
f 2265 2270 2269
f 2272 2269 2271
f 2273 2265 2272
f 2275 2277 2274
f 2278 2277 2279
f 2284 3617 3639
f 2287 2286 2281
f 2288 2283 2287
f 2290 3639 3620
f 2291 2293 2294
f 2295 2294 2279
f 2296 2291 2295
f 2297 2292 2291
f 2294 2299 2300
f 2279 2300 2278
f 2298 2302 2292
f 2292 2303 2293
f 2293 2304 2299
f 2304 2306 2299
f 2306 2300 2299
f 2308 2310 2307
f 2302 2310 2303
f 2301 2307 2302
f 2312 2307 2311
f 2313 2315 2316
f 2318 2320 2317
f 3748 2322 2323
f 2324 2273 2326
f 2313 2326 2327
f 2328 2313 2316
f 2329 2324 2328
f 2331 2333 2330
f 2330 2267 2266
f 2325 2266 2273
f 2329 2330 2325
f 2333 2335 2267
f 2336 2333 2332
f 2338 2332 2337
f 2331 2337 2332
f 2329 2339 2331
f 2328 2340 2329
f 2316 2341 2328
f 2342 2315 2343
f 2344 2346 2347
f 2341 2347 2340
f 2342 2344 2341
f 2348 2345 2344
f 2350 2352 2353
f 2339 2353 2337
f 2340 2350 2339
f 2347 2351 2350
f 2337 2354 2338
f 2353 2355 2354
f 2356 2276 2357
f 2356 2358 2359
f 2356 2296 2295
f 2279 2356 2295
f 2360 2270 2268
f 2267 2360 2268
f 2362 2364 2365
f 2362 2361 2358
f 2366 2358 2357
f 2366 2363 2362
f 2357 2368 2366
f 2366 2369 2367
f 2276 2370 2368
f 2368 2282 2369
f 2372 2374 2371
f 2375 2377 2007
f 2378 2380 2381
f 2382 2381 2383
f 2384 2378 2382
f 2385 2379 2378
f 2388 2390 2387
f 2387 2392 2391
f 2393 2387 2391
f 2394 2388 2387
f 2186 2402 2400
f 2403 2327 2326
f 2272 2326 2273
f 2271 2403 2272
f 2405 2404 2403
f 2404 2408 2327
f 2409 2411 2412
f 2409 2271 2269
f 2413 2269 2270
f 2413 2410 2409
f 2417 2416 2418
f 2417 2406 2405
f 2412 2405 2271
f 2411 2417 2412
f 2406 2407 2404
f 3569 632 713
f 2420 2397 2421
f 2420 2423 2422
f 2424 2422 2419
f 2424 2398 2420
f 2425 2392 2426
f 2421 2426 2423
f 2397 2425 2421
f 2396 2391 2425
f 2427 2315 2314
f 2427 2408 2428
f 2430 2428 2429
f 2343 2427 2430
f 2432 2430 2431
f 2431 2429 2433
f 2435 2433 2434
f 2436 2431 2435
f 2428 2407 2437
f 2422 2407 2419
f 2438 2422 2423
f 2429 2437 2438
f 2440 2433 2439
f 2441 2433 2429
f 2442 2439 2441
f 2443 2440 2439
f 2445 2444 2443
f 2447 2443 2442
f 2383 2445 2447
f 2381 2446 2445
f 2448 2423 2426
f 2449 2426 2392
f 2441 2449 2442
f 2441 2438 2448
f 2449 2390 2450
f 2450 2389 2451
f 2447 2451 2383
f 2442 2450 2447
f 2451 2453 2452
f 2452 2455 2454
f 2382 2454 2384
f 2383 2452 2382
f 2456 2373 2372
f 2459 2461 2458
f 2463 2465 2462
f 2462 2285 2284
f 2466 2284 2290
f 2467 2462 2466
f 2461 3703 3701
f 2468 2470 2471
f 2472 2471 2473
f 2474 3701 3688
f 2475 2477 2478
f 2458 2453 2479
f 2479 2389 2388
f 2395 2479 2388
f 2480 2458 2479
f 2481 2483 2478
f 2484 2485 221
f 2471 2464 2463
f 2473 2463 2467
f 2487 2466 2486
f 2486 2290 2488
f 2490 2488 2489
f 2491 2486 2490
f 2492 2467 2487
f 2493 2487 2491
f 2494 2492 2493
f 2495 2473 2492
f 3690 2474 3688
f 3691 2496 3690
f 2498 2493 2499
f 2500 2499 2501
f 3700 2498 2500
f 3687 2494 2498
f 2306 2278 2300
f 2305 2504 2306
f 2504 2507 2506
f 2506 2288 2508
f 2274 2508 2275
f 2278 2506 2274
f 3633 2489 2488
f 3620 2488 2290
f 2507 2289 2288
f 2505 2509 2507
f 2508 2287 2511
f 2511 2281 2280
f 2370 2280 2282
f 2275 2511 2370
f 2512 2489 2513
f 2514 2513 2515
f 2517 2514 2516
f 2517 2490 2512
f 2499 2491 2517
f 2499 2516 2501
f 2510 2519 2518
f 2518 2521 2520
f 3616 2520 3621
f 3632 2518 3616
f 2522 2303 2310
f 2523 2310 2309
f 2305 2522 2524
f 2524 2523 2525
f 2519 2525 2521
f 2505 2524 2519
f 2308 2527 2526
f 2526 2529 2528
f 2531 2528 2530
f 2309 2526 2531
f 1214 2151 1211
f 2419 2418 2424
f 2533 2349 2317
f 2534 2317 2320
f 2535 2533 2534
f 2536 2345 2533
f 2537 2346 2536
f 2538 2536 2535
f 2539 2537 2538
f 2540 2351 2537
f 2312 2541 2527
f 2527 2542 2529
f 2543 2434 2544
f 2545 2544 2546
f 2319 2543 2545
f 2318 2435 2543
f 2514 2548 2547
f 2547 2550 2549
f 2552 2549 2551
f 2552 2514 2547
f 2520 2554 2553
f 2553 2556 2555
f 3590 2555 3593
f 3621 2553 3590
f 2523 2531 2557
f 2557 2530 2558
f 2525 2557 2559
f 2559 2558 2560
f 2554 2560 2556
f 2521 2559 2554
f 2561 2007 2006
f 2376 2225 2377
f 2564 2566 2563
f 2563 338 2567
f 2569 2567 2568
f 2570 2563 2569
f 2572 2574 2571
f 2571 2576 2575
f 2544 2575 2546
f 2544 2572 2571
f 2578 2569 2577
f 2579 2569 2568
f 2574 2579 2576
f 2573 2577 2574
f 2581 2583 2580
f 2584 2583 2585
f 3697 2580 2584
f 3676 2580 3675
f 2582 2552 2583
f 2583 2551 2585
f 2500 2589 2588
f 2590 2589 2591
f 3693 2588 2590
f 3695 2500 2588
f 2501 2591 2589
f 2592 2594 2595
f 2386 2503 2502
f 2596 2386 2374
f 2596 2373 2597
f 2599 2597 2598
f 2599 2379 2596
f 2600 2380 2599
f 2600 2598 2601
f 2603 2601 2602
f 2603 2446 2600
f 2604 2602 2605
f 2440 2605 2434
f 2444 2604 2440
f 2606 2581 2607
f 2606 2590 2591
f 2591 2582 2606
f 3676 2456 3689
f 3689 2372 3693
f 2478 2608 2481
f 2609 2611 2199
f 2564 2613 2612
f 2612 2598 2597
f 2457 2597 2373
f 2565 2612 2457
f 2614 2570 2578
f 2615 2578 2573
f 2602 2614 2615
f 2601 2613 2614
f 2572 2605 2616
f 2616 2602 2615
f 2573 2616 2615
f 1459 1045 1021
f 1265 1079 1082
f 1612 1609 1611
f 2067 2069 2068
f 1135 1136 1148
f 1938 2618 2617
f 95 458 128
f 2058 1608 1612
f 1454 1445 1367
f 655 1048 2619
f 722 2621 723
f 1131 1033 1134
f 562 366 1497
f 1723 1725 1591
f 1786 1122 1787
f 267 323 266
f 1325 1654 2038
f 1468 1435 1479
f 658 529 528
f 8 247 7
f 382 1559 3
f 788 1307 789
f 940 929 928
f 911 2623 912
f 2621 655 654
f 2624 2625 2626
f 998 27 26
f 635 2626 2625
f 2627 644 1840
f 2628 1840 2629
f 1200 2627 2628
f 1199 641 2627
f 1520 49 477
f 1452 1349 1451
f 2630 1859 1858
f 644 1335 1823
f 1197 717 2632
f 2632 719 1166
f 2628 1166 1200
f 2629 2632 2628
f 1762 1050 821
f 1823 873 1839
f 2634 794 652
f 1028 1027 1161
f 1042 2635 1043
f 93 1901 1924
f 2036 1458 1455
f 1527 1525 1526
f 877 1274 1277
f 134 797 1544
f 1328 931 1329
f 607 1091 1161
f 1043 2637 2636
f 2636 2639 2638
f 1275 2638 1276
f 1275 1043 2636
f 1272 2626 2640
f 2640 638 637
f 1110 2640 637
f 536 2640 2641
f 1472 1474 1473
f 2042 1951 649
f 1058 1105 1059
f 2642 2643 2644
f 1192 2644 1193
f 912 2642 1192
f 3898 3526 3786
f 1049 2620 2621
f 616 1885 613
f 1331 666 750
f 990 1198 525
f 1911 321 322
f 1298 1205 2645
f 76 1504 75
f 1502 421 422
f 610 658 691
f 1146 659 938
f 2646 914 936
f 1280 1238 1279
f 975 2647 2648
f 2647 975 974
f 1453 1452 1451
f 1514 158 151
f 835 1843 1842
f 1271 1173 1289
f 2649 813 2650
f 1893 1826 1894
f 1050 1937 1051
f 2651 814 813
f 1006 1281 977
f 2653 2654 2655
f 1001 1003 1002
f 585 679 558
f 2624 621 620
f 555 2028 556
f 1207 1197 2629
f 1626 478 472
f 426 419 1567
f 1030 1773 1031
f 3898 634 3880
f 534 138 262
f 1125 1042 1041
f 333 88 227
f 569 561 730
f 1489 871 870
f 1857 620 891
f 1673 3770 3763
f 622 864 1308
f 2647 974 2657
f 619 891 620
f 261 545 262
f 393 1556 404
f 2658 2647 2657
f 1075 2657 917
f 1081 2658 1075
f 1080 2659 2658
f 2644 1141 2660
f 2660 1140 1336
f 642 1336 643
f 1193 2660 642
f 679 555 558
f 1503 1500 1502
f 1318 1101 1100
f 2661 1139 1142
f 2661 2663 2662
f 2662 2659 2661
f 2662 2622 2664
f 2664 911 2646
f 2648 2646 1146
f 2648 2662 2664
f 2083 2093 2081
f 1442 1437 1439
f 519 330 51
f 1885 1209 613
f 799 805 804
f 1946 1952 1953
f 1302 1253 1252
f 566 224 533
f 1389 928 1388
f 683 681 680
f 836 1842 2665
f 2665 1845 1303
f 2666 1303 1302
f 24 2665 2666
f 831 2650 832
f 1845 1304 1303
f 2010 2012 2011
f 1051 2667 2668
f 1522 1511 1523
f 531 441 522
f 782 1251 1250
f 1250 2625 2669
f 2669 1857 1856
f 783 1856 1037
f 782 2669 783
f 720 2671 721
f 1055 1930 1056
f 1333 1251 2251
f 619 1308 1307
f 652 2619 2634
f 521 1539 1540
f 1838 537 2672
f 2672 536 2641
f 1113 2641 1110
f 1113 1838 2672
f 1016 1351 1045
f 3897 570 3894
f 226 104 101
f 3564 3827 1818
f 1036 1884 1883
f 2674 1304 2673
f 2673 1844 2675
f 1334 2675 1039
f 1333 2673 1334
f 2676 1039 2675
f 1843 2675 1844
f 942 2676 1843
f 1074 702 2676
f 811 859 858
f 752 1055 753
f 1200 656 1026
f 1120 874 2677
f 2677 877 1052
f 1241 1052 1005
f 1119 2677 1241
f 1560 151 1515
f 1208 611 523
f 215 736 214
f 1460 1462 1461
f 1208 1839 873
f 854 1282 1297
f 72 182 179
f 544 1565 512
f 217 456 457
f 2047 930 945
f 1204 1937 2633
f 913 686 685
f 840 1113 1112
f 1531 730 561
f 2678 1283 801
f 601 1914 602
f 1537 459 460
f 1819 3509 3527
f 991 862 538
f 2679 1073 1830
f 2680 983 2256
f 779 2256 1263
f 778 2680 779
f 2678 1830 2680
f 180 245 40
f 1886 1131 1134
f 1138 1274 1255
f 1841 1140 1139
f 75 314 74
f 193 420 192
f 2681 1099 1098
f 170 1565 169
f 349 417 432
f 1121 2684 2683
f 547 409 302
f 123 121 120
f 2643 1142 1141
f 1542 513 1543
f 899 907 919
f 1210 676 867
f 791 982 892
f 24 837 836
f 893 932 931
f 1860 863 862
f 535 862 861
f 832 813 812
f 2650 813 832
f 1569 1547 1568
f 181 542 180
f 660 937 688
f 2013 568 2012
f 887 2631 2630
f 1524 361 78
f 520 162 1529
f 2653 854 2685
f 1238 2655 2686
f 718 527 530
f 1492 518 1491
f 792 615 793
f 599 1835 596
f 290 456 175
f 312 1552 425
f 1248 1179 1249
f 153 177 178
f 1240 1222 1221
f 1257 1235 1071
f 1291 1083 1222
f 1052 1277 1053
f 743 2618 1204
f 444 430 443
f 23 1172 1187
f 2687 1180 1179
f 102 409 134
f 1283 610 801
f 373 650 651
f 1180 1084 1291
f 855 2655 1237
f 1173 1917 1174
f 2689 853 2688
f 2688 1108 1279
f 2686 1279 1238
f 2687 2688 2686
f 2691 1252 2690
f 2690 850 2689
f 1248 2689 2687
f 1248 2691 2690
f 2692 24 2666
f 2691 2666 1302
f 1247 2692 2691
f 1258 617 2692
f 394 1555 393
f 2693 1259 1223
f 1072 1262 1261
f 1257 1168 1258
f 398 1555 1554
f 871 1314 872
f 1178 1249 1179
f 1224 1173 1172
f 1010 2618 742
f 1175 1292 1269
f 2654 2686 2655
f 2694 1216 1264
f 71 1487 70
f 701 1111 1038
f 1072 2649 2650
f 1085 22 21
f 895 1264 896
f 1601 1605 1604
f 1259 1271 1289
f 21 1220 1083
f 988 538 537
f 598 1336 1140
f 820 1762 821
f 1050 818 821
f 1298 1761 2652
f 1168 618 617
f 858 1256 833
f 39 516 1536
f 2652 819 814
f 313 315 314
f 2026 1971 2027
f 2656 596 1835
f 814 818 811
f 2696 813 2649
f 1260 2649 1261
f 2693 2696 1260
f 2697 2651 2696
f 381 390 380
f 3818 1611 1609
f 1475 1428 1227
f 1292 1917 1235
f 1551 354 1518
f 1526 1523 1511
f 1593 1595 1573
f 1232 1246 1249
f 2695 1223 22
f 2698 1296 2697
f 2698 2693 2695
f 2685 2695 1085
f 2685 1297 2698
f 562 271 272
f 2652 1296 1298
f 1365 1364 1363
f 1958 1953 1957
f 585 2210 997
f 1561 1515 435
f 975 1146 976
f 347 68 346
f 1038 636 1068
f 2700 780 2699
f 2699 1036 1883
f 2701 1883 1829
f 851 2699 2701
f 2674 2251 2702
f 2702 781 2700
f 1253 2700 851
f 1301 2702 1253
f 1519 388 1550
f 1273 1280 2703
f 2703 1107 852
f 2701 852 851
f 1829 2703 2701
f 91 326 90
f 1784 2656 1785
f 2683 2705 2704
f 604 3499 3533
f 1669 3548 1662
f 2062 2060 2059
f 621 861 622
f 2023 732 2024
f 686 1263 687
f 857 2668 1328
f 883 882 879
f 637 1111 1110
f 2668 893 1328
f 2667 894 2668
f 1039 1068 1334
f 313 1504 1505
f 1911 305 453
f 1936 1964 2212
f 2707 2401 2183
f 2708 2183 2182
f 738 2116 554
f 2349 2432 2436
f 2711 2020 2019
f 2400 2019 2186
f 2714 2716 2713
f 2717 2719 2720
f 2721 2723 2724
f 2726 2728 2725
f 2725 2730 2729
f 2731 2729 2709
f 2732 2725 2731
f 2734 2736 2733
f 2738 2740 2737
f 2737 2741 2742
f 2744 2746 2743
f 2745 2748 2747
f 2749 2747 2751
f 2753 2751 2752
f 2250 2246 2248
f 2754 1614 2755
f 3598 2755 3609
f 3608 2747 3609
f 1617 2755 1614
f 2242 1620 2757
f 2191 2760 2759
f 2761 2760 2762
f 3648 2761 3649
f 3623 2759 3648
f 3209 3223 3224
f 1395 2236 2235
f 1395 1636 1615
f 1616 2229 2233
f 1617 2763 2756
f 2756 3628 3608
f 2765 2234 1630
f 2766 3628 3622
f 3202 3246 3247
f 1516 435 1515
f 2768 3552 3553
f 1495 578 1424
f 2135 28 17
f 3526 2773 2774
f 1690 3926 3925
f 2778 2780 2777
f 2777 2781 2782
f 2784 2777 2783
f 3555 575 576
f 1494 9 540
f 3529 2015 3566
f 451 505 450
f 2786 2788 2785
f 2779 2785 2780
f 2789 2741 2740
f 2790 2752 2789
f 2792 2794 2791
f 2793 2796 2794
f 2796 2750 2749
f 2794 2749 2753
f 2798 1396 2754
f 3591 2754 3598
f 2798 2800 1393
f 3591 2799 2798
f 2797 2795 2801
f 2791 2753 2790
f 216 232 54
f 3804 2807 3803
f 3805 2804 3803
f 2769 3557 3552
f 183 184 97
f 2811 2775 2776
f 2804 2776 2805
f 2809 2811 2804
f 2812 2813 2814
f 3805 2816 3795
f 3796 2815 3795
f 3798 2820 2821
f 3793 2819 3798
f 2824 2735 2819
f 2823 2824 2819
f 2825 2826 2724
f 3793 2827 3792
f 3796 2826 3792
f 2713 2829 2828
f 2828 2831 2830
f 2822 2828 2830
f 2821 2713 2828
f 2832 2822 2830
f 2833 2830 2831
f 2834 2832 2833
f 2835 2827 2832
f 2837 2839 2836
f 2836 2841 2840
f 2842 2840 2727
f 2843 2836 2842
f 2840 2845 2844
f 2718 2845 2719
f 2730 2844 2718
f 2727 2844 2728
f 2846 2719 2845
f 2846 2841 2847
f 2829 2847 2831
f 2829 2716 2846
f 2847 2839 2848
f 2848 2838 2849
f 2833 2849 2834
f 2831 2848 2833
f 2850 2851 2852
f 2853 2852 2854
f 2783 2782 2855
f 2785 2853 2856
f 2780 2856 2781
f 2857 2855 2782
f 2859 2782 2781
f 2861 2842 2860
f 2860 2727 2726
f 2862 2726 2732
f 2863 2860 2862
f 2861 2858 2857
f 2843 2857 2859
f 2856 2854 2864
f 2781 2864 2859
f 2837 2859 2864
f 2838 2864 2854
f 2852 2834 2849
f 2854 2849 2838
f 2865 2818 2835
f 2851 2835 2834
f 2813 2815 2865
f 2814 2865 2851
f 2866 2814 2850
f 2788 2850 2853
f 2866 2787 2867
f 2812 2867 2775
f 1892 1890 1891
f 2720 2846 2870
f 298 256 257
f 2872 2713 2820
f 3794 2735 2734
f 2729 2874 2873
f 2846 2715 2870
f 2876 2878 2875
f 2733 2878 2734
f 3806 2879 2880
f 3806 2872 3794
f 2882 2884 2881
f 2881 2715 2714
f 2880 2714 2872
f 2879 2881 2880
f 2885 2887 2888
f 2888 2890 2885
f 2885 2892 2891
f 2893 2885 2891
f 1942 2532 2894
f 2895 2720 2870
f 2884 2870 2715
f 2883 2895 2884
f 2896 2892 2895
f 2889 2717 2890
f 2890 2720 2892
f 2897 2891 2896
f 2898 2896 2883
f 2899 2883 2882
f 2900 2882 2879
f 3797 2879 3807
f 2876 2901 2877
f 2901 2904 2903
f 1785 1835 1834
f 2905 2899 2900
f 2907 2897 2898
f 3797 2903 3799
f 632 577 633
f 3532 2867 2787
f 434 550 350
f 2768 3640 3643
f 2910 1623 2249
f 2241 2758 2242
f 3640 2913 3652
f 1623 2757 1620
f 3587 2757 3652
f 2229 1380 2250
f 2765 1629 2914
f 2915 1629 2912
f 3642 2914 2915
f 3641 2765 2914
f 2919 3642 3613
f 2918 2912 2241
f 3614 2241 3586
f 3618 3613 3670
f 3541 2180 3496
f 3521 2188 3506
f 3705 714 3851
f 2925 2917 2924
f 2924 2916 2919
f 3610 2919 3618
f 3611 2924 3610
f 2926 2766 2925
f 3658 2925 3611
f 1715 1705 1710
f 785 498 796
f 1387 565 1791
f 374 1899 560
f 3573 2206 3556
f 2929 2886 2893
f 2932 2934 2931
f 1905 1908 1907
f 2930 2936 2937
f 2938 2930 2929
f 1493 517 518
f 1603 1586 1602
f 2939 2929 2908
f 2940 2908 2907
f 3665 1600 3661
f 2886 2937 2887
f 2906 2898 2899
f 2908 2893 2897
f 2942 2933 2941
f 2941 2937 2936
f 3501 2936 3513
f 3498 2941 3501
f 2943 2710 2873
f 2943 2874 2889
f 2945 2889 2888
f 2946 2943 2945
f 2932 2888 2887
f 2931 2945 2932
f 727 1929 728
f 2903 2947 2948
f 545 42 262
f 1480 533 251
f 2907 2949 2940
f 2906 2950 2949
f 1558 215 202
f 3799 2948 3801
f 2054 1644 2118
f 3705 2203 3573
f 1828 1849 1827
f 2953 2955 2952
f 2952 2957 2956
f 2956 2258 2952
f 2953 2258 2257
f 2454 2474 2496
f 3747 2959 3766
f 3747 2131 3737
f 2961 2963 2958
f 2958 2964 2959
f 222 2485 2965
f 2477 2966 2608
f 2631 2006 1859
f 2384 2496 2497
f 2967 2959 2964
f 2968 2970 2969
f 3759 2971 3784
f 3784 2960 3766
f 2972 2033 2032
f 2007 2973 2008
f 3560 2134 2133
f 1836 1832 1831
f 3506 2090 3551
f 955 959 956
f 672 674 673
f 633 713 632
f 2024 733 803
f 2025 803 798
f 425 1550 388
f 2975 888 887
f 1319 1157 2694
f 1212 2977 1213
f 889 2228 2227
f 1978 1975 1979
f 1138 1329 915
f 751 2979 2978
f 1619 1625 1624
f 2252 1728 1727
f 1157 845 1216
f 2706 1938 2617
f 2980 2254 2981
f 2982 887 2630
f 802 711 2679
f 678 2029 2028
f 527 690 528
f 1839 2629 1840
f 2983 602 1914
f 2983 1913 1331
f 2985 1331 1054
f 2986 2983 2985
f 2987 2635 2634
f 2985 2639 2986
f 2990 1318 2989
f 2991 2993 2994
f 2995 2994 2996
f 1106 2991 2995
f 1058 2992 2991
f 1415 1365 1367
f 1317 2217 2997
f 1932 2255 2980
f 926 2999 664
f 3001 2992 3000
f 3000 1057 2978
f 2999 2978 2979
f 2998 3000 2999
f 3002 2209 3003
f 3002 2996 2994
f 2993 3002 2994
f 3001 2998 3002
f 1103 2995 3004
f 3004 2996 3003
f 2209 3004 3003
f 588 3004 2210
f 295 433 381
f 2638 2988 3005
f 3005 1056 1930
f 1305 1930 1306
f 1276 3005 1305
f 1987 1993 1989
f 2633 1761 2645
f 1423 1417 1419
f 3561 739 703
f 2671 2704 2705
f 1473 2035 1472
f 922 2694 895
f 1401 1378 1384
f 556 1884 1037
f 842 3825 3836
f 1854 2617 1010
f 933 1081 1075
f 1440 1436 1437
f 529 719 530
f 1031 1027 1028
f 777 912 1871
f 2645 1204 2633
f 441 1538 1537
f 790 587 586
f 2065 1610 1607
f 1860 990 902
f 60 87 59
f 1424 1948 1947
f 332 1507 331
f 261 138 135
f 187 449 507
f 1719 1726 1725
f 1931 1059 3006
f 3006 1105 1104
f 1287 1104 587
f 1286 3006 1287
f 3007 3009 3010
f 3009 653 795
f 618 26 25
f 2029 1210 1209
f 957 600 2228
f 1049 2228 600
f 2631 3011 2561
f 890 2227 3011
f 3011 2145 3012
f 2561 3012 2375
f 1026 609 608
f 2706 1961 1964
f 3013 2485 3014
f 2148 1267 3015
f 3015 1266 1311
f 2997 1101 1317
f 642 1773 1193
f 186 461 511
f 1041 1320 901
f 1121 3017 1122
f 2984 2987 3018
f 3018 2634 2619
f 1048 3018 2619
f 603 2984 3018
f 2679 801 802
f 2062 2074 2061
f 2061 2076 2064
f 414 1545 1965
f 3016 2683 3019
f 3019 2704 2670
f 3020 2670 720
f 3007 3019 3020
f 1871 1091 777
f 3021 1122 3017
f 3022 3017 3010
f 1314 3022 1315
f 1784 3021 1314
f 1316 1763 611
f 3023 3010 3009
f 3023 795 1092
f 1763 1092 1125
f 1315 3023 1763
f 3016 3010 3017
f 752 2978 1057
f 2986 2637 2987
f 3024 653 3008
f 3020 3008 3007
f 720 3024 3020
f 723 654 3024
f 2681 1268 3025
f 2671 1268 721
f 2705 3025 2671
f 1313 3027 1311
f 3026 3029 3027
f 3027 3030 3031
f 1311 3031 3015
f 2012 731 2023
f 917 974 977
f 743 856 744
f 1888 2030 1425
f 2682 2684 3032
f 3032 1124 2989
f 1100 2989 1318
f 1099 3032 1100
f 1123 2989 1124
f 3033 1159 1158
f 2990 1158 1319
f 1123 3033 2990
f 1786 1834 3033
f 1054 2988 2985
f 2979 664 2999
f 2623 2663 2643
f 1095 688 687
f 3034 2261 2956
f 3036 2956 2957
f 3037 3034 3036
f 3038 3035 3034
f 3040 3026 1313
f 2263 3041 3040
f 3042 3043 3041
f 3041 3028 3026
f 3044 3043 3039
f 3046 3045 3044
f 3047 3049 3045
f 3043 3049 3028
f 3038 3051 3050
f 3050 3053 3052
f 3052 3044 3050
f 3039 3050 3044
f 3054 3039 3042
f 3042 2262 3054
f 2261 3054 2262
f 2216 2997 2217
f 2212 2667 1936
f 3056 2209 3055
f 934 1961 1854
f 2013 3757 567
f 3058 3060 3061
f 3059 3063 3060
f 3060 2213 1963
f 3061 1963 1962
f 3063 2214 2213
f 3062 3064 3063
f 3065 2260 3064
f 3064 2215 2214
f 3066 3031 3030
f 2608 3067 3066
f 2966 3068 3067
f 3031 3068 3015
f 2455 2461 2474
f 2476 2226 2477
f 3551 2089 3525
f 3526 3769 3786
f 433 355 381
f 2115 1419 2123
f 3509 2922 3527
f 3769 2131 2134
f 3069 2167 2166
f 2971 2928 2960
f 2961 2773 2962
f 3070 2478 2483
f 2610 3071 2954
f 2502 2374 2386
f 3072 2595 3073
f 2964 3052 2967
f 3048 3074 3049
f 2593 3075 3074
f 3075 3029 3074
f 3074 3028 3049
f 3072 3075 2592
f 3076 2482 2481
f 2481 3066 3076
f 3076 3030 3075
f 2967 3053 2970
f 2482 3073 2483
f 479 493 494
f 706 3873 709
f 3561 2221 3517
f 2013 3754 3755
f 3533 2016 3529
f 3562 2222 2974
f 1171 1155 1176
f 2586 2565 2587
f 2982 113 2484
f 2562 3077 3068
f 2376 3012 3077
f 3012 2148 3077
f 3077 3015 3068
f 2963 3046 2964
f 3051 2970 3053
f 1683 491 775
f 3850 1447 3860
f 1986 3734 3768
f 3079 2546 2575
f 3081 2575 2576
f 1983 3768 3765
f 3082 2319 2545
f 3080 2545 2546
f 3734 3082 3080
f 3732 2323 3082
f 1309 1888 748
f 3073 2772 2771
f 2760 3084 2762
f 2760 2088 3083
f 3085 3086 3087
f 3089 3090 3088
f 3089 3084 3085
f 3092 3090 3091
f 3093 2744 2743
f 2751 2748 3093
f 3093 2752 2751
f 2742 3093 3094
f 3094 2743 3095
f 3096 3098 3087
f 3099 3087 3086
f 3097 3095 3098
f 3100 2746 3101
f 3101 3102 3100
f 2764 2927 3101
f 2745 3101 2746
f 3102 3091 3100
f 3100 3095 2743
f 2869 3592 3634
f 3102 3104 3092
f 3658 2869 3634
f 2927 3103 3102
f 3098 3091 3090
f 3087 3090 3085
f 2088 3105 3083
f 3083 3086 3084
f 2483 2771 3070
f 2401 2185 2321
f 3099 3105 3106
f 2125 3106 3105
f 3108 2742 3107
f 3107 3094 3097
f 3110 3107 3109
f 3109 3097 3096
f 3111 3096 3099
f 3112 3109 3111
f 3113 2737 3108
f 3115 2722 3114
f 3117 3114 3116
f 3119 3116 3118
f 3118 3120 3121
f 3116 3113 3120
f 3122 3111 3123
f 3122 1755 1754
f 3124 3126 3127
f 3125 3121 3126
f 3128 3118 3125
f 3129 3125 3124
f 2020 3128 3129
f 3853 1346 1352
f 1065 1047 1066
f 1814 3830 1649
f 2021 3129 3130
f 3111 3106 3123
f 3123 2207 1755
f 2377 2224 2973
f 3014 113 112
f 1756 3782 3767
f 3131 2530 2528
f 3133 2528 2529
f 1753 3767 3775
f 3134 3127 3135
f 2327 2314 2313
f 2436 2317 2349
f 2018 3711 3712
f 2534 3137 2535
f 2320 3136 2534
f 2185 3712 3771
f 3138 2542 2539
f 3134 3744 3745
f 3785 3134 3745
f 3140 2539 2538
f 2535 3140 2538
f 3711 3130 3785
f 2558 3132 3141
f 3782 3141 3132
f 2560 3141 3142
f 3760 3142 3141
f 958 2976 2981
f 1933 2980 3143
f 2399 2418 2416
f 2348 2343 2432
f 2322 2319 2323
f 2718 2874 2730
f 2709 2873 2710
f 2894 1361 1942
f 346 176 347
f 1876 1882 1881
f 2802 3607 3592
f 3104 3088 3092
f 2974 3649 3603
f 3089 2761 2762
f 3088 3145 3089
f 2803 3603 3607
f 3870 692 628
f 2123 1418 2126
f 1365 1368 1367
f 1581 1782 1783
f 3569 2129 3520
f 3555 2002 3521
f 3146 2551 3147
f 3751 3147 3750
f 3742 3146 3751
f 3149 2585 3146
f 3196 3197 3195
f 3604 2191 3623
f 3142 2556 2560
f 3777 3150 3142
f 3646 2550 3593
f 3150 2555 2556
f 3778 3151 3150
f 3788 3152 3646
f 3153 2551 2549
f 3152 2549 2550
f 3781 3153 3152
f 3776 3147 3153
f 3148 2206 2205
f 2183 2321 2184
f 2132 2928 2133
f 3684 2204 2203
f 3719 2197 3721
f 2594 2773 2951
f 2595 2951 2772
f 1870 799 1869
f 3713 2178 3706
f 3706 3736 3790
f 336 3774 3722
f 339 3154 336
f 3789 3149 3742
f 3683 2584 3149
f 2963 3048 3047
f 3722 337 336
f 339 2566 2586
f 3156 2168 2167
f 2610 2167 2611
f 2954 3156 2610
f 3157 2953 2257
f 3707 2169 3709
f 2567 3159 2568
f 337 2567 338
f 3730 2166 3707
f 3764 1983 3765
f 2579 3081 2576
f 2568 3160 2579
f 3709 2190 3764
f 3065 3162 3161
f 3161 1984 2189
f 3157 2189 2168
f 2257 3161 3157
f 734 1922 806
f 3059 2708 3163
f 3163 2182 1985
f 3162 1985 1984
f 3062 3163 3162
f 3203 3205 3204
f 2122 1448 1447
f 3817 1685 3812
f 139 444 69
f 1570 566 533
f 2957 3165 3036
f 2955 3164 2957
f 1912 341 1973
f 3130 3124 3134
f 1548 319 1547
f 1949 1327 1887
f 2969 3078 3167
f 3167 3169 3168
f 3724 2017 3720
f 3720 2033 3759
f 3168 3165 3170
f 3170 3164 3171
f 3779 3171 3756
f 3724 3170 3779
f 3171 3166 3172
f 3172 3071 3173
f 3752 3173 3749
f 3756 3172 3752
f 3169 3036 3165
f 2593 2962 2594
f 3173 2609 3174
f 3174 2199 2198
f 3783 2198 3719
f 3749 3174 3783
f 2190 1984 1983
f 2196 2767 3148
f 2119 1414 1448
f 1464 1466 1465
f 2199 3069 2200
f 2457 2587 2565
f 2226 2562 2966
f 481 1627 1639
f 333 235 236
f 3078 3037 3169
f 3040 2997 2263
f 2219 1933 2220
f 2385 2497 2503
f 221 3175 2484
f 2220 3143 3175
f 3175 2976 2975
f 2484 2975 2982
f 2954 3166 2955
f 2630 110 2982
f 1547 1952 1955
f 2091 2188 2187
f 3733 2178 2177
f 1918 1927 1926
f 3563 111 3511
f 955 960 954
f 2037 112 3563
f 3143 2981 2976
f 2218 2214 2215
f 672 3787 3541
f 2152 3014 2037
f 1147 1143 1145
f 2248 1409 2245
f 1615 1635 1616
f 1410 2246 2247
f 3241 3242 3240
f 3177 1383 1382
f 2238 3176 1382
f 3176 2230 3178
f 1410 3179 1407
f 3179 2243 1407
f 1633 2800 2249
f 1621 2758 2912
f 1622 2245 1634
f 2236 3181 3182
f 2237 3182 3183
f 2250 2233 2229
f 2912 1628 1621
f 135 1564 1563
f 1567 512 1565
f 1085 2653 2685
f 3184 868 3056
f 869 3057 934
f 1266 1098 1312
f 1267 722 721
f 937 2646 936
f 2146 722 2147
f 2211 921 2667
f 1957 507 449
f 1313 2264 3040
f 1496 1493 1492
f 2681 2705 2682
f 2887 2933 2932
f 1687 1659 1694
f 145 1498 81
f 1317 1319 2694
f 37 418 71
f 1935 3185 2977
f 104 301 103
f 2101 2083 2084
f 543 360 207
f 1934 3186 3185
f 234 212 237
f 3845 1822 1824
f 1976 1874 1974
f 223 2219 220
f 3655 3605 3612
f 468 773 2165
f 1935 1728 1932
f 3240 3226 3235
f 3261 3250 3260
f 3215 3244 3264
f 3265 3215 3264
f 3267 3198 3196
f 3205 3269 3255
f 3214 3265 3270
f 3271 3214 3192
f 3251 3239 3236
f 3222 3266 3272
f 3232 3234 3233
f 3216 3243 3244
f 3196 3268 3267
f 3244 3254 3255
f 3238 3247 3246
f 3264 3255 3269
f 3253 3216 3217
f 3211 3221 3265
f 3257 3218 3256
f 3258 3272 3259
f 3274 3280 3273
f 3228 3262 3263
f 3275 3281 3280
f 3226 3273 3280
f 3236 3260 3251
f 3281 3236 3237
f 3287 3192 3189
f 3235 3280 3234
f 3234 3281 3237
f 3288 3259 3272
f 3260 3276 3251
f 3289 3278 3284
f 3210 3224 3283
f 3199 3201 3200
f 3228 3230 3229
f 3290 3285 3286
f 3282 3271 3287
f 3260 3262 3261
f 3243 3268 3254
f 3267 3241 3232
f 3194 3208 3193
f 3191 3269 3206
f 3270 3192 3214
f 3275 3230 3231
f 3264 3270 3265
f 3252 3276 3291
f 3248 3291 3223
f 3213 3279 3277
f 3272 3289 3288
f 3277 3212 3213
f 3228 3281 3231
f 3220 3253 3219
f 3219 3217 3257
f 3256 3222 3258
f 3247 3252 3248
f 3245 3232 3233
f 3266 3212 3289
f 3208 3255 3254
f 3288 3284 3285
f 3204 3208 3207
f 560 3187 559
f 3209 3201 3202
f 3189 3191 3190
f 448 807 447
f 647 122 270
f 1833 1780 1832
f 510 508 507
f 3210 1887 3201
f 1887 3200 3201
f 15 3197 3200
f 16 3195 3197
f 3195 3187 3194
f 3194 1899 3207
f 3207 375 3204
f 387 126 127
f 3189 1760 3287
f 3577 757 758
f 763 2172 2175
f 3583 3580 3581
f 3581 3579 3578
f 3594 3596 3595
f 3400 3602 3401
f 3626 3625 3627
f 3631 3599 3601
f 3636 3595 3596
f 3647 3588 3645
f 3650 3584 3647
f 3653 3580 3651
f 3653 3654 3579
f 1801 3656 3655
f 3651 3582 3650
f 3644 3595 3637
f 1767 3659 3660
f 1597 3661 1600
f 1708 3665 3664
f 3671 3667 3666
f 3666 3673 3672
f 1588 3664 1587
f 2080 3666 2082
f 2082 3672 2084
f 3674 3635 3631
f 3677 3636 3635
f 3682 3645 3681
f 3692 3650 3686
f 3681 3644 3680
f 786 3692 785
f 3694 3651 3692
f 785 3686 497
f 497 3682 650
f 650 3681 564
f 3696 3681 3680
f 3405 3605 3402
f 3702 3678 3677
f 3699 3679 3678
f 3645 3638 3644
f 1799 3659 1768
f 3708 3458 3460
f 3462 3708 3460
f 3714 564 3696
f 3615 3602 3600
f 3710 3696 3698
f 3635 3596 3599
f 3629 3627 3630
f 3597 3599 3596
f 3630 3715 3629
f 3627 3597 3594
f 3717 3723 3718
f 3715 3660 3629
f 3716 3725 3715
f 3668 3661 3725
f 3668 3717 3667
f 3667 3718 3673
f 3727 3673 3718
f 3728 3672 3673
f 3726 3718 3723
f 1576 2084 3672
f 3727 3731 3729
f 3203 1387 3190
f 3190 1791 3189
f 3283 1949 3210
f 317 259 391
f 2000 3653 3694
f 3601 3600 3602
f 3589 3584 3585
f 3577 756 2170
f 3585 3582 3583
f 3678 3637 3636
f 3204 376 3203
f 1801 3657 1799
f 3729 3728 3727
f 1575 3738 1088
f 3735 1576 3728
f 1776 1796 1775
f 1293 1290 1284
f 1326 1327 12
f 1294 1234 1290
f 878 1330 1337
f 497 374 498
f 122 413 121
f 3699 3704 3708
f 3606 3401 3602
f 3708 3698 3699
f 3464 3710 3462
f 3704 3443 3458
f 439 399 438
f 1512 1526 1511
f 1668 1738 1671
f 839 1362 838
f 1362 826 1012
f 3843 1896 3815
f 2053 2118 2117
f 3888 2120 2119
f 696 3816 3831
f 1826 639 640
f 3740 3729 3731
f 956 886 960
f 1980 1922 807
f 33 105 164
f 1343 3856 3857
f 3907 2128 3902
f 1766 1582 1594
f 14 2163 738
f 595 99 594
f 3233 3246 3245
f 1346 1044 1352
f 748 1425 747
f 3193 3254 3268
f 3190 3206 3203
f 3612 3606 3615
f 3624 3615 3625
f 3631 3443 3674
f 3679 3644 3637
f 3686 3647 3682
f 3702 3674 3704
f 3625 3600 3597
f 3601 3415 3631
f 3739 3735 3729
f 3630 3594 3741
f 3741 3716 3630
f 1284 1288 1285
f 3698 3680 3679
f 1778 1780 1779
f 1792 1584 1789
f 695 571 694
f 3638 3594 3595
f 3741 3588 3589
f 3247 3209 3202
f 3292 3294 3295
f 3296 3298 3299
f 3299 3300 3301
f 3302 3304 3305
f 3306 3308 3309
f 3307 3311 3308
f 3303 3301 3300
f 3312 3304 3313
f 3314 3316 3317
f 3318 3320 3321
f 3324 3321 3325
f 3326 3328 3323
f 3329 3331 3332
f 3333 3335 3336
f 3337 3339 3340
f 3333 3341 3342
f 3342 3343 3344
f 3319 3344 3343
f 3338 3334 3339
f 3346 3302 3347
f 3305 3347 3302
f 3312 3223 3349
f 3350 3340 3351
f 3312 3348 3305
f 3352 3341 3326
f 3311 3354 3308
f 3341 3327 3326
f 3359 3361 3362
f 3360 3250 3249
f 3318 3345 3319
f 3364 3318 3324
f 3314 3324 3365
f 3366 3301 3346
f 3299 3367 3296
f 3308 3368 3309
f 3369 3295 3294
f 3317 3364 3314
f 3370 3317 3316
f 3325 3365 3324
f 3352 3319 3343
f 3296 3353 3311
f 3297 3311 3310
f 3363 3354 3345
f 3345 3353 3344
f 3344 3367 3342
f 3366 3342 3367
f 3347 3334 3346
f 3339 3348 3340
f 3348 3351 3340
f 3363 3369 3368
f 3294 3368 3369
f 3293 3309 3294
f 3331 3374 3332
f 3346 3333 3366
f 3323 3352 3326
f 3356 3321 3320
f 3355 3325 3321
f 3357 3371 3325
f 3322 3320 3352
f 3361 3329 3362
f 3373 3375 3374
f 3374 3376 3332
f 3329 3376 3362
f 3327 3372 3328
f 3336 3375 3327
f 3335 3376 3375
f 3376 3337 3362
f 3337 3359 3362
f 3359 3276 3250
f 3377 3295 3370
f 3277 3315 3278
f 3371 3379 3365
f 3378 3358 3380
f 3365 3315 3314
f 3316 3279 3370
f 3282 3370 3279
f 3313 3224 3312
f 3378 3284 3379
f 3380 3285 3378
f 3379 3278 3315
f 3276 3351 3291
f 3291 3349 3223
f 3313 2965 3013
f 2965 3303 222
f 222 3300 223
f 223 3298 3186
f 3298 3185 3186
f 3297 2977 3185
f 3310 1213 2977
f 3307 1214 1213
f 2532 3306 3293
f 2894 3293 3292
f 2871 3292 3377
f 3253 3240 3242
f 3283 3013 2152
f 1997 1889 1892
f 1237 744 855
f 1535 120 121
f 1531 201 214
f 1119 1032 984
f 946 824 947
f 163 5 162
f 3589 3723 3741
f 1155 1162 1164
f 427 327 424
f 553 796 498
f 3381 2231 2237
f 3381 2230 2232
f 2237 3180 3381
f 3383 3385 3382
f 3384 3387 3385
f 3386 3389 3387
f 3388 3391 3389
f 3392 3394 3395
f 3395 3396 3397
f 3398 3397 3396
f 3400 3399 3398
f 3403 3405 3402
f 3406 3404 3403
f 3408 3407 3406
f 3410 3409 3408
f 3412 3411 3410
f 3415 3398 3414
f 3414 3396 3416
f 3416 3394 3417
f 3417 3393 3418
f 3393 3420 3418
f 3419 3421 3420
f 3390 3422 3421
f 3388 3423 3422
f 3386 3424 3423
f 3384 3425 3424
f 3425 3426 3184
f 2904 3428 2947
f 3429 2904 2902
f 3430 2902 2876
f 2875 3430 2876
f 3432 2733 2736
f 2825 3435 2824
f 3437 3439 3436
f 3441 3436 3440
f 2724 3434 2825
f 3436 3115 3117
f 3440 3117 3119
f 3443 3414 3442
f 3442 3416 3444
f 3444 3417 3445
f 3445 3418 3446
f 3446 3420 3447
f 3420 3448 3447
f 3421 3449 3448
f 3422 3450 3449
f 3423 3451 3450
f 3424 3452 3451
f 3425 3056 3452
f 3451 2253 2252
f 3450 2252 1727
f 3449 1727 2150
f 3448 2150 1941
f 3453 3448 1941
f 3454 3447 3453
f 3455 3446 3454
f 3456 3445 3455
f 3442 3456 3457
f 3443 3457 3458
f 3459 3458 3457
f 3457 3455 3459
f 3459 3454 3461
f 3462 3459 3461
f 3461 3453 3463
f 3464 3461 3463
f 3463 1941 1360
f 3404 3401 3405
f 3407 3399 3404
f 3409 3397 3407
f 3411 3395 3409
f 3465 3413 3412
f 3467 3469 3466
f 3465 3431 3433
f 3470 3466 3465
f 3438 3432 3435
f 3467 3438 3437
f 3468 3437 3441
f 3471 3468 3472
f 3472 3441 3473
f 3473 3440 2712
f 2712 3119 3128
f 3475 3472 3474
f 3474 3473 3476
f 3476 2712 2711
f 3477 2711 2400
f 3478 3476 3477
f 3479 3474 3478
f 3392 3413 3480
f 3466 3480 3413
f 3419 3392 3480
f 3390 3480 3391
f 3469 3391 3480
f 3389 3471 3475
f 3387 3475 3479
f 3385 3479 3481
f 3482 2400 2402
f 3483 3477 3482
f 3481 3478 3483
f 3484 2402 2707
f 3058 2707 2708
f 3061 3484 3058
f 3485 3482 3484
f 3382 3481 3486
f 3486 3483 3485
f 3426 3382 3487
f 3487 3486 1962
f 3486 3061 1962
f 1961 3487 1962
f 3057 3426 3487
f 3428 3402 3488
f 3427 3403 3428
f 3429 3406 3427
f 3430 3408 3429
f 3431 3410 3430
f 3470 3433 3432
f 3434 3438 3435
f 2723 3439 3434
f 2875 3433 3431
f 2736 3435 3432
f 2947 3488 3500
f 3464 1360 3497
f 1900 1924 1901
f 1736 1718 1750
f 1955 1943 1956
f 1671 1735 1751
f 1696 1698 1692
f 1800 1864 1801
f 2063 2056 2060
f 1737 1717 1736
f 1751 1697 1695
f 943 3899 684
f 3656 3402 3605
f 1577 1764 1703
f 3917 1599 3923
f 1945 82 1944
f 68 7 248
f 147 1543 148
f 1109 1133 1102
f 1503 1907 1908
f 1499 1909 1498
f 452 735 215
f 1824 3835 3845
f 1825 2068 1824
f 1463 1022 1194
f 841 1009 1011
f 1568 1955 1534
f 1926 1927 1923
f 1910 1502 1939
f 1939 422 442
f 309 1940 308
f 1804 1866 1803
f 269 1954 56
f 2065 2060 2056
f 3812 1758 3835
f 280 552 1940
f 1875 1869 1874
f 1739 1734 1737
f 1778 1790 1788
f 310 1915 279
f 1909 1906 1954
f 1789 1778 1788
f 978 980 979
f 1584 1731 1583
f 425 311 312
f 148 115 116
f 2044 3894 2046
f 277 1939 551
f 1943 1945 1944
f 1461 1463 1464
f 2253 3056 3055
f 2981 3489 958
f 2209 3489 3055
f 2254 3055 3489
f 2998 958 3489
f 2826 2721 2724
f 3490 2721 2817
f 2816 3490 2817
f 2334 2296 2335
f 2298 2334 2336
f 2301 2336 2338
f 2311 2338 2354
f 2312 2354 2355
f 2359 2361 2360
f 2335 2359 2360
f 2414 2365 2364
f 2413 2361 2365
f 2355 2540 2541
f 2541 2539 2542
f 2722 2739 2738
f 3114 2738 3113
f 3110 3121 3120
f 3108 3120 3113
f 3122 3127 3126
f 3112 3126 3121
f 3127 1753 3135
f 3139 2529 2542
f 3744 3133 3139
f 3490 2740 2739
f 3491 2789 3490
f 228 91 88
f 245 243 242
f 248 247 191
f 2 296 295
f 145 300 267
f 327 210 328
f 329 331 330
f 250 228 236
f 239 240 230
f 373 375 374
f 178 176 175
f 1218 1228 1321
f 3862 1295 3854
f 808 824 823
f 3858 1013 1014
f 3813 1411 1413
f 2154 2159 2160
f 3845 1758 1757
f 306 1922 452
f 2157 1976 1977
f 708 2031 1474
f 1450 1227 1428
f 1672 1605 1624
f 1813 1821 1816
f 1717 1715 1718
f 176 402 347
f 1710 3916 3915
f 1712 1577 1711
f 1705 1711 1704
f 971 979 970
f 822 1094 1102
f 2909 2793 2792
f 2810 2795 2793
f 2799 2249 2800
f 3662 2910 2799
f 2769 2801 2795
f 3177 3178 3179
f 3178 3180 3179
f 3181 1393 2800
f 3181 1632 3182
f 3182 2244 3183
f 3183 2243 3180
f 3492 2790 3491
f 2808 3491 2816
f 2239 3572 2240
f 1149 3571 3570
f 1150 3567 3571
f 2202 3566 2015
f 2921 3565 2923
f 3568 2133 2928
f 1777 1759 1792
f 1201 1183 1184
f 3561 2195 2194
f 3553 2770 2768
f 3927 1687 1692
f 1516 154 503
f 3549 2974 2803
f 3550 2779 2778
f 2771 3575 3546
f 3070 3546 3558
f 3547 2775 2867
f 1376 1370 1372
f 2767 3556 2206
f 2195 3543 2767
f 2775 3542 2776
f 3377 3545 2871
f 3804 3539 2806
f 2776 3538 2805
f 2240 3535 2920
f 2920 3669 3619
f 3548 2786 2779
f 1805 1851 1804
f 3534 2787 2786
f 2951 3540 3531
f 2772 3531 3575
f 2973 3530 3536
f 2224 3537 3530
f 1957 320 510
f 306 304 303
f 2770 3528 2913
f 2913 3574 2239
f 2923 3527 2922
f 308 431 47
f 207 132 543
f 1879 1881 1880
f 3733 3525 2089
f 2475 3558 3524
f 2476 3524 3523
f 2223 3523 3537
f 3522 2803 2802
f 2037 11 1950
f 1959 450 505
f 2003 3520 2129
f 9 334 540
f 2009 3518 3567
f 2008 3536 3518
f 3877 673 3879
f 3515 2778 2784
f 2935 3513 2936
f 111 3570 3511
f 3510 2935 2938
f 683 3885 943
f 3508 2810 2909
f 736 732 729
f 1795 1803 1796
f 3505 2938 2939
f 3507 2939 2940
f 2950 3504 2949
f 2940 3504 3507
f 3801 3512 2950
f 2868 3502 2869
f 2869 3522 2802
f 1024 1023 1020
f 3500 2948 2947
f 551 442 443
f 2972 3568 2928
f 2032 3499 2972
f 216 1924 1923
f 203 201 200
f 1828 1847 1837
f 1958 449 450
f 272 178 175
f 2871 3495 1361
f 3619 3564 2921
f 2801 3643 3662
f 2005 3654 2176
f 960 899 962
f 3657 3612 3624
f 3780 3646 3151
f 3151 3593 2555
f 2193 3623 2194
f 3607 3145 3144
f 3603 2761 3145
f 3592 3144 3104
f 2926 3634 3103
f 3634 3104 3103
f 3755 3746 3753
f 566 3758 2005
f 3488 1864 3500
f 1602 2079 2078
f 2868 3611 2922
f 2922 3610 2923
f 2923 3618 2921
f 3670 2918 3614
f 3619 3614 2920
f 2921 3670 3619
f 2920 3586 2240
f 3613 2915 2918
f 2917 3622 3641
f 2916 3641 3642
f 2239 3652 2913
f 2911 3652 2757
f 3643 2911 2910
f 2797 3662 3591
f 2797 3598 2750
f 3622 2763 2765
f 3608 2764 2745
f 2194 3648 2221
f 2221 3649 2222
f 2756 3609 2755
f 2750 3609 2747
f 3669 1817 3827
f 3763 1691 1699
f 2515 3590 2548
f 2548 3593 2550
f 2513 3632 3616
f 2513 3621 2515
f 2509 3620 2289
f 2510 3633 2509
f 2289 3639 2283
f 2283 3617 2286
f 2240 3587 2239
f 3659 3624 3626
f 716 3887 3888
f 727 3761 1923
f 2165 2170 2164
f 3660 3626 3629
f 3743 3578 3757
f 2175 769 770
f 2100 2095 2099
f 3758 3757 3578
f 640 3568 1826
f 1653 3553 1651
f 1895 3530 746
f 746 3537 741
f 1653 3528 3576
f 3762 1604 1672
f 2093 2073 2078
f 959 995 884
f 962 919 986
f 1400 1398 1399
f 1000 1127 1004
f 956 884 885
f 1662 3550 1661
f 2034 3546 1654
f 3926 3539 3802
f 3535 766 1817
f 3572 765 766
f 334 3571 335
f 1868 3540 1656
f 1684 1652 1678
f 1682 775 1807
f 1585 3762 1700
f 3763 1672 1673
f 2173 490 491
f 1658 3547 1752
f 3556 1650 724
f 1571 2010 1572
f 1587 3671 2080
f 2099 2077 2094
f 787 1999 786
f 2000 786 1999
f 3155 3697 3683
f 3713 3683 3789
f 2180 3685 3684
f 3496 3684 3705
f 1684 3840 1651
f 1760 3495 3545
f 2607 3693 2590
f 2581 3689 2607
f 2371 3700 3695
f 2371 3693 2372
f 2587 3675 2586
f 2586 3697 339
f 2497 3687 2503
f 2502 3687 3700
f 2494 3690 2495
f 3690 2472 2495
f 3688 2468 2472
f 3701 2469 2468
f 726 3892 630
f 581 3518 580
f 10 3570 334
f 1837 3510 1849
f 741 3523 1300
f 1299 3558 2034
f 1851 3504 1866
f 3527 1820 1819
f 580 3536 1895
f 1758 3522 3502
f 1693 3508 1806
f 3504 1867 1866
f 1894 3568 3499
f 2126 3813 3841
f 3906 3841 3912
f 2113 3867 2110
f 2179 3789 3685
f 624 3904 623
f 2192 3788 3780
f 2177 3787 3733
f 1364 3833 1338
f 3858 1470 1453
f 3135 3775 3744
f 2069 3835 2068
f 1351 3853 1352
f 2108 3901 499
f 2089 3736 3733
f 3828 1358 866
f 2001 3783 2187
f 2187 3719 2091
f 2130 3752 2004
f 2004 3749 2001
f 2014 3779 2201
f 2201 3756 2130
f 3167 3759 2969
f 3168 3720 3167
f 3159 3764 3160
f 3160 3765 3081
f 3730 3158 337
f 3158 3709 3159
f 2200 3730 3722
f 3685 3742 2204
f 3722 2197 2200
f 3790 2092 3721
f 3774 3721 2197
f 3154 3790 3774
f 3155 3706 3154
f 2091 3721 2092
f 2196 3750 3776
f 2193 3776 3781
f 3604 3781 3788
f 2086 3780 3778
f 2087 3778 3777
f 2204 3751 2205
f 2205 3750 3148
f 3909 574 692
f 2124 3777 3760
f 2208 3760 3782
f 3711 3140 3137
f 3785 3138 3140
f 3745 3139 3138
f 3771 3136 2322
f 3712 3137 3136
f 3775 3131 3133
f 3767 3132 3131
f 1813 3838 1814
f 1293 3856 1344
f 2184 3748 3732
f 2181 3732 3734
f 3765 3079 3081
f 3768 3080 3079
f 709 3875 2031
f 2774 3737 3769
f 3786 2134 3559
f 3809 766 765
f 2968 3766 2959
f 2969 3784 2968
f 2958 3737 2961
f 2132 3766 2960
f 2321 3771 3748
f 3860 1449 28
f 3905 582 710
f 3886 577 574
f 3847 1818 3827
f 705 3887 2121
f 3816 3907 698
f 2111 3911 2113
f 3810 1366 1411
f 1812 3822 1815
f 675 3852 674
f 3496 3851 675
f 2110 3868 2109
f 2104 3901 2106
f 2109 3899 944
f 3842 703 739
f 1680 3846 1684
f 1639 3819 3818
f 623 3906 697
f 2139 3866 3865
f 1808 3844 3837
f 3820 1819 1820
f 3872 3900 706
f 1646 3830 1648
f 3889 633 577
f 2139 3875 18
f 2156 3871 3874
f 674 3913 3869
f 2117 3812 2069
f 1815 3847 3823
f 3855 1444 1470
f 697 3912 3816
f 866 3836 3828
f 3864 2136 2135
f 3585 3726 3589
f 3583 3731 3585
f 3753 3738 3739
f 3740 3581 3743
f 1088 3746 1093
f 3739 3743 3753
f 2791 3493 2792
f 3492 2807 3493
f 2792 3494 2909
f 3493 2806 3494
f 3508 3494 3516
f 3516 2806 3539
f 2948 3791 3801
f 2105 3896 2104
f 3538 3804 2805
f 680 3876 683
f 1891 3910 3891
f 2905 3801 2950
f 2900 3799 2905
f 2901 3807 2877
f 2734 3806 3794
f 2877 3806 2878
f 2820 3794 2872
f 2818 3792 2827
f 2823 3792 2826
f 2822 3798 2821
f 2819 3800 3798
f 2817 3795 2816
f 2809 3795 2815
f 2808 3803 2807
f 2805 3803 2804
f 1702 3923 1599
f 3922 1797 1802
f 3915 1706 1709
f 3918 1692 1698
f 1657 3880 1879
f 1890 3895 3910
f 3772 1674 1675
f 1689 3772 3773
f 3926 3538 1688
f 3516 1689 3773
f 3917 1703 1764
f 1598 3928 1770
f 3880 1876 1879
f 1691 3925 3927
f 3925 1688 1687
f 1117 1118 3930
f 1066 1322 3930
f 1243 847 3930
f 3825 848 3930
f 1128 1117 3930
f 1129 1130 3930
f 841 1011 3930
f 1230 3863 3930
f 1242 1243 3930
f 1322 1229 3930
f 1064 1065 3930
f 1003 1128 3930
f 1229 1230 3930
f 3863 1285 3930
f 1285 1288 3930
f 848 839 3930
f 847 3825 3930
f 1118 1129 3930
f 1065 1066 3930
f 1087 1086 3930
f 1008 1002 3930
f 1011 1008 3930
f 1002 1003 3930
f 1076 1069 3930
f 838 841 3930
f 839 838 3930
f 1288 1242 3930
f 1130 1087 3930
f 1086 1076 3930
f 1069 1064 3930
f 2410 2414 3931
f 2411 2410 3931
f 3617 2285 3931
f 2394 2393 3931
f 2393 2396 3931
f 2281 2286 3931
f 2282 2280 3931
f 2398 2399 3931
f 2465 2464 3931
f 2396 2397 3931
f 2470 2469 3931
f 2399 2416 3931
f 2480 2395 3931
f 2459 2480 3931
f 2369 2282 3931
f 2460 2459 3931
f 2415 2411 3931
f 2416 2415 3931
f 2364 2363 3931
f 2286 3617 3931
f 2464 2470 3931
f 2469 3703 3931
f 2285 2465 3931
f 2414 2364 3931
f 2395 2394 3931
f 2363 2367 3931
f 2397 2398 3931
f 2280 2281 3931
f 3703 2460 3931
f 2367 2369 3931
f 3934 3937 3938
f 3934 3939 3935
f 3932 3937 3933
f 3938 3943 3939
f 3937 3940 3941
f 3937 3942 3938
f 3942 3947 3943
f 3941 3944 3945
f 3942 3945 3946
f 3947 3950 3951
f 3944 3949 3945
f 3945 3950 3946
f 3950 3955 3951
f 3949 3952 3953
f 3950 3953 3954
f 3955 3958 3959
f 3953 3956 3957
f 3953 3958 3954
f 3959 3962 3963
f 3957 3960 3961
f 3958 3961 3962
f 3962 3967 3963
f 3960 3965 3961
f 3961 3966 3962
f 3966 3971 3967
f 3965 3968 3969
f 3966 3969 3970
f 3970 3975 3971
f 3968 3973 3969
f 3969 3974 3970
f 3974 3979 3975
f 3973 3976 3977
f 3974 3977 3978
f 3979 3982 3983
f 3976 3981 3977
f 3977 3982 3978
f 3982 3987 3983
f 3981 3984 3985
f 3982 3985 3986
f 3987 3990 3991
f 3984 3989 3985
f 3985 3990 3986
f 3991 3994 3995
f 3989 3992 3993
f 3990 3993 3994
f 3995 3998 3999
f 3992 3997 3993
f 3993 3998 3994
f 3998 4003 3999
f 3997 4000 4001
f 3998 4001 4002
f 4002 4007 4003
f 4000 4005 4001
f 4001 4006 4002
f 4006 4011 4007
f 4005 4008 4009
f 4006 4009 4010
f 4011 4014 4015
f 4008 4013 4009
f 4009 4014 4010
f 4014 4019 4015
f 4013 4016 4017
f 4014 4017 4018
f 4019 4022 4023
f 4016 4021 4017
f 4017 4022 4018
f 4023 4026 4027
f 4021 4024 4025
f 4022 4025 4026
f 4027 4030 4031
f 4024 4029 4025
f 4025 4030 4026
f 4031 4034 4035
f 4029 4032 4033
f 4030 4033 4034
f 4034 4039 4035
f 4032 4037 4033
f 4033 4038 4034
f 4038 4043 4039
f 4037 4040 4041
f 4038 4041 4042
f 4043 4046 4047
f 4040 4045 4041
f 4041 4046 4042
f 4046 4051 4047
f 4045 4048 4049
f 4046 4049 4050
f 4051 4055 4056
f 4048 4054 4049
f 4049 4055 4050
f 4056 4059 4060
f 4053 4058 4054
f 4055 4058 4059
f 3932 4052 3936
f 3936 4052 3940
f 3940 4052 3944
f 3944 4052 3948
f 3948 4052 3952
f 3952 4052 3956
f 3956 4052 3960
f 3960 4052 3964
f 3964 4052 3968
f 3968 4052 3972
f 3972 4052 3976
f 3976 4052 3980
f 3980 4052 3984
f 3984 4052 3988
f 3988 4052 3992
f 3992 4052 3996
f 3996 4052 4000
f 4000 4052 4004
f 4004 4052 4008
f 4008 4052 4012
f 4012 4052 4016
f 4016 4052 4020
f 4020 4052 4024
f 4024 4052 4028
f 4028 4052 4032
f 4032 4052 4036
f 4036 4052 4040
f 4040 4052 4044
f 4044 4052 4048
f 4048 4052 4053
f 4053 4052 4057
f 4060 3934 3935
f 4058 3932 3933
f 4058 3934 4059
f 4057 4052 3932
f 4069 4081 4082
f 4066 4080 4067
f 4065 4077 4078
f 4063 4075 4076
f 4071 4085 4072
f 4069 4083 4070
f 4067 4081 4068
f 4066 4078 4079
f 4063 4077 4064
f 4061 4075 4062
f 4072 4086 4073
f 4071 4083 4084
f 4076 4090 4077
f 4074 4088 4075
f 4086 4098 4099
f 4083 4097 4084
f 4082 4094 4095
f 4079 4093 4080
f 4078 4090 4091
f 4076 4088 4089
f 4085 4097 4098
f 4082 4096 4083
f 4080 4094 4081
f 4079 4091 4092
f 4089 4103 4090
f 4088 4100 4101
f 4098 4112 4099
f 4096 4110 4097
f 4095 4107 4108
f 4092 4106 4093
f 4090 4104 4091
f 4089 4101 4102
f 4097 4111 4098
f 4095 4109 4096
f 4094 4106 4107
f 4092 4104 4105
f 4103 4115 4116
f 4100 4114 4101
f 4112 4124 4125
f 4110 4122 4123
f 4107 4121 4108
f 4105 4119 4106
f 4103 4117 4104
f 4101 4115 4102
f 4110 4124 4111
f 4109 4121 4122
f 4107 4119 4120
f 4105 4117 4118
f 4115 4129 4116
f 4114 4126 4127
f 4124 4138 4125
f 4123 4135 4136
f 4120 4134 4121
f 4119 4131 4132
f 4117 4129 4130
f 4114 4128 4115
f 4124 4136 4137
f 4122 4134 4135
f 4119 4133 4120
f 4117 4131 4118
f 4129 4141 4142
f 4126 4140 4127
f 4138 4150 4151
f 4136 4148 4149
f 4133 4147 4134
f 4131 4145 4132
f 4130 4142 4143
f 4127 4141 4128
f 4137 4149 4150
f 4135 4147 4148
f 4132 4146 4133
f 4131 4143 4144
f 4142 4154 4155
f 4140 4152 4153
f 4150 4164 4151
f 4149 4161 4162
f 4146 4160 4147
f 4144 4158 4145
f 4142 4156 4143
f 4140 4154 4141
f 4149 4163 4150
f 4148 4160 4161
f 4146 4158 4159
f 4144 4156 4157
f 4155 4167 4168
f 4153 4165 4166
f 4163 4177 4164
f 4161 4175 4162
f 4159 4173 4160
f 4158 4170 4171
f 4155 4169 4156
f 4153 4167 4154
f 4163 4175 4176
f 4161 4173 4174
f 4159 4171 4172
f 4156 4170 4157
f 4167 4181 4168
f 4165 4179 4166
f 4176 4190 4177
f 4175 4187 4188
f 4173 4185 4186
f 4170 4184 4171
f 4169 4181 4182
f 4167 4179 4180
f 4175 4189 4176
f 4173 4187 4174
f 4171 4185 4172
f 4170 4182 4183
f 4180 4194 4181
f 4178 4192 4179
f 4190 4202 4203
f 4187 4201 4188
f 4186 4198 4199
f 4183 4197 4184
f 4182 4194 4195
f 4180 4192 4193
f 4189 4201 4202
f 4186 4200 4187
f 4184 4198 4185
f 4183 4195 4196
f 4193 4207 4194
f 4192 4204 4205
f 4202 4216 4203
f 4200 4214 4201
f 4199 4211 4212
f 4196 4210 4197
f 4194 4208 4195
f 4193 4205 4206
f 4201 4215 4202
f 4199 4213 4200
f 4198 4210 4211
f 4196 4208 4209
f 4207 4219 4220
f 4204 4218 4205
f 4216 4228 4229
f 4213 4227 4214
f 4211 4225 4212
f 4209 4223 4210
f 4207 4221 4208
f 4205 4219 4206
f 4214 4228 4215
f 4213 4225 4226
f 4211 4223 4224
f 4209 4221 4222
f 4219 4233 4220
f 4218 4230 4231
f 4228 4242 4229
f 4226 4240 4227
f 4225 4237 4238
f 4223 4235 4236
f 4221 4233 4234
f 4218 4232 4219
f 4228 4240 4241
f 4226 4238 4239
f 4223 4237 4224
f 4221 4235 4222
f 4233 4245 4246
f 4230 4244 4231
f 4242 4254 4255
f 4240 4252 4253
f 4237 4251 4238
f 4235 4249 4236
f 4234 4246 4247
f 4231 4245 4232
f 4241 4253 4254
f 4239 4251 4252
f 4236 4250 4237
f 4235 4247 4248
f 4246 4258 4259
f 4244 4256 4257
f 4254 4268 4255
f 4253 4265 4266
f 4250 4264 4251
f 4248 4262 4249
f 4246 4260 4247
f 4244 4258 4245
f 4253 4267 4254
f 4252 4264 4265
f 4250 4262 4263
f 4248 4260 4261
f 4259 4271 4272
f 4257 4269 4270
f 4267 4281 4268
f 4265 4279 4266
f 4263 4277 4264
f 4262 4274 4275
f 4259 4273 4260
f 4257 4271 4258
f 4266 4280 4267
f 4265 4277 4278
f 4263 4275 4276
f 4260 4274 4261
f 4271 4285 4272
f 4269 4283 4270
f 4281 4293 4294
f 4279 4291 4292
f 4277 4289 4290
f 4274 4288 4275
f 4273 4285 4286
f 4271 4283 4284
f 4280 4292 4293
f 4277 4291 4278
f 4275 4289 4276
f 4274 4286 4287
f 4284 4298 4285
f 4282 4296 4283
f 4294 4306 4307
f 4291 4305 4292
f 4290 4302 4303
f 4287 4301 4288
f 4286 4298 4299
f 4284 4296 4297
f 4293 4305 4306
f 4290 4304 4291
f 4288 4302 4289
f 4287 4299 4300
f 4297 4311 4298
f 4296 4308 4309
f 4306 4320 4307
f 4304 4318 4305
f 4303 4315 4316
f 4300 4314 4301
f 4298 4312 4299
f 4297 4309 4310
f 4305 4319 4306
f 4304 4316 4317
f 4302 4314 4315
f 4300 4312 4313
f 4310 4324 4311
f 4308 4322 4309
f 4320 4332 4333
f 4318 4330 4331
f 4316 4328 4329
f 4313 4327 4314
f 4311 4325 4312
f 4310 4322 4323
f 4318 4332 4319
f 4316 4330 4317
f 4315 4327 4328
f 4312 4326 4313
f 4323 4337 4324
f 4322 4334 4335
f 4332 4346 4333
f 4330 4344 4331
f 4329 4341 4342
f 4327 4339 4340
f 4325 4337 4338
f 4322 4336 4323
f 4332 4344 4345
f 4330 4342 4343
f 4327 4341 4328
f 4325 4339 4326
f 4337 4350 4351
f 4334 4349 4335
f 4346 4359 4360
f 4344 4357 4358
f 4341 4356 4342
f 4340 4353 4354
f 4338 4351 4352
f 4335 4350 4336
f 4345 4358 4359
f 4343 4356 4357
f 4340 4355 4341
f 4338 4353 4339
f 4351 4363 4364
f 4349 4361 4362
f 4359 4373 4360
f 4358 4370 4371
f 4355 4369 4356
f 4354 4366 4367
f 4351 4365 4352
f 4349 4363 4350
f 4358 4372 4359
f 4357 4369 4370
f 4355 4367 4368
f 4352 4366 4353
f 4364 4376 4377
f 4362 4374 4375
f 4373 4385 4386
f 4370 4384 4371
f 4368 4382 4369
f 4367 4379 4380
f 4364 4378 4365
f 4362 4376 4363
f 4372 4384 4385
f 4370 4382 4383
f 4368 4380 4381
f 4365 4379 4366
f 4376 4390 4377
f 4374 4388 4375
f 4385 4399 4386
f 4384 4396 4397
f 4382 4394 4395
f 4379 4393 4380
f 4378 4390 4391
f 4376 4388 4389
f 4384 4398 4385
f 4382 4396 4383
f 4380 4394 4381
f 4379 4391 4392
f 4389 4403 4390
f 4387 4401 4388
f 4399 4411 4412
f 4396 4410 4397
f 4395 4407 4408
f 4393 4405 4406
f 4391 4403 4404
f 4389 4401 4402
f 4398 4410 4411
f 4395 4409 4396
f 4393 4407 4394
f 4391 4405 4392
f 4402 4416 4403
f 4401 4413 4414
f 4411 4425 4412
f 4409 4423 4410
f 4408 4420 4421
f 4406 4418 4419
f 4403 4417 4404
f 4402 4414 4415
f 4410 4424 4411
f 4408 4422 4409
f 4407 4419 4420
f 4404 4418 4405
f 4416 4428 4429
f 4413 4427 4414
f 4425 4437 4438
f 4423 4435 4436
f 4421 4433 4434
f 4418 4432 4419
f 4416 4430 4417
f 4415 4427 4428
f 4423 4437 4424
f 4421 4435 4422
f 4420 4432 4433
f 4418 4430 4431
f 4428 4442 4429
f 4426 4440 4427
f 4437 4451 4438
f 4435 4449 4436
f 4434 4446 4447
f 4432 4444 4445
f 4430 4442 4443
f 4427 4441 4428
f 4437 4449 4450
f 4435 4447 4448
f 4432 4446 4433
f 4430 4444 4431
f 4442 4454 4455
f 4439 4453 4440
f 4451 4463 4464
f 4449 4461 4462
f 4446 4460 4447
f 4444 4458 4445
f 4443 4455 4456
f 4440 4454 4441
f 4450 4462 4463
f 4447 4461 4448
f 4445 4459 4446
f 4444 4456 4457
f 4455 4467 4468
f 4453 4465 4466
f 4463 4477 4464
f 4462 4474 4475
f 4459 4473 4460
f 4457 4471 4458
f 4455 4469 4456
f 4453 4467 4454
f 4462 4476 4463
f 4461 4473 4474
f 4459 4471 4472
f 4457 4469 4470
f 4347 4073 4086
f 4347 4086 4099
f 4347 4099 4112
f 4347 4112 4125
f 4347 4125 4138
f 4347 4138 4151
f 4347 4151 4164
f 4347 4164 4177
f 4347 4177 4190
f 4347 4190 4203
f 4347 4203 4216
f 4347 4216 4229
f 4347 4229 4242
f 4347 4242 4255
f 4347 4255 4268
f 4347 4268 4281
f 4347 4281 4294
f 4347 4294 4307
f 4347 4307 4320
f 4347 4320 4333
f 4347 4333 4346
f 4347 4346 4360
f 4347 4360 4373
f 4347 4373 4386
f 4347 4386 4399
f 4347 4399 4412
f 4347 4412 4425
f 4347 4425 4438
f 4347 4438 4451
f 4347 4451 4464
f 4347 4464 4477
f 4468 4063 4064
f 4466 4061 4062
f 4477 4072 4073
f 4474 4071 4475
f 4472 4069 4473
f 4471 4066 4067
f 4468 4065 4469
f 4466 4063 4467
f 4347 4477 4073
f 4476 4071 4072
f 4474 4069 4070
f 4472 4067 4068
f 4469 4066 4470
f 3935 4465 4060
f 4465 4056 4060
f 4452 4051 4056
f 4439 4047 4051
f 4047 4413 4043
f 4043 4400 4039
f 4039 4387 4035
f 4387 4031 4035
f 4031 4361 4027
f 4361 4023 4027
f 4348 4019 4023
f 4334 4015 4019
f 4015 4308 4011
f 4011 4295 4007
f 4007 4282 4003
f 4282 3999 4003
f 3999 4256 3995
f 4256 3991 3995
f 4243 3987 3991
f 4230 3983 3987
f 3983 4204 3979
f 3979 4191 3975
f 3975 4178 3971
f 4178 3967 3971
f 3967 4152 3963
f 4152 3959 3963
f 4139 3955 3959
f 4126 3951 3955
f 3951 4100 3947
f 3947 4087 3943
f 3943 4074 3939
f 4074 3935 3939
f 4480 4483 4484
f 4480 4485 4481
f 4479 4482 4483
f 4484 4489 4485
f 4482 4487 4483
f 4483 4488 4484
f 4488 4493 4489
f 4487 4490 4491
f 4488 4491 4492
f 4493 4496 4497
f 4490 4495 4491
f 4491 4496 4492
f 4496 4501 4497
f 4495 4498 4499
f 4496 4499 4500
f 4501 4504 4505
f 4498 4503 4499
f 4499 4504 4500
f 4505 4508 4509
f 4503 4506 4507
f 4504 4507 4508
f 4509 4512 4513
f 4506 4511 4507
f 4507 4512 4508
f 4513 4516 4517
f 4511 4514 4515
f 4512 4515 4516
f 4516 4521 4517
f 4514 4519 4515
f 4515 4520 4516
f 4520 4525 4521
f 4518 4523 4519
f 4520 4523 4524
f 4525 4528 4529
f 4522 4527 4523
f 4523 4528 4524
f 4528 4533 4529
f 4527 4530 4531
f 4528 4531 4532
f 4533 4536 4537
f 4530 4535 4531
f 4531 4536 4532
f 4537 4540 4541
f 4534 4539 4535
f 4536 4539 4540
f 4541 4544 4545
f 4539 4542 4543
f 4539 4544 4540
f 4544 4549 4545
f 4542 4547 4543
f 4544 4547 4548
f 4548 4553 4549
f 4547 4550 4551
f 4547 4552 4548
f 4552 4557 4553
f 4551 4554 4555
f 4552 4555 4556
f 4557 4560 4561
f 4554 4559 4555
f 4555 4560 4556
f 4560 4565 4561
f 4559 4562 4563
f 4560 4563 4564
f 4565 4568 4569
f 4562 4567 4563
f 4563 4568 4564
f 4569 4572 4573
f 4567 4570 4571
f 4568 4571 4572
f 4572 4577 4573
f 4570 4575 4571
f 4571 4576 4572
f 4576 4581 4577
f 4575 4578 4579
f 4576 4579 4580
f 4580 4585 4581
f 4578 4583 4579
f 4579 4584 4580
f 4584 4589 4585
f 4583 4586 4587
f 4584 4587 4588
f 4589 4592 4593
f 4586 4591 4587
f 4587 4592 4588
f 4592 4597 4593
f 4591 4594 4595
f 4592 4595 4596
f 4597 4601 4602
f 4594 4600 4595
f 4595 4601 4596
f 4602 4605 4606
f 4600 4603 4604
f 4601 4604 4605
f 4478 4598 4482
f 4482 4598 4486
f 4486 4598 4490
f 4490 4598 4494
f 4494 4598 4498
f 4498 4598 4502
f 4502 4598 4506
f 4506 4598 4510
f 4510 4598 4514
f 4514 4598 4518
f 4518 4598 4522
f 4522 4598 4526
f 4526 4598 4530
f 4530 4598 4534
f 4534 4598 4538
f 4538 4598 4542
f 4542 4598 4546
f 4546 4598 4550
f 4550 4598 4554
f 4554 4598 4558
f 4558 4598 4562
f 4562 4598 4566
f 4566 4598 4570
f 4570 4598 4574
f 4574 4598 4578
f 4578 4598 4582
f 4582 4598 4586
f 4586 4598 4590
f 4590 4598 4594
f 4594 4598 4599
f 4599 4598 4603
f 4606 4480 4481
f 4603 4479 4604
f 4604 4480 4605
f 4603 4598 4478
f 4615 4627 4628
f 4612 4626 4613
f 4611 4623 4624
f 4609 4621 4622
f 4618 4630 4631
f 4615 4629 4616
f 4613 4627 4614
f 4612 4624 4625
f 4609 4623 4610
f 4607 4621 4608
f 4619 4631 4632
f 4617 4629 4630
f 4622 4636 4623
f 4620 4634 4621
f 4632 4644 4645
f 4629 4643 4630
f 4628 4640 4641
f 4626 4638 4639
f 4624 4636 4637
f 4622 4634 4635
f 4631 4643 4644
f 4628 4642 4629
f 4626 4640 4627
f 4624 4638 4625
f 4635 4649 4636
f 4634 4646 4647
f 4644 4658 4645
f 4642 4656 4643
f 4641 4653 4654
f 4639 4651 4652
f 4636 4650 4637
f 4635 4647 4648
f 4643 4657 4644
f 4642 4654 4655
f 4640 4652 4653
f 4637 4651 4638
f 4648 4662 4649
f 4646 4660 4647
f 4658 4670 4671
f 4656 4668 4669
f 4653 4667 4654
f 4651 4665 4652
f 4649 4663 4650
f 4648 4660 4661
f 4656 4670 4657
f 4654 4668 4655
f 4653 4665 4666
f 4651 4663 4664
f 4661 4675 4662
f 4660 4672 4673
f 4670 4684 4671
f 4668 4682 4669
f 4667 4679 4680
f 4665 4677 4678
f 4663 4675 4676
f 4661 4673 4674
f 4670 4682 4683
f 4667 4681 4668
f 4665 4679 4666
f 4663 4677 4664
f 4675 4687 4688
f 4672 4686 4673
f 4684 4696 4697
f 4682 4694 4695
f 4679 4693 4680
f 4678 4690 4691
f 4676 4688 4689
f 4673 4687 4674
f 4683 4695 4696
f 4681 4693 4694
f 4678 4692 4679
f 4676 4690 4677
f 4688 4700 4701
f 4686 4698 4699
f 4696 4710 4697
f 4695 4707 4708
f 4692 4706 4693
f 4691 4703 4704
f 4688 4702 4689
f 4686 4700 4687
f 4695 4709 4696
f 4694 4706 4707
f 4692 4704 4705
f 4689 4703 4690
f 4701 4713 4714
f 4699 4711 4712
f 4710 4722 4723
f 4707 4721 4708
f 4705 4719 4706
f 4704 4716 4717
f 4701 4715 4702
f 4699 4713 4700
f 4709 4721 4722
f 4707 4719 4720
f 4705 4717 4718
f 4702 4716 4703
f 4713 4727 4714
f 4711 4725 4712
f 4723 4735 4736
f 4721 4733 4734
f 4719 4731 4732
f 4716 4730 4717
f 4715 4727 4728
f 4713 4725 4726
f 4721 4735 4722
f 4719 4733 4720
f 4717 4731 4718
f 4716 4728 4729
f 4726 4740 4727
f 4724 4738 4725
f 4736 4748 4749
f 4733 4747 4734
f 4732 4744 4745
f 4730 4742 4743
f 4728 4740 4741
f 4726 4738 4739
f 4735 4747 4748
f 4732 4746 4733
f 4730 4744 4731
f 4728 4742 4729
f 4739 4753 4740
f 4738 4750 4751
f 4748 4762 4749
f 4746 4760 4747
f 4745 4757 4758
f 4743 4755 4756
f 4740 4754 4741
f 4739 4751 4752
f 4747 4761 4748
f 4745 4759 4746
f 4744 4756 4757
f 4741 4755 4742
f 4753 4765 4766
f 4750 4764 4751
f 4762 4774 4775
f 4759 4773 4760
f 4758 4770 4771
f 4755 4769 4756
f 4753 4767 4754
f 4752 4764 4765
f 4760 4774 4761
f 4758 4772 4759
f 4757 4769 4770
f 4755 4767 4768
f 4765 4779 4766
f 4764 4776 4777
f 4774 4788 4775
f 4772 4786 4773
f 4771 4783 4784
f 4769 4781 4782
f 4767 4779 4780
f 4765 4777 4778
f 4774 4786 4787
f 4771 4785 4772
f 4769 4783 4770
f 4767 4781 4768
f 4779 4791 4792
f 4776 4790 4777
f 4788 4800 4801
f 4786 4798 4799
f 4783 4797 4784
f 4782 4794 4795
f 4780 4792 4793
f 4777 4791 4778
f 4787 4799 4800
f 4785 4797 4798
f 4782 4796 4783
f 4780 4794 4781
f 4792 4804 4805
f 4790 4802 4803
f 4800 4814 4801
f 4799 4811 4812
f 4796 4810 4797
f 4795 4807 4808
f 4792 4806 4793
f 4790 4804 4791
f 4799 4813 4800
f 4798 4810 4811
f 4796 4808 4809
f 4793 4807 4794
f 4805 4817 4818
f 4803 4815 4816
f 4814 4826 4827
f 4811 4825 4812
f 4809 4823 4810
f 4808 4820 4821
f 4805 4819 4806
f 4803 4817 4804
f 4813 4825 4826
f 4811 4823 4824
f 4809 4821 4822
f 4806 4820 4807
f 4817 4831 4818
f 4815 4829 4816
f 4826 4840 4827
f 4825 4837 4838
f 4823 4835 4836
f 4820 4834 4821
f 4819 4831 4832
f 4817 4829 4830
f 4825 4839 4826
f 4823 4837 4824
f 4821 4835 4822
f 4820 4832 4833
f 4830 4844 4831
f 4828 4842 4829
f 4840 4852 4853
f 4837 4851 4838
f 4836 4848 4849
f 4834 4846 4847
f 4832 4844 4845
f 4830 4842 4843
f 4839 4851 4852
f 4836 4850 4837
f 4834 4848 4835
f 4832 4846 4833
f 4843 4857 4844
f 4842 4854 4855
f 4852 4866 4853
f 4850 4864 4851
f 4849 4861 4862
f 4847 4859 4860
f 4844 4858 4845
f 4843 4855 4856
f 4851 4865 4852
f 4849 4863 4850
f 4848 4860 4861
f 4845 4859 4846
f 4857 4869 4870
f 4855 4867 4868
f 4866 4878 4879
f 4864 4876 4877
f 4862 4874 4875
f 4859 4873 4860
f 4857 4871 4858
f 4856 4868 4869
f 4864 4878 4865
f 4862 4876 4863
f 4861 4873 4874
f 4859 4871 4872
f 4869 4883 4870
f 4868 4880 4881
f 4878 4892 4879
f 4877 4889 4890
f 4874 4888 4875
f 4873 4885 4886
f 4871 4883 4884
f 4868 4882 4869
f 4878 4890 4891
f 4876 4888 4889
f 4873 4887 4874
f 4871 4885 4872
f 4883 4896 4897
f 4880 4895 4881
f 4892 4905 4906
f 4890 4903 4904
f 4887 4902 4888
f 4885 4900 4886
f 4884 4897 4898
f 4881 4896 4882
f 4891 4904 4905
f 4889 4902 4903
f 4886 4901 4887
f 4885 4898 4899
f 4897 4909 4910
f 4895 4907 4908
f 4905 4919 4906
f 4904 4916 4917
f 4901 4915 4902
f 4899 4913 4900
f 4897 4911 4898
f 4895 4909 4896
f 4904 4918 4905
f 4903 4915 4916
f 4901 4913 4914
f 4899 4911 4912
f 4910 4922 4923
f 4908 4920 4921
f 4919 4931 4932
f 4916 4930 4917
f 4914 4928 4915
f 4913 4925 4926
f 4910 4924 4911
f 4908 4922 4909
f 4918 4930 4931
f 4916 4928 4929
f 4914 4926 4927
f 4911 4925 4912
f 4922 4936 4923
f 4920 4934 4921
f 4931 4945 4932
f 4930 4942 4943
f 4928 4940 4941
f 4925 4939 4926
f 4924 4936 4937
f 4922 4934 4935
f 4930 4944 4931
f 4928 4942 4929
f 4926 4940 4927
f 4925 4937 4938
f 4935 4949 4936
f 4933 4947 4934
f 4945 4957 4958
f 4942 4956 4943
f 4941 4953 4954
f 4938 4952 4939
f 4937 4949 4950
f 4935 4947 4948
f 4944 4956 4957
f 4941 4955 4942
f 4939 4953 4940
f 4938 4950 4951
f 4948 4962 4949
f 4947 4959 4960
f 4957 4971 4958
f 4955 4969 4956
f 4954 4966 4967
f 4951 4965 4952
f 4949 4963 4950
f 4948 4960 4961
f 4956 4970 4957
f 4954 4968 4955
f 4953 4965 4966
f 4951 4963 4964
f 4962 4974 4975
f 4959 4973 4960
f 4971 4983 4984
f 4968 4982 4969
f 4966 4980 4967
f 4964 4978 4965
f 4962 4976 4963
f 4960 4974 4961
f 4969 4983 4970
f 4967 4981 4968
f 4966 4978 4979
f 4964 4976 4977
f 4975 4987 4988
f 4973 4985 4986
f 4983 4997 4984
f 4981 4995 4982
f 4979 4993 4980
f 4978 4990 4991
f 4976 4988 4989
f 4973 4987 4974
f 4983 4995 4996
f 4981 4993 4994
f 4978 4992 4979
f 4976 4990 4977
f 4988 5000 5001
f 4985 4999 4986
f 4997 5009 5010
f 4995 5007 5008
f 4992 5006 4993
f 4991 5003 5004
f 4989 5001 5002
f 4986 5000 4987
f 4996 5008 5009
f 4994 5006 5007
f 4991 5005 4992
f 4989 5003 4990
f 5001 5013 5014
f 4999 5011 5012
f 5009 5023 5010
f 5008 5020 5021
f 5005 5019 5006
f 5004 5016 5017
f 5001 5015 5002
f 4999 5013 5000
f 5008 5022 5009
f 5007 5019 5020
f 5005 5017 5018
f 5002 5016 5003
f 4893 4619 4632
f 4893 4632 4645
f 4893 4645 4658
f 4893 4658 4671
f 4893 4671 4684
f 4893 4684 4697
f 4893 4697 4710
f 4893 4710 4723
f 4893 4723 4736
f 4893 4736 4749
f 4893 4749 4762
f 4893 4762 4775
f 4893 4775 4788
f 4893 4788 4801
f 4893 4801 4814
f 4893 4814 4827
f 4893 4827 4840
f 4893 4840 4853
f 4893 4853 4866
f 4893 4866 4879
f 4893 4879 4892
f 4893 4892 4906
f 4893 4906 4919
f 4893 4919 4932
f 4893 4932 4945
f 4893 4945 4958
f 4893 4958 4971
f 4893 4971 4984
f 4893 4984 4997
f 4893 4997 5010
f 4893 5010 5023
f 5014 4609 4610
f 5012 4607 4608
f 5022 4619 5023
f 5020 4617 5021
f 5018 4615 5019
f 5017 4612 4613
f 5014 4611 5015
f 5012 4609 5013
f 4893 5023 4619
f 5021 4618 5022
f 5020 4615 4616
f 5018 4613 4614
f 5015 4612 5016
f 4481 5011 4606
f 5011 4602 4606
f 4998 4597 4602
f 4985 4593 4597
f 4593 4959 4589
f 4589 4946 4585
f 4585 4933 4581
f 4933 4577 4581
f 4577 4907 4573
f 4907 4569 4573
f 4894 4565 4569
f 4880 4561 4565
f 4561 4854 4557
f 4557 4841 4553
f 4553 4828 4549
f 4828 4545 4549
f 4545 4802 4541
f 4802 4537 4541
f 4789 4533 4537
f 4776 4529 4533
f 4529 4750 4525
f 4525 4737 4521
f 4521 4724 4517
f 4724 4513 4517
f 4513 4698 4509
f 4698 4505 4509
f 4685 4501 4505
f 4672 4497 4501
f 4497 4646 4493
f 4493 4633 4489
f 4489 4620 4485
f 4620 4481 4485
f 4 3 2
f 8 7 6
f 13 16 15
f 17 28 19
f 32 31 30
f 36 35 34
f 37 40 39
f 21 22 23
f 25 26 27
f 41 44 43
f 48 47 46
f 52 51 50
f 53 56 55
f 60 59 58
f 29 30 62
f 66 65 64
f 67 5 6
f 72 71 70
f 76 75 74
f 77 80 79
f 81 84 83
f 59 87 86
f 88 91 90
f 96 95 94
f 100 99 98
f 101 104 103
f 106 105 34
f 108 116 115
f 117 119 36
f 124 127 126
f 131 130 129
f 132 102 134
f 142 141 140
f 148 106 60
f 144 143 127
f 149 152 151
f 156 155 154
f 159 150 158
f 116 108 164
f 171 170 169
f 174 126 173
f 179 182 181
f 186 189 188
f 194 197 196
f 199 142 139
f 206 209 208
f 213 212 211
f 202 215 214
f 96 93 216
f 92 238 43
f 97 184 246
f 250 249 229
f 252 254 58
f 258 257 256
f 260 91 229
f 110 111 112
f 114 264 263
f 265 268 267
f 56 53 270
f 274 273 249
f 185 183 63
f 280 279 278
f 285 284 283
f 288 219 211
f 141 142 92
f 289 290 175
f 148 116 105
f 312 311 170
f 238 262 42
f 318 163 160
f 310 309 308
f 241 239 325
f 160 230 240
f 47 48 307
f 108 109 315
f 345 85 86
f 348 351 350
f 356 359 358
f 355 354 353
f 363 31 32
f 364 252 253
f 366 125 368
f 183 372 371
f 163 162 161
f 209 226 101
f 378 377 165
f 379 295 381
f 383 382 3
f 284 285 386
f 387 127 389
f 391 259 229
f 73 281 397
f 405 408 407
f 203 218 411
f 414 121 413
f 1 356 357
f 277 276 131
f 254 344 57
f 358 384 415
f 417 416 386
f 401 400 192
f 419 389 127
f 421 181 182
f 103 301 302
f 428 367 368
f 380 390 359
f 62 204 266
f 140 141 431
f 357 358 351
f 356 1 379
f 415 392 403
f 437 428 436
f 438 441 440
f 188 451 450
f 265 455 181
f 224 185 64
f 237 212 213
f 275 131 128
f 281 282 460
f 50 462 79
f 73 74 282
f 468 467 466
f 390 355 352
f 482 485 484
f 489 488 487
f 493 496 495
f 472 471 470
f 502 501 500
f 220 221 222
f 512 419 143
f 518 517 511
f 513 239 230
f 205 30 31
f 189 370 451
f 163 318 532
f 533 224 225
f 446 448 447
f 335 541 540
f 544 512 546
f 329 519 291
f 199 534 262
f 385 386 416
f 532 190 191
f 363 117 118
f 578 581 580
f 573 572 571
f 561 563 562
f 241 260 259
f 590 593 592
f 545 546 595
f 503 154 155
f 606 625 624
f 478 481 480
f 646 649 648
f 590 591 689
f 564 565 651
f 728 246 184
f 714 724 716
f 692 574 575
f 541 335 581
f 346 68 248
f 161 231 230
f 128 129 94
f 698 705 704
f 574 577 576
f 290 289 401
f 630 631 725
f 733 736 735
f 755 466 496
f 759 480 481
f 757 763 762
f 764 496 466
f 768 767 3808
f 759 760 488
f 492 474 475
f 474 770 769
f 773 468 465
f 771 774 486
f 484 485 775
f 774 776 489
f 495 496 764
f 495 757 761
f 137 397 784
f 325 239 797
f 165 519 51
f 369 32 29
f 730 731 568
f 90 302 301
f 243 118 516
f 800 734 806
f 817 815 808
f 816 808 823
f 306 303 447
f 815 810 809
f 829 830 828
f 726 725 501
f 274 427 424
f 879 882 881
f 884 883 879
f 219 218 217
f 906 905 904
f 455 204 205
f 898 882 830
f 903 900 880
f 377 291 519
f 923 949 948
f 946 947 951
f 3519 740 739
f 900 899 886
f 225 64 65
f 182 445 442
f 809 952 947
f 954 960 962
f 927 950 965
f 885 879 880
f 925 927 966
f 343 342 341
f 965 964 971
f 968 971 970
f 972 968 969
f 963 961 981
f 336 337 338
f 992 993 827
f 810 815 996
f 1007 1001 1002
f 1012 826 827
f 1011 1009 1007
f 294 293 292
f 907 908 920
f 1017 579 1019
f 1020 1023 1022
f 1035 1024 1020
f 1061 1060 1047
f 1063 1061 1046
f 1044 1020 1021
f 1102 1094 1097
f 1116 1126 1118
f 1016 1015 1014
f 881 897 904
f 816 1116 1127
f 1094 948 949
f 514 342 167
f 146 145 81
f 1133 1135 1130
f 1102 1133 1126
f 822 1126 1116
f 1145 1143 1148
f 1076 1144 1151
f 1148 1143 1086
f 1109 1097 1114
f 1154 1153 1156
f 1153 925 967
f 3464 3497 463
f 1144 1147 1152
f 1156 967 1163
f 1164 1162 1169
f 1145 1171 1176
f 1114 1115 1154
f 1183 1155 1164
f 1184 1183 1177
f 1069 1151 1062
f 1023 1191 1194
f 1162 1163 1170
f 1195 1184 1185
f 1183 1196 1176
f 1201 1063 1152
f 1061 1063 1201
f 3825 847 843
f 1203 1202 1195
f 1202 1201 1184
f 1218 1060 1203
f 1060 1061 1202
f 1225 1218 1217
f 671 695 694
f 1219 1217 1024
f 1217 1203 1034
f 1226 1014 1015
f 1243 1242 1234
f 1231 1230 1229
f 847 1243 1233
f 843 1233 1244
f 1233 1234 1245
f 1923 3761 233
f 2100 2108 499
f 3914 3864 2135
f 61 62 323
f 210 211 217
f 1299 1310 1309
f 3863 1230 1231
f 1066 1047 1321
f 1322 1321 1228
f 1060 1218 1321
f 1325 1324 1323
f 1244 1245 1332
f 1290 1234 1242
f 1337 1330 1339
f 1330 1332 1340
f 1341 1332 1245
f 1342 1340 1332
f 1343 1342 1341
f 1344 1341 1294
f 3857 3856 1345
f 1347 1348 1342
f 3856 3854 1295
f 1349 1350 1348
f 3861 1349 1347
f 3853 1347 1343
f 906 898 829
f 905 906 1353
f 865 1356 1355
f 1355 1353 829
f 1357 1355 825
f 1356 1354 1353
f 3834 1337 1338
f 866 1358 1356
f 1358 1359 1354
f 3828 878 1337
f 838 1362 1012
f 1363 1364 1338
f 1368 1363 1339
f 1348 1368 1340
f 1371 1369 3824
f 524 525 526
f 528 529 530
f 1372 1370 1369
f 535 536 537
f 1367 1368 1348
f 1370 1354 1359
f 1369 1359 3833
f 1373 910 903
f 555 556 557
f 1374 909 910
f 1373 904 905
f 1374 1373 1375
f 1375 905 1354
f 1378 920 908
f 376 373 651
f 1388 928 973
f 586 587 588
f 1390 1389 1388
f 1391 1388 969
f 597 598 599
f 600 601 602
f 1392 1391 970
f 608 609 610
f 612 524 523
f 614 615 616
f 617 618 25
f 620 621 622
f 1397 1390 1391
f 1398 1397 1392
f 1400 987 920
f 1402 1403 1165
f 636 637 638
f 930 1404 1402
f 641 642 643
f 929 1402 1169
f 1404 1405 1403
f 1411 1366 1365
f 1412 1406 1415
f 652 653 654
f 609 656 657
f 659 660 661
f 558 663 586
f 665 666 667
f 1413 1411 1406
f 1418 1416 3810
f 1417 1372 1371
f 1416 1371 3829
f 1419 1417 1416
f 1386 909 1374
f 677 678 679
f 1385 1386 1420
f 1420 1374 1376
f 685 686 687
f 1421 1420 1422
f 528 690 691
f 1422 1376 1372
f 1018 1019 747
f 699 700 701
f 1424 578 579
f 3663 1597 1767
f 700 699 711
f 1093 3746 3754
f 717 718 530
f 721 722 723
f 704 1650 3543
f 19 1429 1426
f 1429 1428 1427
f 1658 1659 3542
f 1439 1437 1434
f 1437 1436 1435
f 1426 1427 1433
f 1442 1431 1432
f 742 743 744
f 1432 1433 1441
f 751 752 753
f 1438 1434 1403
f 1446 1445 1444
f 1447 1448 1446
f 3860 1447 1443
f 1415 1367 1445
f 1414 1415 1446
f 2173 1683 469
f 777 778 779
f 780 781 782
f 1676 1693 1806
f 3859 1451 1349
f 789 790 791
f 745 792 793
f 652 794 795
f 1455 1458 1457
f 1454 1367 1350
f 610 691 802
f 3831 3816 698
f 1352 1044 1045
f 1015 1016 1459
f 811 812 813
f 2118 3815 3817
f 819 820 821
f 1466 1463 1194
f 1467 1468 1465
f 1182 1165 1468
f 832 812 833
f 835 836 837
f 1467 1466 1190
f 1469 1470 1444
f 840 700 712
f 1453 1470 1469
f 599 844 845
f 1226 1450 3849
f 851 852 853
f 855 744 856
f 858 859 860
f 861 862 863
f 1014 1226 3855
f 867 676 868
f 870 871 872
f 874 875 876
f 1310 1323 1471
f 1476 1433 1427
f 1461 1476 1475
f 887 888 889
f 788 791 892
f 894 895 896
f 1460 1475 1227
f 901 902 524
f 1465 1478 1477
f 1865 3503 3500
f 911 912 913
f 916 917 918
f 1850 3505 3507
f 921 922 895
f 1479 1435 1436
f 926 664 667
f 1481 562 563
f 269 1483 84
f 931 932 933
f 934 935 614
f 936 685 688
f 938 659 662
f 1484 270 122
f 941 942 835
f 320 321 509
f 1849 3510 3505
f 84 1483 1484
f 1487 1490 1488
f 1757 1758 3502
f 365 1492 1491
f 461 79 80
f 117 363 362
f 1494 540 541
f 926 601 957
f 1477 1441 1433
f 1709 1588 1585
f 119 117 1496
f 271 1497 504
f 511 517 189
f 345 1496 1492
f 57 344 299
f 1501 1499 268
f 267 268 1499
f 974 975 976
f 1678 1652 1693
f 3846 1682 1807
f 557 982 663
f 983 941 984
f 1443 1444 3849
f 421 1500 268
f 989 990 991
f 1490 1487 418
f 279 280 309
f 997 868 676
f 998 26 999
f 1504 418 38
f 1506 1508 1507
f 360 361 1508
f 1506 1486 207
f 939 1005 1006
f 270 1484 1483
f 66 63 546
f 1010 742 793
f 367 428 437
f 244 31 363
f 1670 3532 3534
f 209 206 1510
f 388 389 426
f 427 274 250
f 161 520 521
f 100 246 45
f 1025 1026 608
f 1029 1030 1031
f 939 662 1033
f 41 42 594
f 1036 780 783
f 702 701 1038
f 1040 1041 1042
f 362 32 369
f 187 1520 477
f 70 1487 539
f 1049 600 603
f 613 867 869
f 860 1050 1051
f 1005 1052 1053
f 753 1055 1056
f 1057 1058 1059
f 293 288 1522
f 288 212 1521
f 292 1522 1523
f 331 1507 1508
f 306 452 453
f 100 44 41
f 462 1524 78
f 330 331 1524
f 635 1067 1068
f 1485 1527 1526
f 206 1485 1528
f 1070 1071 1072
f 942 941 1073
f 916 933 1075
f 440 1529 1530
f 157 158 1514
f 1529 162 5
f 371 595 546
f 790 586 663
f 1077 858 857
f 1403 1434 1435
f 1080 1081 1082
f 531 520 1529
f 21 1083 1084
f 272 1532 1531
f 690 712 802
f 335 3571 3567
f 1090 1030 1029
f 1092 795 794
f 1533 396 137
f 661 660 1095
f 69 444 445
f 1099 1100 1101
f 38 39 1536
f 1104 1105 1106
f 852 1107 1108
f 1377 908 909
f 291 377 411
f 316 1536 516
f 539 1488 1533
f 1505 1536 316
f 1110 1111 1112
f 1539 1537 460
f 522 441 1537
f 834 837 1120
f 1122 1123 1124
f 612 1125 1041
f 935 793 615
f 276 278 130
f 1686 3549 3522
f 193 190 1541
f 231 521 1540
f 556 1037 982
f 365 253 85
f 190 532 318
f 1810 765 3574
f 3924 1867 3512
f 1132 983 985
f 208 101 102
f 1134 1033 662
f 1491 518 80
f 429 133 1542
f 1137 1138 915
f 172 436 428
f 1139 1140 1141
f 549 96 54
f 1517 1519 1518
f 834 1119 984
f 1543 513 286
f 1544 797 239
f 133 134 1544
f 506 361 257
f 420 327 328
f 1158 1159 1160
f 587 1104 1103
f 607 1161 1027
f 304 1546 1545
f 364 1491 77
f 69 70 198
f 700 840 1112
f 3877 626 3525
f 1166 719 657
f 1167 1168 858
f 1300 3523 3524
f 1172 1173 1174
f 218 203 200
f 1179 1180 1181
f 372 183 97
f 89 104 227
f 1186 1187 1188
f 172 173 1517
f 1482 84 81
f 1090 1192 1193
f 394 395 353
f 526 525 1198
f 1199 1200 1026
f 606 623 697
f 1204 1205 1206
f 1207 1208 523
f 1209 1210 867
f 914 913 685
f 1478 1436 1441
f 1029 1028 1161
f 1211 1212 1213
f 3858 1453 1451
f 844 1215 1216
f 423 193 273
f 1220 1221 1222
f 22 1223 1224
f 882 898 897
f 1519 1517 173
f 1189 1188 1232
f 349 350 550
f 1071 1235 1236
f 1237 1238 1239
f 1221 1186 1189
f 1510 1528 1512
f 939 1032 1241
f 1556 1530 5
f 1553 1554 394
f 404 1556 67
f 1247 1248 1249
f 142 199 238
f 1251 1067 635
f 850 1252 1253
f 1254 1167 1077
f 57 132 133
f 443 430 552
f 1187 1172 1175
f 1256 1070 831
f 432 405 382
f 741 748 747
f 434 350 351
f 349 432 383
f 251 124 1481
f 395 384 352
f 1518 1519 1550
f 1558 410 378
f 109 263 314
f 285 1514 1513
f 395 394 393
f 202 203 410
f 417 408 405
f 1246 1257 1258
f 3 1559 297
f 1259 1260 1261
f 403 404 347
f 955 954 953
f 462 50 51
f 1096 1095 687
f 429 147 60
f 896 1264 1265
f 1267 721 1268
f 423 424 327
f 37 179 180
f 20 23 1187
f 1256 1168 1071
f 1188 1175 1269
f 1236 1270 1271
f 1272 536 535
f 565 564 463
f 1273 792 745
f 876 1254 1255
f 316 33 164
f 437 1516 503
f 194 1494 1495
f 1275 1276 864
f 624 625 631
f 1277 1274 1137
f 569 568 567
f 1481 124 125
f 324 325 547
f 1279 1108 1107
f 1525 332 329
f 1281 1278 1137
f 171 168 1553
f 1488 73 396
f 1557 1561 1562
f 1282 856 1206
f 1053 1277 1278
f 778 777 607
f 713 583 3566
f 251 225 144
f 4 357 348
f 709 708 707
f 728 48 45
f 261 135 1563
f 789 1286 1287
f 74 314 263
f 403 284 385
f 1178 1181 1240
f 1223 1259 1289
f 1220 20 1186
f 296 1518 354
f 784 459 1538
f 1181 1180 1291
f 1269 1292 1257
f 1566 1538 438
f 136 784 1566
f 1563 1564 169
f 107 114 109
f 1297 1282 1298
f 1464 1477 1476
f 1520 187 507
f 1301 1302 1303
f 1306 1307 1308
f 175 456 1532
f 1532 456 200
f 1311 1266 1312
f 872 1314 1315
f 3836 843 878
f 1305 1308 864
f 1040 1275 863
f 1564 1566 399
f 592 1576 1575
f 591 1575 1088
f 1581 1584 1583
f 1196 1152 1147
f 710 582 583
f 285 407 408
f 953 954 961
f 1594 1592 1589
f 1585 1588 1587
f 1592 1591 1590
f 3885 945 944
f 1600 1599 1598
f 1604 1603 1602
f 1399 1392 979
f 1589 1590 1596
f 1610 1609 1608
f 298 257 361
f 551 552 276
f 1627 1626 3814
f 859 811 818
f 1078 857 1328
f 1555 439 1530
f 572 573 680
f 772 465 776
f 977 1281 918
f 404 403 392
f 1054 1331 750
f 1644 1645 1643
f 932 1265 1082
f 1067 1333 1334
f 1540 1539 264
f 597 1335 643
f 471 761 762
f 1642 696 3831
f 1644 1642 3842
f 923 946 950
f 96 549 548
f 520 531 522
f 445 444 443
f 849 839 848
f 480 759 755
f 1646 760 481
f 311 426 1567
f 464 463 3497
f 3497 1360 1361
f 234 237 236
f 190 193 192
f 153 154 152
f 231 287 286
f 1552 1553 1551
f 760 1646 1648
f 3832 1647 1649
f 828 827 826
f 52 167 166
f 1663 1662 1661
f 287 107 115
f 668 671 670
f 634 645 640
f 553 560 559
f 118 36 33
f 492 484 491
f 3552 1652 1651
f 582 589 584
f 384 395 392
f 1381 1382 1383
f 1562 1561 435
f 952 953 951
f 3529 3566 583
f 1660 1661 1667
f 1394 1395 1396
f 1660 1665 1664
f 1671 1670 1669
f 1624 1625 1673
f 1407 1408 1409
f 1677 1676 1675
f 1613 1679 1677
f 1679 1678 1676
f 1626 1681 3811
f 534 199 198
f 803 733 734
f 400 248 191
f 65 66 143
f 3526 1657 1656
f 402 159 157
f 629 628 627
f 461 477 49
f 758 757 495
f 796 787 786
f 406 407 1513
f 342 343 166
f 1694 1659 1658
f 1692 1687 1694
f 3557 1693 1652
f 3921 1704 1703
f 326 547 302
f 3916 3921 1702
f 3919 3918 1698
f 1699 1691 3927
f 1557 406 1560
f 1127 1116 1117
f 400 401 289
f 1706 1702 1707
f 1707 1702 1599
f 1709 1706 1708
f 1714 1712 1711
f 3919 3915 1709
f 1704 1711 1577
f 1716 1714 1713
f 1559 1562 1549
f 1722 1721 1720
f 1335 597 596
f 410 411 377
f 973 1170 1163
f 168 169 399
f 1571 682 1089
f 1572 681 682
f 749 646 647
f 1730 1724 1723
f 1594 1582 1729
f 1729 1723 1591
f 1384 1378 1377
f 1732 1731 1712
f 1724 1730 1731
f 1722 1724 1732
f 1721 1722 1733
f 1734 1733 1716
f 1735 1737 1736
f 1733 1732 1714
f 1663 1664 1741
f 1742 1665 1740
f 1738 1739 1737
f 1665 1660 1666
f 1665 1742 1744
f 1725 1726 1746
f 1591 1725 1745
f 1590 1745 1747
f 1745 1746 1748
f 1659 1688 3538
f 3287 1760 3545
f 1185 1177 1182
f 1664 1744 1749
f 1741 1749 1739
f 1746 1742 1743
f 1726 1744 1742
f 1115 924 1153
f 1654 3546 3575
f 1896 3562 3549
f 1720 1749 1744
f 1721 1739 1749
f 1750 1718 1701
f 1697 1736 1750
f 1151 1152 1063
f 1751 1752 1670
f 1695 1658 1752
f 961 962 986
f 1770 1769 1768
f 1766 1594 1593
f 1731 1759 1579
f 1579 1777 1774
f 3928 1772 1771
f 1764 1772 3928
f 1777 1776 1775
f 3762 3763 1699
f 1004 1127 1128
f 1774 1775 1771
f 987 1400 1399
f 1578 1774 1772
f 1783 1782 1781
f 1597 1598 1770
f 639 1878 3895
f 3928 3929 1769
f 1793 1792 1789
f 3929 3920 1798
f 3508 3516 3773
f 1802 1867 3924
f 1788 1790 1794
f 1793 1794 1795
f 3773 3772 1675
f 1584 1581 1783
f 1771 1797 3920
f 1801 1799 1798
f 1768 1769 1798
f 1775 1796 1797
f 508 514 515
f 1796 1803 1802
f 1800 1798 3920
f 1794 1805 1804
f 3532 1670 1752
f 485 1808 1807
f 3809 3844 1640
f 3837 3844 1810
f 485 482 1640
f 1690 1691 3770
f 487 488 1648
f 3839 1813 1816
f 3838 1811 1648
f 3839 1812 1811
f 1812 1809 487
f 1641 1809 767
f 465 466 755
f 767 1815 3823
f 3822 1816 3826
f 1809 1812 1815
f 3837 1653 1651
f 675 672 3541
f 1814 1649 1822
f 1821 1822 3821
f 1824 1822 1649
f 1827 1849 1850
f 1668 1669 1662
f 1779 1780 1848
f 1790 1827 1805
f 1833 1836 1853
f 3521 3506 693
f 1614 1615 1616
f 1852 1853 3498
f 1620 1621 1622
f 1855 1765 1574
f 1847 1852 3501
f 1766 1765 1855
f 1629 1630 1631
f 1633 1622 1634
f 1635 1636 1637
f 1848 1833 1852
f 1855 1861 1863
f 1803 1866 1867
f 1862 1863 1831
f 1782 1855 1862
f 3922 3924 1865
f 1873 1872 1870
f 1874 1869 799
f 2045 3878 3897
f 1219 1345 1295
f 1615 1614 1396
f 3884 3895 1877
f 645 3898 3786
f 1345 1219 1035
f 634 639 3884
f 15 1887 1327
f 3910 3895 1878
f 1894 604 605
f 3506 3551 627
f 3560 640 645
f 340 341 454
f 1897 194 195
f 1889 1882 1877
f 1901 94 129
f 196 749 754
f 1705 1704 3921
f 340 378 166
f 1570 1480 563
f 1904 1494 194
f 1781 1862 1832
f 1905 549 55
f 1000 994 995
f 986 919 920
f 1191 1185 1190
f 2094 2077 2075
f 1920 1921 1919
f 453 454 1912
f 1915 1919 1918
f 3882 2112 2106
f 1655 3575 3531
f 1916 1918 1926
f 704 3554 3561
f 278 1916 1925
f 3565 3564 1818
f 1097 949 1115
f 1927 1928 727
f 3578 3579 3654
f 1920 310 307
f 1929 307 48
f 503 504 1497
f 1902 1903 787
f 1816 1821 3820
f 1925 1926 1923
f 1535 1569 1568
f 254 252 258
f 1509 1497 366
f 119 86 35
f 219 288 293
f 141 46 47
f 542 205 244
f 1940 552 430
f 1779 1828 1827
f 1701 1710 3915
f 1661 3550 3515
f 270 53 754
f 197 1947 749
f 1727 1728 1212
f 53 54 232
f 1465 1468 1479
f 1284 3862 3854
f 1951 446 412
f 168 398 1554
f 1486 1485 206
f 506 77 78
f 994 1001 1007
f 951 953 963
f 1013 3859 3861
f 3826 3820 1820
f 1498 1909 1954
f 299 298 543
f 1754 1755 1756
f 1681 469 1683
f 1696 1694 1695
f 13 14 738
f 473 476 475
f 482 1641 768
f 204 62 30
f 1761 1762 820
f 611 1763 1125
f 1501 1503 1908
f 1074 1073 711
f 1960 1944 82
f 120 1956 1960
f 35 86 87
f 1773 1199 1025
f 1965 1545 1569
f 494 761 471
f 1966 1967 1969
f 446 1951 1971
f 174 368 125
f 1580 1579 1578
f 1785 1786 1787
f 1972 1546 304
f 1254 876 875
f 1973 341 342
f 321 1912 1973
f 1910 277 275
f 509 1973 514
f 1486 1507 1527
f 1974 1874 804
f 1977 1976 1974
f 1980 448 1966
f 379 1 2
f 1718 1715 1710
f 884 995 992
f 1680 1684 1678
f 902 990 525
f 344 255 256
f 135 138 137
f 448 446 1967
f 589 605 604
f 910 909 908
f 1981 1966 1968
f 1982 1981 1987
f 1988 1979 1987
f 1990 1988 1989
f 1991 1989 1993
f 322 321 320
f 992 828 830
f 1144 1076 1086
f 1995 1977 1978
f 1133 1129 1118
f 1997 1995 1994
f 870 1823 1335
f 805 806 1982
f 727 184 2000
f 1996 1994 1988
f 1994 1978 1979
f 1829 616 792
f 1830 1073 941
f 798 803 800
f 729 732 731
f 2011 2012 2023
f 1834 1835 846
f 402 283 284
f 2022 2023 2024
f 1838 718 989
f 810 955 952
f 1823 1839 1840
f 1430 1426 1432
f 1215 844 1841
f 1316 1208 873
f 2112 1401 1384
f 1842 1843 1844
f 1159 846 845
f 837 27 1846
f 1971 1951 2030
f 517 369 370
f 1471 2026 2027
f 3551 3525 626
f 2174 2175 770
f 935 934 1854
f 1613 1619 1611
f 1231 1228 1225
f 1856 1857 891
f 1300 1309 748
f 1150 1149 1858
f 1643 606 696
f 1215 1265 1264
f 1320 1860 902
f 1956 1943 1944
f 2031 668 669
f 2034 1325 1310
f 1879 1880 1656
f 40 245 242
f 1992 1993 2039
f 888 958 957
f 1882 1889 1996
f 1078 1138 1255
f 1871 912 1192
f 294 411 218
f 1323 2041 2026
f 123 1960 83
f 1324 2036 2041
f 384 358 359
f 1324 1325 2038
f 1883 1884 1885
f 287 1540 114
f 1096 1886 1134
f 915 1329 931
f 806 1980 1981
f 3533 3529 584
f 1425 2030 2042
f 1018 2042 1948
f 3562 1896 740
f 1948 2042 649
f 1881 1882 1990
f 1900 129 130
f 992 995 994
f 923 927 925
f 3878 2045 2047
f 1643 2048 625
f 2050 2052 2051
f 2045 1405 1404
f 3876 2047 945
f 1139 1080 1079
f 1037 1856 892
f 2055 2053 2057
f 1198 989 718
f 1619 2058 1612
f 2058 1605 1606
f 2059 2060 1607
f 2058 1619 1624
f 71 72 179
f 405 406 1557
f 322 1548 1972
f 2061 2052 2063
f 2066 2065 2067
f 2052 2061 2064
f 1609 1610 2066
f 1515 151 152
f 1009 827 993
f 1644 3843 3815
f 279 1915 1916
f 1285 3863 3862
f 1647 2066 1825
f 2056 2057 2067
f 319 320 1953
f 667 666 1913
f 2070 631 625
f 2052 2050 2055
f 2038 1654 1655
f 1606 1601 2073
f 1235 1917 1270
f 2072 2073 2075
f 2059 1606 2072
f 2074 2075 2077
f 1601 1602 2078
f 2049 2048 1643
f 1000 1004 1001
f 1089 943 684
f 1931 1286 1306
f 1462 1459 1021
f 1932 1933 1934
f 875 874 1846
f 1936 1051 1937
f 44 45 46
f 1534 1955 1956
f 1541 318 317
f 2081 2082 2084
f 146 1945 1959
f 1360 1941 1942
f 985 984 1032
f 1995 1997 1892
f 2079 2080 2082
f 2095 2096 2076
f 2081 2093 2078
f 2055 2050 2054
f 501 2096 2095
f 2097 2100 2099
f 2098 2099 2094
f 2140 2141 3893
f 2141 2046 3894
f 2051 2070 2048
f 592 2102 2101
f 2071 2064 2076
f 2102 2097 2098
f 593 2103 2102
f 1019 1895 746
f 1950 11 12
f 725 2071 2096
f 1385 2105 2104
f 1379 2104 2106
f 2107 2108 2100
f 3908 726 502
f 3896 502 499
f 940 1389 2109
f 928 929 1170
f 3868 590 684
f 1962 1963 1964
f 3878 680 573
f 2039 1993 1968
f 1389 1390 2110
f 1398 2111 2113
f 3757 3755 3753
f 3911 3883 2107
f 949 923 924
f 260 241 324
f 1390 1397 2113
f 2070 2051 2064
f 3867 3911 2103
f 2105 1385 1421
f 2114 1421 1423
f 3892 2114 2115
f 3908 2105 2114
f 554 2116 1902
f 972 1163 967
f 1765 1593 1573
f 1984 1985 1986
f 2053 2117 2069
f 3573 3556 724
f 1625 1677 1674
f 3881 3888 2119
f 3903 2115 2123
f 56 1954 1906
f 626 3877 3879
f 2001 2002 2003
f 3912 3841 2127
f 2006 2007 2008
f 2127 1413 1412
f 2014 2015 2016
f 2018 2019 2020
f 1495 1424 1947
f 1379 1377 1386
f 3814 3811 1680
f 2029 1885 1884
f 3902 2128 2120
f 629 3879 3914
f 682 683 943
f 724 1650 2121
f 1757 1819 3821
f 765 1810 3844
f 3851 714 715
f 706 707 3870
f 981 986 987
f 1457 1868 1656
f 2017 2016 2032
f 1458 1655 1868
f 1776 1777 1792
f 1959 1945 1946
f 3663 3715 3725
f 3913 3881 2122
f 1093 1089 689
f 966 965 968
f 3852 715 3881
f 2172 3577 2170
f 670 2138 2137
f 3761 787 1903
f 1429 19 28
f 964 963 978
f 3841 3813 1413
f 1473 1474 669
f 3834 3833 1359
f 2138 798 1870
f 1872 1473 2137
f 715 716 3888
f 1881 1991 1992
f 3843 3842 739
f 1837 1847 3513
f 253 58 59
f 1808 3837 3840
f 1647 3832 3818
f 3865 3866 671
f 2112 3882 3883
f 1405 2045 2044
f 3829 3824 1364
f 273 1541 391
f 576 632 3520
f 3875 3865 668
f 1430 1431 2140
f 2136 3850 3860
f 1430 2139 18
f 3893 3894 570
f 1442 1439 2046
f 1431 1442 2141
f 3869 3913 3850
f 3808 3823 1817
f 3866 3893 695
f 2142 2025 798
f 571 2143 2142
f 3819 3814 1618
f 2143 2022 2025
f 694 2142 2138
f 681 1572 2144
f 2144 2011 2022
f 328 210 457
f 1572 2010 2011
f 630 3892 3903
f 2085 2086 2087
f 2090 2091 2092
f 572 2144 2143
f 1875 1976 2153
f 1873 1875 2149
f 2103 2107 2097
f 2157 2043 2155
f 2128 1412 1414
f 3874 3871 589
f 3872 3870 628
f 2149 2153 2158
f 2159 2158 3905
f 698 3907 3902
f 3823 3847 3827
f 2158 2156 3874
f 1438 2044 2046
f 2035 2154 2160
f 2161 2160 3889
f 3871 3891 605
f 3873 17 18
f 370 29 61
f 649 1951 413
f 2153 2157 2156
f 1428 1429 1449
f 1490 76 73
f 3890 3905 710
f 2155 1891 3891
f 1456 1457 1880
f 2125 2088 2087
f 2160 2159 3890
f 300 1959 505
f 1064 1062 1046
f 2043 1892 1891
f 2129 2130 2004
f 2131 2132 2133
f 3848 3849 1450
f 1998 1975 804
f 3879 673 3864
f 474 492 490
f 1164 1165 1182
f 707 2162 3909
f 708 1472 2162
f 2162 2161 3886
f 548 549 1905
f 1145 1136 1114
f 705 2121 1650
f 2043 2157 1977
f 737 738 554
f 1034 1195 1191
f 458 1905 1907
f 195 196 232
f 2040 2039 1969
f 2145 2146 2147
f 2054 2050 2049
f 3832 1646 1639
f 9 12 11
f 252 364 506
f 472 478 479
f 1865 3924 3791
f 900 903 910
f 1941 2150 2151
f 1921 1928 1927
f 2163 1897 1898
f 271 156 153
f 1904 1326 12
f 282 263 264
f 1872 1873 2154
f 1326 1904 1897
f 628 692 693
f 1724 1722 1719
f 1549 1562 436
f 1582 1583 1730
f 1921 1920 1929
f 3563 3511 10
f 2152 2037 1950
f 475 772 774
f 769 2172 2171
f 2171 2165 476
f 476 773 772
f 1791 565 464
f 2166 2167 2168
f 595 371 372
f 483 1809 1641
f 762 2174 2173
f 771 483 484
f 486 487 1809
f 297 1549 1517
f 763 2175 2174
f 776 755 759
f 184 185 2176
f 412 447 303
f 2005 2176 185
f 3811 1681 1682
f 2164 2170 756
f 1472 2035 2161
f 950 951 964
f 2177 2178 2179
f 227 226 1510
f 2182 2183 2184
f 2186 2019 2018
f 1985 2182 2181
f 214 736 729
f 865 849 842
f 849 865 1357
f 559 3187 3188
f 16 13 737
f 560 553 498
f 3193 3196 3195
f 3200 3197 3198
f 3211 3214 3213
f 3215 3218 3217
f 2187 2188 2002
f 2169 2168 2189
f 2192 2086 2085
f 2193 2194 2195
f 2198 2199 2200
f 1998 1982 1979
f 3664 3665 3668
f 2116 1898 1903
f 1859 2006 2009
f 3904 2123 2126
f 1135 1148 1087
f 2201 2202 2015
f 1149 111 110
f 3221 3222 3218
f 2203 2204 2205
f 579 580 1895
f 1755 2207 2208
f 3891 3910 1893
f 1211 2151 2150
f 868 997 2210
f 944 945 930
f 2130 2129 2202
f 233 1903 1898
f 665 751 750
f 1167 1254 999
f 2211 2212 2213
f 2215 2216 2217
f 3867 593 590
f 2220 221 220
f 823 824 948
f 3225 3220 3227
f 266 204 455
f 3882 2108 2107
f 2221 2222 3519
f 2223 2224 2225
f 2207 2125 2124
f 673 674 3869
f 817 1000 996
f 2227 2228 2146
f 1947 1948 646
f 3900 2135 17
f 2229 1635 1638
f 1679 1613 1618
f 1637 2231 2232
f 2233 2234 1617
f 2231 2235 2236
f 1381 1638 2238
f 3586 2241 2242
f 1630 2234 2233
f 1681 1626 472
f 1408 1407 2243
f 3236 3239 3238
f 3232 3241 3240
f 1637 2230 2238
f 3237 3238 3233
f 1409 1408 1634
f 1380 1383 2247
f 1628 2248 2245
f 2249 1623 1622
f 1632 1634 1408
f 2248 1628 1631
f 2235 2231 1637
f 3245 3246 3199
f 631 2070 2071
f 515 167 52
f 782 781 2251
f 2253 2254 2255
f 397 281 459
f 1456 2039 2040
f 2040 2041 2036
f 1401 2112 2111
f 2041 2040 1970
f 1535 121 414
f 1586 1587 2080
f 2256 983 1132
f 1700 1699 3918
f 3815 1896 1686
f 1263 2256 1886
f 598 1841 844
f 2257 2258 2259
f 2258 2261 2262
f 2259 2262 2263
f 2260 2259 2216
f 1967 1971 1970
f 2212 1964 1963
f 922 921 2218
f 1312 1098 1101
f 1307 1306 1286
f 1548 1569 1546
f 2266 2267 2268
f 2265 2268 2270
f 2272 2265 2269
f 2273 2266 2265
f 2275 2276 2277
f 2278 2274 2277
f 2284 2285 3617
f 2287 2283 2286
f 2288 2289 2283
f 2290 2284 3639
f 2291 2292 2293
f 2295 2291 2294
f 2296 2297 2291
f 2297 2298 2292
f 2294 2293 2299
f 2279 2294 2300
f 2298 2301 2302
f 2292 2302 2303
f 2293 2303 2304
f 2304 2305 2306
f 2308 2309 2310
f 2302 2307 2310
f 2301 2311 2307
f 2312 2308 2307
f 2313 2314 2315
f 2318 2319 2320
f 3748 3771 2322
f 2324 2325 2273
f 2313 2324 2326
f 2328 2324 2313
f 2329 2325 2324
f 2331 2332 2333
f 2330 2333 2267
f 2325 2330 2266
f 2329 2331 2330
f 2333 2334 2335
f 2336 2334 2333
f 2338 2336 2332
f 2331 2339 2337
f 2329 2340 2339
f 2328 2341 2340
f 2316 2342 2341
f 2342 2316 2315
f 2344 2345 2346
f 2341 2344 2347
f 2342 2348 2344
f 2348 2349 2345
f 2350 2351 2352
f 2339 2350 2353
f 2340 2347 2350
f 2347 2346 2351
f 2337 2353 2354
f 2353 2352 2355
f 2356 2277 2276
f 2356 2357 2358
f 2356 2359 2296
f 2279 2277 2356
f 2360 2361 2270
f 2267 2335 2360
f 2362 2363 2364
f 2362 2365 2361
f 2366 2362 2358
f 2366 2367 2363
f 2357 2276 2368
f 2366 2368 2369
f 2276 2275 2370
f 2368 2370 2282
f 2372 2373 2374
f 2375 2376 2377
f 2378 2379 2380
f 2382 2378 2381
f 2384 2385 2378
f 2385 2386 2379
f 2388 2389 2390
f 2387 2390 2392
f 2393 2394 2387
f 2394 2395 2388
f 2186 2401 2402
f 2403 2404 2327
f 2272 2403 2326
f 2271 2405 2403
f 2405 2406 2404
f 2404 2407 2408
f 2409 2410 2411
f 2409 2412 2271
f 2413 2409 2269
f 2413 2414 2410
f 2417 2415 2416
f 2417 2418 2406
f 2412 2417 2405
f 2411 2415 2417
f 2406 2419 2407
f 3569 3520 632
f 2420 2398 2397
f 2420 2421 2423
f 2424 2420 2422
f 2424 2399 2398
f 2425 2391 2392
f 2421 2425 2426
f 2397 2396 2425
f 2396 2393 2391
f 2427 2314 2408
f 2430 2427 2428
f 2343 2315 2427
f 2432 2343 2430
f 2431 2430 2429
f 2435 2431 2433
f 2436 2432 2431
f 2428 2408 2407
f 2422 2437 2407
f 2438 2437 2422
f 2429 2428 2437
f 2440 2434 2433
f 2441 2439 2433
f 2442 2443 2439
f 2443 2444 2440
f 2445 2446 2444
f 2447 2445 2443
f 2383 2381 2445
f 2381 2380 2446
f 2448 2438 2423
f 2449 2448 2426
f 2441 2448 2449
f 2441 2429 2438
f 2449 2392 2390
f 2450 2390 2389
f 2447 2450 2451
f 2442 2449 2450
f 2451 2389 2453
f 2452 2453 2455
f 2382 2452 2454
f 2383 2451 2452
f 2456 2457 2373
f 2459 2460 2461
f 2463 2464 2465
f 2462 2465 2285
f 2466 2462 2284
f 2467 2463 2462
f 2461 2460 3703
f 2468 2469 2470
f 2472 2468 2471
f 2474 2461 3701
f 2475 2476 2477
f 2458 2455 2453
f 2479 2453 2389
f 2395 2480 2479
f 2480 2459 2458
f 2481 2482 2483
f 2484 113 2485
f 2471 2470 2464
f 2473 2471 2463
f 2487 2467 2466
f 2486 2466 2290
f 2490 2486 2488
f 2491 2487 2486
f 2492 2473 2467
f 2493 2492 2487
f 2494 2495 2492
f 2495 2472 2473
f 3690 2496 2474
f 3691 2497 2496
f 2498 2494 2493
f 2500 2498 2499
f 3700 3687 2498
f 3687 3691 2494
f 2306 2504 2278
f 2305 2505 2504
f 2504 2505 2507
f 2506 2507 2288
f 2274 2506 2508
f 2278 2504 2506
f 3633 3632 2489
f 3620 3633 2488
f 2507 2509 2289
f 2505 2510 2509
f 2508 2288 2287
f 2511 2287 2281
f 2370 2511 2280
f 2275 2508 2511
f 2512 2490 2489
f 2514 2512 2513
f 2517 2512 2514
f 2517 2491 2490
f 2499 2493 2491
f 2499 2517 2516
f 2510 2505 2519
f 2518 2519 2521
f 3616 2518 2520
f 3632 2510 2518
f 2522 2304 2303
f 2523 2522 2310
f 2305 2304 2522
f 2524 2522 2523
f 2519 2524 2525
f 2505 2305 2524
f 2308 2312 2527
f 2526 2527 2529
f 2531 2526 2528
f 2309 2308 2526
f 1214 2532 2151
f 2419 2406 2418
f 2533 2345 2349
f 2534 2533 2317
f 2535 2536 2533
f 2536 2346 2345
f 2537 2351 2346
f 2538 2537 2536
f 2539 2540 2537
f 2540 2352 2351
f 2312 2355 2541
f 2527 2541 2542
f 2543 2435 2434
f 2545 2543 2544
f 2319 2318 2543
f 2318 2436 2435
f 2514 2515 2548
f 2547 2548 2550
f 2552 2547 2549
f 2552 2516 2514
f 2520 2521 2554
f 2553 2554 2556
f 3590 2553 2555
f 3621 2520 2553
f 2523 2309 2531
f 2557 2531 2530
f 2525 2523 2557
f 2559 2557 2558
f 2554 2559 2560
f 2521 2525 2559
f 2561 2375 2007
f 2376 2562 2225
f 2564 2565 2566
f 2563 2566 338
f 2569 2563 2567
f 2570 2564 2563
f 2572 2573 2574
f 2571 2574 2576
f 2544 2571 2575
f 2544 2434 2572
f 2578 2570 2569
f 2579 2577 2569
f 2574 2577 2579
f 2573 2578 2577
f 2581 2582 2583
f 2584 2580 2583
f 3697 3675 2580
f 3676 2581 2580
f 2582 2516 2552
f 2583 2552 2551
f 2500 2501 2589
f 2590 2588 2589
f 3693 3695 2588
f 3695 3700 2500
f 2501 2516 2591
f 2592 2593 2594
f 2386 2385 2503
f 2596 2379 2386
f 2596 2374 2373
f 2599 2596 2597
f 2599 2380 2379
f 2600 2446 2380
f 2600 2599 2598
f 2603 2600 2601
f 2603 2444 2446
f 2604 2603 2602
f 2440 2604 2605
f 2444 2603 2604
f 2606 2582 2581
f 2606 2607 2590
f 2591 2516 2582
f 3676 2587 2456
f 3689 2456 2372
f 2478 2477 2608
f 2609 2610 2611
f 2564 2570 2613
f 2612 2613 2598
f 2457 2612 2597
f 2565 2564 2612
f 2614 2613 2570
f 2615 2614 2578
f 2602 2601 2614
f 2601 2598 2613
f 2572 2434 2605
f 2616 2605 2602
f 2573 2572 2616
f 1459 1016 1045
f 1265 1215 1079
f 1612 1608 1609
f 2067 2057 2069
f 1135 1109 1136
f 1938 1937 2618
f 95 548 458
f 2058 1607 1608
f 1454 1469 1445
f 655 2620 1048
f 722 1049 2621
f 1131 985 1033
f 562 1481 366
f 1723 1719 1725
f 1786 1123 1122
f 267 300 323
f 1325 2034 1654
f 1468 1165 1435
f 658 657 529
f 8 532 247
f 382 1557 1559
f 788 619 1307
f 940 930 929
f 911 2622 2623
f 2621 2620 655
f 2624 1857 2625
f 998 1846 27
f 635 638 2626
f 2627 641 644
f 2628 2627 1840
f 1200 1199 2627
f 1199 1773 641
f 1520 515 49
f 1452 1350 1349
f 2630 2631 1859
f 644 643 1335
f 1197 1198 717
f 2632 717 719
f 2628 2632 1166
f 2629 1197 2632
f 1762 2633 1050
f 1823 870 873
f 2634 2635 794
f 1042 794 2635
f 93 94 1901
f 2036 2038 1458
f 1527 332 1525
f 877 876 1274
f 134 409 797
f 1328 893 931
f 607 777 1091
f 1043 2635 2637
f 2636 2637 2639
f 1275 2636 2638
f 1275 1040 1043
f 1272 2624 2626
f 2640 2626 638
f 1110 2641 2640
f 536 1272 2640
f 1472 708 1474
f 2042 2030 1951
f 1058 1106 1105
f 2642 2623 2643
f 1192 2642 2644
f 912 2623 2642
f 3898 1657 3526
f 1049 1048 2620
f 616 1829 1885
f 1331 1913 666
f 990 989 1198
f 1911 1912 321
f 1298 1282 1205
f 76 1490 1504
f 1502 1500 421
f 610 609 658
f 1146 937 659
f 2646 911 914
f 1280 1239 1238
f 1453 1454 1452
f 835 942 1843
f 1271 1270 1173
f 1893 1878 1826
f 1050 2633 1937
f 2651 2652 814
f 1006 1053 1281
f 2653 1084 2654
f 1001 1004 1003
f 585 997 679
f 2624 1272 621
f 555 678 2028
f 1207 526 1197
f 1626 1627 478
f 426 389 419
f 1030 1193 1773
f 3898 645 634
f 534 1533 138
f 1125 1092 1042
f 333 228 88
f 569 1570 561
f 1489 2656 871
f 1857 2624 620
f 1673 1674 3770
f 622 861 864
f 619 788 891
f 261 544 545
f 393 1555 1556
f 2658 2659 2647
f 1075 2658 2657
f 1081 1080 2658
f 1080 1139 2659
f 2644 2643 1141
f 2660 1141 1140
f 642 2660 1336
f 1193 2644 2660
f 679 678 555
f 1503 1501 1500
f 1318 1317 1101
f 2661 2659 1139
f 2661 1142 2663
f 2662 2647 2659
f 2662 2663 2622
f 2664 2622 911
f 2648 2664 2646
f 2648 2647 2662
f 2083 2094 2093
f 1442 1440 1437
f 519 329 330
f 1885 2029 1209
f 799 800 805
f 1946 1943 1952
f 1302 1301 1253
f 566 2005 224
f 1389 940 928
f 683 682 681
f 836 835 1842
f 2665 1842 1845
f 2666 2665 1303
f 24 836 2665
f 831 1072 2650
f 1845 1844 1304
f 2010 2013 2012
f 1051 1936 2667
f 1522 1521 1511
f 531 440 441
f 1250 635 2625
f 2669 2625 1857
f 783 2669 1856
f 782 1250 2669
f 720 2670 2671
f 1055 1931 1930
f 1333 1067 1251
f 619 622 1308
f 652 655 2619
f 521 522 1539
f 1838 988 537
f 2672 537 536
f 1113 2672 2641
f 1113 527 1838
f 1016 1013 1351
f 3897 573 570
f 226 227 104
f 3564 3669 3827
f 1036 1037 1884
f 2674 1301 1304
f 2673 1304 1844
f 1334 2673 2675
f 1333 2674 2673
f 2676 702 1039
f 1843 2676 2675
f 942 1074 2676
f 1074 699 702
f 752 1057 1055
f 1200 1166 656
f 1120 1846 874
f 2677 874 877
f 1241 2677 1052
f 1119 1120 2677
f 1560 1513 151
f 1208 1316 611
f 215 735 736
f 1460 1459 1462
f 1208 1207 1839
f 854 856 1282
f 72 445 182
f 544 1563 1565
f 217 200 456
f 2047 1404 930
f 1204 2618 1937
f 913 777 686
f 840 527 1113
f 1531 729 730
f 2678 778 1283
f 601 667 1914
f 1537 1538 459
f 1819 1757 3509
f 991 1860 862
f 2679 711 1073
f 2680 1830 983
f 779 2680 2256
f 778 2678 2680
f 2678 2679 1830
f 180 542 245
f 1886 1132 1131
f 1138 1137 1274
f 1841 598 1140
f 75 313 314
f 193 423 420
f 2681 2682 1099
f 170 1567 1565
f 349 416 417
f 1121 1124 2684
f 547 797 409
f 123 122 121
f 2643 2663 1142
f 1542 1544 513
f 899 900 907
f 1210 677 676
f 791 663 982
f 24 27 837
f 893 896 932
f 1860 1320 863
f 535 538 862
f 1569 1548 1547
f 181 455 542
f 660 659 937
f 2013 567 568
f 887 890 2631
f 1524 1508 361
f 520 161 162
f 2653 855 854
f 1238 1237 2655
f 718 1838 527
f 1492 1493 518
f 792 616 615
f 599 846 1835
f 290 457 456
f 312 171 1552
f 1248 2687 1179
f 153 149 177
f 1240 1181 1222
f 1257 1292 1235
f 1291 1084 1083
f 1052 877 1277
f 743 742 2618
f 444 140 430
f 23 1224 1172
f 2687 2654 1180
f 102 103 409
f 1283 607 610
f 373 497 650
f 1180 2654 1084
f 855 2653 2655
f 1173 1270 1917
f 2689 850 853
f 2688 853 1108
f 2686 2688 1279
f 2687 2689 2688
f 2691 1302 1252
f 2690 1252 850
f 1248 2690 2689
f 1248 1247 2691
f 2692 617 24
f 2691 2692 2666
f 1247 1258 2692
f 1258 1168 617
f 394 1554 1555
f 2693 1260 1259
f 1072 1236 1262
f 1257 1071 1168
f 398 439 1555
f 871 1784 1314
f 1178 1232 1249
f 1224 1289 1173
f 1010 2617 2618
f 1175 1174 1292
f 2654 2687 2686
f 2694 1157 1216
f 71 418 1487
f 701 1112 1111
f 1072 1261 2649
f 1085 2695 22
f 895 2694 1264
f 1601 1606 1605
f 1259 1262 1271
f 21 20 1220
f 988 991 538
f 598 597 1336
f 1050 860 818
f 1298 2645 1761
f 1168 1167 618
f 858 1168 1256
f 39 242 516
f 2652 1761 819
f 313 316 315
f 2026 1970 1971
f 2656 1489 596
f 814 819 818
f 2696 2651 813
f 1260 2696 2649
f 2693 2697 2696
f 2697 1296 2651
f 381 355 390
f 3818 3819 1611
f 1475 1427 1428
f 1292 1174 1917
f 1551 353 354
f 1526 1525 1523
f 1593 1589 1595
f 1232 1269 1246
f 2695 2693 1223
f 2698 1297 1296
f 2698 2697 2693
f 2685 2698 2695
f 2685 854 1297
f 562 1497 271
f 2652 2651 1296
f 1365 1366 1364
f 1958 1946 1953
f 585 588 2210
f 1561 1560 1515
f 975 2648 1146
f 347 67 68
f 1038 1111 636
f 2700 781 780
f 2699 780 1036
f 2701 2699 1883
f 851 2700 2699
f 2674 1333 2251
f 2702 2251 781
f 1253 2702 2700
f 1301 2674 2702
f 1519 387 388
f 1273 1239 1280
f 2703 1280 1107
f 2701 2703 852
f 1829 1273 2703
f 91 260 326
f 1784 871 2656
f 2683 2684 2705
f 604 1894 3499
f 1669 3534 3548
f 2062 2063 2060
f 621 535 861
f 2023 731 732
f 686 779 1263
f 857 1051 2668
f 883 830 882
f 637 636 1111
f 2668 894 893
f 2667 921 894
f 1039 1038 1068
f 313 75 1504
f 1911 1972 305
f 1936 2706 1964
f 2707 2402 2401
f 2708 2707 2183
f 738 2163 2116
f 2349 2348 2432
f 2711 2712 2020
f 2400 2711 2019
f 2714 2715 2716
f 2717 2718 2719
f 2721 2722 2723
f 2726 2727 2728
f 2725 2728 2730
f 2731 2725 2729
f 2732 2726 2725
f 2734 2735 2736
f 2738 2739 2740
f 2737 2740 2741
f 2744 2745 2746
f 2745 2744 2748
f 2749 2750 2747
f 2753 2749 2751
f 2250 1380 2246
f 2754 1396 1614
f 3598 2754 2755
f 3608 2745 2747
f 1617 2756 2755
f 2242 2758 1620
f 2191 2085 2760
f 2761 2759 2760
f 3648 2759 2761
f 3623 2191 2759
f 3209 3248 3223
f 1395 1394 2236
f 1395 2235 1636
f 1616 1635 2229
f 1617 2234 2763
f 2756 2763 3628
f 2765 2763 2234
f 2766 2764 3628
f 3202 3199 3246
f 1516 437 435
f 2768 2769 3552
f 1495 541 578
f 2135 2136 28
f 3526 3540 2773
f 1690 1689 3926
f 2778 2779 2780
f 2777 2780 2781
f 2784 2778 2777
f 3555 3521 575
f 1494 1904 9
f 3529 2016 2015
f 451 61 505
f 2786 2787 2788
f 2779 2786 2785
f 2789 2752 2741
f 2790 2753 2752
f 2792 2793 2794
f 2793 2795 2796
f 2796 2797 2750
f 2794 2796 2749
f 2798 1393 1396
f 3591 2798 2754
f 2798 2799 2800
f 3591 3662 2799
f 2797 2796 2795
f 2791 2794 2753
f 216 233 232
f 3804 2806 2807
f 3805 2809 2804
f 2769 2810 3557
f 183 185 184
f 2811 2812 2775
f 2804 2811 2776
f 2809 2813 2811
f 2812 2811 2813
f 3805 2808 2816
f 3796 2818 2815
f 3798 3800 2820
f 3793 2823 2819
f 2824 2736 2735
f 2823 2825 2824
f 2825 2823 2826
f 3793 2822 2827
f 3796 2817 2826
f 2713 2716 2829
f 2828 2829 2831
f 2822 2821 2828
f 2821 2820 2713
f 2832 2827 2822
f 2833 2832 2830
f 2834 2835 2832
f 2835 2818 2827
f 2837 2838 2839
f 2836 2839 2841
f 2842 2836 2840
f 2843 2837 2836
f 2840 2841 2845
f 2718 2844 2845
f 2730 2728 2844
f 2727 2840 2844
f 2846 2845 2841
f 2829 2846 2847
f 2847 2841 2839
f 2848 2839 2838
f 2833 2848 2849
f 2831 2847 2848
f 2850 2814 2851
f 2853 2850 2852
f 2783 2777 2782
f 2785 2788 2853
f 2780 2785 2856
f 2857 2858 2855
f 2859 2857 2782
f 2861 2843 2842
f 2860 2842 2727
f 2862 2860 2726
f 2863 2861 2860
f 2861 2863 2858
f 2843 2861 2857
f 2856 2853 2854
f 2781 2856 2864
f 2837 2843 2859
f 2838 2837 2864
f 2852 2851 2834
f 2854 2852 2849
f 2865 2815 2818
f 2851 2865 2835
f 2813 2809 2815
f 2814 2813 2865
f 2866 2812 2814
f 2788 2866 2850
f 2866 2788 2787
f 2812 2866 2867
f 1892 1889 1890
f 2720 2719 2846
f 298 299 256
f 2872 2714 2713
f 3794 3800 2735
f 2729 2730 2874
f 2846 2716 2715
f 2876 2877 2878
f 2733 2875 2878
f 3806 3807 2879
f 3806 2880 2872
f 2882 2883 2884
f 2881 2884 2715
f 2880 2881 2714
f 2879 2882 2881
f 2885 2886 2887
f 2888 2889 2890
f 2885 2890 2892
f 2893 2886 2885
f 1942 2151 2532
f 2895 2892 2720
f 2884 2895 2870
f 2883 2896 2895
f 2896 2891 2892
f 2889 2874 2717
f 2890 2717 2720
f 2897 2893 2891
f 2898 2897 2896
f 2899 2898 2883
f 2900 2899 2882
f 3797 2900 2879
f 2876 2902 2901
f 2901 2902 2904
f 1785 2656 1835
f 2905 2906 2899
f 2907 2908 2897
f 3797 2901 2903
f 632 576 577
f 3532 3547 2867
f 434 385 550
f 2768 2770 3640
f 2910 2911 1623
f 2241 2912 2758
f 3640 2770 2913
f 1623 2911 2757
f 3587 2242 2757
f 2229 1381 1380
f 2765 1630 1629
f 2915 2914 1629
f 3642 3641 2914
f 3641 3622 2765
f 2919 2916 3642
f 2918 2915 2912
f 3614 2918 2241
f 3618 2919 3613
f 3541 2177 2180
f 3521 2002 2188
f 3705 3573 714
f 2925 2766 2917
f 2924 2917 2916
f 3610 2924 2919
f 3611 2925 2924
f 2926 2927 2766
f 3658 2926 2925
f 1715 1713 1705
f 785 497 498
f 1387 651 565
f 374 375 1899
f 3573 2203 2206
f 2929 2930 2886
f 2932 2933 2934
f 1905 1906 1908
f 2930 2935 2936
f 2938 2935 2930
f 1493 369 517
f 1603 1585 1586
f 2939 2938 2929
f 2940 2939 2908
f 3665 1707 1600
f 2886 2930 2937
f 2906 2907 2898
f 2908 2929 2893
f 2942 2934 2933
f 2941 2933 2937
f 3501 2941 2936
f 3498 2942 2941
f 2943 2944 2710
f 2943 2873 2874
f 2945 2943 2889
f 2946 2944 2943
f 2932 2945 2888
f 2931 2946 2945
f 727 1928 1929
f 2903 2904 2947
f 545 594 42
f 1480 1570 533
f 2907 2906 2949
f 2906 2905 2950
f 1558 452 215
f 3799 2903 2948
f 2054 1645 1644
f 3705 3684 2203
f 1828 1837 1849
f 2953 2954 2955
f 2952 2955 2957
f 2956 2261 2258
f 2953 2952 2258
f 2454 2455 2474
f 3747 2958 2959
f 3747 2132 2131
f 2961 2962 2963
f 2958 2963 2964
f 222 221 2485
f 2477 2226 2966
f 2631 2561 2006
f 2384 2454 2496
f 2967 2968 2959
f 2968 2967 2970
f 3759 2033 2971
f 3784 2971 2960
f 2972 2971 2033
f 2007 2377 2973
f 3560 3559 2134
f 1836 1833 1832
f 3506 2188 2090
f 955 810 959
f 672 675 674
f 633 710 713
f 2024 732 733
f 2025 2024 803
f 425 1552 1550
f 2975 2976 888
f 1319 1158 1157
f 1212 1935 2977
f 889 957 2228
f 1978 1974 1975
f 1138 1078 1329
f 751 665 2979
f 1619 1613 1625
f 2252 2255 1728
f 1157 1160 845
f 2706 1936 1938
f 2980 2255 2254
f 2982 2975 887
f 802 712 711
f 678 677 2029
f 527 840 690
f 1839 1207 2629
f 2983 2984 602
f 2983 1914 1913
f 2985 2983 1331
f 2986 2984 2983
f 2987 2637 2635
f 2985 2988 2639
f 2990 1319 1318
f 2991 2992 2993
f 2995 2991 2994
f 1106 1058 2991
f 1058 1057 2992
f 1415 1406 1365
f 1317 922 2217
f 1932 1728 2255
f 926 2998 2999
f 3001 2993 2992
f 3000 2992 1057
f 2999 3000 2978
f 2998 3001 3000
f 3002 2998 2209
f 3002 3003 2996
f 2993 3001 3002
f 1103 1106 2995
f 3004 2995 2996
f 2209 2210 3004
f 588 1103 3004
f 295 296 433
f 2638 2639 2988
f 3005 2988 1056
f 1305 3005 1930
f 1276 2638 3005
f 1987 1968 1993
f 2633 1762 1761
f 1423 1422 1417
f 3561 3517 739
f 2671 2670 2704
f 1473 1872 2035
f 922 1317 2694
f 1401 1400 1378
f 556 2028 1884
f 842 848 3825
f 1854 2706 2617
f 933 1082 1081
f 1440 1441 1436
f 529 657 719
f 1031 1025 1027
f 777 913 912
f 2645 1205 1204
f 441 438 1538
f 790 1287 587
f 2065 2066 1610
f 1860 991 990
f 60 106 87
f 1424 1017 1948
f 332 1527 1507
f 261 262 138
f 187 188 449
f 1719 1720 1726
f 1931 1055 1059
f 3006 1059 1105
f 1287 3006 1104
f 1286 1931 3006
f 3007 3008 3009
f 3009 3008 653
f 618 999 26
f 2029 677 1210
f 957 601 600
f 1049 2146 2228
f 2631 890 3011
f 890 889 2227
f 3011 2227 2145
f 2561 3011 3012
f 1026 656 609
f 2706 1854 1961
f 3013 2965 2485
f 2148 2147 1267
f 3015 1267 1266
f 2997 2264 1101
f 642 641 1773
f 186 477 461
f 1041 1040 1320
f 1121 3016 3017
f 2984 2986 2987
f 3018 2987 2634
f 1048 603 3018
f 603 602 2984
f 2679 2678 801
f 2062 2072 2074
f 2061 2074 2076
f 414 303 1545
f 3016 1121 2683
f 3019 2683 2704
f 3020 3019 2670
f 3007 3016 3019
f 1871 1090 1091
f 3021 1787 1122
f 3022 3021 3017
f 1314 3021 3022
f 1784 1787 3021
f 1316 1315 1763
f 3023 3022 3010
f 3023 3009 795
f 1763 3023 1092
f 1315 3022 3023
f 3016 3007 3010
f 752 751 2978
f 2986 2639 2637
f 3024 654 653
f 3020 3024 3008
f 720 723 3024
f 723 2621 654
f 2681 1098 1268
f 2671 3025 1268
f 2705 2681 3025
f 1313 3026 3027
f 3026 3028 3029
f 3027 3029 3030
f 1311 3027 3031
f 2012 568 731
f 917 2657 974
f 743 1206 856
f 1888 2027 2030
f 2682 2705 2684
f 3032 2684 1124
f 1100 3032 2989
f 1099 2682 3032
f 1123 2990 2989
f 3033 1834 1159
f 2990 3033 1158
f 1123 1786 3033
f 1786 1785 1834
f 1054 1056 2988
f 2979 665 664
f 2623 2622 2663
f 1095 660 688
f 3034 3035 2261
f 3036 3034 2956
f 3037 3038 3034
f 3038 3039 3035
f 3040 3041 3026
f 2263 3042 3041
f 3042 3039 3043
f 3041 3043 3028
f 3044 3045 3043
f 3046 3047 3045
f 3047 3048 3049
f 3043 3045 3049
f 3038 3037 3051
f 3050 3051 3053
f 3052 3046 3044
f 3039 3038 3050
f 3054 3035 3039
f 3042 2263 2262
f 2261 3035 3054
f 2216 2263 2997
f 2212 2211 2667
f 3056 868 2209
f 934 3057 1961
f 2013 3755 3757
f 3058 3059 3060
f 3059 3062 3063
f 3060 3063 2213
f 3061 3060 1963
f 3063 3064 2214
f 3062 3065 3064
f 3065 2257 2260
f 3064 2260 2215
f 3066 3067 3031
f 2608 2966 3067
f 2966 2562 3068
f 3031 3067 3068
f 2455 2458 2461
f 2476 2223 2226
f 3551 2090 2089
f 3526 2774 3769
f 433 354 355
f 2115 1423 1419
f 3509 2868 2922
f 3769 3737 2131
f 3069 2611 2167
f 2971 2972 2928
f 2961 2774 2773
f 3070 2475 2478
f 2610 2609 3071
f 2502 2371 2374
f 3072 2592 2595
f 2964 3046 3052
f 3048 2593 3074
f 2593 2592 3075
f 3075 3030 3029
f 3074 3029 3028
f 3072 3076 3075
f 3076 3072 2482
f 2481 2608 3066
f 3076 3066 3030
f 2967 3052 3053
f 2482 3072 3073
f 479 480 493
f 706 3900 3873
f 3561 2194 2221
f 2013 2010 3754
f 3533 2032 2016
f 3562 3519 2222
f 1171 1154 1155
f 2586 2566 2565
f 2982 110 113
f 2562 2376 3077
f 2376 2375 3012
f 3012 2145 2148
f 3077 2148 3015
f 2963 3047 3046
f 3051 3078 2970
f 1683 2173 491
f 3850 2122 1447
f 1986 2181 3734
f 3079 3080 2546
f 3081 3079 2575
f 1983 1986 3768
f 3082 2323 2319
f 3080 3082 2545
f 3734 3732 3082
f 3732 3748 2323
f 1309 1471 1888
f 3073 2595 2772
f 2760 3083 3084
f 2760 2085 2088
f 3085 3084 3086
f 3089 3085 3090
f 3089 2762 3084
f 3092 3088 3090
f 3093 2748 2744
f 2751 2747 2748
f 3093 2741 2752
f 2742 2741 3093
f 3094 3093 2743
f 3096 3097 3098
f 3099 3096 3087
f 3097 3094 3095
f 3100 2743 2746
f 3101 2927 3102
f 2764 2766 2927
f 2745 2764 3101
f 3102 3092 3091
f 3100 3091 3095
f 2869 2802 3592
f 3102 3103 3104
f 3658 2868 2869
f 2927 2926 3103
f 3098 3095 3091
f 3087 3098 3090
f 2088 2125 3105
f 3083 3105 3086
f 2483 3073 2771
f 2401 2186 2185
f 3099 3086 3105
f 2125 2207 3106
f 3108 2737 2742
f 3107 2742 3094
f 3110 3108 3107
f 3109 3107 3097
f 3111 3109 3096
f 3112 3110 3109
f 3113 2738 2737
f 3115 2723 2722
f 3117 3115 3114
f 3119 3117 3116
f 3118 3116 3120
f 3116 3114 3113
f 3122 3112 3111
f 3122 3123 1755
f 3124 3125 3126
f 3125 3118 3121
f 3128 3119 3118
f 3129 3128 3125
f 2020 2712 3128
f 3853 3857 1346
f 1065 1046 1047
f 1814 3838 3830
f 2021 2020 3129
f 3111 3099 3106
f 3123 3106 2207
f 2377 2225 2224
f 3014 2485 113
f 1756 2208 3782
f 3131 3132 2530
f 3133 3131 2528
f 1753 1756 3767
f 3134 3124 3127
f 2327 2408 2314
f 2436 2318 2317
f 2018 2021 3711
f 2534 3136 3137
f 2320 2322 3136
f 2185 2018 3712
f 3138 3139 2542
f 3134 3135 3744
f 3785 3130 3134
f 3140 3138 2539
f 2535 3137 3140
f 3711 2021 3130
f 2558 2530 3132
f 3782 3760 3141
f 2560 2558 3141
f 3760 3777 3142
f 958 888 2976
f 1933 1932 2980
f 2399 2424 2418
f 2348 2342 2343
f 2322 2320 2319
f 2718 2717 2874
f 2709 2729 2873
f 2894 2871 1361
f 346 289 176
f 1876 1877 1882
f 2802 2803 3607
f 3104 3144 3088
f 2974 2222 3649
f 3089 3145 2761
f 3088 3144 3145
f 2803 2974 3603
f 3870 3909 692
f 2123 1419 1418
f 1365 1363 1368
f 1581 1766 1782
f 3569 2202 2129
f 3555 2003 2002
f 3146 2585 2551
f 3751 3146 3147
f 3742 3149 3146
f 3149 2584 2585
f 3196 3198 3197
f 3604 2192 2191
f 3142 3150 2556
f 3777 3778 3150
f 3646 3152 2550
f 3150 3151 2555
f 3778 3780 3151
f 3788 3781 3152
f 3153 3147 2551
f 3152 3153 2549
f 3781 3776 3153
f 3776 3750 3147
f 3148 2767 2206
f 2183 2401 2321
f 2132 2960 2928
f 3684 3685 2204
f 3719 2198 2197
f 2594 2962 2773
f 2595 2594 2951
f 1870 798 799
f 3713 2179 2178
f 3706 2178 3736
f 336 3154 3774
f 339 3155 3154
f 3789 3683 3149
f 3683 3697 2584
f 2963 2962 3048
f 3722 3730 337
f 339 338 2566
f 3156 3157 2168
f 2610 3156 2167
f 2954 2953 3156
f 3157 3156 2953
f 3707 2166 2169
f 2567 3158 3159
f 337 3158 2567
f 3730 3069 2166
f 3764 2190 1983
f 2579 3160 3081
f 2568 3159 3160
f 3709 2169 2190
f 3065 3062 3162
f 3161 3162 1984
f 3157 3161 2189
f 2257 3065 3161
f 734 735 1922
f 3059 3058 2708
f 3163 2708 2182
f 3162 3163 1985
f 3062 3059 3163
f 3203 3206 3205
f 2122 2119 1448
f 3817 1686 1685
f 139 140 444
f 1570 569 566
f 2957 3164 3165
f 2955 3166 3164
f 1912 454 341
f 3130 3129 3124
f 1548 322 319
f 1949 1950 1327
f 2969 2970 3078
f 3167 3078 3169
f 3724 2014 2017
f 3720 2017 2033
f 3168 3169 3165
f 3170 3165 3164
f 3779 3170 3171
f 3724 3168 3170
f 3171 3164 3166
f 3172 3166 3071
f 3752 3172 3173
f 3756 3171 3172
f 3169 3037 3036
f 2593 3048 2962
f 3173 3071 2609
f 3174 2609 2199
f 3783 3174 2198
f 3749 3173 3174
f 2190 2189 1984
f 2196 2195 2767
f 2119 2120 1414
f 1464 1463 1466
f 2199 2611 3069
f 2457 2456 2587
f 2226 2225 2562
f 481 478 1627
f 333 1512 235
f 3078 3051 3037
f 3040 2264 2997
f 2219 1934 1933
f 2385 2384 2497
f 221 2220 3175
f 2220 1933 3143
f 3175 3143 2976
f 2484 3175 2975
f 2954 3071 3166
f 2630 1858 110
f 1547 319 1952
f 2091 2090 2188
f 3733 3736 2178
f 1918 1919 1927
f 3563 112 111
f 955 956 960
f 2037 3014 112
f 3143 2980 2981
f 2218 2211 2214
f 672 3877 3787
f 2152 3013 3014
f 1147 1144 1143
f 2248 2246 1409
f 1615 1636 1635
f 1410 1409 2246
f 3241 3243 3242
f 1382 3176 3177
f 3177 1410 2247
f 2247 1383 3177
f 3176 2238 2230
f 1410 3177 3179
f 3179 3180 2243
f 1633 3181 2800
f 1621 1620 2758
f 1622 1621 2245
f 2236 1394 3181
f 2237 2236 3182
f 2250 1631 2233
f 2912 1629 1628
f 135 136 1564
f 1567 419 512
f 1085 1084 2653
f 3184 869 868
f 869 3184 3057
f 1266 1268 1098
f 1267 2147 722
f 937 1146 2646
f 2146 1049 722
f 2211 2218 921
f 1957 510 507
f 1313 1312 2264
f 1496 362 1493
f 2887 2937 2933
f 1687 1688 1659
f 145 1499 1498
f 37 38 418
f 1935 1934 3185
f 104 89 301
f 2101 2098 2083
f 543 298 360
f 1934 2219 3186
f 234 1521 212
f 3845 3821 1822
f 1976 1875 1874
f 223 3186 2219
f 3655 3656 3605
f 2165 2164 467
f 467 468 2165
f 773 476 2165
f 1935 1212 1728
f 3240 3225 3226
f 3261 3249 3250
f 3215 3216 3244
f 3265 3221 3215
f 3267 3245 3198
f 3205 3206 3269
f 3214 3211 3265
f 3271 3213 3214
f 3251 3252 3239
f 3222 3221 3266
f 3232 3235 3234
f 3216 3242 3243
f 3196 3193 3268
f 3244 3243 3254
f 3238 3239 3247
f 3264 3244 3255
f 3253 3242 3216
f 3211 3266 3221
f 3257 3217 3218
f 3258 3222 3272
f 3274 3275 3280
f 3228 3229 3262
f 3275 3231 3281
f 3226 3227 3273
f 3236 3263 3260
f 3281 3263 3236
f 3287 3271 3192
f 3235 3226 3280
f 3234 3280 3281
f 3288 3290 3259
f 3260 3250 3276
f 3289 3212 3278
f 3210 3209 3224
f 3199 3202 3201
f 3228 3231 3230
f 3290 3288 3285
f 3282 3279 3271
f 3260 3263 3262
f 3243 3241 3268
f 3267 3268 3241
f 3194 3207 3208
f 3191 3270 3269
f 3270 3191 3192
f 3275 3274 3230
f 3264 3269 3270
f 3252 3251 3276
f 3248 3252 3291
f 3213 3271 3279
f 3272 3266 3289
f 3277 3278 3212
f 3228 3263 3281
f 3220 3225 3253
f 3219 3253 3217
f 3256 3218 3222
f 3247 3239 3252
f 3245 3267 3232
f 3266 3211 3212
f 3208 3205 3255
f 3288 3289 3284
f 3204 3205 3208
f 560 1899 3187
f 3209 3210 3201
f 3189 3192 3191
f 448 1980 807
f 647 648 122
f 1833 1848 1780
f 510 509 508
f 3210 1949 1887
f 1887 15 3200
f 15 16 3197
f 16 3188 3195
f 3195 3188 3187
f 3194 3187 1899
f 3207 1899 375
f 387 173 126
f 3189 1791 1760
f 3577 763 757
f 763 3577 2172
f 3583 3582 3580
f 3581 3580 3579
f 3594 3597 3596
f 3400 3601 3602
f 3626 3624 3625
f 3631 3635 3599
f 3636 3637 3595
f 3647 3584 3588
f 3650 3582 3584
f 3653 3579 3580
f 3653 2176 3654
f 1801 1864 3656
f 3651 3580 3582
f 3644 3638 3595
f 1767 1768 3659
f 1597 3663 3661
f 1708 1707 3665
f 3671 3668 3667
f 3666 3667 3673
f 1588 1708 3664
f 2080 3671 3666
f 2082 3666 3672
f 3674 3677 3635
f 3677 3678 3636
f 3682 3647 3645
f 3692 3651 3650
f 3681 3645 3644
f 786 3694 3692
f 3694 3653 3651
f 785 3692 3686
f 497 3686 3682
f 650 3682 3681
f 3696 564 3681
f 3405 3606 3605
f 3702 3699 3678
f 3699 3698 3679
f 3645 3588 3638
f 1799 3657 3659
f 3708 3704 3458
f 3462 3710 3708
f 3714 463 564
f 3615 3606 3602
f 3710 3714 3696
f 3635 3636 3596
f 3629 3626 3627
f 3597 3600 3599
f 3630 3716 3715
f 3627 3625 3597
f 3717 3716 3723
f 3715 3663 3660
f 3716 3717 3725
f 3668 3665 3661
f 3668 3725 3717
f 3667 3717 3718
f 3727 3728 3673
f 3728 1576 3672
f 3726 3727 3718
f 1576 2101 2084
f 3727 3726 3731
f 3203 376 1387
f 3190 1387 1791
f 3283 2152 1949
f 317 240 259
f 2000 2176 3653
f 3601 3599 3600
f 3589 3588 3584
f 3577 758 756
f 3585 3584 3582
f 3678 3679 3637
f 3204 375 376
f 1801 3655 3657
f 3729 3735 3728
f 1575 3735 3738
f 3735 1575 1576
f 1776 1795 1796
f 1293 1294 1290
f 1326 14 1327
f 1294 1245 1234
f 878 1244 1330
f 497 373 374
f 122 648 413
f 3699 3702 3704
f 3606 3405 3401
f 3708 3710 3698
f 3464 3714 3710
f 3704 3674 3443
f 439 398 399
f 1512 1528 1526
f 1668 1741 1738
f 839 849 1362
f 1362 1357 826
f 3843 740 1896
f 2053 2054 2118
f 3888 3887 2120
f 696 697 3816
f 1826 1878 639
f 3740 3739 3729
f 956 885 886
f 1980 806 1922
f 33 34 105
f 1343 1344 3856
f 3907 2127 2128
f 1766 1581 1582
f 14 1326 2163
f 595 98 99
f 3233 3238 3246
f 1346 1035 1044
f 748 1888 1425
f 3193 3208 3254
f 3190 3191 3206
f 3612 3605 3606
f 3624 3612 3615
f 3631 3415 3443
f 3679 3680 3644
f 3686 3650 3647
f 3702 3677 3674
f 3625 3615 3600
f 3601 3400 3415
f 3739 3738 3735
f 3630 3627 3594
f 3741 3723 3716
f 1284 1290 1288
f 3698 3696 3680
f 1778 1781 1780
f 1792 1759 1584
f 695 570 571
f 3638 3741 3594
f 3741 3638 3588
f 3247 3248 3209
f 3292 3293 3294
f 3296 3297 3298
f 3299 3298 3300
f 3302 3303 3304
f 3306 3307 3308
f 3307 3310 3311
f 3303 3302 3301
f 3312 3305 3304
f 3314 3315 3316
f 3318 3319 3320
f 3324 3318 3321
f 3326 3327 3328
f 3329 3330 3331
f 3333 3334 3335
f 3337 3338 3339
f 3333 3336 3341
f 3342 3341 3343
f 3319 3345 3344
f 3338 3335 3334
f 3346 3301 3302
f 3305 3348 3347
f 3312 3224 3223
f 3350 3337 3340
f 3312 3349 3348
f 3352 3343 3341
f 3311 3353 3354
f 3341 3336 3327
f 3359 3360 3361
f 3360 3359 3250
f 3318 3363 3345
f 3364 3363 3318
f 3314 3364 3324
f 3366 3299 3301
f 3299 3366 3367
f 3308 3354 3368
f 3369 3317 3295
f 3317 3369 3364
f 3370 3295 3317
f 3325 3371 3365
f 3352 3320 3319
f 3296 3367 3353
f 3297 3296 3311
f 3363 3368 3354
f 3345 3354 3353
f 3344 3353 3367
f 3366 3333 3342
f 3347 3339 3334
f 3339 3347 3348
f 3348 3349 3351
f 3363 3364 3369
f 3294 3309 3368
f 3293 3306 3309
f 3331 3373 3374
f 3346 3334 3333
f 3323 3322 3352
f 3356 3355 3321
f 3355 3357 3325
f 3357 3358 3371
f 3322 3356 3320
f 3361 3330 3329
f 3373 3372 3375
f 3374 3375 3376
f 3329 3332 3376
f 3327 3375 3372
f 3336 3335 3375
f 3335 3338 3376
f 3376 3338 3337
f 3337 3350 3359
f 3359 3350 3276
f 3377 3292 3295
f 3277 3316 3315
f 3371 3378 3379
f 3378 3371 3358
f 3365 3379 3315
f 3316 3277 3279
f 3282 3377 3370
f 3313 3283 3224
f 3378 3285 3284
f 3380 3286 3285
f 3379 3284 3278
f 3276 3350 3351
f 3291 3351 3349
f 3313 3304 2965
f 2965 3304 3303
f 222 3303 3300
f 223 3300 3298
f 3298 3297 3185
f 3297 3310 2977
f 3310 3307 1213
f 3307 3306 1214
f 2532 1214 3306
f 2894 2532 3293
f 2871 2894 3292
f 3253 3225 3240
f 3283 3313 3013
f 1997 1996 1889
f 1237 745 744
f 1535 1534 120
f 1531 1532 201
f 1119 1241 1032
f 946 948 824
f 163 8 5
f 3589 3726 3723
f 1155 1156 1162
f 427 213 327
f 553 1902 796
f 3381 2232 2231
f 3381 3178 2230
f 2237 3183 3180
f 3383 3384 3385
f 3384 3386 3387
f 3386 3388 3389
f 3388 3390 3391
f 3392 3393 3394
f 3395 3394 3396
f 3398 3399 3397
f 3400 3401 3399
f 3403 3404 3405
f 3406 3407 3404
f 3408 3409 3407
f 3410 3411 3409
f 3412 3413 3411
f 3415 3400 3398
f 3414 3398 3396
f 3416 3396 3394
f 3417 3394 3393
f 3393 3419 3420
f 3419 3390 3421
f 3390 3388 3422
f 3388 3386 3423
f 3386 3384 3424
f 3384 3383 3425
f 3425 3383 3426
f 2904 3427 3428
f 3429 3427 2904
f 3430 3429 2902
f 2875 3431 3430
f 3432 3433 2733
f 2825 3434 3435
f 3437 3438 3439
f 3441 3437 3436
f 2724 2723 3434
f 3436 3439 3115
f 3440 3436 3117
f 3443 3415 3414
f 3442 3414 3416
f 3444 3416 3417
f 3445 3417 3418
f 3446 3418 3420
f 3420 3421 3448
f 3421 3422 3449
f 3422 3423 3450
f 3423 3424 3451
f 3424 3425 3452
f 3425 3184 3056
f 3451 3452 2253
f 3450 3451 2252
f 3449 3450 1727
f 3448 3449 2150
f 3453 3447 3448
f 3454 3446 3447
f 3455 3445 3446
f 3456 3444 3445
f 3442 3444 3456
f 3443 3442 3457
f 3459 3460 3458
f 3457 3456 3455
f 3459 3455 3454
f 3462 3460 3459
f 3461 3454 3453
f 3464 3462 3461
f 3463 3453 1941
f 3404 3399 3401
f 3407 3397 3399
f 3409 3395 3397
f 3411 3392 3395
f 3465 3466 3413
f 3467 3468 3469
f 3465 3412 3431
f 3470 3467 3466
f 3438 3470 3432
f 3467 3470 3438
f 3468 3467 3437
f 3471 3469 3468
f 3472 3468 3441
f 3473 3441 3440
f 2712 3440 3119
f 3475 3471 3472
f 3474 3472 3473
f 3476 3473 2712
f 3477 3476 2711
f 3478 3474 3476
f 3479 3475 3474
f 3392 3411 3413
f 3466 3469 3480
f 3419 3393 3392
f 3390 3419 3480
f 3469 3471 3391
f 3389 3391 3471
f 3387 3389 3475
f 3385 3387 3479
f 3482 3477 2400
f 3483 3478 3477
f 3481 3479 3478
f 3484 3482 2402
f 3058 3484 2707
f 3061 3485 3484
f 3485 3483 3482
f 3382 3385 3481
f 3486 3481 3483
f 3426 3383 3382
f 3487 3382 3486
f 3486 3485 3061
f 1961 3057 3487
f 3057 3184 3426
f 3428 3403 3402
f 3427 3406 3403
f 3429 3408 3406
f 3430 3410 3408
f 3431 3412 3410
f 3470 3465 3433
f 3434 3439 3438
f 2723 3115 3439
f 2875 2733 3433
f 2736 2824 3435
f 2947 3428 3488
f 3464 3463 1360
f 1900 1925 1924
f 1736 1717 1718
f 1955 1952 1943
f 1671 1738 1735
f 1696 1750 1698
f 1800 1865 1864
f 2063 2055 2056
f 1737 1734 1717
f 1751 1735 1697
f 943 3885 3899
f 3656 3488 3402
f 1577 1578 1764
f 3917 1598 1599
f 1945 146 82
f 68 6 7
f 147 1542 1543
f 1109 1135 1133
f 1503 1910 1907
f 1499 1501 1909
f 452 1922 735
f 1824 2068 3835
f 1825 2067 2068
f 1463 1462 1022
f 841 1012 1009
f 1568 1547 1955
f 1910 1503 1502
f 1939 1502 422
f 309 280 1940
f 1804 1851 1866
f 269 1482 1954
f 2065 1607 2060
f 3812 1685 1758
f 280 276 552
f 1875 1873 1869
f 1739 1721 1734
f 1778 1779 1790
f 310 1920 1915
f 1909 1908 1906
f 1789 1783 1778
f 978 981 980
f 1584 1759 1731
f 425 426 311
f 148 1543 115
f 2044 3897 3894
f 277 1910 1939
f 1943 1946 1945
f 1461 1462 1463
f 2253 3452 3056
f 2981 2254 3489
f 2209 2998 3489
f 2254 2253 3055
f 2998 926 958
f 2826 2817 2721
f 3490 2739 2721
f 2816 3491 3490
f 2334 2297 2296
f 2298 2297 2334
f 2301 2298 2336
f 2311 2301 2338
f 2312 2311 2354
f 2359 2358 2361
f 2335 2296 2359
f 2414 2413 2365
f 2413 2270 2361
f 2355 2352 2540
f 2541 2540 2539
f 2722 2721 2739
f 3114 2722 2738
f 3110 3112 3121
f 3108 3110 3120
f 3122 1754 3127
f 3112 3122 3126
f 3127 1754 1753
f 3139 3133 2529
f 3744 3775 3133
f 3490 2789 2740
f 3491 2790 2789
f 228 229 91
f 245 244 243
f 248 7 247
f 2 297 296
f 145 146 300
f 327 213 210
f 329 332 331
f 239 241 240
f 373 376 375
f 178 177 176
f 1218 1225 1228
f 3862 1231 1295
f 808 809 824
f 3858 3859 1013
f 3813 3810 1411
f 2154 2149 2159
f 3845 3835 1758
f 306 807 1922
f 2157 2153 1976
f 708 709 2031
f 1450 1226 1227
f 1672 1604 1605
f 1813 1814 1821
f 1717 1716 1715
f 176 159 402
f 1710 1705 3916
f 1712 1580 1577
f 1705 1713 1711
f 971 978 979
f 822 823 1094
f 2909 2810 2793
f 2810 2769 2795
f 2799 2910 2249
f 3662 3643 2910
f 2769 2768 2801
f 3177 3176 3178
f 3178 3381 3180
f 3181 1394 1393
f 3181 1633 1632
f 3182 1632 2244
f 3183 2244 2243
f 3492 2791 2790
f 2808 3492 3491
f 2239 3574 3572
f 1149 1150 3571
f 1150 2009 3567
f 2202 3569 3566
f 2921 3564 3565
f 3568 3560 2133
f 1777 1579 1759
f 1201 1196 1183
f 3561 3554 2195
f 3553 3576 2770
f 3927 3925 1687
f 1516 152 154
f 3549 3562 2974
f 3550 3548 2779
f 2771 2772 3575
f 3070 2771 3546
f 3547 3544 2775
f 1376 1375 1370
f 2767 3543 3556
f 2195 3554 3543
f 2775 3544 3542
f 3377 3282 3545
f 3804 3802 3539
f 2776 3542 3538
f 2240 3572 3535
f 2920 3535 3669
f 3548 3534 2786
f 1805 1850 1851
f 3534 3532 2787
f 2951 2773 3540
f 2772 2951 3531
f 2973 2224 3530
f 2224 2223 3537
f 1957 1953 320
f 306 305 304
f 2770 3576 3528
f 2913 3528 3574
f 2923 3565 3527
f 308 1940 431
f 207 208 132
f 1879 1876 1881
f 3733 3787 3525
f 2475 3070 3558
f 2476 2475 3524
f 2223 2476 3523
f 3522 3549 2803
f 2037 3563 11
f 1959 1958 450
f 2003 3555 3520
f 9 10 334
f 2009 2008 3518
f 2008 2973 3536
f 3877 672 673
f 3515 3550 2778
f 2935 3514 3513
f 111 1149 3570
f 3510 3514 2935
f 683 3876 3885
f 3508 3557 2810
f 736 733 732
f 1795 1804 1803
f 3505 3510 2938
f 3507 3505 2939
f 2950 3512 3504
f 2940 2949 3504
f 3801 3791 3512
f 2868 3509 3502
f 2869 3502 3522
f 1024 1034 1023
f 3500 3503 2948
f 551 1939 442
f 2972 3499 3568
f 2032 3533 3499
f 216 93 1924
f 203 202 201
f 1828 1848 1847
f 1958 1957 449
f 272 271 178
f 2871 3545 3495
f 3619 3669 3564
f 2801 2768 3643
f 2005 3758 3654
f 960 886 899
f 3657 3655 3612
f 3780 3788 3646
f 3151 3646 3593
f 2193 3604 3623
f 3607 3603 3145
f 3603 3649 2761
f 3592 3607 3144
f 2926 3658 3634
f 3634 3592 3104
f 3755 3754 3746
f 566 567 3758
f 3488 3656 1864
f 1602 1586 2079
f 2868 3658 3611
f 2922 3611 3610
f 2923 3610 3618
f 3670 3613 2918
f 3619 3670 3614
f 2921 3618 3670
f 2920 3614 3586
f 3613 3642 2915
f 2917 2766 3622
f 2916 2917 3641
f 2239 3587 3652
f 2911 3640 3652
f 3643 3640 2911
f 2797 2801 3662
f 2797 3591 3598
f 3622 3628 2763
f 3608 3628 2764
f 2194 3623 3648
f 2221 3648 3649
f 2756 3608 3609
f 2750 3598 3609
f 3669 3535 1817
f 3763 3770 1691
f 2515 3621 3590
f 2548 3590 3593
f 2513 2489 3632
f 2513 3616 3621
f 2509 3633 3620
f 2510 3632 3633
f 2289 3620 3639
f 2283 3639 3617
f 2240 3586 3587
f 3659 3657 3624
f 716 2121 3887
f 727 1999 3761
f 2165 2171 2170
f 3660 3659 3626
f 3743 3581 3578
f 2175 2172 769
f 2100 500 2095
f 3758 567 3757
f 640 3560 3568
f 1653 3576 3553
f 1895 3536 3530
f 746 3530 3537
f 1653 1810 3528
f 3762 1603 1604
f 2093 2075 2073
f 959 996 995
f 962 899 919
f 1400 1401 1398
f 1000 817 1127
f 956 959 884
f 1662 3548 3550
f 2034 3558 3546
f 3926 1689 3539
f 3535 3572 766
f 3572 3574 765
f 334 3570 3571
f 1868 3531 3540
f 1684 1651 1652
f 1682 1683 775
f 1585 1603 3762
f 3763 3762 1672
f 2173 2174 490
f 1658 3544 3547
f 3556 3543 1650
f 1571 3754 2010
f 1587 3664 3671
f 2099 2095 2077
f 787 3761 1999
f 2000 3694 786
f 3155 339 3697
f 3713 3155 3683
f 2180 2179 3685
f 3496 2180 3684
f 1684 3846 3840
f 1760 464 3495
f 2607 3689 3693
f 2581 3676 3689
f 2371 2502 3700
f 2371 3695 3693
f 2587 3676 3675
f 2586 3675 3697
f 2497 3691 3687
f 2502 2503 3687
f 2494 3691 3690
f 3690 3688 2472
f 3688 3701 2468
f 3701 3703 2469
f 726 3908 3892
f 581 3567 3518
f 10 3511 3570
f 1837 3514 3510
f 741 3537 3523
f 1299 3524 3558
f 1851 3507 3504
f 3527 3565 1820
f 580 3518 3536
f 1758 1685 3522
f 1693 3557 3508
f 3504 3512 1867
f 1894 1826 3568
f 2126 1418 3813
f 3906 2126 3841
f 2113 3911 3867
f 2179 3713 3789
f 624 3903 3904
f 2192 3604 3788
f 2177 3541 3787
f 1364 3824 3833
f 3858 3855 1470
f 3135 1753 3775
f 2069 3812 3835
f 1351 3861 3853
f 2108 3882 3901
f 2089 2092 3736
f 3828 3834 1358
f 2001 3749 3783
f 2187 3783 3719
f 2130 3756 3752
f 2004 3752 3749
f 2014 3724 3779
f 2201 3779 3756
f 3167 3720 3759
f 3168 3724 3720
f 3159 3709 3764
f 3160 3764 3765
f 3730 3707 3158
f 3158 3707 3709
f 2200 3069 3730
f 3685 3789 3742
f 3722 3774 2197
f 3790 3736 2092
f 3774 3790 3721
f 3154 3706 3790
f 3155 3713 3706
f 2091 3719 3721
f 2196 3148 3750
f 2193 2196 3776
f 3604 2193 3781
f 2086 2192 3780
f 2087 2086 3778
f 2204 3742 3751
f 2205 3751 3750
f 3909 3886 574
f 2124 2087 3777
f 2208 2124 3760
f 3711 3785 3140
f 3785 3745 3138
f 3745 3744 3139
f 3771 3712 3136
f 3712 3711 3137
f 3775 3767 3131
f 3767 3782 3132
f 1813 3839 3838
f 1293 3854 3856
f 2184 2321 3748
f 2181 2184 3732
f 3765 3768 3079
f 3768 3734 3080
f 709 3873 3875
f 2774 2961 3737
f 3786 3769 2134
f 3809 3808 766
f 2968 3784 3766
f 2969 3759 3784
f 2958 3747 3737
f 2132 3747 3766
f 2321 2185 3771
f 3860 3848 1449
f 3905 3874 582
f 3886 3889 577
f 3847 3826 1818
f 705 3902 3887
f 3816 3912 3907
f 2111 3883 3911
f 3810 3829 1366
f 1812 3839 3822
f 675 3851 3852
f 3496 3705 3851
f 2110 3867 3868
f 2104 3896 3901
f 2109 3868 3899
f 3842 3831 703
f 1680 3811 3846
f 1639 1627 3819
f 623 3904 3906
f 2139 2140 3866
f 1808 1640 3844
f 3820 3821 1819
f 3872 3914 3900
f 1646 3832 3830
f 3889 3890 633
f 2139 3865 3875
f 2156 2155 3871
f 674 3852 3913
f 2117 3817 3812
f 1815 3822 3847
f 3855 3849 1444
f 697 3906 3912
f 866 842 3836
f 3864 3869 2136
f 3585 3731 3726
f 3583 3740 3731
f 3753 3746 3738
f 3740 3583 3581
f 1088 3738 3746
f 3739 3740 3743
f 2791 3492 3493
f 3492 2808 2807
f 2792 3493 3494
f 3493 2807 2806
f 3508 2909 3494
f 3516 3494 2806
f 2948 3503 3791
f 2105 3908 3896
f 3538 3802 3804
f 680 3878 3876
f 1891 1890 3910
f 2905 3799 3801
f 2900 3797 3799
f 2901 3797 3807
f 2734 2878 3806
f 2877 3807 3806
f 2820 3800 3794
f 2818 3796 3792
f 2823 3793 3792
f 2822 3793 3798
f 2819 2735 3800
f 2817 3796 3795
f 2809 3805 3795
f 2808 3805 3803
f 2805 3804 3803
f 1702 3921 3923
f 3922 3920 1797
f 3915 3916 1706
f 3918 3927 1692
f 1657 3898 3880
f 1890 1877 3895
f 3772 3770 1674
f 1689 1690 3772
f 3926 3802 3538
f 3516 3539 1689
f 3917 3923 1703
f 1598 3917 3928
f 3880 3884 1876
f 1691 1690 3925
f 3925 3926 1688
f 3934 3933 3937
f 3934 3938 3939
f 3932 3936 3937
f 3938 3942 3943
f 3937 3936 3940
f 3937 3941 3942
f 3942 3946 3947
f 3941 3940 3944
f 3942 3941 3945
f 3947 3946 3950
f 3944 3948 3949
f 3945 3949 3950
f 3950 3954 3955
f 3949 3948 3952
f 3950 3949 3953
f 3955 3954 3958
f 3953 3952 3956
f 3953 3957 3958
f 3959 3958 3962
f 3957 3956 3960
f 3958 3957 3961
f 3962 3966 3967
f 3960 3964 3965
f 3961 3965 3966
f 3966 3970 3971
f 3965 3964 3968
f 3966 3965 3969
f 3970 3974 3975
f 3968 3972 3973
f 3969 3973 3974
f 3974 3978 3979
f 3973 3972 3976
f 3974 3973 3977
f 3979 3978 3982
f 3976 3980 3981
f 3977 3981 3982
f 3982 3986 3987
f 3981 3980 3984
f 3982 3981 3985
f 3987 3986 3990
f 3984 3988 3989
f 3985 3989 3990
f 3991 3990 3994
f 3989 3988 3992
f 3990 3989 3993
f 3995 3994 3998
f 3992 3996 3997
f 3993 3997 3998
f 3998 4002 4003
f 3997 3996 4000
f 3998 3997 4001
f 4002 4006 4007
f 4000 4004 4005
f 4001 4005 4006
f 4006 4010 4011
f 4005 4004 4008
f 4006 4005 4009
f 4011 4010 4014
f 4008 4012 4013
f 4009 4013 4014
f 4014 4018 4019
f 4013 4012 4016
f 4014 4013 4017
f 4019 4018 4022
f 4016 4020 4021
f 4017 4021 4022
f 4023 4022 4026
f 4021 4020 4024
f 4022 4021 4025
f 4027 4026 4030
f 4024 4028 4029
f 4025 4029 4030
f 4031 4030 4034
f 4029 4028 4032
f 4030 4029 4033
f 4034 4038 4039
f 4032 4036 4037
f 4033 4037 4038
f 4038 4042 4043
f 4037 4036 4040
f 4038 4037 4041
f 4043 4042 4046
f 4040 4044 4045
f 4041 4045 4046
f 4046 4050 4051
f 4045 4044 4048
f 4046 4045 4049
f 4051 4050 4055
f 4048 4053 4054
f 4049 4054 4055
f 4056 4055 4059
f 4053 4057 4058
f 4055 4054 4058
f 4060 4059 3934
f 4058 4057 3932
f 4058 3933 3934
f 4069 4068 4081
f 4066 4079 4080
f 4065 4064 4077
f 4063 4062 4075
f 4071 4084 4085
f 4069 4082 4083
f 4067 4080 4081
f 4066 4065 4078
f 4063 4076 4077
f 4061 4074 4075
f 4072 4085 4086
f 4071 4070 4083
f 4076 4089 4090
f 4074 4087 4088
f 4086 4085 4098
f 4083 4096 4097
f 4082 4081 4094
f 4079 4092 4093
f 4078 4077 4090
f 4076 4075 4088
f 4085 4084 4097
f 4082 4095 4096
f 4080 4093 4094
f 4079 4078 4091
f 4089 4102 4103
f 4088 4087 4100
f 4098 4111 4112
f 4096 4109 4110
f 4095 4094 4107
f 4092 4105 4106
f 4090 4103 4104
f 4089 4088 4101
f 4097 4110 4111
f 4095 4108 4109
f 4094 4093 4106
f 4092 4091 4104
f 4103 4102 4115
f 4100 4113 4114
f 4112 4111 4124
f 4110 4109 4122
f 4107 4120 4121
f 4105 4118 4119
f 4103 4116 4117
f 4101 4114 4115
f 4110 4123 4124
f 4109 4108 4121
f 4107 4106 4119
f 4105 4104 4117
f 4115 4128 4129
f 4114 4113 4126
f 4124 4137 4138
f 4123 4122 4135
f 4120 4133 4134
f 4119 4118 4131
f 4117 4116 4129
f 4114 4127 4128
f 4124 4123 4136
f 4122 4121 4134
f 4119 4132 4133
f 4117 4130 4131
f 4129 4128 4141
f 4126 4139 4140
f 4138 4137 4150
f 4136 4135 4148
f 4133 4146 4147
f 4131 4144 4145
f 4130 4129 4142
f 4127 4140 4141
f 4137 4136 4149
f 4135 4134 4147
f 4132 4145 4146
f 4131 4130 4143
f 4142 4141 4154
f 4140 4139 4152
f 4150 4163 4164
f 4149 4148 4161
f 4146 4159 4160
f 4144 4157 4158
f 4142 4155 4156
f 4140 4153 4154
f 4149 4162 4163
f 4148 4147 4160
f 4146 4145 4158
f 4144 4143 4156
f 4155 4154 4167
f 4153 4152 4165
f 4163 4176 4177
f 4161 4174 4175
f 4159 4172 4173
f 4158 4157 4170
f 4155 4168 4169
f 4153 4166 4167
f 4163 4162 4175
f 4161 4160 4173
f 4159 4158 4171
f 4156 4169 4170
f 4167 4180 4181
f 4165 4178 4179
f 4176 4189 4190
f 4175 4174 4187
f 4173 4172 4185
f 4170 4183 4184
f 4169 4168 4181
f 4167 4166 4179
f 4175 4188 4189
f 4173 4186 4187
f 4171 4184 4185
f 4170 4169 4182
f 4180 4193 4194
f 4178 4191 4192
f 4190 4189 4202
f 4187 4200 4201
f 4186 4185 4198
f 4183 4196 4197
f 4182 4181 4194
f 4180 4179 4192
f 4189 4188 4201
f 4186 4199 4200
f 4184 4197 4198
f 4183 4182 4195
f 4193 4206 4207
f 4192 4191 4204
f 4202 4215 4216
f 4200 4213 4214
f 4199 4198 4211
f 4196 4209 4210
f 4194 4207 4208
f 4193 4192 4205
f 4201 4214 4215
f 4199 4212 4213
f 4198 4197 4210
f 4196 4195 4208
f 4207 4206 4219
f 4204 4217 4218
f 4216 4215 4228
f 4213 4226 4227
f 4211 4224 4225
f 4209 4222 4223
f 4207 4220 4221
f 4205 4218 4219
f 4214 4227 4228
f 4213 4212 4225
f 4211 4210 4223
f 4209 4208 4221
f 4219 4232 4233
f 4218 4217 4230
f 4228 4241 4242
f 4226 4239 4240
f 4225 4224 4237
f 4223 4222 4235
f 4221 4220 4233
f 4218 4231 4232
f 4228 4227 4240
f 4226 4225 4238
f 4223 4236 4237
f 4221 4234 4235
f 4233 4232 4245
f 4230 4243 4244
f 4242 4241 4254
f 4240 4239 4252
f 4237 4250 4251
f 4235 4248 4249
f 4234 4233 4246
f 4231 4244 4245
f 4241 4240 4253
f 4239 4238 4251
f 4236 4249 4250
f 4235 4234 4247
f 4246 4245 4258
f 4244 4243 4256
f 4254 4267 4268
f 4253 4252 4265
f 4250 4263 4264
f 4248 4261 4262
f 4246 4259 4260
f 4244 4257 4258
f 4253 4266 4267
f 4252 4251 4264
f 4250 4249 4262
f 4248 4247 4260
f 4259 4258 4271
f 4257 4256 4269
f 4267 4280 4281
f 4265 4278 4279
f 4263 4276 4277
f 4262 4261 4274
f 4259 4272 4273
f 4257 4270 4271
f 4266 4279 4280
f 4265 4264 4277
f 4263 4262 4275
f 4260 4273 4274
f 4271 4284 4285
f 4269 4282 4283
f 4281 4280 4293
f 4279 4278 4291
f 4277 4276 4289
f 4274 4287 4288
f 4273 4272 4285
f 4271 4270 4283
f 4280 4279 4292
f 4277 4290 4291
f 4275 4288 4289
f 4274 4273 4286
f 4284 4297 4298
f 4282 4295 4296
f 4294 4293 4306
f 4291 4304 4305
f 4290 4289 4302
f 4287 4300 4301
f 4286 4285 4298
f 4284 4283 4296
f 4293 4292 4305
f 4290 4303 4304
f 4288 4301 4302
f 4287 4286 4299
f 4297 4310 4311
f 4296 4295 4308
f 4306 4319 4320
f 4304 4317 4318
f 4303 4302 4315
f 4300 4313 4314
f 4298 4311 4312
f 4297 4296 4309
f 4305 4318 4319
f 4304 4303 4316
f 4302 4301 4314
f 4300 4299 4312
f 4310 4323 4324
f 4308 4321 4322
f 4320 4319 4332
f 4318 4317 4330
f 4316 4315 4328
f 4313 4326 4327
f 4311 4324 4325
f 4310 4309 4322
f 4318 4331 4332
f 4316 4329 4330
f 4315 4314 4327
f 4312 4325 4326
f 4323 4336 4337
f 4322 4321 4334
f 4332 4345 4346
f 4330 4343 4344
f 4329 4328 4341
f 4327 4326 4339
f 4325 4324 4337
f 4322 4335 4336
f 4332 4331 4344
f 4330 4329 4342
f 4327 4340 4341
f 4325 4338 4339
f 4337 4336 4350
f 4334 4348 4349
f 4346 4345 4359
f 4344 4343 4357
f 4341 4355 4356
f 4340 4339 4353
f 4338 4337 4351
f 4335 4349 4350
f 4345 4344 4358
f 4343 4342 4356
f 4340 4354 4355
f 4338 4352 4353
f 4351 4350 4363
f 4349 4348 4361
f 4359 4372 4373
f 4358 4357 4370
f 4355 4368 4369
f 4354 4353 4366
f 4351 4364 4365
f 4349 4362 4363
f 4358 4371 4372
f 4357 4356 4369
f 4355 4354 4367
f 4352 4365 4366
f 4364 4363 4376
f 4362 4361 4374
f 4373 4372 4385
f 4370 4383 4384
f 4368 4381 4382
f 4367 4366 4379
f 4364 4377 4378
f 4362 4375 4376
f 4372 4371 4384
f 4370 4369 4382
f 4368 4367 4380
f 4365 4378 4379
f 4376 4389 4390
f 4374 4387 4388
f 4385 4398 4399
f 4384 4383 4396
f 4382 4381 4394
f 4379 4392 4393
f 4378 4377 4390
f 4376 4375 4388
f 4384 4397 4398
f 4382 4395 4396
f 4380 4393 4394
f 4379 4378 4391
f 4389 4402 4403
f 4387 4400 4401
f 4399 4398 4411
f 4396 4409 4410
f 4395 4394 4407
f 4393 4392 4405
f 4391 4390 4403
f 4389 4388 4401
f 4398 4397 4410
f 4395 4408 4409
f 4393 4406 4407
f 4391 4404 4405
f 4402 4415 4416
f 4401 4400 4413
f 4411 4424 4425
f 4409 4422 4423
f 4408 4407 4420
f 4406 4405 4418
f 4403 4416 4417
f 4402 4401 4414
f 4410 4423 4424
f 4408 4421 4422
f 4407 4406 4419
f 4404 4417 4418
f 4416 4415 4428
f 4413 4426 4427
f 4425 4424 4437
f 4423 4422 4435
f 4421 4420 4433
f 4418 4431 4432
f 4416 4429 4430
f 4415 4414 4427
f 4423 4436 4437
f 4421 4434 4435
f 4420 4419 4432
f 4418 4417 4430
f 4428 4441 4442
f 4426 4439 4440
f 4437 4450 4451
f 4435 4448 4449
f 4434 4433 4446
f 4432 4431 4444
f 4430 4429 4442
f 4427 4440 4441
f 4437 4436 4449
f 4435 4434 4447
f 4432 4445 4446
f 4430 4443 4444
f 4442 4441 4454
f 4439 4452 4453
f 4451 4450 4463
f 4449 4448 4461
f 4446 4459 4460
f 4444 4457 4458
f 4443 4442 4455
f 4440 4453 4454
f 4450 4449 4462
f 4447 4460 4461
f 4445 4458 4459
f 4444 4443 4456
f 4455 4454 4467
f 4453 4452 4465
f 4463 4476 4477
f 4462 4461 4474
f 4459 4472 4473
f 4457 4470 4471
f 4455 4468 4469
f 4453 4466 4467
f 4462 4475 4476
f 4461 4460 4473
f 4459 4458 4471
f 4457 4456 4469
f 4468 4467 4063
f 4466 4465 4061
f 4477 4476 4072
f 4474 4070 4071
f 4472 4068 4069
f 4471 4470 4066
f 4468 4064 4065
f 4466 4062 4063
f 4476 4475 4071
f 4474 4473 4069
f 4472 4471 4067
f 4469 4065 4066
f 3935 4061 4465
f 4465 4452 4056
f 4452 4439 4051
f 4439 4426 4047
f 4047 4426 4413
f 4043 4413 4400
f 4039 4400 4387
f 4387 4374 4031
f 4031 4374 4361
f 4361 4348 4023
f 4348 4334 4019
f 4334 4321 4015
f 4015 4321 4308
f 4011 4308 4295
f 4007 4295 4282
f 4282 4269 3999
f 3999 4269 4256
f 4256 4243 3991
f 4243 4230 3987
f 4230 4217 3983
f 3983 4217 4204
f 3979 4204 4191
f 3975 4191 4178
f 4178 4165 3967
f 3967 4165 4152
f 4152 4139 3959
f 4139 4126 3955
f 4126 4113 3951
f 3951 4113 4100
f 3947 4100 4087
f 3943 4087 4074
f 4074 4061 3935
f 4480 4479 4483
f 4480 4484 4485
f 4479 4478 4482
f 4484 4488 4489
f 4482 4486 4487
f 4483 4487 4488
f 4488 4492 4493
f 4487 4486 4490
f 4488 4487 4491
f 4493 4492 4496
f 4490 4494 4495
f 4491 4495 4496
f 4496 4500 4501
f 4495 4494 4498
f 4496 4495 4499
f 4501 4500 4504
f 4498 4502 4503
f 4499 4503 4504
f 4505 4504 4508
f 4503 4502 4506
f 4504 4503 4507
f 4509 4508 4512
f 4506 4510 4511
f 4507 4511 4512
f 4513 4512 4516
f 4511 4510 4514
f 4512 4511 4515
f 4516 4520 4521
f 4514 4518 4519
f 4515 4519 4520
f 4520 4524 4525
f 4518 4522 4523
f 4520 4519 4523
f 4525 4524 4528
f 4522 4526 4527
f 4523 4527 4528
f 4528 4532 4533
f 4527 4526 4530
f 4528 4527 4531
f 4533 4532 4536
f 4530 4534 4535
f 4531 4535 4536
f 4537 4536 4540
f 4534 4538 4539
f 4536 4535 4539
f 4541 4540 4544
f 4539 4538 4542
f 4539 4543 4544
f 4544 4548 4549
f 4542 4546 4547
f 4544 4543 4547
f 4548 4552 4553
f 4547 4546 4550
f 4547 4551 4552
f 4552 4556 4557
f 4551 4550 4554
f 4552 4551 4555
f 4557 4556 4560
f 4554 4558 4559
f 4555 4559 4560
f 4560 4564 4565
f 4559 4558 4562
f 4560 4559 4563
f 4565 4564 4568
f 4562 4566 4567
f 4563 4567 4568
f 4569 4568 4572
f 4567 4566 4570
f 4568 4567 4571
f 4572 4576 4577
f 4570 4574 4575
f 4571 4575 4576
f 4576 4580 4581
f 4575 4574 4578
f 4576 4575 4579
f 4580 4584 4585
f 4578 4582 4583
f 4579 4583 4584
f 4584 4588 4589
f 4583 4582 4586
f 4584 4583 4587
f 4589 4588 4592
f 4586 4590 4591
f 4587 4591 4592
f 4592 4596 4597
f 4591 4590 4594
f 4592 4591 4595
f 4597 4596 4601
f 4594 4599 4600
f 4595 4600 4601
f 4602 4601 4605
f 4600 4599 4603
f 4601 4600 4604
f 4606 4605 4480
f 4603 4478 4479
f 4604 4479 4480
f 4615 4614 4627
f 4612 4625 4626
f 4611 4610 4623
f 4609 4608 4621
f 4618 4617 4630
f 4615 4628 4629
f 4613 4626 4627
f 4612 4611 4624
f 4609 4622 4623
f 4607 4620 4621
f 4619 4618 4631
f 4617 4616 4629
f 4622 4635 4636
f 4620 4633 4634
f 4632 4631 4644
f 4629 4642 4643
f 4628 4627 4640
f 4626 4625 4638
f 4624 4623 4636
f 4622 4621 4634
f 4631 4630 4643
f 4628 4641 4642
f 4626 4639 4640
f 4624 4637 4638
f 4635 4648 4649
f 4634 4633 4646
f 4644 4657 4658
f 4642 4655 4656
f 4641 4640 4653
f 4639 4638 4651
f 4636 4649 4650
f 4635 4634 4647
f 4643 4656 4657
f 4642 4641 4654
f 4640 4639 4652
f 4637 4650 4651
f 4648 4661 4662
f 4646 4659 4660
f 4658 4657 4670
f 4656 4655 4668
f 4653 4666 4667
f 4651 4664 4665
f 4649 4662 4663
f 4648 4647 4660
f 4656 4669 4670
f 4654 4667 4668
f 4653 4652 4665
f 4651 4650 4663
f 4661 4674 4675
f 4660 4659 4672
f 4670 4683 4684
f 4668 4681 4682
f 4667 4666 4679
f 4665 4664 4677
f 4663 4662 4675
f 4661 4660 4673
f 4670 4669 4682
f 4667 4680 4681
f 4665 4678 4679
f 4663 4676 4677
f 4675 4674 4687
f 4672 4685 4686
f 4684 4683 4696
f 4682 4681 4694
f 4679 4692 4693
f 4678 4677 4690
f 4676 4675 4688
f 4673 4686 4687
f 4683 4682 4695
f 4681 4680 4693
f 4678 4691 4692
f 4676 4689 4690
f 4688 4687 4700
f 4686 4685 4698
f 4696 4709 4710
f 4695 4694 4707
f 4692 4705 4706
f 4691 4690 4703
f 4688 4701 4702
f 4686 4699 4700
f 4695 4708 4709
f 4694 4693 4706
f 4692 4691 4704
f 4689 4702 4703
f 4701 4700 4713
f 4699 4698 4711
f 4710 4709 4722
f 4707 4720 4721
f 4705 4718 4719
f 4704 4703 4716
f 4701 4714 4715
f 4699 4712 4713
f 4709 4708 4721
f 4707 4706 4719
f 4705 4704 4717
f 4702 4715 4716
f 4713 4726 4727
f 4711 4724 4725
f 4723 4722 4735
f 4721 4720 4733
f 4719 4718 4731
f 4716 4729 4730
f 4715 4714 4727
f 4713 4712 4725
f 4721 4734 4735
f 4719 4732 4733
f 4717 4730 4731
f 4716 4715 4728
f 4726 4739 4740
f 4724 4737 4738
f 4736 4735 4748
f 4733 4746 4747
f 4732 4731 4744
f 4730 4729 4742
f 4728 4727 4740
f 4726 4725 4738
f 4735 4734 4747
f 4732 4745 4746
f 4730 4743 4744
f 4728 4741 4742
f 4739 4752 4753
f 4738 4737 4750
f 4748 4761 4762
f 4746 4759 4760
f 4745 4744 4757
f 4743 4742 4755
f 4740 4753 4754
f 4739 4738 4751
f 4747 4760 4761
f 4745 4758 4759
f 4744 4743 4756
f 4741 4754 4755
f 4753 4752 4765
f 4750 4763 4764
f 4762 4761 4774
f 4759 4772 4773
f 4758 4757 4770
f 4755 4768 4769
f 4753 4766 4767
f 4752 4751 4764
f 4760 4773 4774
f 4758 4771 4772
f 4757 4756 4769
f 4755 4754 4767
f 4765 4778 4779
f 4764 4763 4776
f 4774 4787 4788
f 4772 4785 4786
f 4771 4770 4783
f 4769 4768 4781
f 4767 4766 4779
f 4765 4764 4777
f 4774 4773 4786
f 4771 4784 4785
f 4769 4782 4783
f 4767 4780 4781
f 4779 4778 4791
f 4776 4789 4790
f 4788 4787 4800
f 4786 4785 4798
f 4783 4796 4797
f 4782 4781 4794
f 4780 4779 4792
f 4777 4790 4791
f 4787 4786 4799
f 4785 4784 4797
f 4782 4795 4796
f 4780 4793 4794
f 4792 4791 4804
f 4790 4789 4802
f 4800 4813 4814
f 4799 4798 4811
f 4796 4809 4810
f 4795 4794 4807
f 4792 4805 4806
f 4790 4803 4804
f 4799 4812 4813
f 4798 4797 4810
f 4796 4795 4808
f 4793 4806 4807
f 4805 4804 4817
f 4803 4802 4815
f 4814 4813 4826
f 4811 4824 4825
f 4809 4822 4823
f 4808 4807 4820
f 4805 4818 4819
f 4803 4816 4817
f 4813 4812 4825
f 4811 4810 4823
f 4809 4808 4821
f 4806 4819 4820
f 4817 4830 4831
f 4815 4828 4829
f 4826 4839 4840
f 4825 4824 4837
f 4823 4822 4835
f 4820 4833 4834
f 4819 4818 4831
f 4817 4816 4829
f 4825 4838 4839
f 4823 4836 4837
f 4821 4834 4835
f 4820 4819 4832
f 4830 4843 4844
f 4828 4841 4842
f 4840 4839 4852
f 4837 4850 4851
f 4836 4835 4848
f 4834 4833 4846
f 4832 4831 4844
f 4830 4829 4842
f 4839 4838 4851
f 4836 4849 4850
f 4834 4847 4848
f 4832 4845 4846
f 4843 4856 4857
f 4842 4841 4854
f 4852 4865 4866
f 4850 4863 4864
f 4849 4848 4861
f 4847 4846 4859
f 4844 4857 4858
f 4843 4842 4855
f 4851 4864 4865
f 4849 4862 4863
f 4848 4847 4860
f 4845 4858 4859
f 4857 4856 4869
f 4855 4854 4867
f 4866 4865 4878
f 4864 4863 4876
f 4862 4861 4874
f 4859 4872 4873
f 4857 4870 4871
f 4856 4855 4868
f 4864 4877 4878
f 4862 4875 4876
f 4861 4860 4873
f 4859 4858 4871
f 4869 4882 4883
f 4868 4867 4880
f 4878 4891 4892
f 4877 4876 4889
f 4874 4887 4888
f 4873 4872 4885
f 4871 4870 4883
f 4868 4881 4882
f 4878 4877 4890
f 4876 4875 4888
f 4873 4886 4887
f 4871 4884 4885
f 4883 4882 4896
f 4880 4894 4895
f 4892 4891 4905
f 4890 4889 4903
f 4887 4901 4902
f 4885 4899 4900
f 4884 4883 4897
f 4881 4895 4896
f 4891 4890 4904
f 4889 4888 4902
f 4886 4900 4901
f 4885 4884 4898
f 4897 4896 4909
f 4895 4894 4907
f 4905 4918 4919
f 4904 4903 4916
f 4901 4914 4915
f 4899 4912 4913
f 4897 4910 4911
f 4895 4908 4909
f 4904 4917 4918
f 4903 4902 4915
f 4901 4900 4913
f 4899 4898 4911
f 4910 4909 4922
f 4908 4907 4920
f 4919 4918 4931
f 4916 4929 4930
f 4914 4927 4928
f 4913 4912 4925
f 4910 4923 4924
f 4908 4921 4922
f 4918 4917 4930
f 4916 4915 4928
f 4914 4913 4926
f 4911 4924 4925
f 4922 4935 4936
f 4920 4933 4934
f 4931 4944 4945
f 4930 4929 4942
f 4928 4927 4940
f 4925 4938 4939
f 4924 4923 4936
f 4922 4921 4934
f 4930 4943 4944
f 4928 4941 4942
f 4926 4939 4940
f 4925 4924 4937
f 4935 4948 4949
f 4933 4946 4947
f 4945 4944 4957
f 4942 4955 4956
f 4941 4940 4953
f 4938 4951 4952
f 4937 4936 4949
f 4935 4934 4947
f 4944 4943 4956
f 4941 4954 4955
f 4939 4952 4953
f 4938 4937 4950
f 4948 4961 4962
f 4947 4946 4959
f 4957 4970 4971
f 4955 4968 4969
f 4954 4953 4966
f 4951 4964 4965
f 4949 4962 4963
f 4948 4947 4960
f 4956 4969 4970
f 4954 4967 4968
f 4953 4952 4965
f 4951 4950 4963
f 4962 4961 4974
f 4959 4972 4973
f 4971 4970 4983
f 4968 4981 4982
f 4966 4979 4980
f 4964 4977 4978
f 4962 4975 4976
f 4960 4973 4974
f 4969 4982 4983
f 4967 4980 4981
f 4966 4965 4978
f 4964 4963 4976
f 4975 4974 4987
f 4973 4972 4985
f 4983 4996 4997
f 4981 4994 4995
f 4979 4992 4993
f 4978 4977 4990
f 4976 4975 4988
f 4973 4986 4987
f 4983 4982 4995
f 4981 4980 4993
f 4978 4991 4992
f 4976 4989 4990
f 4988 4987 5000
f 4985 4998 4999
f 4997 4996 5009
f 4995 4994 5007
f 4992 5005 5006
f 4991 4990 5003
f 4989 4988 5001
f 4986 4999 5000
f 4996 4995 5008
f 4994 4993 5006
f 4991 5004 5005
f 4989 5002 5003
f 5001 5000 5013
f 4999 4998 5011
f 5009 5022 5023
f 5008 5007 5020
f 5005 5018 5019
f 5004 5003 5016
f 5001 5014 5015
f 4999 5012 5013
f 5008 5021 5022
f 5007 5006 5019
f 5005 5004 5017
f 5002 5015 5016
f 5014 5013 4609
f 5012 5011 4607
f 5022 4618 4619
f 5020 4616 4617
f 5018 4614 4615
f 5017 5016 4612
f 5014 4610 4611
f 5012 4608 4609
f 5021 4617 4618
f 5020 5019 4615
f 5018 5017 4613
f 5015 4611 4612
f 4481 4607 5011
f 5011 4998 4602
f 4998 4985 4597
f 4985 4972 4593
f 4593 4972 4959
f 4589 4959 4946
f 4585 4946 4933
f 4933 4920 4577
f 4577 4920 4907
f 4907 4894 4569
f 4894 4880 4565
f 4880 4867 4561
f 4561 4867 4854
f 4557 4854 4841
f 4553 4841 4828
f 4828 4815 4545
f 4545 4815 4802
f 4802 4789 4537
f 4789 4776 4533
f 4776 4763 4529
f 4529 4763 4750
f 4525 4750 4737
f 4521 4737 4724
f 4724 4711 4513
f 4513 4711 4698
f 4698 4685 4505
f 4685 4672 4501
f 4672 4659 4497
f 4497 4659 4646
f 4493 4646 4633
f 4489 4633 4620
f 4620 4607 4481
