# Face Semantic ICP Wrap export
v 0.15110731 0.11102545 0.31008679
v 0.16567114 0.11003888 0.33111638
v 0.16414307 0.11923578 0.33352816
v 0.15164985 0.11889803 0.31521380
v 0.23349299 0.12524955 0.31125972
v 0.21499239 0.14823936 0.31678420
v 0.21490993 0.16669305 0.31602082
v 0.22873609 0.16376366 0.30823714
v 0.17528333 -0.10705199 -0.17593828
v 0.11621124 -0.11898836 -0.22673246
v 0.11738393 -0.19259249 -0.22526719
v 0.16444947 -0.18941039 -0.19135261
v 0.25651726 -0.29335353 -0.08800841
v 0.22680241 -0.25614065 -0.10129467
v 0.24219884 -0.32450843 -0.16614643
v 0.27878657 -0.33077011 -0.10504641
v -0.37451443 0.42030427 0.63397467
v -0.31441966 0.42343786 0.63258857
v -0.32509655 0.38212907 0.65515494
v -0.44314459 0.02701239 -0.22707893
v -0.46651322 0.01927187 -0.23617713
v -0.47009295 0.02929462 -0.23848251
v -0.44530883 0.03756467 -0.22786741
v -0.44958565 0.02541635 -0.30785397
v -0.45851412 0.04975522 -0.29090855
v -0.46365809 0.06643251 -0.29503486
v -0.45226598 0.06551277 -0.30954951
v -0.38046518 0.37490270 0.65658486
v 0.35664833 0.24175756 0.34579641
v 0.35558242 0.22668904 0.34240139
v 0.34570655 0.21905011 0.35144335
v 0.34538081 0.23235609 0.35374039
v 0.33614361 0.13354780 0.34379786
v 0.34374836 0.17880145 0.33184057
v 0.35198289 0.19365752 0.33479103
v 0.34647816 0.18107358 0.34094873
v 0.30752215 0.07568676 0.35282034
v 0.30361569 0.08047244 0.35382488
v 0.31600663 0.10571920 0.35041586
v 0.32212332 0.10321657 0.34980023
v 0.17220882 -0.01224542 0.36738539
v 0.18743439 -0.00253542 0.37624624
v 0.19526885 -0.01502380 0.36876512
v 0.17366038 -0.02973767 0.36343741
v 0.16573195 -0.02555285 0.35118040
v 0.20723669 -0.03010714 0.34526059
v 0.20666277 -0.01761993 0.34479508
v 0.17190897 -0.01843629 0.35180146
v 0.29241794 0.30886808 0.38881060
v 0.29185560 0.29356250 0.38957486
v 0.27515769 0.29338878 0.39086202
v 0.27664611 0.30987465 0.39826459
v 0.26487660 0.10904951 0.29942834
v 0.24957743 0.06397328 0.30436903
v 0.28705868 0.09057262 0.31745526
v 0.29338595 0.10774443 0.31341746
v 0.30874351 0.24160376 0.34227759
v 0.32365990 0.24543874 0.33287841
v 0.32707256 0.23190363 0.33240280
v 0.31298420 0.22395033 0.34037438
v 0.34552062 0.25152743 0.32153726
v 0.34807011 0.23391186 0.31642136
v 0.15018860 0.03595195 0.38218173
v 0.14421359 0.05716190 0.38615334
v 0.15293281 0.06646091 0.38644490
v 0.15792075 0.06182430 0.38379189
v 0.20742399 0.12368540 0.31142592
v 0.20854133 0.15460548 0.32177952
v 0.27280980 0.02216404 0.37147859
v 0.26878315 0.03379962 0.37287858
v 0.28818843 0.05249482 0.36029264
v 0.29234380 0.04583621 0.35909969
v 0.25564691 0.04851290 0.36716604
v 0.27920425 0.05962341 0.35758781
v 0.29014492 0.06171235 0.35651869
v 0.27679032 0.05043712 0.36092559
v 0.32305929 0.26382032 0.35862467
v 0.29799387 0.28035137 0.36936027
v 0.30034319 0.27894843 0.37623659
v 0.32411581 0.26033556 0.36260387
v 0.29319814 0.17156260 0.32476908
v 0.28041208 0.20010343 0.33088523
v 0.27551118 0.19974095 0.32461134
v 0.28929421 0.17560241 0.31964743
v 0.34145898 0.23878859 0.33315340
v 0.34691665 0.22350490 0.33288708
v 0.33317971 0.21714887 0.33169374
v 0.23075613 0.23382735 0.34457788
v 0.23811513 0.23618557 0.34549487
v 0.24232057 0.22706023 0.34671298
v 0.23508757 0.22036795 0.35116532
v 0.20876046 -0.02937447 0.36379704
v 0.21657263 0.00444907 0.32675278
v 0.22758533 0.00573779 0.33011925
v 0.25052965 0.02917621 0.33069584
v 0.24533117 0.04160265 0.32131243
v 0.14725667 -0.00849482 0.35993341
v 0.16031945 -0.00147181 0.37004131
v 0.16725311 -0.00793199 0.36961570
v 0.15704551 -0.01623736 0.35704190
v 0.24754390 0.25698858 0.35533544
v 0.26533583 0.25382379 0.35773203
v 0.25636801 0.24823619 0.35339776
v 0.24285208 0.25030765 0.35076919
v 0.33190322 0.16923656 0.33895072
v 0.31898388 0.20708451 0.33983129
v 0.31000954 0.11964659 0.36308199
v 0.32281876 0.11757561 0.35302657
v 0.30885425 0.09486359 0.35362351
v -0.10751697 -0.16191602 -0.31170911
v -0.01686194 -0.14444059 -0.29482037
v -0.01355404 -0.21696968 -0.28188735
v -0.11227829 -0.24418598 -0.28831038
v 0.29894969 0.09884636 0.36424839
v 0.30921552 0.16758224 0.36164045
v 0.32229409 0.16499908 0.34842548
v 0.33502886 0.21395616 0.34763870
v 0.33325717 0.17927094 0.34602767
v 0.34449914 0.21669877 0.34212703
v 0.25496578 0.22768928 0.32699946
v 0.26591671 0.26040262 0.30057850
v 0.27211392 0.22435349 0.28946570
v 0.26399073 0.21511479 0.32019433
v 0.15765749 0.08794988 0.38946337
v 0.16952181 0.10034601 0.38710544
v 0.16881219 0.08701263 0.37836295
v 0.16630827 0.07544291 0.37771264
v 0.24803185 0.01621564 0.34058169
v 0.22772679 -0.00036460 0.33778450
v 0.22525804 -0.00142206 0.34281468
v 0.24315818 0.00907108 0.34645954
v 0.28136504 0.25882155 0.35898086
v 0.28384969 0.22754331 0.35718548
v 0.27505833 0.22926295 0.35789517
v 0.20680813 0.07344946 0.39663252
v 0.21912906 0.08284808 0.39009973
v 0.23211436 0.05945595 0.38830850
v 0.21866407 0.04770239 0.39120537
v 0.23975869 -0.01307699 0.37850243
v 0.23255105 -0.01731406 0.36460429
v 0.21282598 -0.02785152 0.36479500
v 0.22023417 -0.02428803 0.37568992
v 0.16059297 0.07005573 0.38193071
v 0.15627456 0.07380146 0.38624677
v 0.30502084 0.17346051 0.32222232
v 0.29379368 0.20940037 0.33149573
v 0.30339661 0.21669298 0.35105124
v 0.30817801 0.20225807 0.35095918
v 0.18947083 0.15919723 0.36251533
v 0.18265933 0.16117892 0.34796572
v 0.18356214 0.15691011 0.34991154
v 0.19251440 0.15029232 0.36771953
v 0.18631779 0.15977828 0.37073740
v 0.18864192 0.15093660 0.37581643
v 0.18198331 0.14917465 0.37959135
v 0.17946288 0.15428151 0.37750033
v 0.18185236 0.16095552 0.34326029
v 0.18167272 0.16015597 0.34592059
v 0.18406360 0.16354397 0.34451389
v 0.25723606 0.17655599 0.30939350
v 0.26737770 0.12936647 0.30913025
v 0.25297132 0.12478929 0.31241703
v 0.23850194 0.16710061 0.30171055
v 0.33017769 0.12183902 0.34768489
v 0.24572763 0.29117146 0.40017331
v 0.23897143 0.30155876 0.39616945
v 0.26427189 0.32067296 0.38575965
v 0.20280904 0.08554588 0.34577101
v 0.20370618 0.09226651 0.37298307
v 0.19236539 0.08991294 0.37265280
v 0.19690515 0.08206933 0.35414702
v 0.17790945 0.10983691 0.36437088
v 0.16786709 0.08930192 0.36188054
v 0.18160388 0.10261840 0.37792557
v 0.18869874 0.19388558 0.36734977
v 0.18883134 0.16977651 0.35065517
v 0.18724893 0.16575147 0.36096609
v 0.18330301 0.16846292 0.36718729
v 0.31121579 0.07275597 0.35196090
v 0.33036974 0.10012283 0.34862733
v 0.32741329 0.09757528 0.33571628
v 0.31212446 0.06751004 0.34075755
v 0.14552175 0.01294687 0.36982009
v 0.14132828 -0.00634907 0.34353271
v 0.13201492 0.03028463 0.38266042
v 0.34108496 0.28533185 0.36201692
v 0.32612512 0.29901135 0.34454927
v 0.33447760 0.28475893 0.33431628
v 0.34788489 0.27114806 0.35431835
v 0.21216333 0.19961521 0.31469768
v 0.20920143 0.18747380 0.31813610
v 0.20614988 0.19463524 0.32602221
v 0.20855723 0.20598958 0.32516238
v 0.26197496 -0.01210405 -0.00257365
v 0.25370362 -0.01387819 0.12802450
v 0.28900015 0.07219847 0.12005359
v 0.29862067 0.07382146 0.00888043
v 0.24157874 0.00472092 0.38629997
v 0.22643179 -0.00417917 0.38681042
v 0.19872501 0.23945613 0.37621817
v 0.19407600 0.25469634 0.38833067
v 0.20555224 0.28648809 0.39056811
v 0.20993565 0.26315296 0.38653550
v 0.34814784 0.18593486 0.32326072
v 0.35401967 0.18369713 0.34191924
v 0.23724790 0.26195887 0.36141667
v 0.26253709 0.28058794 0.36532488
v 0.25295570 0.26467222 0.35946336
v 0.23980401 0.25742593 0.35647830
v 0.22399038 0.22335358 0.35821447
v 0.22826718 0.22947317 0.36226681
v 0.22226369 0.23160332 0.35675853
v 0.21649933 0.22419994 0.35230979
v 0.19193643 0.29016849 0.40823862
v 0.20312783 0.32032230 0.39467099
v 0.21397218 0.01079686 0.30584419
v 0.21625081 0.23095889 0.37143907
v 0.22088993 0.24630509 0.37747541
v 0.23275138 0.23925926 0.36776596
v -0.22437145 -0.39664429 -0.22637166
v -0.19045150 -0.34201142 -0.24563849
v -0.17700396 -0.41657004 -0.27210534
v -0.22712949 -0.44310585 -0.23395096
v 0.13375866 0.06141367 0.39023557
v 0.14714940 0.07195935 0.38971141
v 0.23638673 0.25174680 0.35429767
v 0.23326321 0.24605717 0.35023624
v 0.22281331 0.22631384 0.34684968
v 0.22699443 0.21504286 0.34801906
v 0.28108737 0.17706378 0.35197079
v 0.29182988 0.12980182 0.35168293
v 0.26482078 0.06557010 0.23180366
v 0.21025334 -0.02082633 0.27305400
v 0.21784657 0.23103909 0.35321644
v 0.22000819 0.23187059 0.35266599
v 0.21824235 0.22684731 0.34686759
v 0.21346730 0.22500333 0.34859195
v 0.21201824 -0.01017186 0.38414133
v 0.26695642 0.21071059 0.36265659
v 0.24565502 0.20541234 0.34963498
v 0.24800524 0.21374302 0.35732135
v 0.32484213 0.13133836 0.35096243
v 0.33245805 0.17982472 0.35017756
v 0.34489062 0.18134899 0.34938350
v 0.33477879 0.12957053 0.35176662
v 0.15270773 -0.01488522 0.34637913
v 0.21079601 0.18220754 0.31478584
v 0.21110052 0.17397870 0.32241687
v 0.21701814 0.20798472 0.33317611
v 0.21443041 0.21785612 0.34017840
v 0.14611998 0.08755838 0.39513129
v 0.33055621 0.26543725 0.33626404
v 0.33660847 0.25270852 0.33488509
v 0.31908965 0.25612849 0.33396718
v 0.31300712 0.26321453 0.33970609
v 0.30097002 0.27163911 0.35163957
v 0.29894477 0.28205094 0.35476205
v 0.32054090 0.27432099 0.34109488
v 0.23486209 0.21032746 0.34915498
v 0.24123700 0.21627626 0.35484436
v 0.19532892 0.06551866 0.39810392
v 0.20265947 0.02842780 0.38778809
v 0.29127818 0.07737783 0.35600477
v 0.28015310 0.08641460 0.36578149
v 0.32464913 0.12553133 0.31933454
v 0.32671762 0.18002796 0.30941418
v 0.31222475 0.17589135 0.31578705
v 0.31589442 0.12420741 0.32159454
v 0.29365158 0.13970387 0.31330609
v 0.27738577 0.15770411 0.29424116
v 0.17535339 0.16138420 0.37772921
v 0.16721766 0.18471344 0.38226995
v 0.21437381 0.21069096 0.32715645
v 0.20982337 0.21584879 0.33704418
v 0.27372822 0.03503786 0.34445566
v 0.22660610 -0.00496210 0.35840589
v 0.26382375 0.02395271 0.35269785
v 0.20156057 -0.00883582 0.35165524
v 0.18910342 -0.01000369 0.35934931
v 0.20580231 -0.01041126 0.36280107
v 0.25320253 0.06467486 0.36706543
v 0.27169850 0.06778289 0.35968161
v 0.18323590 0.15747732 0.33997712
v 0.18377891 0.14357352 0.33074874
v 0.17832139 0.15250072 0.34007633
v 0.29746696 0.17049316 0.36466351
v 0.30129749 0.12372527 0.36528933
v 0.23003489 0.24023077 0.36127612
v 0.20959754 0.18746343 0.34911481
v 0.21095009 0.20746976 0.36228308
v 0.24159878 0.26271418 0.38002956
v 0.23731647 0.25089958 0.36785585
v 0.23497747 0.24595836 0.36532834
v 0.23689611 0.25057235 0.37452090
v 0.16739485 0.09358905 0.32517207
v 0.17302148 0.08656269 0.34582406
v 0.17468323 0.10802197 0.35039610
v 0.28638470 0.28252509 0.35785592
v 0.29251629 0.26915649 0.35400996
v 0.30386278 0.21497692 0.32489628
v 0.24552807 0.23783785 0.34585130
v 0.25124580 0.22894123 0.34776738
v 0.25398356 0.32215062 0.32834628
v 0.23910445 0.30105570 0.34400237
v 0.24325071 0.30300939 0.35219902
v 0.24223749 0.34365159 0.35121143
v 0.17809398 -0.01533985 0.35505331
v 0.19402549 -0.01553928 0.36517000
v 0.19533511 -0.01306026 0.36534312
v 0.18447773 -0.01200695 0.35503644
v 0.18835494 0.08796187 0.37274998
v 0.19329043 0.08046085 0.35821649
v 0.30554888 0.08121462 0.35185158
v 0.30068171 0.07781823 0.35307953
v 0.31715685 0.09888251 0.35081482
v 0.32010186 0.10477576 0.34830588
v 0.23368776 0.20107426 0.31795830
v 0.22204240 0.20249487 0.30042997
v 0.26092288 0.24994747 0.35595217
v 0.28106162 0.26644751 0.35560951
v 0.26190057 0.28829557 0.36101112
v 0.25253221 0.27276516 0.35925144
v 0.31620622 0.22249407 0.31442228
v 0.24775606 0.22200066 0.35238647
v 0.25344133 0.22314802 0.35281965
v 0.24549869 0.22393078 0.34988168
v 0.21119185 0.21963921 0.34835374
v 0.21803010 0.21688312 0.35336661
v 0.24328847 0.26031950 0.37182492
v 0.26994419 0.28297150 0.37665498
v 0.26815167 0.27777550 0.37234202
v 0.24288185 0.26164296 0.37013087
v 0.22567214 0.24000943 0.35039377
v 0.15070944 -0.04202579 -0.23571081
v 0.21190305 0.01143979 -0.26484561
v -0.74817824 0.36543396 0.31609493
v -0.75422186 0.35990414 0.25567877
v -0.77025068 0.31833839 0.27846128
v -0.76426381 0.32199135 0.33370763
v 0.22622663 0.30494812 0.38231671
v 0.24564037 0.31172904 0.36934900
v 0.25187492 0.31507492 0.37352327
v 0.23378497 0.30704248 0.38266090
v 0.31087115 0.25613335 0.34256762
v 0.34146395 0.23104312 0.34460688
v 0.20584185 0.16651122 0.33240032
v 0.19084798 0.14391765 0.32407945
v 0.15412374 0.12724021 0.30433279
v 0.15335160 0.13503534 0.30383292
v 0.16284297 0.13197018 0.30274901
v 0.16407338 0.12347629 0.30236176
v 0.18260704 0.09862705 0.31428406
v 0.18721898 0.09579605 0.33008727
v 0.17862201 0.08427268 0.33524221
v 0.17774367 0.08461519 0.31341028
v 0.15774709 0.10678276 0.30336577
v 0.15543473 0.11754626 0.30473024
v 0.16660435 0.11298574 0.30147547
v 0.16825029 0.10207331 0.29814938
v 0.27776328 0.28536487 0.36548370
v 0.29370445 0.28437608 0.36445987
v 0.33513212 0.22593556 0.35310259
v 0.33388638 0.21443361 0.35088420
v 0.33329964 0.25743946 0.34863800
v 0.33770517 0.24466629 0.34690168
v 0.17242590 0.11543245 0.38854107
v 0.18112178 0.11644816 0.38137305
v 0.18104926 0.10716068 0.38346800
v 0.34290883 0.24517161 0.35675517
v 0.35358596 0.25598273 0.34997576
v 0.15870813 0.01646536 0.37576097
v 0.15240860 0.00810777 0.37316793
v 0.17268668 -0.38984400 0.24929857
v 0.22652562 -0.35251459 0.20711677
v 0.24589367 -0.40460727 0.17241225
v 0.20109543 -0.44722459 0.22934151
v 0.23504330 0.27770248 0.39300755
v 0.22685505 0.29242474 0.39507252
v 0.15531407 0.09895226 0.30741429
v 0.16187795 0.09375620 0.30055025
v 0.17201304 0.08475179 0.31637812
v 0.16352339 0.12904018 0.33240697
v 0.14837720 0.12839906 0.31279474
v 0.18435842 0.10670327 0.31629598
v 0.17517941 0.13823159 0.31488308
v 0.16685244 0.14711787 0.32078925
v 0.17099473 0.07982530 0.35481521
v 0.18594107 0.07580853 0.35299072
v 0.17859358 0.07582700 0.37241203
v 0.17168991 0.08988693 0.29941681
v 0.22362754 0.20544003 0.32552138
v 0.19195583 0.11384460 0.32842252
v 0.20554116 0.10484150 0.33001271
v 0.20166092 0.09528038 0.33787930
v 0.19205680 0.10376558 0.33086699
v 0.23969708 0.05011459 0.38085634
v 0.24153851 0.06289908 0.37953639
v 0.20699701 0.08992624 0.33262646
v 0.21967679 0.09211069 0.36208022
v 0.20957859 0.18236266 0.32840511
v 0.21406434 0.20180520 0.34414476
v 0.18286973 0.16016546 0.33866006
v 0.18919478 0.12703653 0.32577932
v 0.20252725 0.11668421 0.32578877
v 0.16340297 0.13707712 0.33030036
v 0.17780516 0.14021127 0.34710521
v 0.17737599 0.14582933 0.34457311
v 0.16361748 0.14229065 0.32740691
v 0.26570898 0.23014505 0.35333332
v 0.21874505 0.28152543 0.39133903
v 0.23032703 0.26230228 0.38757908
v 0.31239939 0.35515770 0.27413544
v 0.32066795 0.30192786 0.24364290
v 0.26419148 0.29772475 0.30988067
v 0.18216050 0.11681271 0.31680447
v 0.15528671 0.14079119 0.30614597
v 0.14928861 0.13977022 0.31254300
v 0.28646228 0.05888383 0.35924909
v 0.17787370 0.07571508 0.37664330
v 0.20512268 0.20956385 0.33941406
v 0.31468314 0.09558243 0.32541972
v 0.30114213 0.06574764 0.33157945
v 0.20618398 0.21489593 0.33639851
v 0.20701578 0.21998513 0.34302887
v 0.19180216 0.07727494 0.35460395
v 0.18357688 0.08212874 0.37441987
v 0.20954563 0.22172157 0.34525260
v 0.18515204 0.11346304 0.37701267
v 0.29871103 0.22476701 0.35069138
v 0.22760877 -0.01121461 0.35938531
v 0.20905751 -0.01678219 0.36187199
v 0.14868632 0.13491987 0.31267974
v 0.17622569 0.08054274 0.33340436
v 0.17875966 0.12819512 0.31627473
v 0.18373746 0.13377313 0.36202222
v 0.17988656 0.12187717 0.36360979
v 0.18788619 0.12580022 0.37657139
v 0.23355664 0.09031018 0.35657200
v 0.22239403 0.09252535 0.32418704
v 0.23895559 0.09380480 0.31850988
v 0.25022200 0.09145081 0.35409722
v 0.28503394 0.03994901 0.34032473
v 0.26539928 0.01791475 0.35230932
v 0.27387184 0.01846561 0.35579798
v 0.29354739 0.04103598 0.35105219
v 0.34490603 0.45813745 0.23078631
v 0.29028985 0.39505541 0.31212935
v 0.30484548 0.50296319 0.29389879
v 0.30711260 0.27369881 0.33288413
v 0.30998892 0.25746968 0.32559922
v 0.34244543 0.26821733 0.32820931
v 0.22056977 0.33685935 0.37198287
v 0.23740603 0.30719000 0.35508415
v 0.23615147 0.31429878 0.36561590
v 0.34006479 0.12793697 0.32948378
v 0.19366428 0.21595772 0.37178931
v 0.21255784 0.21872628 0.36644259
v 0.27658850 0.04032420 0.33455014
v 0.24348256 0.08462691 0.37488237
v 0.26056433 0.08203321 0.36833218
v 0.30647126 0.28718215 0.38317585
v 0.28559902 0.28313592 0.37869671
v -0.03633230 -0.49759871 0.30162135
v 0.00867027 -0.53696668 0.27825040
v -0.52355385 -0.01332627 0.59938473
v -0.51049614 -0.01340854 0.59890586
v -0.51334989 -0.00270142 0.58871138
v -0.51934397 -0.00260667 0.58925778
v -0.51180190 -0.06811437 0.59036690
v -0.51076287 -0.06170724 0.58418429
v -0.50060123 -0.06153515 0.58799726
v -0.49969986 -0.06519888 0.59404278
v -0.52884328 -0.00564057 0.57526267
v -0.54642719 -0.02520222 0.58265221
v -0.54527676 -0.01832324 0.59312314
v -0.52695185 -0.00160919 0.58302945
v 0.30790961 0.30355048 0.37727565
v -0.48883292 -0.06056505 0.60808742
v -0.49146366 -0.05447592 0.59820610
v -0.49555889 -0.04850796 0.61158532
v -0.49060673 -0.05388629 0.62565148
v -0.56871402 -0.06990895 0.60940200
v -0.56312573 -0.05781567 0.61690515
v -0.56103337 -0.06226655 0.59615237
v -0.55909520 -0.07089550 0.59232688
v -0.55008388 -0.05285714 0.62470317
v -0.54680818 -0.05547308 0.64390779
v -0.53097242 -0.04860090 0.64387989
v -0.53460938 -0.05016646 0.62620312
v -0.53890210 -0.04765208 0.58216542
v -0.54027480 -0.05982779 0.58392626
v -0.55910254 -0.04811610 0.59090209
v -0.49201891 -0.03771834 0.60163081
v -0.49181166 -0.04584863 0.59142476
v -0.49612230 -0.02422170 0.58360332
v -0.49504310 -0.01822292 0.59063631
v 0.12191933 -0.29930726 0.27197602
v 0.20448597 -0.28521052 0.24415766
v -0.34862280 0.14399479 0.59634823
v -0.35091931 0.12145307 0.59573805
v -0.37244993 0.12408045 0.57874972
v -0.37038890 0.14477517 0.58155864
v 0.18786140 0.13956228 0.38062662
v 0.18046498 0.14339958 0.38132903
v 0.31361526 0.23927328 0.32057372
v 0.32728961 0.26849884 0.35359165
v 0.30115879 0.28756139 0.34220457
v 0.27738109 0.30264598 0.35885778
v 0.27030590 0.29382733 0.36065534
v 0.29177785 0.27639502 0.34872949
v 0.33285868 0.26857859 0.36597654
v 0.17889598 0.06905030 0.38290378
v 0.28032410 0.20561337 0.36619949
v 0.26452160 0.31067121 0.36597273
v 0.28106183 0.32165247 0.37724158
v 0.32464996 0.13320100 0.34673205
v 0.33853948 0.25716865 0.36008066
v 0.32826266 0.24888872 0.35726857
v 0.25007197 0.27428287 0.38800728
v 0.25695822 0.11020121 0.31211451
v 0.28103384 0.11186925 0.35076168
v 0.26576826 0.09738639 0.35331792
v -0.51715529 0.10972002 -0.44187713
v -0.51171464 0.09528517 -0.44007346
v -0.53122467 0.08550610 -0.42543125
v -0.52675819 0.09933983 -0.42805189
v -0.49195850 0.00671689 -0.40080285
v -0.49269953 0.05062160 -0.41729331
v -0.49906254 0.06270088 -0.42841268
v -0.49878040 0.05084505 -0.42043418
v 0.24928854 0.09797984 0.31600052
v 0.21493642 0.19036333 0.30655712
v 0.13307984 0.09222765 0.39938742
v 0.22510007 0.02615496 0.38286072
v -0.49146241 -0.04875621 -0.36299443
v -0.49283627 -0.04520578 -0.36217126
v -0.49463651 -0.02083318 -0.37918150
v -0.49712518 -0.02591708 -0.38485351
v 0.23930681 0.02842623 0.38059542
v 0.20580149 -0.02501081 -0.16409217
v 0.26859069 0.03931562 -0.17115597
v 0.34384152 0.12891686 0.34571040
v 0.28387704 0.27778178 0.35980183
v 0.18897833 0.06782080 0.38901648
v 0.18171231 0.03311000 0.38517162
v 0.17109989 0.03570341 0.38323012
v 0.25313112 0.22474951 0.35035890
v 0.27546662 0.04907998 0.33007258
v 0.28021383 0.06743772 0.32362971
v 0.16205001 0.13742645 0.30250451
v 0.26254272 0.02074875 0.35249427
v 0.22680554 -0.00796511 0.36007461
v 0.24369191 -0.26084951 0.17516308
v 0.26284695 -0.24824587 0.08749378
v -0.49192533 -0.11524319 -0.18895078
v -0.50550199 -0.10996705 -0.20556250
v -0.49880406 -0.12254881 -0.20944062
v -0.48375601 -0.12853879 -0.18699189
v 0.29407200 -0.29694143 0.06962401
v 0.26441583 -0.32159764 0.14227967
v 0.14767723 0.17734767 0.39872506
v 0.16259967 0.13060288 0.39358068
v 0.14969067 0.12549359 0.39804888
v 0.00481331 -0.43055907 0.30963361
v 0.05144037 -0.49588683 0.27531734
v 0.11596928 0.09607954 0.41110769
v 0.08257243 0.08245616 0.45625553
v 0.08989758 0.18476334 0.47147071
v 0.11936742 0.15810919 0.42140597
v -0.14297323 0.34775332 0.59431875
v -0.11203630 0.35846356 0.57586473
v -0.09494882 0.29680094 0.58523738
v -0.12813245 0.29782811 0.59866828
v -0.46331984 0.69872993 0.52198023
v -0.52473825 0.69410139 0.48839068
v -0.50581747 0.74560022 0.45932800
v -0.44086161 0.74948233 0.49201286
v 0.30840290 0.08050994 -0.20105869
v 0.34483609 0.14280437 -0.23096669
v 0.28477317 0.10365381 -0.33818755
v 0.24949893 0.04396174 -0.30284315
v -0.34961599 0.87562340 0.37130538
v -0.41826770 0.87631214 0.33864212
v -0.37565911 0.91247642 0.28397024
v -0.47129130 -0.12321319 -0.17874983
v -0.48098779 -0.13557146 -0.19924101
v -0.48259455 -0.12471829 -0.19814084
v -0.47454569 -0.11730447 -0.18289252
v -0.30735618 0.90915287 0.31850332
v -0.21223940 0.14586796 0.64004689
v -0.19853073 0.10715486 0.64940643
v -0.23295149 0.09687994 0.65137452
v -0.24269807 0.13804881 0.63944024
v 0.17917854 0.00850123 0.37543547
v 0.17119624 0.01247478 0.37505585
v -0.56097543 0.17188217 -0.37296793
v -0.56101280 0.15744038 -0.36930603
v -0.56288940 0.15954660 -0.35153502
v -0.56436574 0.17389949 -0.35274714
v -0.44326839 0.00228722 -0.32729021
v -0.43712130 -0.03823064 -0.30021361
v -0.45136321 -0.02322293 -0.34622827
v -0.44782770 -0.00496242 -0.35729411
v -0.32476884 0.94262248 0.22008456
v -0.25747684 0.93760931 0.25763083
v -0.48647588 0.16254044 0.54144740
v -0.50935692 0.11903419 -0.39154905
v -0.50182247 0.12114651 -0.40760094
v -0.49965051 0.10525814 -0.41033930
v -0.50513440 0.09947146 -0.39483675
v -0.49098793 0.12612805 -0.43799144
v -0.48068962 0.10904080 -0.43890080
v -0.49824214 -0.06077842 -0.18977252
v -0.50974357 -0.04071714 -0.18529102
v -0.51495677 -0.03430111 -0.19608793
v -0.51018667 -0.03953855 -0.20189066
v -0.44890904 0.02500232 -0.28000763
v -0.46856984 0.05451784 -0.28582740
v -0.49542123 -0.09585138 -0.31336927
v -0.49924833 -0.08603973 -0.31279191
v -0.49242586 -0.06941818 -0.33892745
v -0.49025735 -0.07602739 -0.34166691
v -0.47554514 0.17967783 0.53333199
v -0.44954497 0.15998590 0.54025728
v -0.45748112 0.14204174 0.54849070
v -0.56690073 0.49233535 0.54441911
v -0.56197065 0.55481178 0.53960508
v -0.50733989 0.56427228 0.57050574
v -0.51814049 0.50082421 0.57229537
v -0.42090580 0.14801981 0.55029708
v -0.42682356 0.13121521 0.55518198
v -0.48068345 0.79357624 0.42339483
v -0.41361588 0.79750216 0.45644999
v -0.04877217 0.99189448 -0.00850967
v -0.49769804 -0.06841359 -0.30456641
v -0.49220225 -0.05941322 -0.33201823
v -0.49276900 -0.06047896 -0.34439513
v -0.49395362 -0.06932539 -0.32731187
v -0.08256941 0.99352133 0.03851976
v -0.14006074 1.00000000 -0.01392299
v -0.53676093 0.13074563 -0.40658048
v -0.54567772 0.14848368 -0.38041472
v -0.54816413 0.14341882 -0.37897164
v -0.53536659 0.12580889 -0.40457898
v -0.08123741 0.99687731 -0.07454058
v 0.33721536 0.18522613 0.11112773
v 0.29986212 0.17053108 0.22268508
v 0.31467456 0.24721149 0.22388338
v 0.37529823 0.28655013 0.12788807
v 0.05335718 -0.37593141 0.28802001
v 0.10625456 -0.44371566 0.26777247
v -0.48048246 0.05486524 -0.36920780
v -0.48863769 0.08493709 -0.35670850
v -0.48175231 0.08842079 -0.35272390
v -0.47085252 0.06427756 -0.36547706
v -0.50558472 0.10839474 -0.42624125
v -0.50292110 0.09252956 -0.42835385
v -0.49691164 0.08995928 -0.41337833
v -0.50591171 0.12302939 -0.31130344
v -0.50749111 0.12182131 -0.31909263
v -0.50665212 0.11225545 -0.32341880
v -0.50474691 0.10869870 -0.31430078
v -0.49196124 -0.13687547 -0.21951641
v -0.45454785 -0.09863911 -0.24504411
v -0.45725772 -0.10142776 -0.26148561
v -0.45585862 -0.08031601 -0.29435679
v -0.44987631 -0.06530976 -0.29134494
v -0.23105955 0.48661920 0.60701168
v -0.20427969 0.52737558 0.59498101
v -0.16758214 0.48263600 0.58962345
v -0.19605295 0.45039278 0.60007107
v -0.57481432 0.39597684 0.55445147
v -0.53637701 0.40209740 0.58833712
v -0.53962201 0.35802227 0.58028555
v -0.57345968 0.35291985 0.55361551
v -0.47650567 -0.10287055 -0.16816881
v -0.49004266 -0.10120431 -0.18098186
v -0.49145770 -0.11023829 -0.18613331
v -0.47557867 -0.11510427 -0.17467360
v -0.12335615 0.24983914 0.60626560
v -0.09098002 0.23506622 0.59912616
v -0.11269004 0.17480549 0.61717820
v -0.14023468 0.19919734 0.61770242
v -0.18476854 0.15834162 0.63322818
v -0.52011365 0.14089537 -0.33046842
v -0.52092314 0.13503385 -0.34818390
v -0.51513708 0.13182940 -0.33873624
v -0.51470864 0.13594584 -0.32539850
v -0.16779001 0.12227378 0.64049327
v -0.49516925 0.04211604 -0.40438214
v -0.50127393 0.08241180 -0.39713719
v -0.48834631 0.63062119 0.55306280
v -0.54630458 0.62419349 0.51923776
v -0.13506356 0.42271739 0.58060682
v -0.16446967 0.40263325 0.59463137
v -0.51269716 0.17922468 0.53964275
v -0.49621004 0.19507919 0.53007215
v -0.52552986 0.22258729 0.53527266
v -0.50738317 -0.00503259 -0.37323952
v -0.49803632 -0.00842761 -0.38622850
v -0.49370423 -0.02787847 -0.36912596
v -0.50490183 -0.02368841 -0.35808191
v -0.56021333 0.20824641 0.54487324
v -0.55938840 0.23880981 0.53963041
v -0.53300214 0.24339959 0.53819233
v -0.40111271 0.51800364 0.61068010
v -0.38146007 0.57722020 0.60596073
v -0.31768438 0.57342446 0.60248798
v -0.33889842 0.52066386 0.61234993
v -0.38392344 0.83838308 0.41678685
v -0.51513422 0.04075263 -0.38086417
v -0.50362778 0.03741515 -0.39444348
v -0.45237514 0.83665264 0.38406333
v -0.56689572 0.30176216 0.54506809
v -0.53856808 0.30639279 0.55799103
v -0.53751475 0.28299800 0.54708749
v -0.51157767 0.08365402 -0.41563654
v -0.50510615 0.04848081 -0.41038337
v -0.50915968 0.08543694 -0.42466092
v -0.49278104 0.11503659 -0.33550084
v -0.48033237 0.14766122 -0.35668468
v -0.46607959 0.11307080 -0.35784391
v -0.48694503 0.10320868 -0.34518811
v -0.56273502 0.27997166 0.54145986
v -0.40016747 0.12607916 0.56348771
v -0.39653236 0.14523016 0.56294775
v 0.17575653 -0.01118438 0.32943732
v 0.16526037 -0.01207235 0.34452441
v 0.16681892 0.29221171 0.44902152
v 0.13436784 0.22449471 0.42759341
v 0.10794920 0.27112016 0.48975593
v 0.10780969 0.35451505 0.47523203
v 0.12266542 0.42674097 0.46190777
v 0.15027052 0.48708922 0.44899261
v 0.18889400 0.38920873 0.41169482
v 0.16804944 0.34653103 0.42776877
v 0.27761236 -0.29433468 -0.01184472
v 0.24787064 -0.24454571 -0.00489863
v -0.56785244 0.18286522 0.55587739
v -0.57565570 0.15971036 0.56874412
v 0.36224854 0.38214856 -0.40468514
v -0.52212912 -0.01307200 -0.21071400
v -0.52491039 -0.00143625 -0.22358780
v -0.51140553 -0.01329022 -0.22336048
v -0.50893784 -0.02625181 -0.21403809
v 0.35062501 0.29306814 -0.38701791
v 0.42620310 0.33089676 -0.25992358
v 0.43382338 0.41727081 -0.27460888
v 0.31157285 0.11692662 0.12499037
v -0.46313009 -0.09323984 -0.28808844
v -0.46357459 -0.10677899 -0.25628772
v -0.46780813 -0.10731487 -0.25323707
v -0.47380012 -0.10289530 -0.27667987
v 0.28558388 0.11460102 0.22258395
v -0.51216942 -0.03139441 0.61145681
v -0.51175761 -0.00564404 0.57594842
v -0.50843942 -0.02961098 0.58020043
v -0.51172656 -0.01026064 0.57612461
v -0.51621658 -0.04556800 0.62325126
v -0.51055825 -0.04703265 0.64050776
v -0.50224453 -0.05165723 0.58317798
v -0.50903916 -0.05136789 0.58051133
v -0.51248729 -0.02801005 0.57697010
v -0.50887221 -0.00201933 0.58265167
v -0.58933473 -0.08426540 0.60981786
v -0.59967512 -0.07846023 0.62872660
v -0.57563418 -0.06707559 0.64115793
v -0.57491416 -0.07435123 0.62194490
v -0.52905363 -0.01120712 0.57445711
v -0.53492785 -0.02729470 0.57679021
v -0.56049246 -0.04205470 0.60535079
v -0.53531247 -0.01510544 0.59827125
v -0.52314740 -0.00169485 0.58641464
v -0.54716462 -0.03606585 0.61275268
v -0.54085523 -0.06974680 0.58502144
v -0.53038967 -0.03245359 0.61347753
v -0.52152932 0.13812229 -0.36375028
v -0.51825333 0.10675358 -0.36451370
v -0.51664293 0.10911567 -0.35421446
v -0.52466208 -0.04064939 -0.25657696
v -0.52203065 -0.03306157 -0.27100316
v -0.51797122 -0.05764212 -0.27879471
v -0.51952416 -0.06687880 -0.26357809
v 0.23094492 0.08547186 0.38354582
v 0.13966425 -0.18479717 0.28158721
v 0.15403759 -0.10540880 0.28868058
v 0.18154247 -0.11626363 0.27354357
v -0.50053358 -0.12711895 -0.26372132
v -0.48537323 -0.12920782 -0.25875843
v -0.48214465 -0.13444908 -0.23794065
v -0.49689120 -0.13629718 -0.24471627
v -0.51181650 -0.03171980 -0.20705424
v -0.51831669 -0.02763692 -0.20081401
v -0.47947893 0.05439435 -0.38188043
v -0.48959777 0.09185263 -0.37197396
v 0.19423606 -0.19876370 0.25749975
v 0.26699981 0.22148845 0.35649958
v -0.03965652 0.54479641 0.54029834
v 0.00485359 0.62481499 0.50671762
v 0.09271597 0.55840796 0.47918257
v -0.51109725 0.09320154 -0.38231203
v -0.51017714 0.07765561 -0.38564590
v 0.06882608 0.48587465 0.49585974
v 0.03631018 0.68895930 0.46424186
v 0.11995154 0.63067138 0.44192821
v 0.18850674 0.55523086 0.41558409
v 0.25858149 0.41906264 0.35431734
v -0.31304228 0.23801793 0.61532998
v -0.31111822 0.23667596 0.61662620
v -0.32298967 0.23331811 0.61540663
v -0.50963205 0.05827448 -0.25677499
v -0.49558115 0.06423009 -0.25498921
v -0.49674755 0.05988839 -0.25482464
v -0.51373428 0.04841267 -0.25700292
v -0.32466441 0.23507686 0.61481690
v -0.31262532 0.23653020 0.61273640
v -0.32312664 0.23484524 0.61136717
v -0.51628000 0.05677072 -0.25037885
v -0.52072763 0.04750907 -0.25120065
v -0.52223229 0.04606671 -0.24396572
v -0.52140200 0.05173591 -0.24226479
v -0.30198020 0.23873997 0.61276168
v -0.30423263 0.24036814 0.61596340
v -0.30254361 0.23888849 0.61693990
v -0.40443334 0.22893757 0.56079197
v -0.39999226 0.23021054 0.55911702
v -0.39265043 0.22807656 0.57471251
v -0.39607978 0.22863533 0.57748473
v -0.40434647 0.22594382 0.56147611
v -0.39569667 0.22462533 0.57865900
v -0.49070314 0.06588739 -0.25818840
v -0.49328116 0.06442861 -0.25560197
v -0.49284047 0.06737214 -0.25916380
v -0.45755839 0.06792846 -0.33465633
v -0.45157424 0.01977131 -0.34131226
v -0.45077941 0.01960822 -0.32542592
v -0.44679430 0.06641082 -0.31869480
v -0.38231954 0.23375623 0.52977359
v -0.38393992 0.23688629 0.52928585
v -0.49158698 -0.00400330 -0.39255258
v -0.37801996 0.22881040 0.53531575
v -0.40186539 0.23693302 0.53848261
v -0.40435839 0.23898643 0.53825355
v -0.56261510 0.15955080 -0.31896555
v -0.55383635 0.16658677 -0.31282943
v -0.55112052 0.18339464 -0.34284410
v -0.38909248 0.24622628 0.52827811
v -0.38538957 0.24013320 0.52879548
v -0.40132329 0.23350875 0.53903556
v -0.47853804 -0.01503980 -0.26154107
v -0.50668401 -0.01577457 -0.26108208
v -0.50619417 -0.01719529 -0.25071192
v -0.48536181 -0.02040071 -0.25595897
v -0.50257850 0.01207617 -0.23652507
v -0.49438187 -0.00614707 -0.22301640
v -0.51567084 0.00253420 -0.23543273
v -0.52255934 0.09028663 -0.25888756
v -0.49985528 0.07096694 -0.26166517
v -0.50859356 0.06465258 -0.25430882
v -0.51571083 0.06696942 -0.24981652
v -0.48844585 -0.05150769 -0.36597800
v -0.49052820 -0.02528968 -0.38742322
v -0.47542033 -0.02663042 -0.39045569
v -0.47665524 -0.05434385 -0.36705530
v -0.40976113 0.23334029 0.53749990
v -0.41182154 0.23516007 0.53496027
v -0.48830232 -0.08354364 -0.16480942
v -0.46351570 -0.10044269 -0.16045088
v -0.49796417 -0.06453376 -0.16814321
v -0.53782535 0.15054344 -0.42755571
v -0.52391016 0.16768263 -0.41667107
v -0.51315701 0.15550505 -0.42831871
v -0.53094780 0.13692473 -0.43700156
v -0.47027361 0.09690659 -0.29602399
v -0.46938393 0.08768804 -0.29080373
v -0.48095286 0.09394025 -0.28705117
v -0.48355725 0.10129385 -0.29146874
v -0.41135415 0.22956173 0.53605008
v -0.37299010 0.22110511 0.59923500
v -0.37011516 0.21527003 0.59863454
v -0.39300868 0.21496080 0.57976228
v -0.39456069 0.22070840 0.57942456
v -0.37537599 0.22452849 0.59984356
v -0.35570365 0.22746013 0.60954702
v -0.35260397 0.22378471 0.60947388
v -0.35052547 0.21808359 0.60788316
v -0.25463066 -0.10423491 -0.31506175
v -0.34702775 -0.11653986 -0.25196818
v -0.33836597 -0.03248793 -0.33504903
v -0.24503350 -0.01897407 -0.38324377
v -0.51231444 -0.11255725 -0.26929608
v -0.51252717 -0.11869173 -0.25323471
v -0.55003786 0.12515646 -0.27127847
v -0.56171054 0.13987972 -0.26834896
v -0.56168753 0.16866934 -0.27673823
v -0.55891937 0.14487024 -0.27946419
v -0.40727335 0.21842428 0.56282568
v -0.40652651 0.22292806 0.56160045
v -0.34794301 0.21264730 0.60587037
v -0.36664745 0.20941533 0.59652585
v -0.47401407 0.06181953 -0.43236956
v -0.50350589 0.05418803 -0.42846489
v -0.39074603 0.20852694 0.57877630
v -0.40724197 0.21354020 0.56313699
v -0.41879091 0.21985948 0.54845911
v -0.41263285 0.22214976 0.55340344
v -0.36438671 0.20399378 0.59307986
v -0.36298251 0.19752577 0.59278184
v -0.38858306 0.19597615 0.57442844
v -0.38885239 0.20233817 0.57548219
v -0.52695167 0.14415242 -0.32093453
v -0.53322351 0.15755387 -0.34755611
v -0.52422601 0.14711779 -0.33678633
v -0.52197933 0.14219925 -0.32256871
v -0.52724826 0.11167450 -0.29820594
v -0.53373873 0.11668871 -0.29995060
v -0.52699220 0.11990627 -0.29541498
v -0.51946849 0.11449707 -0.29196495
v -0.34539536 0.20725612 0.60243964
v -0.34385371 0.20092413 0.60093468
v -0.57645589 0.17372395 -0.26248583
v -0.57329267 0.20193952 -0.28123900
v -0.28471619 0.24015090 0.61487961
v -0.27870977 0.24290511 0.61325336
v -0.27651235 0.23986049 0.61335897
v -0.44789639 -0.09124064 -0.22349769
v -0.27998203 0.23694085 0.61487246
v -0.24256778 0.22646858 0.61053646
v -0.23608239 0.23604962 0.61131144
v -0.21656895 0.23153760 0.61213857
v -0.54270941 0.11666816 -0.28775170
v -0.55337882 0.12801100 -0.29202613
v -0.54125661 0.12449320 -0.30370340
v -0.51487112 -0.03473524 -0.17278667
v -0.51780534 -0.02689310 -0.18829702
v -0.51847130 0.13889304 -0.31758970
v -0.51400566 0.13305335 -0.31498212
v -0.50630873 0.11608499 -0.30368519
v -0.50149417 0.10407533 -0.30736017
v -0.22759257 0.22107154 0.61222976
v -0.50047392 0.05979531 -0.35041788
v -0.49471429 0.01101197 -0.35999954
v -0.15975045 0.17419519 0.62492865
v -0.21160097 0.20602784 0.61614156
v -0.19523892 0.21812554 0.61293161
v -0.29171613 0.23770182 0.61637115
v -0.30024543 0.23578978 0.61731076
v -0.29452392 0.24079137 0.61593175
v -0.28720468 0.24338059 0.61452550
v -0.28674743 0.23379104 0.61645687
v -0.29618487 0.23140714 0.61743468
v -0.30872303 0.23357558 0.61728889
v -0.30496785 0.22851975 0.61805695
v -0.31780025 0.22473812 0.61673492
v -0.31989950 0.22964171 0.61607051
v -0.33487561 0.22672592 0.61422527
v -0.38902599 -0.03362068 -0.30822217
v -0.42442566 -0.12023044 -0.18048450
v -0.33796662 0.22990234 0.61359435
v -0.33329874 0.22095172 0.61326069
v -0.31536135 0.21942276 0.61681831
v -0.33051997 0.21596855 0.61302465
v -0.30087146 0.22324860 0.61750758
v -0.29041314 0.22687417 0.61663783
v -0.28075764 0.23042098 0.61533654
v -0.27391744 0.23421019 0.61423850
v -0.27003375 0.23897615 0.61313826
v -0.27327460 0.22709270 0.61305183
v -0.26455775 0.22358023 0.61077392
v -0.27730334 0.21821463 0.61183822
v -0.28387028 0.22280185 0.61435086
v -0.26524660 0.23201615 0.61217010
v -0.25496703 0.22955582 0.61016572
v -0.52026474 0.12004247 -0.29393318
v -0.51900560 0.11965004 -0.29816133
v -0.51142138 0.11562283 -0.29734033
v -0.51373518 0.11577498 -0.29093164
v -0.29645786 0.21898954 0.61539197
v -0.29150784 0.21423553 0.61250639
v -0.30854738 0.20928918 0.61158383
v -0.31214154 0.21490267 0.61532027
v -0.50789100 -0.12124735 -0.23959853
v -0.51133734 0.09353510 -0.34288555
v -0.50026751 0.09131570 -0.32083774
v -0.50791651 0.09851941 -0.32825860
v -0.32638079 0.21112460 0.61218667
v -0.32319376 0.20527095 0.60853547
v -0.50039905 0.00274713 -0.39082149
v -0.51233327 0.04684060 -0.41161072
v -0.51958126 0.04619300 -0.41849402
v -0.50277555 0.00007455 -0.39833847
v -0.37703058 0.22722177 0.59819776
v -0.37292540 0.22558337 0.59480971
v -0.35372636 0.22695637 0.60621870
v -0.35850865 0.22887945 0.60784549
v -0.34030831 0.23208527 0.61176932
v -0.46680540 -0.11035158 -0.16988328
v -0.46358940 0.08338464 -0.29436272
v -0.47168854 0.07341614 -0.28997463
v -0.33584085 0.23073179 0.61017829
v -0.34326506 0.21931645 0.59523964
v -0.32945794 0.22242799 0.57317215
v -0.31227249 0.22511798 0.58124310
v -0.32351631 0.22378790 0.60426533
v -0.49044114 0.09740600 -0.29814240
v -0.50096858 0.10917659 -0.29491821
v -0.36312550 0.21561746 0.58166116
v -0.34871465 0.22212844 0.56159204
v -0.38213602 0.21776767 0.56596649
v -0.52327043 -0.00999361 -0.19533296
v -0.36551994 0.22460346 0.54730785
v -0.39441958 0.22648993 0.55316174
v -0.37676018 0.28022358 0.61633611
v -0.37569600 0.29391780 0.61769480
v -0.35507414 0.29372153 0.62793785
v -0.35725060 0.27954739 0.62853944
v 0.37049598 0.17231575 -0.12127164
v 0.40791246 0.26841828 -0.13821021
v 0.39542469 0.22843023 -0.24414039
v -0.33010891 0.25403047 0.63644201
v -0.33077306 0.26437938 0.63677871
v -0.30971956 0.26227582 0.63650578
v -0.30927393 0.25294775 0.63544011
v -0.32750311 0.24551974 0.63346893
v -0.51490086 0.13537630 -0.41803512
v -0.51037216 0.12267690 -0.42276722
v -0.50881380 0.13055854 -0.40594980
v -0.51894021 0.13566998 -0.40212917
v -0.53119409 0.14292516 -0.38788989
v -0.53387159 0.15402366 -0.38626215
v -0.52098137 0.14456855 -0.40925655
v -0.49949437 0.09794726 -0.31360108
v -0.50821215 0.10128825 -0.32168701
v -0.30802765 0.24610765 0.63179851
v -0.35163581 0.24545792 0.62912387
v -0.52410203 -0.04588332 -0.24363728
v -0.51676649 -0.08284991 -0.23950705
v -0.49324995 -0.04366434 -0.34878102
v -0.50410408 -0.03313118 -0.33602431
v -0.45957574 0.00576415 -0.39343110
v -0.46080095 0.05986161 -0.40995443
v -0.46951094 0.05681756 -0.39113069
v -0.45941824 0.00626239 -0.38197210
v -0.35436690 0.25477642 0.62987787
v -0.35563174 0.26621029 0.62971008
v -0.28402132 0.26340193 0.60601467
v -0.29347780 0.27244172 0.60473180
v -0.45310041 0.02891999 -0.36486292
v -0.45573148 0.04603796 -0.35246176
v -0.52512449 0.05948276 -0.23935942
v -0.53375751 0.08350959 -0.23291615
v -0.48642322 0.10199054 -0.29680240
v -0.49787560 0.10879546 -0.29133633
v -0.47147152 -0.08052116 -0.31827667
v -0.48138085 -0.11399030 -0.25301602
v -0.47650093 -0.09015397 -0.30557799
v -0.47230488 -0.11090472 -0.22627725
v -0.47806320 -0.11097213 -0.21307489
v -0.48258287 -0.11579702 -0.23040152
v -0.30418327 0.25186941 0.61659676
v -0.29407656 0.25057411 0.61575437
v -0.27726817 0.25963226 0.60526878
v -0.28681898 0.24988207 0.61406398
v -0.26697576 0.26786447 0.58337736
v -0.27469331 0.27282009 0.58275986
v -0.28562534 0.27913746 0.58199471
v -0.50005865 -0.05246919 -0.30348572
v -0.49483961 -0.05041388 -0.32505527
v -0.26216438 0.26392519 0.58390743
v -0.48661089 0.06321982 -0.26076409
v -0.47136840 0.05503856 -0.26008064
v -0.48588288 0.06015851 -0.25592619
v -0.51363909 0.04834910 -0.36491576
v -0.50886714 0.00084481 -0.36555737
v -0.53447431 0.12818390 -0.30212095
v -0.25939071 0.26051539 0.58446717
v -0.50372672 0.08363147 -0.28400496
v -0.52419078 0.09858397 -0.28443351
v -0.55285841 0.13957781 -0.31565067
v -0.54156172 0.13260353 -0.31176123
v -0.53884923 0.13077323 -0.30781826
v -0.54812568 0.13209336 -0.30890831
v -0.45758912 0.00273351 -0.23416267
v -0.47744823 -0.00756698 -0.23613273
v -0.48704210 0.01268468 -0.24080054
v -0.25898069 0.25601032 0.58342242
v -0.26192147 0.25121966 0.58315569
v -0.14243165 0.07189236 0.63521844
v -0.13912986 0.14340782 0.62926430
v -0.53301495 0.15650958 -0.37238792
v -0.52883524 0.14363621 -0.37781149
v -0.48537886 0.09568083 -0.38661182
v -0.10969207 0.09611560 0.62325591
v -0.29662189 0.24248356 0.61477035
v -0.50707984 0.12278831 -0.32692945
v -0.50661868 0.11256259 -0.33281258
v -0.28980678 0.24544722 0.61344337
v -0.51739073 0.20407592 -0.34511882
v -0.52125084 0.18357547 -0.32474685
v -0.52583039 0.18333870 -0.32448834
v -0.54081327 0.22286113 -0.33110997
v -0.29479951 0.24268220 0.61106539
v -0.47967064 -0.11607472 -0.18706487
v -0.48249564 -0.11886156 -0.21823519
v -0.48358205 -0.11662228 -0.21921928
v -0.48169962 -0.11429314 -0.19305426
v -0.50520313 -0.01863210 -0.24645828
v -0.48847651 -0.02263212 -0.25197622
v -0.28924772 0.24640171 0.60971373
v -0.49145535 -0.04345683 -0.36380360
v -0.49229276 -0.04549810 -0.35817853
v -0.49177909 -0.02579753 -0.37758669
v -0.49118945 -0.02120391 -0.38273886
v -0.28335041 0.24865891 0.61203998
v -0.28029621 0.24666877 0.61249918
v -0.29820290 0.23105887 0.60529864
v -0.28703642 0.23417014 0.58671772
v -0.27789566 0.23886497 0.58609283
v -0.46898961 0.09351164 -0.31354877
v -0.45942587 0.09519622 -0.30604729
v -0.51600224 0.12974538 -0.33943379
v -0.52050829 0.14162174 -0.35805380
v -0.52734274 0.16305462 -0.33882809
v -0.52264857 0.15109864 -0.32951510
v -0.47658676 0.10215649 -0.40396196
v -0.28827724 0.23745237 0.60291922
v -0.30902728 0.22724757 0.60635775
v -0.29799017 0.22884050 0.58549988
v -0.27180642 0.24297877 0.58579904
v -0.26633120 0.24731635 0.58394343
v -0.50630814 0.10640515 -0.32940581
v -0.50711393 0.10639974 -0.33524406
v -0.28312612 0.24258374 0.60255367
v -0.50637025 0.10878844 -0.32699373
v -0.27762771 0.24658662 0.60079718
v -0.28446200 0.24911091 0.60869205
v -0.51259512 0.11197806 -0.28966030
v -0.51887566 0.10800867 -0.29510570
v -0.54267961 0.13947502 -0.31967080
v -0.54834658 0.15323193 -0.34899193
v -0.54313010 0.15233621 -0.34834957
v -0.54114473 0.14371985 -0.32038164
v -0.27106339 0.25274923 0.60086966
v -0.27102974 0.25514778 0.60270959
v -0.28099945 0.24972254 0.60818189
v -0.51453704 0.12797652 -0.30581358
v -0.27696365 0.25146580 0.60848159
v -0.27318823 0.25027132 0.60026729
v 0.01670878 -0.06750982 -0.32560802
v 0.06408803 -0.01436706 -0.37943673
v -0.27305964 0.25727496 0.60404545
v -0.28054643 0.25058195 0.61111379
v -0.27435654 0.24426727 0.61233282
v -0.27450773 0.24971062 0.61189258
v -0.26703605 0.25391352 0.61331975
v -0.26771924 0.24470001 0.61246216
v -0.54361224 0.17645259 -0.30011597
v -0.53526294 0.18295494 -0.32138744
v -0.53779709 0.18193765 -0.32870877
v -0.54339045 0.17535122 -0.30777258
v -0.51477581 0.13176720 -0.39494678
v -0.25762492 0.24560621 0.61270553
v -0.26008907 0.23789421 0.61218870
v -0.25691047 0.25784764 0.61684674
v -0.24647032 0.26584250 0.62015057
v -0.51756465 0.09928051 -0.42604646
v -0.48169523 0.06666628 -0.28285027
v -0.46862748 0.04929896 -0.26744756
v -0.24563152 0.24783769 0.61385912
v -0.24956790 0.23776589 0.61093062
v -0.27825624 0.25068161 0.61101484
v -0.43642038 0.04675248 -0.23252183
v -0.43828651 0.05498167 -0.23260832
v -0.43694127 0.05052631 -0.24218002
v -0.43394572 0.04134168 -0.24201171
v -0.27401850 0.25151628 0.61166078
v -0.26606023 0.25808212 0.62241763
v -0.44511560 0.00971095 -0.25573581
v -0.46476957 0.00161954 -0.25505170
v -0.46679974 -0.00878851 -0.24340317
v -0.44607729 -0.00284738 -0.24650754
v -0.26125225 0.26509151 0.62446761
v -0.27320975 0.25336346 0.61831814
v -0.28223222 0.25020403 0.62406731
v -0.27838320 0.25553885 0.62784827
v -0.43071300 0.02602120 -0.23249537
v -0.43393010 0.03672089 -0.23260309
v -0.42945310 0.03171836 -0.24481010
v -0.42829251 0.01885340 -0.24527109
v -0.27545530 0.26304001 0.62972736
v -0.29187766 0.25325513 0.63152581
v -0.53871661 0.16036655 -0.36281207
v -0.53953034 0.15702555 -0.37720895
v -0.29131311 0.26181182 0.63366216
v -0.29317871 0.24744521 0.62823856
v -0.27881733 0.25049469 0.61425203
v -0.52491724 0.09325755 -0.41890299
v -0.52053332 0.08203035 -0.41975760
v -0.52818155 0.12548463 -0.41938317
v -0.52317697 0.11264327 -0.42408288
v -0.28604567 0.24876264 0.61793631
v -0.29480761 0.24654990 0.62203515
v -0.30665541 0.24376318 0.62618071
v -0.52912265 0.01338335 -0.22656707
v -0.52496850 0.01356097 -0.23811489
v -0.52317995 0.00495276 -0.23500901
v -0.53344262 0.10982150 -0.42834181
v -0.52474326 0.12300219 -0.44184309
v -0.49728739 -0.08366779 -0.18136387
v -0.49171343 -0.08981415 -0.17390803
v -0.27881435 -0.49312884 0.07040604
v -0.31377324 -0.47698957 0.00052260
v -0.29889750 -0.53829938 0.01328748
v -0.25937289 -0.55578464 0.08123369
v -0.56071341 0.15095374 -0.30705768
v -0.55573237 0.16299070 -0.29921576
v -0.32465121 0.24196148 0.62876177
v -0.32097429 0.25208569 0.61748922
v -0.34669739 0.24044703 0.62505001
v -0.43914148 0.01394709 -0.22780098
v -0.43150783 0.00915989 -0.23519921
v -0.44740894 -0.00505186 -0.23954579
v -0.47195587 0.03934118 -0.23849420
v -0.44954789 0.04508004 -0.22801396
v -0.34262568 0.24831215 0.61443752
v -0.37358958 0.30678633 0.62140226
v -0.34963545 0.30867702 0.63313037
v -0.33214602 0.27792481 0.59964603
v -0.32539660 0.28547412 0.57569402
v -0.34453517 0.28325209 0.57178110
v -0.35776863 0.27336043 0.59346485
v -0.44406632 0.02068592 -0.26037258
v -0.40544325 0.23806685 0.54075372
v -0.40645960 0.24081600 0.54626536
v -0.45463005 0.05442270 -0.25318292
v -0.46432060 0.05998588 -0.24767448
v -0.48607540 -0.01875185 -0.22226387
v -0.48396650 -0.02470127 -0.23701239
v -0.50295603 -0.02854495 -0.22672820
v -0.42961261 0.00665115 -0.24323133
v -0.47988567 0.09545449 -0.30616298
v -0.39187598 0.25673196 0.53359300
v -0.39120784 0.25017342 0.52870870
v -0.41161364 0.23025212 0.54225636
v -0.40942743 0.23080382 0.55074716
v -0.46206322 0.02220520 -0.26389194
v -0.46713060 0.00703952 -0.27454954
v -0.47195873 -0.00272923 -0.26701465
v -0.46209770 0.01154858 -0.26112640
v -0.51038259 -0.06686872 -0.28565854
v -0.51032078 -0.05446311 -0.28921527
v -0.46868578 -0.00971274 -0.27164176
v -0.49705663 -0.01312918 -0.27855963
v -0.48070115 0.08198598 -0.28797016
v -0.50301713 0.09764190 -0.29264611
v -0.48647502 0.06513548 -0.26041126
v -0.46374962 0.03764961 -0.26443332
v -0.46201861 0.02145111 -0.27378252
v -0.47165868 0.04808643 -0.23983915
v -0.49102271 0.04570226 -0.25043443
v -0.48914373 0.05233910 -0.25228819
v -0.46991518 0.05424690 -0.24173504
v -0.51350951 0.11026319 -0.34691402
v -0.55644739 0.15907343 -0.28789741
v -0.55736536 0.14121334 -0.29882661
v -0.47890088 0.23540600 -0.41565555
v -0.44119272 0.18713471 -0.42106298
v -0.49577993 0.18236682 -0.35613632
v -0.44835600 0.03107323 -0.25855190
v -0.44308740 0.06071635 -0.23481111
v -0.45269457 0.05662728 -0.23026855
v -0.49318856 -0.06343951 -0.33993468
v -0.50804496 -0.02912974 -0.22615188
v -0.49938414 0.10559055 -0.28579411
v -0.46317074 -0.02517864 -0.37811905
v -0.46518642 -0.05227529 -0.35543278
v -0.49742043 0.10910522 -0.28803080
v -0.50566489 0.11336249 -0.28766775
v -0.48630166 -0.02518143 -0.24365039
v -0.50526565 -0.02357669 -0.24025758
v -0.50855941 0.11406006 -0.28901422
v -0.51743478 0.01212890 -0.24129391
v -0.51295859 0.10241567 -0.37958810
v -0.39775902 0.25709468 0.56872874
v -0.37897843 0.27185774 0.55110508
v -0.47981086 -0.12091066 -0.25485536
v -0.48047251 -0.12280856 -0.23486628
v -0.39012483 0.26564482 0.53996199
v -0.45138285 0.05161641 -0.22867674
v -0.40560913 0.24848200 0.55639905
v -0.46418691 -0.01163900 -0.24099298
v -0.45285815 0.04252161 -0.25482097
v -0.39686871 0.23678654 0.58037877
v -0.40461087 0.23185800 0.56412131
v -0.36476779 0.24547045 0.60539824
v -0.50503701 0.03503653 -0.24825726
v -0.50438821 0.02313077 -0.24065761
v -0.51863909 0.02414629 -0.24703979
v 0.32625511 0.60358572 -0.38770321
v 0.36261931 0.51504374 -0.41257906
v -0.49156445 -0.01792189 -0.29193401
v -0.46015111 -0.00282471 -0.28461486
v -0.45439875 -0.01085620 -0.30436370
v -0.48986325 -0.02216022 -0.30991510
v -0.46854407 -0.07632636 -0.33345309
v -0.47399011 -0.09584110 -0.30687055
v -0.48587134 -0.10017478 -0.31004110
v -0.48034182 -0.07808396 -0.34145579
v 0.41388890 0.53758836 -0.28310907
v 0.37220460 0.61668891 -0.26521975
v -0.45776838 0.33744565 -0.46667904
v -0.51908183 0.27174985 -0.39201459
v -0.52003330 0.37867966 -0.42193967
v -0.50607216 0.14746089 -0.39451963
v -0.49739200 0.13332127 -0.39901188
v -0.49976972 0.14226790 -0.43444288
v -0.55640805 0.21765873 -0.30510724
v -0.53056455 0.18602040 -0.31943262
v -0.53579611 0.19047721 -0.31208879
v -0.47139212 0.00445645 -0.40881976
v -0.30843776 0.27871674 0.60413414
v -0.30409786 0.28404492 0.58009338
v 0.37540388 0.63093168 -0.18142642
v 0.35184920 0.68753386 -0.17231032
v 0.33521026 0.69082856 -0.23680341
v 0.20593823 -0.19281955 -0.12858184
v 0.17152975 -0.25900143 -0.20215514
v -0.53591210 0.10644238 -0.26525787
v -0.53289932 0.10712194 -0.28555131
v -0.41969424 0.22757313 0.54538465
v -0.46437705 -0.07394332 -0.32192221
v -0.41539511 0.22903502 0.55401492
v -0.50958759 -0.03276720 -0.29536545
v -0.50426733 -0.03510274 -0.31508833
v -0.55412996 0.15158159 -0.38604027
v -0.54853755 0.15133704 -0.36331600
v -0.42129552 0.22655338 0.53948689
v -0.42895085 0.22616838 0.53745919
v -0.42578891 0.22976255 0.54306674
v -0.42246050 0.23219471 0.55230147
v -0.40891430 0.23056084 0.56584495
v -0.41573253 0.23533720 0.56357622
v -0.40618861 0.23885748 0.58091754
v -0.40013039 0.23319441 0.58343929
v -0.37008488 0.23823047 0.61357605
v -0.37408525 0.24203071 0.61537808
v -0.40934524 0.24915156 0.57878071
v -0.42118642 0.24387175 0.56243062
v -0.41112065 0.26042330 0.57856578
v -0.42122212 0.25609916 0.56115705
v -0.37899318 0.26526666 0.61471027
v -0.37728024 0.25163049 0.61493933
v -0.41451007 0.22590287 0.54923832
v -0.42440212 0.22563732 0.54122078
v -0.41161123 0.22891021 0.54804969
v -0.41882545 0.23013692 0.54027700
v -0.40449876 0.23054597 0.54655790
v -0.42219990 0.23034874 0.53675133
v -0.43043447 0.22635178 0.53559673
v -0.14121914 -0.52359509 0.25842449
v -0.09918144 -0.56329471 0.24181755
v -0.39962822 0.23048590 0.54219842
v -0.43134913 0.23584089 0.53731608
v -0.43488315 0.22837023 0.53200501
v -0.43581405 0.24270955 0.52889144
v -0.43966064 0.23104741 0.52572227
v -0.43034050 0.25553885 0.54167938
v -0.42656690 0.24103038 0.54773873
v -0.43608665 0.22330990 0.53138131
v -0.43311888 0.22207288 0.53480667
v -0.43993846 0.22219951 0.52650911
v -0.43763271 0.21968743 0.52872866
v -0.40754366 0.20815428 0.56176269
v -0.40787032 0.20219338 0.55850744
v -0.42285323 0.21490316 0.54658431
v -0.42512003 0.20995964 0.54309314
v -0.36193258 0.19012457 0.59003001
v -0.34277439 0.19435208 0.59972489
v -0.36249319 0.18216009 0.58717138
v -0.61241388 -0.02319201 0.51363665
v -0.61352724 -0.02466786 0.50115830
v -0.60463279 -0.01187796 0.50042999
v -0.60472661 -0.01129732 0.50635278
v -0.34239572 0.18534701 0.59638989
v -0.38926744 0.18107590 0.56915122
v -0.38808855 0.18845606 0.57216954
v 0.14788876 -0.49198040 0.25684240
v -0.25510597 0.21893023 0.61074769
v -0.24405172 0.21116474 0.61349791
v -0.26031515 0.20308702 0.61373758
v -0.26967633 0.21310103 0.61097574
v -0.28532124 0.20801030 0.61087883
v -0.59663224 -0.07571212 0.51030308
v -0.59307146 -0.06690066 0.50788325
v -0.59679979 -0.06895666 0.50096220
v -0.60337710 -0.07577644 0.50002569
v -0.28093717 0.19655836 0.61195397
v -0.30144823 0.19261734 0.60807449
v -0.30390808 0.20237112 0.60955739
v -0.32051149 0.19897260 0.60668391
v -0.32042217 0.18921639 0.60381770
v -0.22961484 0.24762082 0.61399329
v -0.22142519 0.26994449 0.62142229
v -0.20816095 0.24497473 0.61498135
v -0.19924180 0.27090901 0.62027758
v -0.44388288 0.24965075 0.52476883
v -0.58924305 -0.01063060 0.51324636
v -0.59094226 -0.02740980 0.53408933
v -0.60313725 -0.02388349 0.53370470
v -0.59797060 -0.00850622 0.51215953
v -0.44491392 0.23420128 0.52082926
v -0.45826510 0.25297311 0.52216971
v -0.45616183 0.23690842 0.51793909
v -0.45877695 0.27214018 0.53489512
v -0.44380513 0.26883572 0.53774422
v -0.44213477 0.22193059 0.52365410
v -0.43867585 0.21663518 0.52467889
v -0.44847131 0.22008154 0.52072126
v -0.44223607 0.21216081 0.52283359
v -0.40829322 0.19472283 0.55544269
v -0.40982342 0.18783781 0.55263621
v -0.42605892 0.20434783 0.53971589
v -0.42887947 0.19799317 0.53623891
v 0.32704106 0.10657550 -0.11122571
v 0.42428160 0.36886102 -0.15646590
v -0.29410803 0.34959331 0.65835989
v -0.30985683 0.32738146 0.65231645
v -0.34195253 0.32883576 0.64790040
v -0.32994902 0.35380927 0.65947616
v -0.28148976 0.37864777 0.64766347
v -0.25196123 0.36462685 0.64614606
v -0.26698735 0.33992916 0.65259355
v -0.28277496 0.32022107 0.65075111
v -0.22303832 0.28939986 0.62954599
v -0.23922725 0.28450784 0.62991863
v -0.24526416 0.29720289 0.63722348
v -0.23071986 0.30558535 0.63628042
v -0.20146073 0.29400212 0.62605268
v -0.21029423 0.31811252 0.63236010
v -0.24582729 0.32207349 0.64465380
v -0.26185375 0.30866918 0.64418781
v -0.22969057 0.33991182 0.63982558
v -0.43450060 0.30955383 0.58299178
v -0.42224327 0.29982892 0.58003008
v -0.43221766 0.28406394 0.55761939
v -0.44431451 0.28813443 0.55542397
v -0.44623348 0.31688565 0.58463579
v -0.45706400 0.29131937 0.55172694
v -0.37883866 0.35200736 0.65134263
v -0.37664923 0.32627195 0.63512635
v -0.41189373 0.27088407 0.57740343
v -0.42020807 0.26549873 0.56444156
v -0.41235980 0.28103969 0.57844323
v -0.42268941 0.27090067 0.56122947
v 0.31903565 0.77398616 -0.04895701
v 0.28114861 0.81898999 0.02485587
v 0.22365822 0.88396657 -0.08244843
v 0.26919028 0.82680959 -0.14721239
v -0.32980403 0.27572289 0.63559902
v -0.32955161 0.29067996 0.63418710
v -0.30747363 0.28739473 0.63420022
v -0.30866605 0.27326161 0.63383770
v -0.29100323 0.27174982 0.63053209
v -0.28673932 0.28440735 0.63163853
v -0.26728880 0.28072557 0.62954926
v -0.27319431 0.27130142 0.62717551
v -0.26277742 0.27245122 0.62492019
v -0.25528738 0.27639794 0.62646794
v -0.42549765 0.27902332 0.56373805
v -0.41629267 0.28871745 0.57774138
v 0.40290356 0.55681711 -0.18065192
v -0.28953794 0.62761313 0.58478022
v -0.22241706 0.61043477 0.57992107
v -0.25474882 0.56162274 0.59637952
v -0.32243109 0.30580956 0.63974833
v -0.29798904 0.30213857 0.64001387
v -0.27611938 0.29639065 0.63796455
v -0.25839332 0.28945401 0.63463104
v -0.24986523 0.28360826 0.63051969
v 0.14542782 0.10872529 0.39680299
v 0.15823901 0.10751802 0.39536691
v 0.29994008 0.13118248 0.32239744
v 0.28648090 0.17919385 0.31397691
v 0.27344197 0.20088322 0.31489351
v 0.23712115 0.26448113 0.36439595
v 0.26157784 0.28500381 0.37157938
v 0.26776582 0.04415188 0.36795360
v 0.24317317 0.03788247 0.37847325
v -0.55338204 0.16931969 -0.39298490
v 0.27224839 0.04806016 0.36494488
v 0.32698151 0.25160596 0.35185453
v 0.33051986 0.23917738 0.34962654
v 0.33197889 0.23718622 0.35539690
v 0.24066576 -0.01717787 -0.08926937
v 0.28997728 0.05974199 -0.08796690
v 0.33485770 0.22695802 0.34794959
v 0.17587484 0.13422592 0.38587931
v 0.30263999 0.12574989 0.32558921
v 0.31170511 0.12255611 0.32062301
v 0.30936807 0.09445536 0.32605642
v 0.30882767 0.09541544 0.32882112
v 0.29832271 0.06649376 0.33451793
v 0.29847339 0.06898341 0.33610708
v 0.28968531 0.05980785 0.35782802
v 0.30602983 0.08014707 0.35057086
v 0.27356929 0.28575402 0.36894876
v 0.26537833 0.28034356 0.37194458
v 0.27972162 0.28428584 0.37045488
v 0.18389085 0.12813452 0.38408735
v 0.23050807 0.25189480 0.35606480
v 0.22448324 0.24118586 0.35750297
v 0.22496112 0.24125154 0.35574546
v 0.18208447 0.15181853 0.34919268
v 0.18116142 0.15726525 0.34688178
v 0.18541147 0.14597237 0.35625494
v 0.19184847 0.13897297 0.37235975
v 0.17010765 0.08857598 0.35668215
v 0.17720670 0.08209829 0.34837443
v 0.17233074 0.07972026 0.35091421
v 0.29497483 0.31552112 0.36594334
v 0.22389229 0.23724221 0.35722229
v 0.23028789 0.24434285 0.36237794
v 0.23200887 0.25027949 0.36436853
v 0.28392598 0.28318796 0.37310755
v 0.23449907 0.25500748 0.36671105
v 0.23036848 0.25329682 0.36282143
v 0.24000552 0.26397854 0.36933652
v 0.22933531 0.25144351 0.36031938
v 0.24653268 0.10629354 0.31357694
v 0.22954912 0.10727634 0.31523195
v 0.16836865 0.23643069 0.39938506
v 0.17675488 0.21806654 0.38058522
v 0.23066920 0.03999812 0.38575423
v 0.24832694 0.23820223 0.33673400
v 0.25260684 0.26126873 0.32571077
v 0.31565514 0.10699254 0.34868896
v 0.25549608 0.09150232 0.36636859
v 0.23824012 0.09346315 0.37018934
v 0.27146301 0.09456304 0.36462566
v 0.28820181 0.10646749 0.36528164
v 0.21772334 0.20607838 0.31734329
v 0.28686610 0.21592593 0.36038262
v 0.29344741 0.20339140 0.36386040
v 0.27650663 0.21812318 0.36102733
v 0.24804783 0.29043069 0.33007467
v 0.24425997 0.28550792 0.34433341
v 0.23937573 0.25130165 0.34874743
v 0.24276322 0.27185017 0.35047579
v 0.17577186 0.11100500 0.35977495
v 0.19090556 0.07909875 0.34728402
v 0.19452631 0.08493687 0.34627289
v 0.19551432 0.07843919 0.35192853
v 0.20179985 0.08230508 0.34540239
v 0.20711640 0.09105694 0.33652693
v 0.21404850 0.10003769 0.32751653
v 0.21833782 0.10963682 0.32167020
v 0.17748076 0.13104716 0.35027468
v 0.21586847 0.30218446 0.37914371
v 0.17624456 0.11992574 0.35226849
v 0.18283892 0.14451863 0.35293278
v 0.18198226 0.13440153 0.35701534
v 0.17986387 0.12256268 0.36015156
v 0.19628535 0.08058793 0.39096642
v 0.21030678 0.09103972 0.38317961
v 0.18801229 0.08325836 0.38274276
v 0.22394140 0.09474775 0.37580207
v 0.18332398 0.08377063 0.37833795
v 0.24469751 0.24573582 0.34206018
v 0.24677999 0.26969755 0.33882737
v 0.13721873 0.13016833 0.40424621
v -0.07524135 0.13657889 0.60740733
v -0.04427950 0.20759322 0.58537668
v -0.30633247 -0.23905712 0.51615560
v -0.30711523 -0.25867367 0.51137155
v -0.17667584 0.04814016 0.64297450
v -0.21484606 0.02263588 0.64368290
v -0.37420112 -0.21726876 0.57490414
v -0.37679544 -0.21874441 0.57101589
v -0.38250658 -0.21815595 0.56874287
v -0.37886146 -0.21817875 0.57126021
v -0.37816006 -0.22157294 0.54832137
v -0.37292457 -0.22141524 0.54997009
v -0.37659377 -0.22293511 0.55719292
v -0.38251120 -0.22059461 0.55540222
v -0.36682028 -0.11174183 0.61221200
v -0.34537300 -0.07842927 0.62017614
v -0.32764179 -0.10478282 0.62192488
v -0.34964368 -0.13279209 0.61528653
v -0.33023155 -0.21518297 0.52654678
v -0.33622974 -0.20638458 0.52918458
v -0.35845304 -0.21276994 0.53821689
v -0.35258129 -0.21625771 0.53790438
v -0.32620722 -0.23202950 0.52430779
v -0.35013747 -0.22561228 0.53573030
v -0.31009972 -0.21580000 0.52094674
v -0.32002971 -0.20141631 0.52255720
v -0.30301633 -0.24199361 0.59060061
v -0.33044454 -0.23360106 0.58712560
v -0.33414483 -0.21613845 0.59781814
v -0.30853179 -0.21478435 0.60148162
v -0.39249119 -0.03711525 0.59860623
v -0.37018290 -0.05628503 0.61136967
v -0.38452932 -0.08784493 0.60405439
v -0.40637335 -0.06293014 0.59149075
v -0.42678699 -0.03932176 0.58086592
v -0.41564131 -0.01712485 0.58439320
v -0.45330387 0.00579304 0.59450299
v -0.44945300 -0.02062553 0.60874736
v -0.46018034 -0.03101698 0.62799507
v -0.45839453 -0.01257286 0.61999583
v -0.46059057 -0.06155765 0.61114299
v -0.44048184 -0.03644114 0.60392249
v -0.48211518 -0.07386202 0.59031969
v -0.62062985 -0.07629383 0.49144858
v -0.61023760 -0.06667276 0.49230534
v -0.62465155 -0.06288411 0.49478832
v -0.63914561 -0.07268925 0.49329492
v -0.48739365 -0.06847239 0.59321767
v -0.45538783 -0.06342713 0.59921479
v -0.60933012 -0.07489454 0.56854659
v -0.61849421 -0.06450196 0.56154835
v -0.59904844 -0.06436975 0.55704349
v -0.59416729 -0.07468170 0.55698502
v -0.44715208 -0.06340624 0.58693707
v -0.47552919 -0.07429272 0.58712769
v -0.49669501 -0.06596240 0.59603739
v -0.48116481 -0.06176193 0.61209530
v -0.62712979 -0.06291845 0.54888010
v -0.64713871 -0.06684671 0.55071408
v -0.65060776 -0.06307616 0.53380054
v -0.63067782 -0.06161709 0.53434277
v -0.58863801 -0.04938155 0.52985305
v -0.59096754 -0.06252732 0.53419614
v -0.59687209 -0.04934545 0.55081815
v -0.61506206 -0.05130073 0.48935652
v -0.60301864 -0.05655134 0.49106675
v -0.59676826 -0.03373427 0.48763612
v -0.60608214 -0.03039789 0.48661724
v -0.48066270 -0.05141412 0.63293201
v -0.56962073 -0.07602587 0.60468465
v -0.57035393 -0.07130483 0.62389934
v -0.52330828 0.15936071 0.55231911
v -0.49349222 0.14119068 0.55183381
v -0.52780557 0.13770959 0.56434971
v -0.49909082 0.12175652 0.56151146
v -0.50252533 -0.04127522 0.64684421
v -0.48787284 -0.01832437 0.64492565
v -0.53231972 -0.04083816 0.65294439
v -0.52725965 -0.01529852 0.65261817
v -0.56154203 0.26104796 0.53891093
v -0.55761606 -0.08966897 0.57279879
v -0.55258101 -0.09008045 0.57120305
v -0.56719905 -0.08612426 0.58121794
v 0.24469544 0.75439274 -0.32168365
v 0.19441617 0.84424901 -0.26922330
v 0.09538989 0.94947255 -0.16202685
v 0.03064249 0.97512686 -0.11150556
v -0.51944399 -0.19062880 0.58926129
v -0.52381951 -0.17159989 0.58801544
v -0.43512455 -0.17296422 0.54787403
v -0.46666756 -0.17526102 0.53504109
v -0.47505015 -0.20402795 0.54653299
v -0.44715896 -0.20114459 0.55687076
v -0.42221415 -0.19996718 0.55951899
v -0.41111979 -0.17227988 0.55118394
v -0.42846861 -0.14631310 0.54018408
v -0.46183556 -0.14811614 0.52764159
v -0.46114364 -0.22229366 0.57408977
v -0.48989150 -0.22565567 0.56769145
v -0.50193727 -0.21971922 0.57954192
v -0.47004414 -0.21997103 0.58461112
v -0.43236333 -0.08101615 0.58857340
v -0.45953447 -0.08516262 0.58357549
v -0.49277246 -0.09097214 0.58241177
v -0.51956969 -0.09672248 0.58135921
v -0.52425253 -0.08576854 0.57845455
v -0.50169396 -0.07975885 0.58149236
v -0.52927977 -0.08197524 0.57698810
v -0.50707090 -0.07684331 0.58092362
v -0.51178604 -0.07292145 0.58109772
v -0.51263005 -0.07053562 0.58961743
v -0.52929389 -0.07254793 0.58439928
v -0.52602684 -0.06875048 0.58700663
v -0.53311449 -0.07919495 0.57743502
v -0.59279132 0.08194871 0.60873634
v -0.58770156 0.10988802 0.59580302
v -0.49961290 -0.15586886 0.59690410
v -0.52684855 -0.15539281 0.58520150
v -0.53416830 -0.12928788 0.57947803
v -0.50906384 -0.12657221 0.59188890
v -0.47743836 -0.12722769 0.59604758
v -0.46773934 -0.16347331 0.60380638
v -0.54766899 -0.09271522 0.57189405
v -0.49611035 -0.17279677 0.59799612
v -0.49127847 -0.19224381 0.59666038
v -0.46407890 -0.18180013 0.60313696
v -0.45969257 -0.19919102 0.59994310
v -0.43384069 -0.17612194 0.60643023
v -0.44092143 -0.13353449 0.60368913
v -0.40048751 -0.14108959 0.60849744
v -0.40244108 -0.18867601 0.60429198
v -0.34305882 -0.19994541 0.60400581
v -0.36627197 -0.21667042 0.58107013
v -0.36907008 -0.21220745 0.58653772
v -0.37556481 -0.20518398 0.59290075
v -0.35439214 -0.18033068 0.60865337
v -0.32036120 -0.18960597 0.60826313
v -0.33341551 -0.15967283 0.61344683
v -0.37232593 -0.15955909 0.61089754
v -0.38518846 -0.19754583 0.59914869
v -0.37651178 -0.21450588 0.58055121
v -0.37987372 -0.21769516 0.57381535
v -0.38214284 -0.21050455 0.58516920
v -0.38528013 -0.21560024 0.57759708
v -0.38983116 -0.20731780 0.59014297
v -0.39206144 -0.21384370 0.58124512
v -0.40140349 -0.21263959 0.58554447
v -0.40171856 -0.20310372 0.59631205
v -0.38626653 -0.21903810 0.55809122
v -0.39413249 -0.21834873 0.56213367
v -0.39861760 -0.22072101 0.56953132
v -0.39065254 -0.22059682 0.56574434
v -0.37835044 -0.21893273 0.55428129
v -0.38457951 -0.22060572 0.56268185
v -0.36948410 -0.20794486 0.54363811
v -0.38373888 -0.20364274 0.54918641
v -0.33127889 -0.40842187 0.04934506
v -0.33803973 -0.39877978 -0.01802872
v -0.37056431 -0.22023161 0.55138719
v -0.37526530 -0.22087339 0.55763358
v -0.38224244 -0.22020191 0.56749648
v -0.38574585 -0.21953660 0.57016671
v -0.39217669 -0.21799976 0.57296538
v -0.40011767 -0.21852028 0.57579529
v -0.45354298 -0.21254806 0.59234911
v -0.43140393 -0.20718773 0.59609711
v -0.42626041 -0.21742128 0.58595663
v -0.44479296 -0.22179775 0.58299083
v -0.42133397 -0.22172815 0.57665449
v -0.40554678 -0.14730643 0.54728782
v -0.43837422 -0.22060919 0.57346755
v -0.38819051 -0.17684810 0.54909045
v -0.37697759 -0.15740673 0.54140037
v -0.40169510 -0.20080481 0.55577451
v -0.34688935 -0.19666578 0.53325582
v -0.36733702 -0.18729335 0.54082537
v -0.33000195 -0.19058825 0.52750319
v -0.35499039 -0.17231940 0.53582853
v -0.41335800 -0.21948539 0.56743687
v -0.43284479 -0.19323613 0.60326952
v -0.48273033 -0.20838702 0.59059924
v -0.51108050 -0.20614788 0.58317333
v -0.67396694 0.09238210 0.31469092
v -0.66917747 0.07163682 0.32176745
v -0.65043026 0.08082486 0.34178838
v -0.65635771 0.09917574 0.33478135
v -0.60419345 0.01835656 0.63825190
v -0.59745198 0.05076999 0.62021023
v -0.38514704 -0.21875708 0.56316549
v 0.04468493 -0.57302433 0.26282141
v -0.52399689 0.03585461 -0.24787587
v -0.52330798 0.04006743 -0.24096690
v -0.48324302 0.12012179 -0.40067983
v -0.36725816 -0.22062588 0.57441616
v -0.32499391 -0.24550344 0.51761806
v -0.35209364 -0.23427537 0.53172392
v -0.30911666 -0.27153680 0.57549214
v -0.33596614 -0.29800725 0.56485641
v -0.35707766 -0.27611411 0.56786704
v -0.33535448 -0.25378132 0.57562065
v -0.39053795 -0.24103573 0.57101083
v -0.37434959 -0.22777805 0.57172889
v -0.53330654 0.13728343 -0.41334805
v -0.38495162 -0.22103833 0.56924784
v -0.40263885 -0.22712873 0.57081091
v -0.41044101 -0.21925671 0.56904608
v -0.39227039 -0.21643747 0.56714302
v -0.41180471 -0.21782245 0.54719514
v -0.44477528 -0.21407850 0.54271638
v -0.42097566 -0.23427117 0.51471615
v -0.38986099 -0.23535892 0.52380604
v -0.36403763 -0.23505367 0.52959967
v -0.38537666 -0.21968159 0.54816675
v -0.51511997 0.15926689 -0.38652641
v -0.52750367 0.17409398 -0.35813895
v -0.52715838 0.16640468 -0.34822214
v -0.51521671 0.14995128 -0.37049317
v -0.41280589 -0.21420182 0.55726910
v -0.38957763 -0.21705137 0.55618155
v -0.44667950 -0.21292104 0.55373627
v 0.09176246 -0.53651243 0.26149353
v -0.39335036 -0.21506900 0.56267643
v -0.41302547 -0.21378426 0.56457776
v -0.44584838 -0.21598324 0.56572020
v -0.44166148 -0.22816125 0.57408607
v -0.43648422 -0.24071215 0.57597178
v -0.42501691 -0.25838974 0.57495677
v -0.38984367 -0.29886171 0.56162065
v -0.37334728 -0.32653096 0.55649012
v -0.43187264 -0.31651804 0.55214751
v -0.41891330 -0.34653997 0.55014873
v -0.46338603 -0.27242276 0.57399672
v -0.47422925 -0.25151914 0.57665074
v -0.47734389 -0.23538925 0.57404560
v -0.47971436 -0.21849161 0.56419861
v -0.54175979 -0.10119683 0.57303643
v -0.54207838 -0.07352836 0.58254921
v -0.55798531 -0.07579455 0.59025013
v -0.56245726 -0.06239686 0.63954329
v -0.57843554 -0.08558682 0.59372127
v -0.54750568 -0.04583274 0.65225893
v -0.56218165 -0.05339947 0.65047359
v -0.56388563 -0.03786044 0.65780741
v -0.55290031 -0.03013888 0.65793985
v -0.57581758 -0.05988487 0.64911127
v -0.57376581 -0.04156339 0.65765357
v -0.60455316 -0.07211860 0.63918626
v -0.61068743 -0.04951211 0.65420651
v -0.60887086 -0.00774665 0.65219790
v -0.61217970 -0.03224790 0.65695041
v -0.56736302 -0.02622696 0.65927649
v -0.55766892 -0.00969767 0.65515250
v -0.54037601 0.13217731 -0.41491899
v -0.54809183 0.01127514 0.64060771
v -0.51803249 0.00653854 0.63685662
v -0.20472267 0.99169153 0.07163906
v -0.47935492 -0.21501525 0.55021000
v -0.47195011 -0.21641356 0.53517491
v -0.51316565 -0.03705166 -0.22562128
v -0.51826489 0.08443477 -0.35363343
v -0.37805527 -0.29458460 0.47983330
v -0.39408699 -0.26775602 0.49188566
v -0.41980171 -0.27359426 0.47894847
v -0.53389090 0.17882444 -0.34331468
v -0.54761094 0.18725501 -0.36153260
v -0.40170935 -0.30093360 0.46671265
v -0.49465305 -0.21976167 0.52218497
v -0.49535298 0.00500458 -0.39423987
v -0.53922164 0.12161442 -0.42280376
v -0.53337884 0.11482856 -0.41157791
v -0.55543935 0.14743730 -0.32334384
v -0.45148870 0.00094983 -0.32903504
v -0.49288920 -0.00693107 -0.34527749
v -0.49126631 -0.01924380 -0.32762343
v -0.45246476 -0.01007085 -0.31776726
v -0.45496091 0.09263550 -0.30277017
v -0.46836787 -0.24153160 0.49107650
v -0.44813788 -0.23633930 0.50372791
v -0.50440758 -0.21863049 0.53787702
v -0.50812125 -0.22468591 0.55125391
v -0.50790030 -0.24042408 0.56248999
v -0.44138694 -0.28104773 0.46403840
v -0.42244783 -0.30655345 0.45292911
v -0.52676904 -0.00271661 -0.18090175
v -0.33537605 -0.25583050 0.51358986
v -0.51623338 -0.08975824 -0.25950420
v -0.51302385 -0.09015637 -0.27493626
v -0.08687123 -0.08061498 -0.34968218
v -0.04478496 -0.01891288 -0.41439509
v -0.49329230 0.00330952 -0.40379867
v -0.31707162 -0.27391309 0.50694543
v -0.36340490 -0.26253715 0.50410765
v -0.34532726 -0.28903556 0.49460417
v -0.46133718 -0.35395300 0.53585774
v -0.47062624 -0.32674715 0.53898191
v -0.50524610 -0.26131257 0.56589818
v -0.49702910 -0.28451633 0.56086606
v 0.14865126 0.90762067 -0.21964589
v -0.06197517 0.66605389 0.51622999
v -0.10276041 0.61852419 0.54622030
v -0.53133047 0.15359028 -0.36777559
v -0.17591326 0.66145319 0.54922920
v -0.13643718 0.69996727 0.52320546
v -0.02718904 0.71910250 0.47734430
v -0.10180336 0.74629927 0.48724750
v 0.03281431 0.95884377 0.10093994
v -0.02402487 0.94836056 0.17559806
v -0.14045689 0.98286945 0.11456284
v 0.06730828 0.96644282 0.00890410
v 0.17038038 0.91846502 0.01880761
v 0.09886838 0.92777330 0.12613215
v 0.03508932 0.91971254 0.20152317
v -0.51929247 -0.04075798 -0.23359270
v -0.50961071 -0.07208695 -0.22118483
v -0.50599480 -0.06683297 -0.21249224
v -0.50634307 0.10804472 -0.33503553
v 0.17644282 -0.32259348 -0.24113171
v 0.42550153 0.44874445 -0.16958496
v -0.02872675 0.90573758 0.26550940
v -0.08445729 0.93049073 0.24370860
v -0.13742821 0.90835524 0.30789593
v -0.08289453 0.88749719 0.32145888
v -0.20177348 0.96326172 0.18906522
v -0.26864186 0.96934873 0.15007871
v 0.32486451 0.18912010 -0.36369559
v -0.58236551 0.13664196 0.58148676
v 0.23957878 -0.11358523 -0.02025308
v 0.23715286 -0.10951521 0.11261718
v 0.29384544 -0.36743900 0.11405717
v 0.20344338 -0.01029890 0.34313720
v 0.20710573 -0.00729119 0.33784494
v 0.23508681 -0.18931222 0.20004608
v 0.21348257 -0.12041979 0.23385169
v 0.21499503 -0.11189958 -0.10637886
v 0.28986308 0.05954165 0.32779652
v 0.29856378 0.08280393 0.32333165
v 0.28875622 0.05378650 0.33761132
v 0.29922023 0.07702107 0.33183470
v 0.30295652 0.10109366 0.32759434
v 0.28419915 0.04458731 0.34426534
v 0.24835950 0.28863233 0.35716736
v 0.24981062 0.30288160 0.36184275
v -0.46113822 -0.06575651 -0.32468683
v -0.45688605 -0.04754177 -0.33308217
v 0.18319599 -0.00754634 0.35185495
v 0.18680625 -0.00795611 0.35169017
v -0.43898904 0.05659543 -0.24178086
v 0.18494844 -0.00632192 0.34469482
v 0.17843617 -0.00780491 0.34882802
v 0.17832667 -0.00912863 0.35158244
v 0.17678502 -0.00848885 0.34763098
v 0.21948856 0.41996542 0.39349875
v 0.19390422 -0.00855558 0.32698306
v 0.20216367 -0.00388122 0.33447257
v 0.19448140 -0.00760303 0.34254858
v 0.18942408 -0.00874356 0.33885494
v 0.19050342 -0.01086031 0.32965145
v 0.18323991 -0.01082807 0.33561757
v 0.17312004 -0.01101390 0.34931764
v -0.47549403 -0.09255384 -0.30388311
v -0.48122999 -0.11758114 -0.25378948
v -0.34191722 -0.38686696 -0.08018264
v -0.31881806 -0.36833778 -0.14531802
v -0.30861166 -0.43580621 -0.13000157
v -0.32634878 -0.46038666 -0.06313945
v -0.54554576 0.08113885 -0.20413664
v -0.53185964 0.03109969 -0.21729277
v -0.53217286 0.02895083 -0.19912268
v 0.28272042 0.04196487 0.34314567
v 0.20776224 -0.01244470 0.36345214
v -0.22940528 -0.48795488 0.20733799
v -0.16317886 -0.54993474 0.19896066
v 0.26854807 0.22306371 0.34582767
v 0.27234113 0.21289958 0.33812255
v 0.28836063 0.22389926 0.33888957
v 0.28580028 0.23782769 0.34531713
v 0.32382339 0.12398589 -0.00730976
v 0.36847520 0.18665783 -0.01324135
v 0.11198638 -0.33177537 -0.27836069
v 0.11114977 -0.26472288 -0.24802579
v 0.38465613 0.39334482 0.13740870
v 0.26351026 0.23483789 0.35293534
v 0.28550273 0.25005147 0.35383353
v 0.30274928 0.10741744 0.32161191
v 0.24939238 0.23277946 0.34645528
v 0.25802189 0.22239847 0.33908886
v 0.29882652 0.26343834 0.34489617
v 0.30039945 0.24768844 0.33738992
v 0.30092570 0.23137678 0.33108857
v 0.26492909 0.21255516 0.33176082
v -0.54115236 0.00414080 -0.16102251
v -0.58092189 -0.00734143 -0.11539554
v -0.61315769 0.09018087 -0.14248732
v -0.57627231 0.05948359 -0.17876613
v 0.25616521 0.27712929 0.32358500
v 0.30255494 0.59858376 0.26837841
v 0.35068893 0.55676824 0.19137327
v 0.29027620 0.71201670 0.22920085
v 0.34339100 0.67540562 0.14658074
v 0.37930152 0.62924618 0.04342967
v 0.39024001 0.50613964 0.08771883
v 0.24210165 0.28583115 0.35114199
v 0.25757062 0.30486092 0.36399454
v 0.00230394 0.75829500 0.43075567
v 0.06413875 0.73016667 0.41669685
v -0.07398783 0.78247637 0.44502038
v -0.05044698 0.81373674 0.40312093
v 0.02223305 0.79474980 0.38512081
v 0.11572596 0.75987327 0.35857767
v 0.25279775 0.53770602 0.35411999
v 0.23856558 0.63476324 0.33403715
v 0.16709943 0.65859503 0.38769960
v -0.72766274 0.26883245 0.08996526
v -0.71537060 0.27739266 0.05612343
v -0.71808094 0.21390450 0.05191805
v -0.72539449 0.21774863 0.08445109
v 0.21483338 0.74142468 0.29583755
v 0.11348680 0.81670237 0.30255818
v 0.19518216 0.80295241 0.24622232
v 0.08789080 0.86964852 0.24903436
v 0.15967247 0.86506188 0.18676794
v 0.22463666 0.85411793 0.10549415
v 0.26569191 0.78185016 0.17990892
v 0.03400689 0.82808071 0.34094909
v -0.03886832 0.84203374 0.36406389
v 0.01886974 0.86707699 0.29835397
v -0.03375982 0.86669070 0.32874638
v 0.12671712 0.66946840 0.41403526
v 0.17033772 -0.01868694 0.30906495
v 0.15193430 -0.02221266 0.32866439
v -0.66493571 0.67020947 0.34867513
v -0.62362891 0.68099952 0.40460405
v -0.60559428 0.73158973 0.37367147
v -0.64592630 0.71940541 0.31445849
v 0.12009700 0.04479501 0.39332253
v -0.02927600 0.01566436 -0.47161624
v -0.01860289 0.07640886 -0.52386761
v 0.10617532 0.07238550 -0.47985071
v 0.08784498 0.01214695 -0.43203095
v 0.00021806 0.16978270 0.56084323
v 0.01157562 0.25879765 0.53694350
v 0.06352546 0.21240047 0.50964159
v 0.04012160 0.12248491 0.51848656
v -0.56466842 0.84540886 0.18645449
v -0.52324116 0.86182076 0.24875151
v -0.48155096 0.89640933 0.19237569
v -0.52482373 0.87777054 0.13121887
v -0.72810453 0.07431327 0.18599506
v -0.73086214 0.03355306 0.17773330
v -0.72667587 0.02769002 0.21233517
v -0.72413480 0.07021285 0.21644698
v -0.00929201 0.34153390 0.52773428
v 0.06526241 0.30422127 0.52622092
v 0.05335091 0.39373088 0.50547570
v -0.02144796 0.43564609 0.54129452
v 0.39616436 0.58524269 -0.07314691
v 0.41240653 0.47768536 -0.05247290
v -0.50321037 -0.09739512 -0.19992815
v -0.50139004 -0.09103788 -0.19335607
v 0.41237965 0.39960966 -0.03608618
v -0.27681622 0.51630151 0.60995573
v -0.43207911 0.92669153 0.12748729
v -0.47760975 0.90565926 0.06783845
v 0.27680147 0.68876010 -0.35112941
v -0.25049371 0.68262100 0.55488312
v 0.34542453 0.71714675 -0.11661108
v 0.05421307 -0.27884603 -0.27054897
v 0.31101963 0.74744332 -0.20714493
v 0.31841773 0.74778736 0.10014160
v 0.35016602 0.70515448 0.01580957
v 0.37183359 0.65511400 -0.09245041
v 0.40370241 0.29847816 -0.02475982
v -0.10922509 0.86414534 0.36740589
v -0.17673200 0.29643011 0.61747891
v -0.17206001 0.26670200 0.61468440
v -0.18750897 0.32880822 0.62054741
v -0.18332908 0.23466536 0.61290485
v -0.46370310 0.12451742 0.55657572
v -0.47087428 0.10645184 0.56407315
v -0.47703573 0.08870047 0.57024193
v -0.44137126 0.09232631 0.56660932
v -0.44693601 0.06984048 0.57241887
v -0.51007622 0.07647734 0.58215308
v -0.50475669 0.10023309 0.57120579
v -0.48107710 0.06586213 0.57863921
v -0.48079190 0.04403808 0.58886296
v -0.51292521 0.05595551 0.59429961
v -0.43379420 -0.03300723 0.58558625
v -0.43206948 0.00195011 0.57875043
v -0.45234129 0.02597350 0.58168149
v -0.42040992 0.05609478 0.57763076
v -0.42675224 0.03133527 0.58052981
v -0.45121619 0.04915752 0.57698500
v -0.41223875 0.08071541 0.57391673
v -0.48024848 0.02165235 0.60728109
v -0.48204985 -0.00146499 0.63155168
v -0.51588166 0.03021994 0.61213225
v -0.54164791 0.03499701 0.61884445
v -0.53862345 0.06291219 0.60087633
v -0.43453646 0.11213244 0.56056774
v -0.40605742 0.10371320 0.56902707
v -0.40560979 0.01369553 0.59166133
v -0.38044071 -0.00210056 0.60717160
v -0.39474052 0.04598347 0.59042746
v -0.36990336 0.03345972 0.60593069
v -0.38654307 0.07265937 0.58584374
v -0.36087313 0.06233403 0.60117608
v -0.35641673 -0.02086874 0.61970276
v -0.33324111 -0.04302011 0.62732387
v -0.30502659 -0.07289049 0.62979960
v -0.31728306 -0.00464750 0.63161826
v -0.28777599 -0.03596841 0.63489592
v -0.30674329 0.03194328 0.63224697
v -0.27212426 0.00507463 0.63893044
v -0.59862250 0.14681093 0.44621164
v -0.59590936 0.16326453 0.43194044
v -0.60526508 0.13670896 0.40986040
v -0.60838306 0.12013023 0.42107934
v -0.64149207 0.48195165 0.47978055
v -0.64696681 0.54275727 0.46587789
v -0.69028163 0.53960931 0.42042786
v -0.68082929 0.47861212 0.43809983
v -0.34363818 0.01669013 0.62156957
v -0.33277532 0.04843192 0.61928105
v -0.35387158 0.09158144 0.59708762
v -0.37831581 0.09864940 0.58115768
v -0.30306965 0.11156981 0.62915826
v -0.30199173 0.07132180 0.63329279
v -0.32869986 0.08275543 0.61607814
v -0.32752728 0.11748807 0.61330807
v -0.26525891 0.05160873 0.64469039
v -0.27080017 0.10369353 0.64320171
v -0.27438116 0.13831778 0.63107347
v -0.36575782 0.17115429 0.58497632
v -0.39178905 0.17076169 0.56685346
v -0.34464380 0.17284521 0.59533370
v -0.30322379 0.14021832 0.62001818
v -0.32546160 0.14220165 0.60930371
v -0.23295765 0.19637541 0.61928165
v -0.25397471 0.18749252 0.62016916
v -0.30202147 0.17722292 0.61061144
v -0.32301989 0.17449707 0.60396421
v -0.27857280 0.18154794 0.61628783
v -0.41353285 0.17712156 0.55005848
v -0.43523979 0.18713900 0.53561336
v 0.23924257 -0.18095949 0.11000886
v -0.53696948 0.08766638 0.58865404
v -0.53263307 0.11272988 0.57611740
v -0.47941411 0.29179388 0.54788417
v -0.48160550 0.27183878 0.53154284
v -0.53595579 0.26375473 0.54120344
v -0.47243422 0.31893796 0.58019614
v -0.45601270 0.20219022 0.52598757
v -0.61927134 0.11726502 0.38287747
v -0.61943877 0.10224865 0.39314607
v -0.46509534 0.21562687 0.52137870
v -0.47326726 0.23344043 0.51784760
v -0.47983009 0.25163546 0.52198780
v -0.58226258 0.77947682 0.33630881
v -0.62356573 0.76726907 0.27496731
v -0.25849858 0.96223557 -0.18967073
v -0.29850817 0.96201253 -0.14784290
v -0.24146064 0.98662418 -0.10125910
v -0.19096857 0.98206711 -0.16950384
v -0.43304324 0.41409546 0.62852526
v -0.44912931 0.36386523 0.63842696
v -0.15893698 0.56685883 0.57596576
v -0.11643302 0.51211941 0.57204491
v -0.26682302 0.41514772 0.62725210
v -0.23316441 0.39319357 0.62474102
v -0.20489971 0.36339340 0.62299085
v -0.08415566 0.43788919 0.56228602
v -0.06378075 0.36005977 0.55031401
v -0.04617827 0.28204346 0.56653750
v -0.32677534 0.08115360 -0.42538795
v -0.39747909 0.06356277 -0.38584030
v -0.41241661 0.13761796 -0.40960521
v -0.33766997 0.17917271 -0.48726675
v -0.18473792 0.76895028 0.49460277
v -0.27951792 -0.45778784 0.14005053
v -0.22370695 -0.52287203 0.13999937
v 0.05225915 -0.34657034 -0.29645583
v -0.15805161 0.80494499 0.45425382
v -0.21648720 0.72559851 0.52752078
v -0.17645581 0.88387400 0.36070547
v -0.21018095 0.85522300 0.40910330
v -0.13300861 0.83641320 0.41177544
v -0.23749191 0.82248920 0.45349583
v -0.26341203 0.78483075 0.49317098
v -0.29500866 0.74069524 0.52670288
v -0.32459432 0.69423705 0.55473393
v -0.35736802 0.63504809 0.58566546
v 0.22834487 -0.17755112 -0.01810801
v -0.51491094 -0.00111093 0.58178282
v -0.52122957 -0.00112820 0.58183718
v -0.74777955 0.41586480 0.15739162
v -0.74853599 0.45148152 0.12290052
v -0.74974924 0.40319991 0.08988447
v -0.73974323 0.37619528 0.12759301
v -0.51770902 -0.00510833 0.57619554
v -0.52397472 -0.00456047 0.57576686
v -0.52353746 -0.01405986 0.57504547
v -0.52415806 -0.06116789 0.58500814
v -0.52604347 -0.04957453 0.58275652
v -0.52551782 -0.02748949 0.57572770
v 0.13006072 0.00552791 0.36809975
v -0.63840574 0.38849264 0.50335437
v -0.67643589 0.38382456 0.46970016
v -0.66149938 0.34363338 0.47663796
v -0.62938958 0.34725571 0.50637108
v -0.72395653 0.16890435 0.08879032
v -0.72050601 0.15059842 0.06054103
v -0.72319406 0.09247714 0.09170129
v -0.72407520 0.12020852 0.11320189
v -0.72745210 0.08469945 0.15931612
v -0.73067057 0.04570837 0.14710529
v -0.68428439 0.60552907 0.38944957
v -0.64066613 0.61243933 0.44099587
v -0.72642654 0.34280914 0.06602374
v -0.73106623 0.32548571 0.10400728
v -0.59387487 0.16829374 0.46861470
v -0.58985978 0.18291143 0.44923168
v -0.59156501 0.21549173 0.47540572
v -0.59733802 0.20401159 0.51215142
v -0.59845197 0.23507090 0.50596219
v -0.59875292 0.23792516 0.48045486
v -0.73434508 0.47213954 0.32595360
v -0.73709905 0.52722371 0.29713634
v -0.74570495 0.51573026 0.23337543
v -0.74234116 0.46485308 0.26288876
v -0.59791696 0.80923390 0.23351538
v -0.55632365 0.82316983 0.29588217
v -0.61416423 0.29780871 0.50693899
v -0.62935847 0.29795387 0.47922447
v -0.61545312 0.27619919 0.48029044
v -0.60757035 0.27612793 0.50513989
v -0.63296229 0.08953988 0.36664146
v -0.63625205 0.10598046 0.35791883
v -0.46560591 -0.10654595 -0.16208820
v -0.46854892 -0.10864396 -0.17792514
v -0.60901392 0.17361352 -0.23016192
v -0.60791874 0.11257377 -0.21789944
v -0.64382625 0.17488284 -0.15766124
v -0.64346480 0.24224582 -0.17848013
v -0.64455789 0.30877385 -0.20730591
v -0.64424294 0.36692405 -0.24267334
v -0.59824306 0.26817465 -0.27370587
v -0.60459298 0.22850363 -0.24621233
v -0.27150422 -0.41297373 -0.18283191
v -0.25736558 -0.34787229 -0.19453250
v -0.60139310 0.17707850 0.52390236
v -0.61027718 0.15403064 0.53687173
v 0.15550567 0.34978795 -0.58188283
v 0.15331244 0.26223484 -0.55672604
v 0.01689714 0.26850918 -0.61197925
v 0.01924113 0.35280952 -0.63333964
v -0.32275707 0.01577322 -0.38731039
v -0.39654073 0.00727970 -0.34929350
v -0.62302738 -0.04463028 0.50759888
v -0.59081268 -0.01224361 0.49746364
v -0.58814508 -0.03533999 0.49765953
v -0.58971041 -0.01582857 0.49784550
v -0.63329333 -0.05855973 0.51546407
v -0.65173930 -0.06508480 0.51326656
v -0.59045923 -0.05840418 0.49937308
v -0.58801985 -0.05654850 0.50320041
v -0.58609331 -0.03347809 0.50119013
v -0.59895009 -0.01068582 0.49568850
v -0.60686946 -0.08723000 0.59359848
v -0.62404579 -0.08230127 0.60631621
v -0.63926911 -0.07503747 0.58113873
v -0.62009680 -0.08042739 0.57833123
v -0.58627206 -0.01522152 0.51372373
v -0.58425748 -0.02983585 0.52266467
v -0.60947692 -0.04770901 0.55404645
v -0.60921282 -0.02337667 0.52487355
v -0.60168403 -0.00975715 0.50928289
v -0.61715090 -0.04568981 0.54156381
v -0.58978617 -0.07448873 0.53771347
v -0.62128937 -0.04398586 0.52548313
v -0.51628911 -0.03078550 -0.28217599
v -0.39563608 -0.30294627 -0.03057553
v -0.41918758 -0.20968461 -0.09075050
v -0.39965829 -0.21460576 -0.09853178
v -0.37041160 -0.30668712 -0.05350846
v -0.51275635 0.10123557 -0.34749010
v -0.71498638 0.44425175 -0.04877362
v -0.70527285 0.52306956 -0.10890099
v -0.67769617 0.44505891 -0.19068544
v -0.67593116 0.37242094 -0.15449882
v -0.67579937 0.58388567 -0.15387061
v -0.65537035 0.51564807 -0.23144200
v -0.62741405 0.43254817 -0.29275343
v -0.55914283 0.29453373 -0.35606202
v -0.70892894 0.17474583 0.26970434
v -0.71038175 0.17256063 0.26797909
v -0.70712841 0.16981289 0.27986708
v -0.70639098 0.17211197 0.28162038
v -0.70575464 0.17634879 0.26887190
v -0.70258158 0.17336200 0.27968505
v -0.70876038 0.17980386 0.26099572
v -0.71161371 0.17762423 0.26128384
v -0.71243805 0.17519931 0.25950497
v -0.64425790 0.18416287 0.35882723
v -0.64262331 0.18653892 0.35476464
v -0.65672952 0.17947812 0.34815508
v -0.66146809 0.17682678 0.35196200
v -0.64543921 0.18089160 0.35950148
v -0.66124851 0.17323552 0.35033202
v -0.61447805 0.20348179 0.33502722
v -0.61454159 0.20798086 0.33615613
v -0.61910039 0.19615872 0.33197010
v -0.62283981 0.20755908 0.35373875
v -0.62335002 0.21351272 0.35787898
v -0.61526817 0.21936782 0.33913898
v -0.61445004 0.21221392 0.33650565
v -0.62288088 0.20185694 0.35427505
v -0.61926138 0.19944233 0.36244610
v -0.61756355 0.20497064 0.36268434
v -0.62025499 0.20696275 0.36761257
v -0.68365341 0.16382197 0.32945326
v -0.68410552 0.15876664 0.32687542
v -0.66300684 0.16410746 0.34789580
v -0.66186845 0.16863327 0.34907928
v -0.68283302 0.16731036 0.33130592
v -0.69575876 0.16816661 0.31345862
v -0.69678748 0.16358484 0.31039721
v -0.69578761 0.15913479 0.30814695
v -0.64487773 0.17330484 0.36114955
v -0.64407444 0.17771094 0.36054549
v -0.69375640 0.15499198 0.30560565
v -0.68269658 0.15472278 0.32339537
v -0.66289550 0.15934889 0.34608451
v -0.64567786 0.17017511 0.36157125
v -0.63049310 0.18377240 0.37166426
v -0.63470280 0.18256664 0.36686096
v -0.68041009 0.15094450 0.32141352
v -0.67983609 0.14508252 0.31992978
v -0.65958327 0.15059705 0.34462303
v -0.66096264 0.15497401 0.34490985
v -0.69104296 0.15050142 0.30309647
v -0.68961734 0.14468890 0.30162832
v -0.71338713 0.17829421 0.24272314
v -0.71362603 0.18152609 0.23700447
v -0.71299291 0.17825091 0.23490791
v -0.71268129 0.17498021 0.23803458
v -0.71072638 0.16262552 0.20263040
v -0.71312624 0.17143610 0.19551188
v -0.71421605 0.16425878 0.17747156
v -0.71200079 0.15476824 0.18868659
v -0.72563964 0.09803585 0.13422430
v -0.71473891 0.13717777 0.17633398
v -0.71543741 0.14771840 0.15982860
v -0.71313787 0.17513609 0.24925674
v -0.71243083 0.17242076 0.25704080
v -0.71332735 0.17796136 0.25199148
v -0.71385968 0.18128322 0.24537778
v -0.71284270 0.17148988 0.24479033
v -0.71252590 0.16862060 0.25345585
v -0.71107143 0.16984989 0.26557881
v -0.71139818 0.16531126 0.26211005
v -0.70810390 0.16203034 0.27509433
v -0.70795363 0.16669749 0.27708048
v -0.70337772 0.16517650 0.29249603
v -0.70232195 0.16890933 0.29553103
v -0.70282048 0.15993905 0.29097128
v -0.70747083 0.15754193 0.27298895
v -0.70203978 0.15568742 0.28807089
v -0.71041548 0.16092367 0.25859261
v -0.71114522 0.16484347 0.24817924
v -0.71136475 0.16864084 0.23899962
v -0.71201640 0.17222540 0.23206133
v -0.71326143 0.17676221 0.22808108
v -0.70970422 0.16512696 0.23143433
v -0.70938462 0.16130464 0.22338574
v -0.70833302 0.15611583 0.23621170
v -0.70914531 0.16087082 0.24179561
v -0.71110630 0.16958553 0.22307424
v -0.71068823 0.16657256 0.21347368
v -0.70836300 0.15689057 0.25396708
v -0.70704406 0.15217322 0.24981444
v -0.70380360 0.14792745 0.26749507
v -0.70612067 0.15337707 0.27054349
v -0.70291567 0.15000863 0.28367448
v -0.70025688 0.14442457 0.28094745
v -0.68146890 0.17143020 0.33317387
v -0.67617691 0.17283444 0.33177385
v -0.68996131 0.17308691 0.31414270
v -0.69395912 0.17171971 0.31660587
v -0.70095313 0.17143241 0.29790625
v -0.69715083 0.17416468 0.29475871
v -0.67889100 0.16924509 0.30332521
v -0.66034335 0.17853306 0.28922451
v -0.67237180 0.17766915 0.27209654
v -0.69114918 0.16986440 0.28365204
v -0.66228932 0.16936438 0.32234871
v -0.64643550 0.18242666 0.30689219
v -0.64624882 0.17575388 0.33886376
v -0.63116264 0.18876323 0.32140687
v -0.63545126 0.18775475 0.34896475
v -0.70743608 0.23775238 0.33741820
v -0.71043146 0.25043064 0.33305949
v -0.72239345 0.24503726 0.31205872
v -0.71877849 0.23248518 0.31669480
v -0.11302631 0.09248336 -0.51953125
v -0.09142780 0.18908182 -0.57316566
v 0.00635670 0.16515785 -0.57579136
v -0.72698277 0.20145060 0.29715249
v -0.72844881 0.21166153 0.29491866
v -0.73223209 0.20609041 0.27506095
v -0.73024285 0.19735579 0.27701342
v -0.72552460 0.19334212 0.29729894
v -0.72680241 0.19118617 0.27712756
v -0.71780378 0.19697158 0.31892112
v -0.71789008 0.20680168 0.31841493
v -0.71820354 0.21927470 0.31716606
v -0.70834661 0.20867385 0.24490796
v -0.70738590 0.21826974 0.25307855
v -0.71362782 0.19713466 0.26968631
v -0.71297354 0.19459902 0.25963187
v -0.70773059 0.20501514 0.23883207
v -0.71254665 0.19415903 0.25161234
v -0.68972790 0.21421947 0.22409211
v -0.68903041 0.21975721 0.23066904
v -0.68778610 0.22734272 0.24036776
v -0.68996853 0.20979038 0.22039294
v -0.69012195 0.20577350 0.21876688
v -0.68902916 0.20091069 0.21876843
v -0.68784004 0.19627404 0.22189116
v -0.72068876 -0.00727627 0.12667000
v -0.72739446 0.06408601 0.11903506
v -0.71847510 0.01328229 0.09438802
v -0.71228701 0.18052672 0.25434595
v -0.71294677 0.18398878 0.24817863
v -0.70965534 0.18334934 0.25517097
v -0.71051419 0.18665408 0.25058803
v -0.71299583 0.18749961 0.24286090
v -0.71355152 0.18506007 0.23880556
v -0.70001346 0.17485997 0.25827459
v -0.68445808 0.18162407 0.24655303
v -0.68717200 0.18507934 0.23770121
v -0.70104891 0.18158756 0.24974875
v -0.69682735 0.17038976 0.26814651
v -0.67917347 0.17881000 0.25828388
v -0.68796885 0.18850829 0.23172812
v -0.68769032 0.19272172 0.22635104
v -0.70262784 0.18547662 0.24454057
v -0.70283097 0.18866946 0.23884478
v -0.71081662 0.18970098 0.24681753
v -0.70428914 0.19644353 0.23322095
v -0.70546097 0.19945493 0.23348463
v -0.70989823 0.19140339 0.24378029
v -0.70968223 0.19454253 0.23994763
v -0.70321268 0.19294794 0.23460439
v -0.70656323 0.20202440 0.23530678
v -0.71097928 0.19426517 0.24505262
v -0.71360749 0.18262108 0.23272730
v -0.71385676 0.18844533 0.23432842
v -0.71672636 0.19283576 0.22840878
v -0.71427035 0.18237795 0.22647221
v -0.71546841 0.18252638 0.21635441
v -0.71263200 0.17499183 0.21798813
v -0.72131020 0.19566785 0.21849921
v -0.72524577 0.20239490 0.20691299
v -0.71741635 0.18381354 0.20493391
v -0.71298623 0.17413773 0.20808177
v -0.71278614 0.19033146 0.23930264
v -0.71350598 0.19193307 0.23683129
v -0.72441244 0.19805409 0.22979349
v -0.72847319 0.20368208 0.22381498
v -0.71914798 0.19424939 0.23742136
v -0.72191763 0.19264312 0.24871647
v -0.72761559 0.19728476 0.24395977
v -0.73123783 0.20310824 0.24014658
v -0.72949022 0.19605272 0.25888589
v -0.73269916 0.20339389 0.25651735
v -0.72440112 0.19107860 0.26167554
v -0.71429306 0.19258086 0.24316409
v -0.71576017 0.19137838 0.25203460
v -0.71773422 0.19009876 0.26263610
v -0.72055101 0.18952075 0.27561888
v -0.72233772 0.19151129 0.29372874
v -0.71394080 0.20282833 0.28615758
v -0.71629786 0.19242862 0.31660026
v -0.70806265 0.20635569 0.30889910
v -0.71620440 0.26155686 0.32966098
v -0.73146832 0.25648108 0.30553865
v -0.69820523 0.23303415 0.29028308
v -0.67626566 0.24208918 0.27836910
v -0.66928434 0.24401787 0.29675832
v -0.68647194 0.23525879 0.31551719
v -0.62560266 0.21141174 0.35816821
v -0.62978810 0.21300438 0.35850325
v -0.62072963 0.22881241 0.34014267
v -0.61573505 0.22281754 0.33990461
v -0.62557787 0.20505494 0.36815652
v -0.63405621 0.20393987 0.36527905
v -0.65211993 0.22815020 0.35316589
v -0.64093059 0.24122733 0.32924417
v -0.62793893 0.23750149 0.33879477
v -0.63899940 0.22064245 0.35900611
v -0.66094506 0.20555864 0.35787475
v -0.64582819 0.20386077 0.36248961
v -0.69291186 0.20853253 0.33029878
v 0.11461231 0.57231623 -0.58136833
v 0.14316629 0.47901317 -0.59863055
v 0.00809381 0.47414309 -0.64093244
v -0.01474156 0.55604523 -0.60405475
v -0.70618659 0.22732681 0.26686907
v -0.68390131 0.23559004 0.25802994
v -0.09780775 0.55725640 -0.59504008
v -0.11258455 0.61416131 -0.57335287
v -0.04953789 0.62902272 -0.56787556
v -0.17626593 -0.26892379 -0.26999560
v -0.10449490 -0.31565502 -0.29065007
v -0.62788934 0.20213090 0.37565127
v -0.63731116 0.20241217 0.37331966
v -0.62136817 0.20157665 0.37614623
v -0.61804008 0.20189209 0.38196832
v -0.62553704 0.20462859 0.38075724
v -0.63563412 0.20645601 0.37904584
v -0.64918864 0.20290589 0.37039748
v -0.64831567 0.20762667 0.37576202
v -0.66583449 0.20746256 0.36768767
v -0.66674012 0.20257726 0.36334902
v -0.70098329 0.19513305 0.33766711
v -0.70047855 0.19992501 0.34076604
v -0.66483796 0.21722104 0.36910534
v -0.64722645 0.21646029 0.37810180
v -0.66617733 0.22863998 0.36931744
v -0.64720488 0.22885168 0.37584835
v -0.70158798 0.22428720 0.34015289
v -0.69959390 0.21099423 0.34075066
v -0.63212073 0.18803617 0.36762279
v -0.62097514 0.19495024 0.37625182
v -0.63072652 0.19098791 0.36426052
v -0.62119234 0.19784023 0.37016577
v -0.63007849 0.19145893 0.35835138
v -0.61844915 0.20204164 0.37328610
v -0.61464220 0.20095748 0.38095558
v -0.62580305 0.19607414 0.35299340
v -0.61945724 0.21152863 0.38263556
v -0.61144304 0.20522186 0.38459346
v -0.61004293 0.22046232 0.38331935
v -0.60356599 0.20935422 0.38683382
v -0.62588596 0.23178416 0.37962660
v -0.63117141 0.21562444 0.38057443
v -0.60906535 0.19988984 0.38563442
v -0.61351138 0.19545835 0.38386360
v -0.60329145 0.20030732 0.38807017
v -0.60692984 0.19541147 0.38663888
v -0.64519864 0.16639832 0.36275703
v -0.64212370 0.16283686 0.36315539
v -0.62778711 0.18118715 0.37612388
v -0.62367129 0.17843962 0.37797460
v -0.67634153 0.13922124 0.31905165
v -0.68760866 0.13933168 0.30068138
v -0.67118567 0.13299312 0.32072523
v -0.68393093 0.13129507 0.30137518
v -0.65068066 0.13860592 0.34504110
v -0.65583748 0.14483081 0.34422076
v -0.19814168 -0.57027239 0.14194469
v -0.70970815 0.15620029 0.21525422
v -0.71107656 0.14658247 0.20480238
v -0.70886153 0.14039375 0.22239986
v -0.70834124 0.15127277 0.22972253
v -0.70561200 0.14620790 0.24546352
v -0.70662457 0.13523188 0.24296013
v -0.70020413 0.13260418 0.26279390
v -0.70165157 0.14169724 0.26370215
v -0.69768441 0.13918051 0.27860507
v -0.69308752 0.13154972 0.28010297
v -0.71720964 0.18214934 0.18925069
v -0.72615904 0.20229928 0.18182696
v -0.71870315 0.17654614 0.16992190
v -0.72969908 0.19894251 0.15911931
v -0.60137868 0.23053305 0.38721335
v -0.59501839 0.21497038 0.39044076
v -0.59436071 0.23772211 0.40131846
v -0.58840531 0.21975039 0.40162653
v -0.61024034 0.25603032 0.40138295
v -0.61707777 0.24977113 0.38583645
v -0.59788001 0.20173003 0.38975453
v -0.60040617 0.19418542 0.38627979
v -0.59227580 0.20171209 0.39679793
v -0.59600711 0.19076212 0.39172050
v -0.63757491 0.15797876 0.36243808
v -0.63148880 0.15215434 0.36313570
v -0.61754084 0.17552465 0.37626854
v -0.61131942 0.16957207 0.37988397
v -0.13973244 0.02588511 -0.46296835
v -0.08970602 0.28775635 -0.60873318
v -0.76852590 0.28324586 0.25171950
v -0.75760782 0.26532447 0.26756829
v -0.74965739 0.27195409 0.29810420
v -0.76782012 0.29176503 0.28805846
v -0.76706076 0.31113380 0.23322941
v -0.76395309 0.29254803 0.20672613
v -0.76460338 0.27187213 0.22451994
v -0.75710261 0.25581911 0.24194318
v -0.73823166 0.21900819 0.18462896
v -0.73505932 0.21860614 0.20202044
v -0.74359149 0.23028329 0.20754604
v -0.74720669 0.23522776 0.19170494
v -0.73942941 0.22050600 0.16098092
v -0.74912953 0.24422194 0.16791357
v -0.75559098 0.25291425 0.20479380
v -0.75041282 0.24292833 0.22251047
v -0.75799501 0.26761582 0.18593593
v -0.67135757 0.28110039 0.38137737
v -0.66935933 0.26974156 0.37061128
v -0.64344901 0.25990230 0.37826410
v -0.63808644 0.26671234 0.38858333
v -0.67169046 0.28924876 0.39231443
v -0.63308811 0.27082086 0.40110084
v -0.75172782 0.30100840 0.33342350
v -0.73131168 0.27788082 0.33098677
v -0.66817844 0.23952092 0.37096354
v -0.65295279 0.23751238 0.37572598
v -0.66885221 0.24916779 0.36732665
v -0.64854789 0.24391869 0.37429693
v -0.23979981 0.68764871 -0.53176105
v -0.31258702 0.73037130 -0.49067762
v -0.21042837 0.81581730 -0.45547822
v -0.14641641 0.76048481 -0.50304723
v -0.72834826 0.22305223 0.29112855
v -0.73185217 0.23582941 0.28950515
v -0.73479712 0.22861461 0.26832479
v -0.73095888 0.21664543 0.27135149
v -0.73125374 0.21252218 0.25392461
v -0.73362225 0.22357212 0.24768101
v -0.73300874 0.21794772 0.23002173
v -0.73000336 0.21037689 0.23646049
v -0.72953403 0.21030143 0.22516587
v -0.73108137 0.21331257 0.21774071
v -0.65146470 0.25263685 0.37577030
v -0.66847128 0.25746405 0.36880228
v -0.09039280 0.48121190 -0.61828613
v -0.73834336 0.56273538 0.19556782
v -0.73821396 0.53478879 0.13060959
v -0.74584377 0.49252000 0.17133997
v -0.74131221 0.24785298 0.28101873
v -0.74328095 0.24052997 0.25729179
v -0.74129057 0.23325187 0.23674835
v -0.73846692 0.22487217 0.22108783
v -0.73520130 0.21887231 0.21290787
v -0.52802038 0.01259125 -0.19460919
v -0.52918291 0.00857262 -0.20846318
v -0.46588349 0.01696907 -0.36974102
v -0.46438068 0.06973176 -0.36231360
v -0.47556579 0.09099447 -0.35175589
v -0.53171563 0.14529620 -0.32000387
v -0.53820044 0.15957350 -0.34775084
v -0.49777922 -0.07534759 -0.31601298
v -0.50531954 -0.07919466 -0.28788519
v -0.49638742 -0.07180739 -0.32177731
v -0.52881294 0.11870229 -0.41236463
v -0.52485752 0.10676941 -0.41543576
v -0.53440934 0.10307357 -0.41584232
v -0.17635950 -0.09419772 -0.33941665
v -0.14709073 -0.01754132 -0.41010484
v -0.51957607 0.09459993 -0.41820329
v -0.52834523 0.03236298 -0.23445910
v -0.47029439 0.00936683 -0.36978164
v -0.46860361 0.00432661 -0.37951976
v -0.46193111 -0.02442690 -0.37094259
v -0.46696532 -0.02329131 -0.36967635
v -0.46835423 -0.05254413 -0.35354158
v -0.47043729 -0.05058117 -0.35373965
v -0.49244592 -0.06328175 -0.34386596
v -0.48914188 -0.04506035 -0.36483297
v -0.54018718 0.16041331 -0.35803321
v -0.54153627 0.15550502 -0.34803182
v -0.54278356 0.15769739 -0.36177632
v -0.52653629 0.02525101 -0.24202296
v -0.52201414 0.13803089 -0.31217802
v -0.52582294 0.12898517 -0.30067924
v -0.52083951 0.12859905 -0.30353752
v -0.49483991 0.05618023 -0.25511926
v -0.49352083 0.06203958 -0.25544173
v -0.50146663 0.04772562 -0.25286755
v -0.51657182 0.03688789 -0.25324264
v -0.48842922 -0.00714708 -0.22942984
v -0.47705445 -0.01403839 -0.23754415
v -0.47902250 -0.01637761 -0.23114935
v -0.54203576 0.18305795 -0.38117203
v -0.52715433 0.12570463 -0.29838362
v -0.53376079 0.13068388 -0.30417612
v -0.53663647 0.13495441 -0.30716500
v -0.54473227 0.15342714 -0.36399412
v -0.53610528 0.13810238 -0.31159464
v -0.53131068 0.13774355 -0.30941367
v -0.53609473 0.14374979 -0.32106778
v -0.52638257 0.13607018 -0.31041321
v -0.45206070 0.00217709 -0.31643069
v -0.45533863 0.00693824 -0.30018431
v -0.57980192 0.12181571 -0.25147331
v -0.54452276 0.11095677 -0.24936795
v -0.51376748 -0.07609034 -0.27521631
v -0.49957612 0.12415309 -0.32752457
v -0.49618340 0.14776525 -0.33888221
v -0.49246615 -0.01949493 -0.37998822
v -0.50306249 -0.02442088 -0.31225720
v -0.50455689 -0.01956469 -0.29466423
v -0.50429684 -0.02361611 -0.32986501
v -0.50785255 -0.01380124 -0.34813464
v -0.47529620 0.09882415 -0.30139738
v -0.51729047 0.09365930 -0.36497924
v -0.51776814 0.08068029 -0.36750722
v -0.51358366 0.09795575 -0.35535231
v -0.50751048 0.17483395 -0.33521965
v -0.51512593 0.16768700 -0.32733101
v -0.50940961 0.13450739 -0.32404390
v -0.51427281 0.15167406 -0.32492608
v -0.49698332 0.01353113 -0.23931897
v -0.47494906 -0.02084477 -0.24290530
v -0.47612393 -0.01243819 -0.25614738
v -0.48164737 -0.02224133 -0.25444177
v -0.47701949 -0.01732589 -0.26281768
v -0.47095862 -0.00821580 -0.27063406
v -0.46491563 0.00017752 -0.28086802
v -0.45770231 0.00963564 -0.28732559
v -0.49224457 0.03595063 -0.24798186
v -0.55236280 0.17940524 -0.29167706
v -0.49117535 0.02470347 -0.24528570
v -0.49756977 0.04778728 -0.25293922
v -0.49979305 0.03709889 -0.24929297
v -0.49993828 0.02520625 -0.24540599
v -0.51955265 -0.03105611 -0.24939442
v -0.51572061 -0.02101701 -0.26571953
v -0.51368499 -0.02542919 -0.24382024
v -0.51020539 -0.01573891 -0.28095528
v -0.50914073 -0.02294298 -0.24008627
v -0.50547916 0.13059014 -0.32684815
v -0.50684536 0.15335804 -0.33036709
v -0.53704149 0.03703664 -0.18376176
v -0.71415699 0.04960087 0.05864607
v -0.70929700 0.11685444 0.02194228
v -0.54208636 -0.26389948 0.31123316
v -0.53519350 -0.28496739 0.31233117
v -0.71829814 -0.02786590 0.16160411
v -0.70845103 -0.04720728 0.20346092
v -0.59625900 -0.24430871 0.38641995
v -0.59075242 -0.24879310 0.38855737
v -0.58577412 -0.24783336 0.39401165
v -0.59019148 -0.24458151 0.39112756
v -0.57029128 -0.24224567 0.38567936
v -0.57261640 -0.24190776 0.38210589
v -0.57716399 -0.24561247 0.38752058
v -0.57458806 -0.24508506 0.39068389
v -0.64486009 -0.14855085 0.37690687
v -0.66025847 -0.12094598 0.35030007
v -0.66052741 -0.15019821 0.33416617
v -0.64892912 -0.17257166 0.36020100
v -0.55476522 -0.23728979 0.33470121
v -0.55766720 -0.22825894 0.34062549
v -0.56501156 -0.23193684 0.36564648
v -0.56494343 -0.23638409 0.35940886
v -0.54984766 -0.25477505 0.33192849
v -0.56101453 -0.24561419 0.35737756
v -0.55009645 -0.24035853 0.31361327
v -0.55252111 -0.22489703 0.32314074
v -0.61791283 -0.28653499 0.31639826
v -0.61228788 -0.27245826 0.34410709
v -0.62482643 -0.25524953 0.34854469
v -0.63092232 -0.25953889 0.32054517
v -0.63644260 -0.06906936 0.39074937
v -0.65026993 -0.09373908 0.37213254
v -0.63607204 -0.12072908 0.39270312
v -0.62193573 -0.09113792 0.40864709
v -0.61209631 -0.06363019 0.42328826
v -0.62259573 -0.04423054 0.40833718
v -0.62851757 -0.01705720 0.44392973
v -0.63944644 -0.04535600 0.44622096
v -0.65370148 -0.05674407 0.46098295
v -0.65003383 -0.03751666 0.45515540
v -0.63288152 -0.08243026 0.46417165
v -0.63372940 -0.06159850 0.43884143
v -0.60755730 -0.08660769 0.48569870
v -0.61078793 -0.08279958 0.49104530
v -0.62231672 -0.08317403 0.45809641
v -0.61115068 -0.08385558 0.45027894
v -0.60430521 -0.08888758 0.47940725
v -0.60814494 -0.07868035 0.49840984
v -0.62700713 -0.07934899 0.48475128
v -0.64941716 -0.07310690 0.48430949
v -0.60430151 -0.08024023 0.57092255
v -0.62250161 -0.07810353 0.57282728
v -0.60226494 0.14893106 0.48349681
v -0.60432386 0.12602778 0.45720264
v -0.61006892 0.12646076 0.49313131
v -0.60991603 0.10685097 0.46695414
v -0.66071820 -0.06281558 0.50618219
v -0.66781616 -0.04332701 0.48876151
v -0.66048896 -0.05731624 0.53606361
v -0.66784132 -0.03592155 0.52834320
v -0.60240871 0.25745696 0.50543982
v -0.57597733 -0.09190761 0.55748600
v -0.57637507 -0.09297124 0.55294693
v -0.58285326 -0.08806065 0.56746560
v 0.03446894 0.72056174 -0.50210220
v -0.02217326 0.81021327 -0.45689914
v -0.12585227 0.91581225 -0.35302517
v -0.16856460 0.94650882 -0.28405842
v -0.57427359 -0.19452810 0.54977953
v -0.57520729 -0.17590807 0.54740834
v -0.54655737 -0.18576869 0.45475727
v -0.52562690 -0.18190153 0.48517060
v -0.53074235 -0.20938000 0.50122291
v -0.54930067 -0.21070348 0.47385740
v -0.56135511 -0.21315090 0.44557741
v -0.55977583 -0.18879865 0.42653790
v -0.54540902 -0.16027957 0.44082755
v -0.52472758 -0.15529194 0.47387883
v -0.56229609 -0.23065260 0.49458984
v -0.54726994 -0.23047069 0.52365285
v -0.55930293 -0.22285880 0.53626311
v -0.57442087 -0.22694583 0.50468993
v -0.61219800 -0.10416584 0.43921471
v -0.60288185 -0.10245930 0.46613047
v -0.59757835 -0.10241333 0.49864495
v -0.59123355 -0.10353585 0.52576327
v -0.58941990 -0.09202227 0.52779478
v -0.59566224 -0.08915158 0.50546068
v -0.58709598 -0.08878970 0.53058636
v -0.59410292 -0.08499400 0.50922024
v -0.59467870 -0.08372752 0.51364535
v -0.59786808 -0.07930525 0.51277405
v -0.59090239 -0.07986324 0.52790046
v -0.59308404 -0.07444646 0.52335638
v -0.58681387 -0.08660115 0.53363436
v -0.63060308 0.07432073 0.57188565
v -0.62673050 0.10320244 0.56043351
v -0.59571749 -0.16473775 0.52310604
v -0.57618511 -0.15980430 0.54488176
v -0.57697409 -0.13271026 0.54597461
v -0.59561479 -0.13450792 0.52322125
v -0.60536551 -0.14067879 0.49270275
v -0.60874385 -0.17709278 0.49203861
v -0.57761353 -0.09561340 0.54967928
v -0.59526503 -0.18073957 0.52497965
v -0.59057385 -0.19917072 0.52432466
v -0.60662985 -0.19455715 0.49236330
v -0.60003072 -0.21014696 0.49028701
v -0.61673266 -0.19518612 0.45862818
v -0.61688596 -0.15475710 0.45797727
v -0.62974864 -0.16988543 0.41806218
v -0.61861283 -0.21256855 0.42483419
v -0.63089257 -0.23751730 0.35784978
v -0.60468733 -0.24640276 0.37855563
v -0.60881507 -0.24078092 0.38285732
v -0.61287826 -0.23247291 0.39220449
v -0.63616383 -0.21608098 0.36972728
v -0.63910598 -0.23277855 0.33237278
v -0.64521557 -0.20159383 0.34438416
v -0.63799679 -0.19273444 0.38809383
v -0.61618447 -0.22322792 0.40454501
v -0.60109025 -0.23935831 0.39126253
v -0.59317130 -0.24125150 0.39322817
v -0.60356373 -0.23380622 0.39871672
v -0.59573793 -0.23695128 0.40063840
v -0.60527468 -0.22944731 0.40909430
v -0.59648764 -0.23328908 0.40982828
v -0.59741426 -0.23113173 0.42342064
v -0.60791981 -0.22442524 0.42532319
v -0.57850742 -0.23646520 0.40026304
v -0.57753956 -0.23439869 0.41131046
v -0.58207226 -0.23691328 0.41855079
v -0.58285940 -0.23823220 0.40669647
v -0.57732308 -0.23793019 0.38948128
v -0.58220780 -0.24047002 0.39827684
v -0.56840825 -0.22551861 0.37827888
v -0.56916583 -0.22010781 0.39475304
v -0.57551450 -0.24016277 0.38014144
v -0.57947844 -0.24204527 0.38618582
v -0.58557987 -0.24435967 0.39474908
v -0.58804005 -0.23974943 0.40003750
v -0.58848947 -0.23654626 0.40910104
v -0.58762139 -0.23504458 0.42089120
v -0.59110671 -0.22231656 0.48500758
v -0.60191900 -0.22202952 0.45929390
v -0.59133554 -0.23042519 0.45371911
v -0.58069789 -0.23216866 0.47685295
v -0.58208752 -0.23414193 0.44771025
v -0.56214666 -0.16602077 0.41403896
v -0.56950933 -0.23071252 0.46832219
v -0.56644195 -0.19609073 0.39881185
v -0.56451172 -0.17898431 0.38179439
v -0.56698000 -0.21614990 0.41889852
v -0.56036592 -0.21761958 0.35165533
v -0.56450796 -0.20670210 0.37432805
v -0.55666161 -0.21404108 0.33319452
v -0.56325358 -0.19431628 0.35795391
v -0.57362229 -0.23297822 0.43760672
v -0.61043757 -0.21067140 0.46010384
v -0.58171242 -0.21375208 0.51626897
v -0.56578958 -0.20947304 0.54443628
v -0.64375931 0.00973311 0.59829313
v -0.63555765 0.04344169 0.58400738
v -0.58069575 -0.24648455 0.39467698
v -0.07045232 -0.59810531 0.22893256
v -0.59647524 -0.25145212 0.37763712
v -0.54159290 -0.26861376 0.33002001
v -0.55502850 -0.25380701 0.35816634
v -0.59873718 -0.31269646 0.32496342
v -0.57848841 -0.33403403 0.35092044
v -0.58192664 -0.30781341 0.37169710
v -0.59797800 -0.29104218 0.34885210
v -0.58272773 -0.27038705 0.40151453
v -0.58915544 -0.25945479 0.38504806
v -0.58601922 -0.25335893 0.39527309
v -0.58322191 -0.25916097 0.41095182
v -0.58206242 -0.25063679 0.41824451
v -0.58300573 -0.24859998 0.40130237
v -0.56674767 -0.23939416 0.41425246
v -0.56122518 -0.23118462 0.44032684
v -0.53277886 -0.24965838 0.41673279
v -0.54444283 -0.25542602 0.39175814
v -0.55208540 -0.25637579 0.36789402
v -0.56905276 -0.24321596 0.39163575
v -0.57481754 -0.23944293 0.41722253
v -0.57428640 -0.24491820 0.39658621
v -0.56861722 -0.23123603 0.44598478
v -0.13206716 -0.58669657 0.18895860
v -0.57959509 -0.24572811 0.40121576
v -0.57883614 -0.24197243 0.41921747
v -0.57724071 -0.23589778 0.44878635
v -0.58039397 -0.25148553 0.44946769
v -0.58167183 -0.26508549 0.44604287
v -0.57795882 -0.28139594 0.43587276
v -0.56732690 -0.32333699 0.40359297
v -0.56275958 -0.35350218 0.38900825
v -0.55233824 -0.33228013 0.44348067
v -0.54705787 -0.36385083 0.43432039
v -0.57356650 -0.28879982 0.47542197
v -0.57927066 -0.26692438 0.48343763
v -0.57793838 -0.25160670 0.48365062
v -0.57321006 -0.23334940 0.47991267
v -0.57838690 -0.10434321 0.54613632
v -0.58800548 -0.08053672 0.54026592
v -0.59292775 -0.08088197 0.55706143
v -0.63958353 -0.07124955 0.56656736
v -0.59301621 -0.08772734 0.58022237
v -0.65664774 -0.05964406 0.55192012
v -0.65194768 -0.06460445 0.56749845
v -0.66078490 -0.05319075 0.56837749
v -0.66313726 -0.04795320 0.55612749
v -0.64753348 -0.06865436 0.58205587
v -0.65896302 -0.05505088 0.57908863
v -0.63364196 -0.07580849 0.61194271
v -0.65109140 -0.05500642 0.61795807
v -0.65184730 -0.01608284 0.60871786
v -0.65448540 -0.03927793 0.61662740
v -0.66211897 -0.04295300 0.57019746
v -0.65991318 -0.02905373 0.55751693
v -0.64908433 -0.00797196 0.54330903
v -0.65736169 -0.01411724 0.51299304
v -0.31368577 0.97604340 -0.02242591
v -0.56391609 -0.22674048 0.47505972
v -0.55208999 -0.22779688 0.46506628
v -0.49399069 -0.31127161 0.37802997
v -0.50912470 -0.28448522 0.39159206
v -0.49261868 -0.28445897 0.41281444
v -0.47669604 -0.31257194 0.39954168
v -0.53604037 -0.22568566 0.48538917
v -0.50542855 -0.24708094 0.45745769
v -0.51959902 -0.24727543 0.43909177
v -0.54813337 -0.22555897 0.49910298
v -0.55912822 -0.23344307 0.50783616
v -0.56673324 -0.25183219 0.51462513
v -0.47622341 -0.28625566 0.43164229
v -0.46124703 -0.31248158 0.41727731
v -0.53625208 -0.27927884 0.33855572
v -0.52752471 -0.30010581 0.32277691
v -0.52375376 -0.28323019 0.36347425
v -0.51120377 -0.31094575 0.34919000
v -0.52982074 -0.36199987 0.47292998
v -0.53611511 -0.33398858 0.47946975
v -0.56620973 -0.26941299 0.51459998
v -0.55903226 -0.29165712 0.50472391
v -0.07290761 0.86990678 -0.40910813
v -0.71221101 0.57387978 -0.04617483
v -0.72565019 0.52763367 0.00424174
v -0.72486073 0.58057839 0.07233036
v -0.71352732 0.61834747 0.02431505
v -0.68377805 0.62278354 -0.09323634
v -0.68761498 0.66094470 -0.02120932
v -0.37052482 0.89800280 -0.24845602
v -0.43136552 0.88535297 -0.17735022
v -0.36220181 0.94996858 -0.07694545
v -0.28914812 0.91359073 -0.30006275
v -0.30601728 0.84595400 -0.39340347
v -0.40051657 0.85173917 -0.30654812
v -0.46010697 0.84197032 -0.22790176
v -0.10038820 -0.38451961 -0.30310726
v -0.08617914 0.36930126 -0.62840921
v -0.50973624 0.82988536 -0.15177935
v -0.48546538 0.86821061 -0.10380318
v -0.53679788 0.84663361 -0.03811292
v -0.55354673 0.81379068 -0.08669560
v -0.42252791 0.92961085 -0.00171515
v -0.37675065 0.95326525 0.05689848
v 0.13542299 0.15885645 -0.52127844
v -0.61997902 0.13099556 0.54853565
v -0.24795444 -0.20426314 -0.26084515
v -0.33441511 -0.21380129 -0.18865827
v -0.31232151 -0.51815641 -0.05792960
v -0.46501532 -0.11001562 -0.22833559
v -0.46065113 -0.10952040 -0.23299143
v -0.36610442 -0.30362090 -0.10759369
v -0.38871098 -0.22419953 -0.13225287
v -0.17863819 -0.18628544 -0.29254270
v -0.46087629 -0.05724839 -0.34193996
v -0.45776144 -0.03393688 -0.35753122
v -0.46918029 -0.06451121 -0.33985046
v -0.46717837 -0.04105178 -0.35534066
v -0.46677002 -0.01599175 -0.36480573
v -0.47355667 -0.07331137 -0.33317974
v -0.52506262 0.16697311 -0.32644767
v -0.53028458 0.17753364 -0.32606873
v -0.47633371 -0.10738134 -0.19837976
v -0.46918967 -0.10563666 -0.21274455
v -0.47107124 -0.10471473 -0.19975170
v -0.47341591 -0.10527389 -0.19300157
v -0.47873855 -0.10887588 -0.18678623
v -0.47553506 -0.10617772 -0.18402009
v -0.59155148 0.29640713 -0.31105489
v -0.45644075 -0.10487058 -0.19513866
v -0.45848697 -0.10360507 -0.22628194
v -0.46406174 -0.10564736 -0.21733490
v -0.46539396 -0.10591400 -0.20185725
v -0.47024158 -0.10706129 -0.17557046
v -0.47345114 -0.10854007 -0.16897564
v -0.47509712 -0.10895180 -0.18170677
v -0.47157016 -0.07475116 -0.33097252
v -0.48247930 -0.11859816 -0.23311557
v -0.50764805 0.10321607 -0.34532395
v -0.49809113 0.09635974 -0.34875405
v -0.49973422 0.10499157 -0.36664361
v -0.51020229 0.11590483 -0.36547047
v -0.24075562 0.03070893 -0.42153242
v -0.21412617 0.09520585 -0.48735303
v -0.02130769 -0.36191121 -0.31163505
v -0.02375320 -0.29207012 -0.29422331
v -0.36253214 0.28158185 -0.51144904
v -0.51083571 0.11682421 -0.34222355
v -0.51582402 0.12850234 -0.36289391
v -0.46001080 -0.00809767 -0.36665404
v -0.50711435 0.11673120 -0.32821947
v -0.50152075 0.10660011 -0.33540538
v -0.50900275 0.13945477 -0.37679777
v -0.50200492 0.12545408 -0.38083094
v -0.49308917 0.11142027 -0.38224828
v -0.49330631 0.09882736 -0.34329951
v -0.49983490 0.16180280 -0.34307343
v -0.51158476 0.47612303 -0.43747267
v -0.43789643 0.43809924 -0.49430779
v -0.48883390 0.59406275 -0.44517994
v -0.41269532 0.56152248 -0.50896370
v -0.31201917 0.52479857 -0.55714273
v -0.33547872 0.39757675 -0.54399592
v -0.51945150 0.16668954 -0.32440734
v -0.53129900 0.17607354 -0.33460370
v -0.65101761 0.66182309 -0.13554990
v -0.64224142 0.62538731 -0.19486992
v -0.65733057 0.69643009 -0.06057968
v -0.62561232 0.72738171 -0.09531777
v -0.61566490 0.69878858 -0.16757607
v -0.59831953 0.65252441 -0.25944531
v -0.57647365 0.41260919 -0.36535296
v -0.57134712 0.51345640 -0.36782503
v -0.61658072 0.54180360 -0.29133657
v -0.54857051 0.62633324 -0.36495101
v -0.55346173 0.71529084 -0.27490446
v -0.51009816 0.69776005 -0.36453831
v -0.50712204 0.77809227 -0.26649201
v -0.45851484 0.77280807 -0.34911084
v -0.38847288 0.76480693 -0.42709890
v -0.45259649 0.67618543 -0.44362330
v -0.58029121 0.73434681 -0.19118747
v -0.59396076 0.75699854 -0.11708094
v -0.54292643 0.77938998 -0.18877439
v -0.56455976 0.78395176 -0.13140957
v -0.63670754 0.55564839 -0.24778977
v -0.44623315 -0.10606550 -0.15405439
v -0.45740005 -0.11881157 -0.14325556
v -0.51622850 -0.04965250 -0.15494283
v -0.68715012 0.07507853 -0.02175006
v -0.68910843 0.16266805 -0.03805260
v -0.65332484 0.11759684 -0.09861722
v -0.64406335 0.03238022 -0.06550971
v -0.68336982 0.25442970 -0.04528324
v -0.66112959 0.20647830 -0.10942323
v -0.67269325 0.28500745 -0.12772492
v -0.71003103 0.33381224 -0.05238358
v -0.19588229 0.49554640 -0.59168893
v -0.19946909 0.38516125 -0.59087598
v -0.20348892 0.30573231 -0.57371938
v -0.74804419 0.45108417 0.20142435
v 0.06796487 0.65450728 -0.53097081
v -0.72307891 0.61278290 0.14441292
v -0.16946805 0.63721234 -0.56233060
v -0.08285064 0.68440521 -0.54494148
v -0.37791592 0.64540249 -0.50645930
v -0.29609543 0.60898173 -0.54843354
v -0.18616603 0.56992471 -0.57932264
v -0.20385422 0.20455553 -0.54678237
v -0.59089714 0.79050392 -0.04997092
v -0.73602915 0.22040392 0.13507299
v -0.72721297 0.19219188 0.13325770
v -0.74346870 0.25261071 0.14186476
v -0.71874499 0.16242704 0.14727540
v -0.61173797 0.10399202 0.43105638
v -0.61447728 0.08719337 0.44176692
v -0.61622471 0.07094918 0.45122477
v -0.61949217 0.06797445 0.41532201
v -0.61943811 0.04744956 0.42524803
v -0.62129170 0.06186960 0.48664019
v -0.61521071 0.08599751 0.47679433
v -0.62153107 0.04888826 0.45918062
v -0.62673551 0.02608841 0.46362522
v -0.62795091 0.04051737 0.49378949
v -0.61759132 -0.05682688 0.43029872
v -0.61617142 -0.02175696 0.42027858
v -0.61915261 0.00466197 0.43841186
v -0.62833011 0.02901090 0.40266928
v -0.62480444 0.00594194 0.41196552
v -0.61997664 0.02804923 0.43325087
v -0.63033348 0.05059981 0.38975632
v -0.64068627 0.00183093 0.46954283
v -0.66010922 -0.02451842 0.47763804
v -0.63886434 0.01264518 0.50252581
v -0.63588554 0.01709587 0.52947330
v -0.62902790 0.04865671 0.51945502
v -0.61886460 0.08554429 0.40461662
v -0.63190252 0.07047024 0.37843546
v -0.63582522 -0.01648366 0.39438760
v -0.65312803 -0.03869074 0.37400410
v -0.64283144 0.01279452 0.38005814
v -0.65966237 -0.00592959 0.35842231
v -0.64533818 0.03656245 0.36691505
v -0.66255748 0.01990262 0.34492919
v -0.66515476 -0.06269569 0.35329494
v -0.67129779 -0.08945134 0.33164930
v -0.67190224 -0.12339829 0.30720836
v -0.68288678 -0.05518266 0.31181976
v -0.68363917 -0.09143122 0.28536499
v -0.69173235 -0.02270554 0.29613757
v -0.69541299 -0.05467535 0.26523119
v -0.67438763 -0.02882656 0.33579013
v -0.68035245 -0.00047921 0.32029507
v -0.66527051 0.04536559 0.33191988
v -0.64771485 0.05859928 0.35354215
v -0.70271039 0.05155622 0.27842990
v -0.69908780 0.01362514 0.28512204
v -0.68432385 0.03038195 0.30892971
v -0.68694067 0.06217997 0.30040526
v -0.70830750 -0.01146423 0.25168237
v -0.71651012 0.03935656 0.24917632
v -0.71378994 0.07486296 0.24700265
v -0.66579318 0.12282834 0.32540324
v -0.64473629 0.12860473 0.34844744
v -0.68015081 0.11948141 0.30574918
v -0.70058471 0.08091188 0.27366659
v -0.68851399 0.08609929 0.29395181
v -0.71442664 0.12879872 0.19638823
v -0.71099836 0.12254233 0.21889515
v -0.69897372 0.11777663 0.26492658
v -0.69080913 0.11784905 0.28489548
v -0.70649308 0.11935594 0.24268793
v -0.62411988 0.14229341 0.36811110
v -0.60703170 0.16035070 0.38805959
v -0.32272959 -0.28895387 -0.16784069
v -0.62215936 0.07476801 0.51261109
v -0.61700135 0.10093530 0.50282520
v -0.62456322 0.27624282 0.42095786
v -0.60148966 0.26126516 0.42370901
v -0.60645187 0.25753427 0.48084417
v -0.66328329 0.29619667 0.41559133
v -0.59563565 0.18271168 0.40653080
v -0.58937949 0.19881645 0.41225949
v -0.58425599 0.22053051 0.41891906
v -0.58949906 0.24075286 0.42324796
v -0.73471320 0.37210327 0.37405148
v -0.73332703 0.33008948 0.39665285
v -0.73984253 0.48204577 0.07041561
v -0.73569649 0.42385724 0.03411026
v -0.75265044 0.34726635 0.20982358
v -0.75165987 0.31966645 0.18068017
v -0.74872053 0.28748643 0.15694462
v -0.72345233 0.34799057 0.01198763
v -0.69990557 0.27569336 0.00600091
v -0.70590031 0.19384080 0.00716707
v -0.68816775 0.69620013 0.05843577
v -0.65895802 0.73177785 0.02042042
v -0.70840025 0.65457386 0.10135857
v -0.57893986 0.82317662 0.01243438
v -0.61651814 0.79538232 0.05768897
v -0.62634927 0.76278102 -0.01547894
v -0.65033299 0.76262629 0.09647471
v -0.67859733 0.72536671 0.13405918
v -0.69725323 0.68129402 0.17699917
v -0.71403468 0.63733321 0.21681073
v -0.73172998 0.58184093 0.26241919
v -0.23554663 -0.26721862 -0.22694965
v -0.59758431 -0.00867537 0.50054950
v -0.59721887 -0.00822319 0.50660694
v -0.59058404 -0.01109041 0.50272977
v -0.59004682 -0.00995262 0.50850612
v -0.58680815 -0.01873453 0.50897408
v -0.59339803 -0.06464632 0.51897496
v -0.58616138 -0.05318087 0.51846528
v -0.58356786 -0.03146867 0.51316428
v -0.48938176 -0.09138221 -0.14361402
v -0.30134824 -0.49209556 -0.12820420
v -0.26771289 -0.46672678 -0.19112270
v 0.32704708 -0.33868805 0.04513392
v 0.30934703 -0.33336759 -0.02768603
v 0.12444547 -0.57729441 0.25172424
v 0.17748415 -0.53693616 0.24231856
v 0.20156895 -0.58812648 0.21578525
v 0.15389013 -0.62862700 0.24241352
v 0.39894280 -0.42632186 -0.01889556
v 0.35777804 -0.37971863 0.01686070
v 0.34152576 -0.37580681 -0.06688176
v 0.39263609 -0.40905270 -0.11475895
v 0.30962327 -0.37767723 -0.15249671
v 0.36418113 -0.40595856 -0.20861085
v 0.30981296 -0.42137536 -0.29126197
v 0.26413673 -0.38043913 -0.22429067
v 0.19817586 -0.38831627 -0.29295975
v 0.23866326 -0.43924108 -0.35839400
v 0.22382954 -0.49358317 0.19796981
v 0.27190566 -0.44897345 0.14524849
v 0.31397685 -0.50072300 0.12028820
v 0.25137448 -0.54475600 0.17282143
v 0.32478833 -0.41061983 0.09163421
v 0.37119505 -0.45811978 0.06287231
v 0.15692580 -0.45327044 -0.39990348
v 0.12627320 -0.39447841 -0.32553205
v 0.20152065 -0.74609363 0.18008885
v 0.13843763 -0.78562307 0.18134828
v 0.11782046 -0.71822655 0.21227877
v 0.18061903 -0.68798804 0.21567443
v 0.39688542 -0.70733643 0.13128839
v 0.49103484 -0.64838517 0.09193408
v 0.53872102 -0.69522929 0.10127912
v 0.43938464 -0.76266587 0.14754713
v 0.67456251 -0.64739132 0.05756571
v 0.73912966 -0.56112605 -0.05338972
v 0.30284443 -0.76276004 0.15749897
v 0.33211109 -0.81847394 0.18672329
v 0.09716485 -0.54785359 -0.47153664
v 0.07472799 -0.46807724 -0.40972888
v 0.67785597 -0.54748082 -0.08474920
v 0.69005585 -0.52118713 -0.23324534
v 0.77025068 -0.53270316 -0.20663263
v 0.50070822 -0.70368272 -0.54580522
v 0.51383650 -0.74518228 -0.56942761
v 0.60278553 -0.69616479 -0.52240664
v 0.56269455 -0.66191971 -0.50843477
v 0.54346317 -0.46767154 -0.21156049
v 0.49279526 -0.48188832 -0.32359132
v 0.55595219 -0.52200413 -0.35587257
v 0.61741805 -0.49798816 -0.23544066
v 0.36261091 -0.63065380 -0.50936145
v 0.46363971 -0.57428247 -0.44249451
v 0.41286519 -0.53681415 -0.41363910
v 0.31624359 -0.57639533 -0.46766120
v 0.61279541 -0.52715033 -0.09064012
v 0.53556484 -0.50379032 -0.07841048
v 0.56148893 -0.58762932 0.01482237
v 0.49600390 -0.55048811 0.02221354
v 0.43453261 -0.59753329 0.09242277
v 0.42607725 -0.44286931 -0.26944798
v 0.35929820 -0.47534519 -0.35674405
v 0.27781379 -0.50834292 -0.42045194
v 0.18727212 -0.52995610 -0.45908511
v 0.17640631 -0.85799497 -0.61987042
v 0.15591767 -0.78170979 -0.60171002
v 0.25849143 -0.68982708 -0.54679012
v 0.21727270 -0.60737818 -0.50058907
v 0.61820906 -0.61824936 0.02508623
v 0.42995441 -0.50830853 0.03610730
v 0.37080655 -0.55167282 0.09945892
v 0.47868645 -0.81415850 0.20821124
v 0.59058923 -0.74235654 0.14755644
v 0.36140525 -0.87534845 0.24967285
v 0.25270197 -0.92192149 0.26951516
v 0.28248560 -0.74625206 -0.57568133
v 0.29709685 -0.82263672 -0.59751320
v 0.41586873 -0.78266287 -0.57668525
v 0.41779909 -0.69868904 -0.54426891
v 0.34399354 -0.64746684 0.13349751
v 0.26965085 -0.69946474 0.15794028
v 0.22124209 -0.80667228 0.18118480
v 0.46053764 -0.43778977 -0.16484876
v 0.45674697 -0.46993822 -0.05522202
v 0.29340953 -0.59668308 0.14976344
v 0.23417854 -0.64581472 0.18590124
v 0.09915505 -0.65902138 0.23476832
v 0.23717692 -0.86348331 0.21122639
v 0.73116118 -0.57325304 -0.33723059
v 0.67687172 -0.63610059 -0.44383428
v 0.62456536 -0.62399924 -0.45487952
v 0.14261235 -0.71801221 -0.57073635
v 0.05754792 -0.73440468 0.18989901
v 0.07034029 -0.79689246 0.16921182
v 0.03725028 -0.67439193 0.21742742
v 0.63044620 -0.56390440 -0.38435644
v 0.51933116 -0.62157100 -0.48133713
v 0.01958876 -0.62786770 0.23787811
v 0.05899542 -0.41114318 -0.33751377
v 0.08177193 -0.85742086 0.16048369
v 0.08898382 -0.92449349 0.18798411
v 0.09267789 -0.99348623 0.25309271
v 0.07190847 -0.60923010 0.24770425
v 0.16001116 -0.90397471 0.20166071
v 0.14933346 -0.84360695 0.17480227
v 0.16836888 -0.96639442 0.26209164
v 0.12000879 -0.63862693 -0.52411783
v -0.11144365 -0.62361604 0.18047421
v -0.18324684 -0.61473304 0.14029081
v -0.17686641 -0.66837984 0.13350326
v -0.10134111 -0.67188299 0.17072271
v -0.31061488 -0.59659320 -0.16163222
v -0.29794839 -0.54447317 -0.14147353
v -0.26707929 -0.52052063 -0.20425692
v -0.29146749 -0.56873780 -0.24147931
v -0.22673966 -0.49911258 -0.26239333
v -0.24459271 -0.55076182 -0.31063655
v -0.17192768 -0.54058659 -0.36020693
v -0.16627285 -0.47951502 -0.30570620
v -0.09341466 -0.45937887 -0.33634073
v -0.09254555 -0.52988678 -0.39222229
v -0.24724106 -0.60599536 0.08251564
v -0.29054135 -0.58992231 0.01327084
v -0.29070649 -0.64559293 0.00349469
v -0.24231039 -0.65966719 0.07449727
v -0.31000641 -0.57023442 -0.06532877
v -0.30958322 -0.62404931 -0.08128908
v -0.00762765 -0.50552380 -0.41017777
v -0.01791183 -0.42838308 -0.34765482
v -0.08824451 -0.78820485 0.14951266
v -0.00177014 -0.79714352 0.15919863
v -0.01305884 -0.72981489 0.17459226
v -0.09338043 -0.72776794 0.15940793
v -0.27831966 -0.84681940 0.04466830
v -0.36892015 -0.82565278 -0.03231149
v -0.39577988 -0.88532251 -0.02405220
v -0.29646412 -0.90117222 0.06352349
v -0.52134550 -0.89092118 -0.11813670
v -0.57328862 -0.82972473 -0.26108953
v -0.17568772 -0.84856969 0.10767680
v -0.18323620 -0.90753376 0.13188244
v -0.51723403 -0.79197365 -0.26344380
v -0.49415112 -0.76441413 -0.41283721
v -0.55587745 -0.80362207 -0.42799431
v -0.18182871 -0.84496456 -0.64009094
v -0.17503366 -0.88826060 -0.66099441
v -0.26027930 -0.87385225 -0.65760595
v -0.25528231 -0.83093452 -0.62682313
v -0.39407399 -0.66405195 -0.35048705
v -0.30685112 -0.65843648 -0.44264370
v -0.34588632 -0.71074510 -0.48564348
v -0.44106153 -0.71825117 -0.39002845
v -0.10742136 -0.72765690 -0.57176876
v -0.22620688 -0.72266889 -0.53964788
v -0.20370713 -0.66726673 -0.49093023
v -0.10019469 -0.66651577 -0.51793307
v -0.46852401 -0.75092077 -0.25061482
v -0.41724882 -0.70158857 -0.22541250
v -0.43138230 -0.79322100 -0.13062234
v -0.39157081 -0.73546213 -0.11713373
v -0.34408990 -0.76143229 -0.02561688
v -0.27845815 -0.59915161 -0.37630528
v -0.19056873 -0.60067075 -0.43000618
v -0.09264414 -0.59739876 -0.46342063
v 0.00937585 -0.58553082 -0.48341608
v 0.01340003 -0.72477394 -0.57184470
v 0.03240789 -0.68423426 -0.54158199
v -0.47171986 -0.84183973 -0.13243833
v -0.34007254 -0.67888230 -0.10273397
v -0.30191806 -0.70482665 -0.01670111
v -0.32507765 -0.96269518 0.11508513
v -0.43899834 -0.94719231 0.01411262
v -0.19735800 -0.97458857 0.18376550
v -0.08182485 -0.98373061 0.23024614
v 0.02770313 -0.80020738 -0.60915494
v 0.05091736 -0.87477541 -0.62838417
v -0.07462230 -0.88130856 -0.64528245
v -0.11458348 -0.80785984 -0.61837691
v -0.26463833 -0.77463335 0.04731361
v -0.17497902 -0.78384829 0.10444424
v -0.07998942 -0.84995353 0.15022878
v -0.33928260 -0.61268854 -0.29286844
v -0.35590166 -0.64538038 -0.19261777
v -0.24549349 -0.71882850 0.05726022
v -0.17154491 -0.72688800 0.11810799
v -0.02779617 -0.67614216 0.19655520
v -0.07636574 -0.91459256 0.17628157
v -0.46192861 -0.81545877 -0.55205947
v -0.35848820 -0.84738106 -0.62501627
v -0.33072683 -0.82046962 -0.60410506
v -0.38258037 -0.77220011 -0.53966171
v -0.24795821 -0.77961636 -0.58975327
v -0.04659857 -0.63145071 0.21366379
v 0.01362074 -0.92873478 0.18243571
v 0.00904031 -0.86180443 0.15618935
v 0.01146357 -1.00000000 0.24187879
v -0.58923650 -0.01820208 0.49985009
v -0.57210565 -0.12250112 -0.06382044
v -0.52678549 -0.16544624 -0.08592260
v -0.52398980 -0.23318362 -0.03910288
v -0.57285714 -0.19067731 -0.02298373
v -0.51066726 -0.29731721 0.02526021
v -0.57011348 -0.24965866 0.02650325
v -0.50245792 -0.35477510 0.08587473
v -0.56433421 -0.30163229 0.07401022
v -0.51059300 -0.38963732 0.13969822
v -0.56579089 -0.34417555 0.12556794
v -0.53187501 -0.42412630 0.26940733
v -0.48597953 -0.44189724 0.26425013
v -0.49412966 -0.46549359 0.31423452
v -0.52663666 -0.45185715 0.33036861
v -0.48755312 -0.48289531 0.37099484
v -0.51690269 -0.46860269 0.39018571
v -0.46802405 -0.48804119 0.42196381
v -0.49654639 -0.47436944 0.44312957
v -0.43488944 -0.48732722 0.46947271
v -0.46211475 -0.46941108 0.49014863
v -0.49239764 -0.41718960 0.51016313
v -0.52559996 -0.42512321 0.46851763
v -0.51330572 -0.45336065 0.45949152
v -0.48040301 -0.44807798 0.50009507
v -0.54324198 -0.42312607 0.41871220
v -0.53080505 -0.45116606 0.40643993
v -0.55178267 -0.40715286 0.36393061
v -0.54154831 -0.43564174 0.34965351
v -0.56627333 -0.38408872 0.30747315
v -0.55280602 -0.40909609 0.28782982
v -0.58993059 -0.35484523 0.26645142
v -0.57919556 -0.36864346 0.23592478
v -0.42118505 -0.48580199 0.39571321
v -0.39640611 -0.48590970 0.43929705
v -0.43945205 -0.48169217 0.35070142
v -0.44474795 -0.46598646 0.30130228
v -0.43868464 -0.44834176 0.25611624
v -0.50772023 -0.41264659 0.19937058
v -0.43018666 -0.43447903 0.21173385
v -0.44529262 -0.40903828 0.16055743
v -0.43803450 -0.38017064 0.10433044
v -0.44998893 -0.32672918 0.03569476
v -0.47042435 -0.26401350 -0.04159000
v -0.48414680 -0.18698400 -0.10014173
v -0.52556652 -0.11038098 -0.11854216
v -0.54663652 -0.39631355 0.42809325
v -0.53041297 -0.39437768 0.47130236
v -0.55720586 -0.38322619 0.37605047
v -0.57224250 -0.36010200 0.33069792
v -0.59405494 -0.33387798 0.29891002
v -0.63598162 -0.26337031 0.28780377
v -0.61998087 -0.30183035 0.28673422
v -0.65552473 -0.18638748 0.31459445
v -0.64586395 -0.22581963 0.30058739
v -0.67639029 -0.13863796 0.25743398
v -0.66082835 -0.19376050 0.23319112
v -0.65381414 -0.21602301 0.26634172
v -0.66617125 -0.16594332 0.28529355
v -0.68828791 -0.10032818 0.23194505
v -0.66812593 -0.16257946 0.19948764
v -0.37469175 -0.47229820 0.37210864
v -0.34463999 -0.46962094 0.40495375
v -0.39218038 -0.47076693 0.33230817
v -0.38843450 -0.46557510 0.29105160
v -0.37147504 -0.45838940 0.25612816
v -0.35595384 -0.44608054 0.22029288
v -0.34536722 -0.42896342 0.17993023
v -0.36071467 -0.40970555 0.12314120
v -0.39287931 -0.36158484 0.04366331
v -0.42125925 -0.28543669 -0.03775987
v -0.44187158 -0.20818087 -0.10025021
v -0.26205990 -0.46817753 0.23547615
v -0.28138113 -0.46525037 0.25909105
v -0.30378118 -0.46662843 0.28087661
v -0.32030228 -0.47155800 0.30397180
v -0.28961709 -0.46901292 0.31892949
v -0.25083861 -0.46384963 0.34048399
v -0.22858766 -0.47105819 0.29533246
v -0.20219372 -0.46739447 0.31449512
v -0.20026307 -0.48088536 0.28151852
v -0.16652392 -0.47811484 0.30232155
v -0.17769127 -0.49500340 0.26796371
v -0.11875671 -0.49853075 0.29495177
v -0.61562037 -0.31471461 0.25077307
v -0.61223984 -0.31450230 0.21409640
v -0.63886523 -0.25264969 0.21597931
v -0.64194298 -0.23017439 0.17573886
v -0.60989040 -0.30456564 0.17114411
v -0.63674998 -0.26604834 0.25045592
v -0.60964948 -0.27332327 0.12112475
v -0.64506924 -0.19428229 0.13516571
v -0.67924440 -0.12272447 0.16623867
v -0.64727646 -0.16084260 0.09923942
v -0.61037076 -0.22912587 0.07456212
v -0.68907320 -0.09060502 0.13052838
v -0.69404936 -0.06210620 0.09780020
v -0.65114754 -0.12169870 0.06573268
v -0.61294067 -0.18830591 0.04112627
v -0.55997831 -0.38056657 0.19263977
v -0.61103910 -0.13754947 0.00238723
v -0.69507003 -0.03313676 0.06410589
v -0.65258253 -0.08812307 0.03455073
v -0.69215161 0.00679305 0.02465366
v -0.64782208 -0.03683985 -0.00885230
v -0.60355562 -0.08346498 -0.03735819
v -0.55903912 -0.06034806 -0.11321882
v -0.49882731 -0.38742298 0.51045662
v -0.42540437 -0.11875894 -0.16303940
v -0.62430745 -0.13878706 0.42851490
v -0.60981911 -0.12677263 0.46251315
v -0.60073274 -0.12098208 0.49637413
v -0.59318781 -0.11840983 0.52469844
v -0.57717872 -0.11851671 0.54612410
v -0.03590836 -0.55746901 0.26952431
v -0.60199487 0.34926847 0.53184253
v -0.07443839 -0.52124280 0.28735173
v -0.44284713 -0.31166098 0.43527409
v -0.32862931 0.96546537 0.11018492
v -0.50099242 -0.35760689 0.50894552
v -0.45922214 -0.28601572 0.44800133
v -0.62235075 0.04841981 0.60789108
v -0.50852877 -0.33125144 0.51294041
v -0.53909034 -0.26830816 0.54412109
v -0.53506517 -0.23076174 0.52990508
v -0.59591860 0.61723202 0.48447639
v -0.53870124 -0.24825300 0.54026717
v -0.56114739 -0.10505079 0.56049180
v -0.63046771 0.01671107 0.62423033
v -0.52759099 -0.22235227 0.51792949
v 0.05947534 -0.13143995 -0.26148173
v -0.53021592 -0.28731132 0.53520805
v -0.48871893 -0.24694686 0.47400013
v -0.51803118 -0.22339571 0.50541627
v -0.49485978 -0.15293501 0.50442982
v -0.55651790 -0.11981851 0.56036556
v -0.58873218 0.18656699 0.54396528
v 0.18584898 0.08516771 -0.41145328
v -0.59656501 0.16396113 0.55567271
v -0.53654832 0.78606755 0.38575774
v -0.57798290 0.68798453 0.45160216
v -0.61757427 0.08293493 0.59481251
v 0.26105008 0.49394435 -0.51516187
v 0.23556818 0.59052044 -0.50295711
v -0.60504353 0.48420253 0.51326203
v -0.05597705 0.97148412 -0.21467073
v -0.63614643 -0.01156005 0.63604546
v -0.58558518 -0.08712782 0.58658004
v -0.43502039 0.90767807 0.24554183
v 0.25712231 0.27201179 -0.47978044
v 0.05414463 0.91015488 -0.33896139
v -0.53249091 -0.22540385 0.56161344
v -0.38407618 0.93850219 0.18058774
v -0.52023780 -0.23156650 0.54922950
v -0.62069404 -0.07580193 0.62725198
v 0.23016718 0.16853854 -0.44870812
v 0.26486173 0.36098921 -0.50283116
v -0.54779994 -0.16031118 0.56171441
v -0.55340123 -0.13391683 0.56093967
v -0.00125099 0.94481313 -0.27584913
v -0.60547560 0.39131039 0.52929395
v -0.54780257 -0.17817637 0.56652051
v -0.58699822 0.25990912 0.52590954
v -0.54621077 -0.19590925 0.57058722
v -0.00595817 -0.59444374 0.25789791
v 0.14819917 0.74211234 -0.42485291
v -0.54016536 -0.21244651 0.56708211
v -0.50438923 -0.20848431 0.52749580
v -0.61221611 0.11364452 0.58119828
v -0.49779415 -0.17986299 0.51371062
v -0.60508907 0.54614955 0.50557405
v -0.56688023 -0.09418568 0.56512636
v -0.56897628 -0.09288432 0.56831962
v -0.58540922 0.23945519 0.52744180
v -0.56034034 0.73986930 0.42161489
v -0.58941358 0.27726460 0.52724981
v -0.56463575 -0.09669880 0.56386471
v 0.18295135 0.67437476 -0.45534584
v -0.13171133 0.99451888 -0.12773395
v -0.18883404 0.99844527 -0.06124914
v -0.58581650 0.21146461 0.53421497
v -0.60457540 0.14082359 0.56772846
v 0.07418278 -0.20348513 -0.24694093
v -0.63351685 -0.05558231 0.64024824
v -0.63671559 -0.03683467 0.64056385
v -0.47696078 0.86975974 0.30116618
v 0.15784924 0.02976174 -0.36869267
v -0.26272288 0.98909420 0.02750474
v -0.51017147 0.82997149 0.34713653
v 0.08268185 -0.05445195 -0.28447822
v 0.13048470 -0.00181496 -0.32652867
v -0.61234587 -0.08188348 0.61791444
v -0.59462589 0.29926804 0.52929425
v -0.59793705 -0.08678345 0.60116380
v 0.09512882 0.83666039 -0.37808439
v -0.57510316 -0.08893698 0.57478511
v -0.51377547 -0.01271648 0.57630783
v 0.04986486 -0.02897272 0.46358690
v 0.07911613 -0.06681066 0.41627637
v 0.05142619 -0.13443117 0.42343363
v 0.02089480 -0.09672961 0.47502556
v 0.01290138 -0.20451461 0.43123925
v -0.01128584 -0.15795043 0.49071142
v -0.02352297 -0.25940230 0.44177112
v -0.04651656 -0.21241266 0.49994621
v -0.63232422 -0.07903568 0.59409040
v -0.61357200 -0.08416483 0.58668870
v -0.06218772 -0.29846904 0.46783182
v -0.08054794 -0.25344887 0.51295602
v -0.59631813 0.20723465 0.39070737
v -0.59755409 -0.08008737 0.51366091
v -0.63072163 0.06223299 0.54813647
v -0.59036255 0.20946340 0.39923513
v -0.21776147 -0.36337468 0.52323204
v -0.18719594 -0.37485173 0.48967969
v -0.25708663 -0.41482487 0.50369519
v -0.28495157 -0.40874469 0.53013062
v -0.61027551 -0.07834253 0.49549499
v -0.31958497 -0.45238975 0.51086855
v -0.34813455 -0.44029465 0.53338158
v -0.37879211 -0.47398317 0.49844959
v -0.40798217 -0.46266457 0.52144605
v -0.62068635 0.11909788 0.52713192
v -0.58861548 0.19962010 0.46196863
v -0.44688702 -0.41353539 0.54130703
v -0.42670891 -0.44009948 0.53614163
v -0.62652487 0.09069738 0.53879744
v -0.65386122 -0.06760702 0.47206393
v -0.63196272 -0.08105028 0.47497913
v -0.66044515 -0.04095800 0.59396392
v -0.65506953 -0.02305255 0.58413428
v -0.39556953 -0.40032765 0.55265617
v -0.65517831 -0.06066772 0.58085775
v -0.64175284 -0.07238054 0.59731328
v -0.36797455 -0.42354265 0.54649055
v -0.60855514 0.20202667 0.38491935
v -0.61504078 0.21604250 0.33720303
v -0.65705532 -0.05463744 0.59808958
v -0.64242887 -0.06794155 0.61591065
v -0.61844480 0.20715334 0.36442763
v -0.60279387 0.20469490 0.38819769
v -0.66674954 -0.04643553 0.53236181
v -0.59419978 0.18698430 0.48782557
v -0.34082606 -0.37219074 0.55000550
v -0.30970326 -0.39372104 0.54242587
v -0.28512132 -0.33792666 0.55192566
v -0.24617977 -0.35440323 0.54100972
v -0.66690177 -0.05364709 0.49795777
v -0.24647452 -0.30079216 0.56665742
v -0.20241641 -0.30431411 0.55505377
v -0.33805460 -0.47162503 0.46245831
v -0.61439711 0.20082505 0.38103354
v -0.61834311 0.20197250 0.37493461
v -0.63618165 0.03157807 0.55814242
v -0.28411809 -0.44912097 0.47233975
v -0.22629456 -0.41337270 0.46644071
v -0.16471109 -0.38483343 0.45587596
v -0.11437434 -0.33256355 0.48997578
v -0.62309653 0.21211675 0.35471526
v -0.58848304 -0.08472462 0.56210172
v -0.66165036 -0.05268584 0.55344146
v -0.65822858 -0.05739617 0.56824452
v -0.58202368 -0.08570603 0.55004919
v -0.09667527 -0.35691679 0.43663433
v -0.04584754 -0.31954345 0.42101327
v -0.58568954 0.20850281 0.41557631
v -0.00412497 -0.28537574 0.38502696
v -0.60446256 0.16581443 0.50507122
v -0.61154538 0.14103079 0.51704144
v 0.02909791 -0.22817016 0.36586988
v 0.07270287 -0.15684757 0.36255020
v -0.59919626 -0.08457837 0.57561320
v 0.10467699 -0.08566342 0.36721367
v 0.09774745 -0.01481610 0.40766659
v -0.41045159 -0.37684292 0.55247551
v -0.45721921 -0.38441899 0.53949487
v -0.35462347 -0.35257876 0.55482388
v -0.64478552 0.00130907 0.57168651
v -0.30932242 -0.31967747 0.55878574
v -0.28041211 -0.28819433 0.57263643
v -0.27697462 -0.21156357 0.60205460
v -0.58916450 -0.08179533 0.53157413
v -0.27102658 -0.25100958 0.59100443
v -0.30638304 -0.13759664 0.61845332
v -0.29055017 -0.17539176 0.61121309
v -0.25545254 -0.07941575 0.62903523
v -0.22786203 -0.13073464 0.61556238
v -0.25783294 -0.15888116 0.61400717
v -0.62761301 -0.06725497 0.63486534
v -0.64973187 -0.06480607 0.59883732
v -0.27966368 -0.11171643 0.62484783
v -0.23488012 -0.03597233 0.63276851
v -0.19846465 -0.09452462 0.61390972
v -0.30244759 -0.45825791 0.42700890
v -0.71261483 0.29082805 0.36281309
v -0.70221287 0.27547836 0.35391682
v -0.25808689 -0.44184980 0.43380803
v -0.19895488 -0.41942996 0.42888162
v -0.14151746 -0.39959890 0.41122550
v -0.08007915 -0.37730947 0.39126632
v -0.02210137 -0.35164040 0.36122754
v 0.02005540 -0.31841204 0.32841086
v -0.69766557 0.30923960 0.41215095
v -0.62185556 0.32102916 0.50706393
v -0.64468718 0.31953755 0.47828141
v 0.05659726 -0.25668195 0.30513063
v -0.68242300 0.21360320 0.35729560
v -0.67457157 0.20826876 0.34607854
v -0.69395387 0.26032361 0.35170895
v -0.68331867 0.19835828 0.35212532
v -0.68311107 0.20238943 0.35631526
v 0.09528676 -0.17171045 0.30322033
v -0.69018358 0.25078160 0.35448670
v 0.12810478 -0.10010438 0.31147689
v -0.68978041 0.23868676 0.35620242
v -0.06361377 -0.42187569 0.34271252
v -0.72099721 0.30691919 0.37760124
v -0.12427247 -0.42896411 0.35778657
v -0.18030769 -0.43960199 0.36752385
v -0.68420649 0.22655512 0.35711879
v -0.67004824 0.23153578 0.33813581
v -0.22581814 -0.45189092 0.37449023
v -0.65627843 0.24391681 0.31416389
v -0.23630384 -0.45802146 0.35803583
v -0.59875560 0.32282594 0.53128183
v -0.70976394 0.37982392 0.42874280
v -0.74872482 0.38135600 0.18582131
v -0.17791955 -0.46226835 0.33071184
v -0.74349892 0.34463626 0.15918431
v -0.12534913 -0.46557978 0.32671475
v -0.71651894 0.09983907 0.21745625
v -0.71978348 0.10695071 0.19204070
v -0.69598669 0.32984591 0.44389805
v -0.07934204 -0.47281975 0.31926146
v -0.23527977 -0.25715962 0.58453614
v -0.19270267 -0.24570203 0.57625252
v -0.20512758 -0.18696356 0.59724337
v -0.16880485 -0.15804181 0.59092277
v -0.72152060 0.53440607 0.36421487
v -0.55863810 0.85158277 0.06928761
v -0.71508628 0.47612351 0.38885590
v -0.74347544 0.41613752 0.29182619
v -0.14601688 -0.22621718 0.56398982
v -0.59824193 0.82044327 0.11923339
v -0.24006726 -0.20738065 0.59926343
v -0.10096196 -0.18946181 0.54838002
v -0.13109308 -0.11739174 0.58146709
v -0.17135037 -0.04932095 0.61523128
v -0.10111845 -0.08048144 0.57460010
v -0.75152528 0.40810508 0.22921635
v -0.06636545 -0.14438233 0.53797239
v -0.72143060 0.14643830 0.13316713
v -0.64248526 0.43027210 0.49413383
v -0.72667587 0.18370353 0.11553276
v -0.13920407 -0.01341960 0.61432576
v -0.67829514 0.42783248 0.45488453
v -0.27370447 0.94165695 -0.24126530
v -0.10949259 0.01913396 0.61072987
v -0.07261666 -0.04008382 0.56799197
v -0.04120331 -0.10112032 0.52970642
v -0.13518086 -0.30029231 0.52886730
v -0.64466667 0.29852206 0.44919816
v -0.01248130 -0.05059991 0.51452833
v -0.68938398 0.10458444 0.28845879
v -0.69898939 0.10153311 0.26876226
v -0.07778814 0.05083370 0.60075003
v -0.33979407 0.93086749 -0.19945776
v -0.71976984 0.12828949 0.14938036
v -0.69596380 0.65577888 0.28502059
v -0.60233337 0.26041201 0.45400065
v -0.61675870 0.27844942 0.45037615
v -0.67712909 0.70200634 0.24776822
v -0.04729139 -0.00382404 0.55827636
v -0.04009217 0.09492344 0.58446884
v -0.00740156 0.04932706 0.54053152
v -0.65692163 0.74847329 0.20628174
v 0.02097406 0.00338106 0.49706277
v 0.08529808 0.03246364 0.44060317
v -0.51271611 0.87687856 0.01109493
v -0.62095809 0.13147591 0.37447989
v 0.18736528 -0.02200809 0.28685433
v -0.41500157 -0.11162413 0.60282058
v -0.45027494 -0.10761218 0.59393561
v -0.73960805 0.30318069 0.13581467
v -0.73773730 0.25873140 0.12164638
v -0.40127775 0.91930908 -0.13052216
v -0.66155839 0.11282277 0.32952628
v -0.73221260 0.21975701 0.11478017
v -0.17980468 0.96492654 -0.22960515
v -0.48553136 -0.10883988 0.58821911
v -0.72006291 0.11566155 0.16911778
v -0.51436502 -0.11119132 0.58644527
v -0.53808451 -0.11588126 0.57597536
v -0.73130912 0.41985252 0.34936631
v -0.67746419 0.10776759 0.30930415
v -0.59038907 0.24096502 0.45231834
v -0.60443121 0.14969376 0.39742962
v -0.59414107 0.17445162 0.41656756
v -0.63163036 0.78745210 0.16476205
v -0.58766693 0.19321665 0.42952305
v -0.58534622 0.21966422 0.44634891
v -0.64058536 0.11876748 0.35218313
v -0.71373707 0.59544832 0.32794204
v -0.45888075 0.90027034 -0.05617776
v -0.70861304 0.09979580 0.24406195
v -0.08983210 0.98407561 -0.17550176
v -0.60726857 0.43281922 0.52309990
v -0.58534771 0.20489739 0.43849522
v -0.67258298 0.31465960 0.44910705
v -0.71007687 0.42420653 0.41016877
v -0.51737815 -0.31043497 0.52248633
v -0.62692982 -0.21072657 0.40017810
v -0.62475288 -0.22654286 0.38441643
v -0.60582131 -0.25858575 0.36478457
v -0.61884242 -0.17579630 0.45739308
v -0.62539798 -0.19446245 0.42445186
v -0.57114285 -0.30074948 0.42181644
v -0.61856353 -0.23971377 0.37351000
v -0.56190097 -0.30829123 0.46042758
v -0.61515141 -0.24974491 0.36691532
v -0.54690301 -0.31270856 0.49184132
v -0.55019319 -0.14556982 0.56083840
v -0.59561276 -0.14837852 0.52287197
v -0.57583863 -0.14462289 0.54540658
v -0.60832632 -0.15860669 0.49125493
v -0.59282219 -0.27206567 0.36965257
v -0.58221346 -0.28884915 0.38823071
v -0.58808529 -0.07311209 0.63570732
v -0.58263785 -0.07977010 0.61600137
v -0.44433421 0.22716172 0.52272105
v -0.51302636 -0.07033570 0.58694065
v -0.56732571 0.07432872 0.60839093
v -0.45226407 0.22761293 0.51958740
v -0.49303788 -0.06466270 0.59498990
v -0.55901295 0.12829883 0.58193684
v -0.51128703 0.20904174 0.53095049
v -0.56468213 0.10101428 0.59597874
v -0.46873540 -0.04413814 0.63340688
v -0.47091299 -0.06151828 0.61408025
v -0.59031785 -0.02894880 0.66099441
v -0.58420312 -0.00783328 0.65563649
v -0.57479101 -0.04931787 0.65459251
v -0.59056950 -0.06584232 0.64516002
v -0.43619850 0.22488330 0.53065330
v -0.38633564 0.24302652 0.52852374
v -0.59182215 -0.04490558 0.65839159
v -0.60831493 -0.06368154 0.64756733
v -0.41153151 0.23244397 0.53423363
v -0.44082850 0.22608721 0.52590996
v -0.52980244 -0.02731212 0.65594065
v -0.53384012 0.19525409 0.54267186
v -0.49540269 -0.03040303 0.64868355
v -0.42994618 0.22506756 0.53498352
v -0.42234418 0.22786254 0.53634530
v -0.57107747 0.04456549 0.62176508
v -0.40191650 0.23852803 0.53763670
v -0.56233281 -0.08139123 0.58619386
v -0.54955626 -0.03700186 0.65651822
v -0.56325370 -0.04391836 0.65541929
v -0.55085325 -0.08122736 0.57766408
v -0.46880612 0.22337063 0.51928896
v -0.54679775 0.17396826 0.55618054
v -0.55381775 0.15049319 0.57022196
v -0.57400787 -0.08139881 0.59952742
v -0.57784384 0.01624150 0.64094210
v -0.53201205 -0.07292586 0.58034915
v -0.59173340 -0.05696086 0.65230256
v -0.41187686 0.32999554 0.61881667
v -0.40231243 0.31477976 0.60940802
v -0.46626306 0.34001136 0.61096096
v -0.56997985 0.32567829 0.55000335
v -0.53950131 0.33118978 0.56903654
v -0.39592838 0.25026298 0.59795481
v -0.38353950 0.24294023 0.59363997
v -0.39675042 0.29835528 0.60126555
v -0.38683909 0.23433855 0.59861672
v -0.39271587 0.23997702 0.59857231
v -0.39717805 0.28839442 0.59798235
v -0.39467663 0.27683368 0.59743470
v -0.42860451 0.34365585 0.62886757
v -0.39645430 0.26339549 0.59690660
v -0.38128594 0.26458627 0.58341998
v -0.36276239 0.27867529 0.56270456
v -0.49156982 0.40892804 0.61226535
v -0.25106227 0.44980383 0.61636013
v -0.21879201 0.41739911 0.61222339
v -0.24882044 0.16541173 0.62731606
v -0.22395188 0.17598297 0.62712622
v -0.50073600 0.35824576 0.60805357
v -0.44853488 0.57195485 0.59730166
v -0.23891169 0.89834470 0.34543166
v -0.46234307 0.51005363 0.59862596
v -0.35927793 0.47059339 0.62039286
v -0.27636400 0.86703092 0.39713645
v -0.29715800 0.47093594 0.62017393
v -0.16565695 0.22167383 0.61455482
v -0.57092804 0.43951353 0.55051064
v -0.15276290 0.26079565 0.61154908
v -0.52816516 0.44840571 0.58166665
v 0.00520578 0.98242146 0.00012300
v -0.50767690 0.31338772 0.56872773
v -0.32371560 0.16091013 0.60545796
v -0.30270484 0.16057526 0.61381567
v -0.02298549 0.97779393 0.07447220
v -0.18048203 0.20093480 0.61740690
v -0.39555329 0.69929922 0.54501837
v -0.51006311 0.26699057 0.53793395
v -0.50894022 0.28682581 0.54757708
v -0.36953449 0.74827492 0.51587331
v -0.33970901 0.79432839 0.48108602
v -0.19306350 0.92493224 0.28739196
v -0.41646770 0.16421260 0.54906201
v -0.18956758 0.37929237 0.60903454
v -0.17029960 0.33674809 0.61016631
v -0.07871327 0.96777534 0.14840676
v -0.36809209 0.16002814 0.58372635
v -0.15763173 0.29734325 0.61031270
v -0.02235248 0.98703063 -0.09336991
v -0.19999845 0.18637948 0.62305295
v -0.41767734 0.46435785 0.61595106
v -0.34607834 0.16050689 0.59582502
v -0.50632656 0.24711400 0.53046054
v -0.44108427 0.17453359 0.53512543
v -0.46316317 0.19273573 0.52707738
v -0.30953529 0.83302897 0.44205165
v -0.47924539 0.20792562 0.52373070
v -0.49878514 0.22862162 0.52544379
v -0.39429969 0.15996639 0.56498402
v -0.42468745 0.63583583 0.57632715
v -0.13928652 0.94921297 0.22035359
v -0.27661493 0.16223170 0.62098449
v -0.48945478 0.21654975 0.52361828
v -0.50586414 0.33662194 0.59082890
v -0.47616619 0.45673478 0.60467696
v -0.38143715 -0.18214518 0.60604101
v -0.36677328 -0.19527000 0.60180384
v -0.35144800 -0.22488666 0.58149356
v -0.43581253 -0.15508091 0.60713404
v -0.40298039 -0.16850786 0.60748488
v -0.40934950 -0.27945319 0.56774420
v -0.35852468 -0.20751175 0.59499437
v -0.44907981 -0.29359758 0.56358504
v -0.35279256 -0.21604712 0.59022027
v -0.48501703 -0.30625501 0.54955840
v -0.50470871 -0.14034343 0.59491616
v -0.53095162 -0.14137755 0.58166653
v -0.47174367 -0.14437211 0.60159200
v -0.35744634 -0.23901476 0.57292634
v -0.37446189 -0.25999659 0.56934941
v -0.31894246 0.25589836 0.52815163
v -0.62494004 0.21832334 0.26894194
v -0.37812313 0.24947351 0.58987033
v -0.38472679 0.24853456 0.58151448
v -0.39001912 0.24778156 0.57286006
v -0.39379182 0.24724440 0.56479353
v -0.37827188 0.25159180 0.59000081
v -0.38502190 0.25269726 0.58177757
v -0.39043868 0.25382635 0.57324368
v -0.39431611 0.25487959 0.56528038
v -0.37811193 0.25367674 0.59041214
v -0.38466531 0.25679368 0.58256072
v -0.38992882 0.25977388 0.57437837
v -0.39368147 0.26237750 0.56670368
v -0.37762824 0.25564381 0.59105355
v -0.38370246 0.26065645 0.58383125
v -0.38851756 0.26540217 0.57621896
v -0.39189589 0.26947322 0.56902230
v -0.37683305 0.25742614 0.59192091
v -0.38216075 0.26414713 0.58554375
v -0.38627589 0.27047652 0.57870078
v -0.38906839 0.27587906 0.57215172
v -0.37578890 0.25895417 0.59297794
v -0.38009357 0.26713693 0.58762676
v -0.38327026 0.27480501 0.58173329
v -0.38526791 0.28134689 0.57597846
v -0.37451619 0.26015377 0.59419936
v -0.37758684 0.26949421 0.59001255
v -0.37963170 0.27823001 0.58520114
v -0.38067845 0.28566140 0.58035338
v -0.37305963 0.26100111 0.59551251
v -0.37474048 0.27113986 0.59261042
v -0.37550023 0.28061998 0.58897287
v -0.37547266 0.28867394 0.58510131
v -0.37148580 0.26145142 0.59687608
v -0.37165782 0.27200896 0.59530419
v -0.37102020 0.28187391 0.59289235
v -0.36982626 0.29026321 0.59004557
v -0.36986575 0.26148638 0.59826124
v -0.36846077 0.27206102 0.59801114
v -0.36637229 0.28194574 0.59682024
v -0.36396435 0.29034492 0.59499425
v -0.36823723 0.26110330 0.59958309
v -0.36526984 0.27130339 0.60061193
v -0.36174467 0.28083652 0.60059506
v -0.35812283 0.28894609 0.59975642
v -0.36666363 0.26033226 0.60080045
v -0.36220446 0.26976296 0.60300744
v -0.35728663 0.27859202 0.60408425
v -0.35251009 0.28612420 0.60416228
v -0.36522204 0.25917912 0.60185820
v -0.35938469 0.26749387 0.60511613
v -0.35319591 0.27530509 0.60715342
v -0.34734368 0.28196895 0.60803944
v -0.36394772 0.25770977 0.60274017
v -0.35691324 0.26459986 0.60685676
v -0.34961906 0.27108786 0.60966927
v -0.34282759 0.27664638 0.61121696
v -0.36291486 0.25597385 0.60338420
v -0.35489413 0.26117846 0.60813636
v -0.34668812 0.26610014 0.61155027
v -0.33912840 0.27036396 0.61359888
v -0.36214256 0.25403440 0.60379976
v -0.35338899 0.25735682 0.60892475
v -0.34451175 0.26055071 0.61271584
v -0.33639595 0.26336721 0.61505991
v -0.36165777 0.25196934 0.60391283
v -0.35246971 0.25329459 0.60918897
v -0.34318534 0.25464779 0.61310703
v -0.33471629 0.25591302 0.61557078
v -0.36148703 0.24986096 0.60375643
v -0.35216036 0.24913549 0.60889941
v -0.34275571 0.24861045 0.61270434
v -0.33418691 0.24829550 0.61507022
v -0.36164799 0.24777466 0.60334474
v -0.35248452 0.24505939 0.60808814
v -0.34323561 0.24267894 0.61153072
v -0.33479479 0.24081500 0.61361438
v -0.36211196 0.24581811 0.60268164
v -0.35341260 0.24120890 0.60677755
v -0.34459972 0.23707914 0.60963684
v -0.33653125 0.23373374 0.61124092
v -0.36291012 0.24403307 0.60184270
v -0.35495993 0.23771858 0.60509020
v -0.34682572 0.23201001 0.60714608
v -0.33934498 0.22731939 0.60810840
v -0.36392766 0.24252018 0.60075998
v -0.35699993 0.23474324 0.60297608
v -0.34981278 0.22767380 0.60410780
v -0.34311333 0.22185372 0.60424268
v -0.36519426 0.24131523 0.59953982
v -0.35949558 0.23237646 0.60059661
v -0.35344547 0.22425133 0.60061699
v -0.34770194 0.21752109 0.59985459
v -0.36663204 0.24046938 0.59820563
v -0.36233085 0.23072775 0.59798604
v -0.35758290 0.22184303 0.59686393
v -0.35291636 0.21448991 0.59509563
v -0.36821315 0.24001051 0.59685022
v -0.36542660 0.22984956 0.59530091
v -0.36206588 0.22057079 0.59293586
v -0.35857335 0.21288174 0.59014678
v -0.36984724 0.23997061 0.59547955
v -0.36863393 0.22977760 0.59260756
v -0.36674011 0.22047094 0.58903039
v -0.36445025 0.21276996 0.58519769
v -0.37150085 0.24034332 0.59417892
v -0.37184826 0.23052523 0.59002161
v -0.37137759 0.22158130 0.58524859
v -0.37029868 0.21416724 0.58043522
v -0.37309495 0.24110945 0.59298229
v -0.37492749 0.23206414 0.58763522
v -0.37584051 0.22381613 0.58177471
v -0.37592566 0.21699381 0.57604820
v -0.37453273 0.24225499 0.59191239
v -0.37777376 0.23431984 0.58555555
v -0.37995678 0.22710702 0.57873356
v -0.38111776 0.22114484 0.57221317
v -0.37581405 0.24372075 0.59103942
v -0.38026896 0.23720887 0.58384800
v -0.38357580 0.23131517 0.57625437
v -0.38566095 0.22647488 0.56906855
v -0.37029493 0.25065240 0.59742880
v -0.37685141 0.24545829 0.59039456
v -0.38230062 0.24063718 0.58256954
v -0.38652655 0.23629938 0.57440323
v -0.38937056 0.23277500 0.56672853
v -0.37763342 0.24740179 0.58999568
v -0.38380849 0.24445651 0.58177817
v -0.38867760 0.24186371 0.57324779
v -0.39210182 0.23978457 0.56528741
v -0.39683202 0.24679790 0.55615008
v -0.39978650 0.24636069 0.54079211
v -0.39982900 0.24634613 0.52478439
v -0.39707744 0.24672966 0.50961185
v -0.39246485 0.24741100 0.49679762
v -0.37859184 0.24922113 0.47799692
v -0.36229104 0.25139990 0.46128780
v -0.35052088 0.25311631 0.45467913
v -0.33614805 0.25517553 0.44959819
v -0.32052693 0.25740117 0.44717497
v -0.30450010 0.25967988 0.44776851
v -0.28874359 0.26191455 0.45145896
v -0.27391842 0.26401207 0.45813063
v -0.39746413 0.25597647 0.55671775
v -0.40053874 0.25792396 0.54149455
v -0.40071982 0.25994870 0.52561736
v -0.39806861 0.26183981 0.51052952
v -0.39351535 0.26346233 0.49776182
v -0.37967190 0.26559094 0.47898704
v -0.36336762 0.26744980 0.46226591
v -0.35152084 0.26822743 0.45559123
v -0.33704284 0.26878172 0.45041436
v -0.32128802 0.26896900 0.44787133
v -0.30509630 0.26878253 0.44830894
v -0.28917214 0.26818630 0.45181888
v -0.27414283 0.26721555 0.45830873
v -0.39668629 0.26500416 0.55843121
v -0.39955258 0.26930961 0.54363877
v -0.39955577 0.27333048 0.52814406
v -0.39678779 0.27670529 0.51334608
v -0.39214879 0.27923554 0.50073951
v -0.37828362 0.28167456 0.48202968
v -0.36201435 0.28322375 0.46525338
v -0.35023883 0.28309569 0.45839626
v -0.33589238 0.28216425 0.45294061
v -0.32031551 0.28035614 0.45001453
v -0.30433595 0.27772143 0.44999126
v -0.28864145 0.27435601 0.45297450
v -0.27387467 0.27036500 0.45889238
v -0.39455688 0.27353618 0.56120420
v -0.39685857 0.28005245 0.54714286
v -0.39639789 0.28595391 0.53227955
v -0.39327615 0.29073331 0.51794487
v -0.38842863 0.29411614 0.50563449
v -0.37448630 0.29685721 0.48700875
v -0.35827854 0.29810807 0.47012773
v -0.34672797 0.29712510 0.46299517
v -0.33273450 0.29479098 0.45707545
v -0.31763721 0.29110253 0.45353007
v -0.30222511 0.28617024 0.45274490
v -0.28719017 0.28017467 0.45486379
v -0.27313393 0.27334595 0.45984972
v -0.39113560 0.28123412 0.56496632
v -0.39255637 0.28973877 0.55188745
v -0.39134446 0.29734188 0.53785658
v -0.38767281 0.30338544 0.52415556
v -0.38248137 0.30755627 0.51224029
v -0.36842120 0.31054538 0.49373543
v -0.35232314 0.31154367 0.47672245
v -0.34112477 0.30978030 0.46920663
v -0.32769808 0.30618343 0.46266475
v -0.31334347 0.30079702 0.45827070
v -0.29885396 0.29379568 0.45647070
v -0.28486174 0.28543374 0.45742923
v -0.27194655 0.27602425 0.46114665
v -0.38657856 0.28780690 0.56956083
v -0.38682202 0.29800642 0.55767930
v -0.38460910 0.30705592 0.54468179
v -0.38019091 0.31418055 0.53173774
v -0.37453783 0.31901786 0.52028769
v -0.36033061 0.32224259 0.50194573
v -0.34439012 0.32301468 0.48477945
v -0.33364806 0.32058373 0.47678772
v -0.32095951 0.31590587 0.46948057
v -0.30761734 0.30906799 0.46407390
v -0.29434484 0.30030015 0.46102414
v -0.28175300 0.28992695 0.46055815
v -0.27036345 0.27832887 0.46273065
v -0.38106743 0.29298705 0.57481587
v -0.37988034 0.30453715 0.56431335
v -0.37644744 0.31473204 0.55247867
v -0.37111795 0.32270291 0.54040897
v -0.36490804 0.32807165 0.52947772
v -0.35050896 0.33148047 0.51133925
v -0.33477825 0.33207065 0.49398744
v -0.32457533 0.32911086 0.48545635
v -0.31279317 0.32358673 0.47727612
v -0.30065799 0.31560075 0.47069785
v -0.28887734 0.30543891 0.46622881
v -0.27798671 0.29346889 0.46413291
v -0.26843351 0.28014266 0.46454772
v -0.37479958 0.29661453 0.58052862
v -0.37198356 0.30908826 0.57152218
v -0.36716488 0.32007703 0.56095922
v -0.36080617 0.32864726 0.54982644
v -0.35396716 0.33436677 0.53948575
v -0.33935201 0.33789179 0.52153319
v -0.32382390 0.33836663 0.50398302
v -0.31426290 0.33505127 0.49487901
v -0.30349997 0.32893047 0.48575175
v -0.29275227 0.32014114 0.47789922
v -0.28266057 0.30900893 0.47187397
v -0.27369809 0.29594192 0.46802381
v -0.26624268 0.28142235 0.46652061
v -0.36801428 0.29851106 0.58647621
v -0.36344960 0.31146669 0.57901561
v -0.35712197 0.32288218 0.56977874
v -0.34965169 0.33176205 0.55963242
v -0.34212723 0.33766851 0.54990637
v -0.32727560 0.34124345 0.53215361
v -0.31196368 0.34166577 0.51438481
v -0.30309939 0.33816391 0.50468063
v -0.29345334 0.33172953 0.49457547
v -0.28420076 0.32251966 0.48539552
v -0.27593800 0.31088808 0.47776699
v -0.26905757 0.29723307 0.47207376
v -0.26386639 0.28208783 0.46857923
v -0.36097440 0.29862911 0.59242666
v -0.35458884 0.31160134 0.58652133
v -0.34670714 0.32303211 0.57861656
v -0.33807629 0.33192387 0.56945020
v -0.32982472 0.33784556 0.56032211
v -0.31474319 0.34143618 0.54277438
v -0.29967594 0.34184018 0.52481914
v -0.29151517 0.33832207 0.51449448
v -0.28301966 0.33187261 0.50339919
v -0.27533227 0.32264403 0.49289522
v -0.26895207 0.31098142 0.48365706
v -0.26424301 0.29731050 0.47612932
v -0.26140010 0.28213915 0.47064036
v -0.35394970 0.29694366 0.59816086
v -0.34574163 0.30948496 0.59375292
v -0.33630267 0.32053164 0.58712703
v -0.32652456 0.32913414 0.57891011
v -0.31755444 0.33489373 0.57035166
v -0.30223519 0.33843249 0.55300415
v -0.28741062 0.33888590 0.53485626
v -0.27994770 0.33552873 0.52393794
v -0.27260557 0.32936275 0.51190370
v -0.26647022 0.32051298 0.50012654
v -0.26199624 0.30930662 0.48933333
v -0.25943503 0.29615378 0.48003590
v -0.25893813 0.28154773 0.47262478
v -0.34719768 0.29355696 0.60345912
v -0.33724213 0.30519366 0.60042709
v -0.32632634 0.31547382 0.59497565
v -0.31543756 0.32351851 0.58763474
v -0.30579853 0.32892585 0.57961911
v -0.29023075 0.33234069 0.56244713
v -0.27563357 0.33291134 0.54409689
v -0.26885334 0.32990292 0.53265649
v -0.26262030 0.32429120 0.51974648
v -0.25797388 0.31620124 0.50680411
v -0.25531211 0.30591679 0.49457309
v -0.25482869 0.29382238 0.48363844
v -0.25657359 0.28036833 0.47446066
v -0.34098947 0.28855339 0.60811418
v -0.32944000 0.29889509 0.60629755
v -0.31714708 0.30805990 0.60186476
v -0.30524531 0.31527108 0.59529263
v -0.29498017 0.32016078 0.58775270
v -0.27919596 0.32340062 0.57073170
v -0.26480225 0.32414380 0.55221522
v -0.25865597 0.32164478 0.54030681
v -0.25344411 0.31685689 0.52663654
v -0.25015876 0.30987507 0.51265371
v -0.24916740 0.30094343 0.49917507
v -0.25058800 0.29038981 0.48680606
v -0.25440779 0.27861744 0.47606573
v -0.33556193 0.28215876 0.61193788
v -0.32260656 0.29082829 0.61111730
v -0.30913052 0.29857019 0.60754538
v -0.29633275 0.30472475 0.60159564
v -0.28551015 0.30895874 0.59443736
v -0.26954722 0.31198406 0.57754779
v -0.25533882 0.31293461 0.55890733
v -0.24974118 0.31108060 0.54660082
v -0.24541888 0.30733904 0.53229308
v -0.24333967 0.30177414 0.51747382
v -0.24380198 0.29457220 0.50295901
v -0.24688131 0.28600204 0.48941636
v -0.25250447 0.27639478 0.47739831
v -0.33112773 0.27460244 0.61479771
v -0.31702557 0.28130299 0.61472470
v -0.30256519 0.28736937 0.61177981
v -0.28903827 0.29226956 0.60629529
v -0.27776223 0.29574561 0.59940881
v -0.26165551 0.29848707 0.58262491
v -0.24760927 0.29970714 0.56389916
v -0.24245214 0.29860154 0.55129373
v -0.23886439 0.29610389 0.53651649
v -0.23776336 0.29220754 0.52105784
v -0.23942016 0.28705186 0.50578105
v -0.24386021 0.28082788 0.49135944
v -0.25095007 0.27375272 0.47839421
v -0.32783169 0.26618791 0.61656255
v -0.31289044 0.27068409 0.61697137
v -0.29770878 0.27488154 0.61441314
v -0.28364119 0.27839211 0.60920376
v -0.27204648 0.28101429 0.60249937
v -0.25582567 0.28346220 0.58576977
v -0.24189147 0.28494960 0.56698036
v -0.23708147 0.28468141 0.55420715
v -0.23403001 0.28356946 0.53913552
v -0.23365773 0.28154182 0.52328438
v -0.23618941 0.27868021 0.50752646
v -0.24162652 0.27505478 0.49257469
v -0.24980055 0.27081180 0.47901842
v -0.32581785 0.25722569 0.61718887
v -0.31036672 0.25940055 0.61776543
v -0.29474148 0.26159716 0.61532557
v -0.28036210 0.26363590 0.61021203
v -0.26857191 0.26533535 0.60357779
v -0.25227806 0.26744938 0.58686990
v -0.23842187 0.26922902 0.56804001
v -0.23383109 0.26987466 0.55521595
v -0.23110794 0.27023512 0.54005206
v -0.23116815 0.27020764 0.52406716
v -0.23423296 0.26976585 0.50815356
v -0.24027885 0.26891369 0.49300310
v -0.24910676 0.26767710 0.47924006
v -0.32517338 0.24806277 0.61656821
v -0.30957291 0.24785244 0.61700428
v -0.29380921 0.24800451 0.61446971
v -0.27931634 0.24853203 0.60928249
v -0.26745045 0.24928132 0.60258001
v -0.25117972 0.25107422 0.58585191
v -0.23736073 0.25314945 0.56706452
v -0.23282795 0.25473145 0.55429113
v -0.23020577 0.25660315 0.53921682
v -0.23040679 0.25861928 0.52336425
v -0.23362993 0.26065707 0.50760067
v -0.23985563 0.26263389 0.49263737
v -0.24888340 0.26447380 0.47906250
v -0.32591632 0.23905414 0.61483896
v -0.31050944 0.23648149 0.61480618
v -0.29492640 0.23461865 0.61191261
v -0.28057608 0.23364386 0.60644078
v -0.26880848 0.23345666 0.59955984
v -0.25257099 0.23494436 0.58277839
v -0.23872702 0.23733343 0.56406033
v -0.23410596 0.23983648 0.55145717
v -0.23135826 0.24320048 0.53667784
v -0.23138164 0.24722040 0.52121419
v -0.23440029 0.25171193 0.50592571
v -0.24038735 0.25646982 0.49148262
v -0.24915062 0.26131836 0.47847995
v -0.32800743 0.23052061 0.61203253
v -0.31316462 0.22572725 0.61126155
v -0.29807410 0.22197351 0.60772580
v -0.28408927 0.21958086 0.60179108
v -0.27255675 0.21852970 0.59464461
v -0.25637606 0.21971400 0.57776648
v -0.24245375 0.22242078 0.55913889
v -0.23762122 0.22578514 0.54683715
v -0.23452035 0.23055674 0.53252876
v -0.23407130 0.23646463 0.51770139
v -0.23651129 0.24325563 0.50316823
v -0.24183992 0.25065395 0.48959360
v -0.24989276 0.25834757 0.47752279
v -0.33139235 0.22281852 0.60824382
v -0.31744722 0.21600918 0.60648865
v -0.30311108 0.21054696 0.60208529
v -0.28970000 0.20687288 0.59553349
v -0.27852547 0.20504227 0.58800781
v -0.26245272 0.20598413 0.57100779
v -0.24840961 0.20895046 0.55250877
v -0.24322952 0.21310197 0.54060882
v -0.23956913 0.21914934 0.52693987
v -0.23835796 0.22676593 0.51294714
v -0.23988461 0.23563181 0.49944553
v -0.24416819 0.24539228 0.48703203
v -0.25108451 0.25566390 0.47622359
v -0.33592916 0.21622580 0.60360825
v -0.32316616 0.20772021 0.60062456
v -0.30985394 0.20079778 0.59521377
v -0.29718935 0.19603598 0.58790207
v -0.28647077 0.19353047 0.57991159
v -0.27055424 0.19425191 0.56276983
v -0.25635919 0.19745170 0.54444110
v -0.25071320 0.20229000 0.53301489
v -0.24630412 0.20942798 0.52010757
v -0.24409585 0.21849494 0.50715309
v -0.24439436 0.22913282 0.49489307
v -0.24727760 0.24090423 0.48390338
v -0.25266346 0.25336409 0.47464466
v -0.26053187 0.26601934 0.46747354
v -0.34144717 0.21102677 0.59830034
v -0.33012101 0.20116182 0.59395087
v -0.31802404 0.19308515 0.58737314
v -0.30627385 0.18747121 0.57919747
v -0.29609475 0.18444622 0.57067829
v -0.28038350 0.18500024 0.55336511
v -0.26599818 0.18838042 0.53524232
v -0.25979349 0.19375055 0.52434123
v -0.25447443 0.20174786 0.51231170
v -0.25104824 0.21196985 0.50052184
v -0.24986428 0.22400607 0.48969221
v -0.25104466 0.23736624 0.48033190
v -0.25459424 0.25155261 0.47282958
v -0.34771624 0.20738713 0.59256417
v -0.33802664 0.19659214 0.58672148
v -0.32732007 0.18771096 0.57886755
v -0.31659257 0.18151110 0.56975275
v -0.30705658 0.17813474 0.56067127
v -0.29155633 0.17857569 0.54316360
v -0.27695182 0.18207946 0.52523959
v -0.27012107 0.18781148 0.51493311
v -0.26377156 0.19640486 0.50384063
v -0.25896198 0.20743732 0.49332055
v -0.25607467 0.22044463 0.48404011
v -0.25533485 0.23489842 0.47644219
v -0.25678623 0.25028190 0.47085655
v -0.35451606 0.20546263 0.58661836
v -0.34657839 0.19418883 0.57921416
v -0.33737007 0.18489872 0.57003313
v -0.32776105 0.17839925 0.55994338
v -0.31892538 0.17484307 0.55026782
v -0.30364382 0.17520782 0.53255910
v -0.28880328 0.17879719 0.51482546
v -0.28129050 0.18471617 0.50513810
v -0.27382886 0.19361606 0.49503419
v -0.26751113 0.20506868 0.48583457
v -0.26280510 0.21856338 0.47815996
v -0.25997669 0.23361647 0.47239381
v -0.25916296 0.24961796 0.46879902
v -0.36157173 0.20533147 0.58066267
v -0.35545295 0.19404916 0.57170916
v -0.34780824 0.18475042 0.56121457
v -0.33934972 0.17823991 0.55013794
v -0.33122131 0.17467280 0.53984869
v -0.31618667 0.17505461 0.52194440
v -0.30111673 0.17863339 0.50442630
v -0.29288000 0.18457083 0.49533823
v -0.28425896 0.19349255 0.48621300
v -0.27638704 0.20495625 0.47833717
v -0.26978466 0.21848440 0.47226179
v -0.26479077 0.23353526 0.46833777
v -0.26162869 0.24956739 0.46673569
v -0.36861446 0.20700967 0.57494640
v -0.36431810 0.19617806 0.56449687
v -0.35822982 0.18726988 0.55272806
v -0.35092551 0.18104643 0.54071611
v -0.34349579 0.17765141 0.52983302
v -0.32869828 0.17809001 0.51173913
v -0.31339809 0.18161789 0.49441746
v -0.30444312 0.18739043 0.48590052
v -0.29467550 0.19602840 0.47771966
v -0.28524399 0.20709862 0.47111508
v -0.27674901 0.22016133 0.46659654
v -0.26959759 0.23469156 0.46442890
v -0.26408991 0.25015038 0.46475047
v -0.37537712 0.21040848 0.56967115
v -0.37282565 0.20047255 0.55784810
v -0.36822709 0.19234487 0.54491436
v -0.36203259 0.18669562 0.53202665
v -0.35528189 0.18365267 0.52061969
v -0.34071898 0.18420757 0.50232095
v -0.32516131 0.18762498 0.48517948
v -0.31554008 0.19304885 0.47719967
v -0.30466047 0.20111768 0.46988696
v -0.29374737 0.21141896 0.46445191
v -0.28343195 0.22354895 0.46135572
v -0.27420312 0.23702219 0.46082476
v -0.26645312 0.25132850 0.46291208
v -0.38160536 0.21541637 0.56505501
v -0.38066065 0.20678736 0.55203378
v -0.37741634 0.19977495 0.53806031
v -0.37224075 0.19496934 0.52441233
v -0.36611882 0.19244628 0.51253510
v -0.35175818 0.19318125 0.49406627
v -0.33598125 0.19642492 0.47707295
v -0.32573229 0.20132667 0.46956453
v -0.31384075 0.20856002 0.46301463
v -0.30155072 0.21775155 0.45859632
v -0.28957370 0.22852176 0.45675406
v -0.27844152 0.24044964 0.45765504
v -0.26862323 0.25307435 0.46130154
v -0.38705957 0.22182050 0.56126815
v -0.38750538 0.21487311 0.54725581
v -0.38546264 0.20929050 0.53244448
v -0.38116929 0.20554572 0.51815718
v -0.37558946 0.20368679 0.50587720
v -0.36140725 0.20463143 0.48727861
v -0.34544951 0.20766878 0.47041163
v -0.33464140 0.21191727 0.46328199
v -0.32184976 0.21808740 0.45735309
v -0.30837303 0.22585294 0.45378700
v -0.29493588 0.23488966 0.45296881
v -0.28214863 0.24484003 0.45504275
v -0.27052191 0.25530156 0.45997116
v -0.39151758 0.22939138 0.55847174
v -0.39311537 0.22441930 0.54371750
v -0.39204201 0.22052158 0.52826500
v -0.38846320 0.21802166 0.51350260
v -0.38331014 0.21692811 0.50091439
v -0.36928183 0.21815801 0.48222256
v -0.35318011 0.22091162 0.46545255
v -0.34191591 0.22440110 0.45859641
v -0.32839707 0.22932494 0.45313248
v -0.31393647 0.23541667 0.45019111
v -0.29931614 0.24240895 0.45014545
v -0.28516778 0.25000781 0.45309764
v -0.27207458 0.25793275 0.45897561
v -0.39482060 0.23781875 0.55673361
v -0.39725906 0.23505436 0.54153734
v -0.39689860 0.23302841 0.52568531
v -0.39383614 0.23193416 0.51061523
v -0.38901415 0.23169774 0.49785635
v -0.37508449 0.23321286 0.47908759
v -0.35886642 0.23568460 0.46236885
v -0.34728092 0.23831752 0.45569432
v -0.33322316 0.24185117 0.45051223
v -0.31803858 0.24607335 0.44796285
v -0.30253673 0.25077358 0.44838753
v -0.28740144 0.25577053 0.45188221
v -0.27322522 0.26087871 0.45835108
v -0.68979198 0.21286035 0.32777679
v -0.69634730 0.21192811 0.31939319
v -0.70162106 0.21117732 0.31072292
v -0.70541173 0.21063580 0.30265576
v -0.68995035 0.21497366 0.32791784
v -0.69664484 0.21608433 0.31965870
v -0.70205057 0.21721140 0.31110904
v -0.70592892 0.21825957 0.30314210
v -0.68979472 0.21705544 0.32832012
v -0.69633138 0.22017367 0.32045674
v -0.70156336 0.22315252 0.31225571
v -0.70529526 0.22574866 0.30457145
v -0.68932676 0.21902077 0.32896525
v -0.69538796 0.22403327 0.32173237
v -0.70019799 0.22877701 0.31411490
v -0.70356333 0.23283856 0.30691338
v -0.68855411 0.22079827 0.32984900
v -0.69387048 0.22751762 0.32346129
v -0.69798678 0.23384939 0.31661439
v -0.70076668 0.23924282 0.31006417
v -0.68752575 0.22232510 0.33091456
v -0.69181973 0.23050605 0.32555687
v -0.69500053 0.23817231 0.31965789
v -0.69699556 0.24471051 0.31390309
v -0.68626142 0.22352381 0.33214140
v -0.68932724 0.23286088 0.32794622
v -0.69136542 0.24159715 0.32313624
v -0.69241786 0.24902955 0.31828755
v -0.68481612 0.22437264 0.33346128
v -0.68648785 0.23450691 0.33054423
v -0.68725204 0.24398910 0.32690924
v -0.68722171 0.25204599 0.32304394
v -0.68325388 0.22482222 0.33483732
v -0.68342167 0.23538050 0.33325690
v -0.68278557 0.24524923 0.33084303
v -0.68158627 0.25364080 0.32799941
v -0.68162978 0.22485828 0.33621353
v -0.68023789 0.23543824 0.33597144
v -0.67815220 0.24532689 0.33478487
v -0.67573351 0.25372759 0.33295873
v -0.67999947 0.22447468 0.33753508
v -0.67704117 0.23467785 0.33856785
v -0.67352176 0.24421880 0.33856839
v -0.66990089 0.25233406 0.33772945
v -0.67843616 0.22370490 0.33876050
v -0.67398185 0.23313859 0.34097430
v -0.66907775 0.24197668 0.34206402
v -0.66429925 0.24951646 0.34214839
v -0.67700070 0.22255005 0.33982715
v -0.67117202 0.23086554 0.34308809
v -0.66498971 0.23868430 0.34513330
v -0.65913123 0.24535660 0.34602416
v -0.67573857 0.22107899 0.34072477
v -0.66870815 0.22796696 0.34482980
v -0.66141820 0.23446195 0.34765670
v -0.65462077 0.24002634 0.34920153
v -0.67470968 0.21934040 0.34138340
v -0.66669327 0.22454426 0.34612775
v -0.65848839 0.22947094 0.34954166
v -0.65092385 0.23373649 0.35158372
v -0.67392975 0.21739857 0.34179792
v -0.66519368 0.22072087 0.34694713
v -0.65631932 0.22391728 0.35072538
v -0.64819229 0.22673726 0.35305938
v -0.67345577 0.21533102 0.34193563
v -0.66427648 0.21665256 0.34722272
v -0.65499270 0.21800725 0.35113668
v -0.64651340 0.21927702 0.35358223
v -0.67328387 0.21321179 0.34179837
v -0.66397303 0.21248747 0.34696904
v -0.65456730 0.21195652 0.35077715
v -0.64598608 0.21164763 0.35311514
v -0.67345220 0.21112652 0.34139445
v -0.66430616 0.20840016 0.34617385
v -0.65505528 0.20601483 0.34962320
v -0.64660913 0.20414771 0.35170469
v -0.67391944 0.20916361 0.34074008
v -0.66524905 0.20453501 0.34488833
v -0.65643859 0.20039746 0.34775570
v -0.64835930 0.19705324 0.34933957
v -0.67469519 0.20738553 0.33984953
v -0.66677743 0.20105146 0.34315142
v -0.65865684 0.19533193 0.34523216
v -0.65116554 0.19065747 0.34614584
v -0.67572427 0.20586722 0.33877516
v -0.66881496 0.19807510 0.34103167
v -0.66163272 0.19100568 0.34215656
v -0.65492076 0.18520217 0.34226468
v -0.67698550 0.20466603 0.33753780
v -0.67129654 0.19571915 0.33861202
v -0.66524649 0.18759546 0.33865067
v -0.65948129 0.18089694 0.33784506
v -0.67842019 0.20382304 0.33619907
v -0.67412502 0.19407995 0.33599102
v -0.66935927 0.18521154 0.33485436
v -0.66466796 0.17788538 0.33307639
v -0.67998379 0.20337321 0.33482394
v -0.67718816 0.19322000 0.33327234
v -0.67381483 0.18395762 0.33090875
v -0.67029184 0.17629698 0.32811058
v -0.68160349 0.20334217 0.33344015
v -0.68038327 0.19315520 0.33057076
v -0.67845637 0.18387564 0.32698068
v -0.67613590 0.17620422 0.32314733
v -0.68323213 0.20372334 0.33211899
v -0.68357211 0.19391146 0.32796842
v -0.68307638 0.18498446 0.32320035
v -0.68196517 0.17759992 0.31837848
v -0.68479931 0.20449890 0.33089772
v -0.68663609 0.19545308 0.32557747
v -0.68751973 0.18722142 0.31970334
v -0.68756312 0.18042690 0.31397220
v -0.68623364 0.20564426 0.32983413
v -0.68945622 0.19771689 0.32347286
v -0.69160658 0.19052128 0.31664559
v -0.69271195 0.18458652 0.31010649
v -0.68750590 0.20711251 0.32895583
v -0.69193751 0.20060658 0.32175338
v -0.69519985 0.19472799 0.31414920
v -0.69721335 0.18991742 0.30693874
v -0.68205225 0.21402310 0.33538851
v -0.68853539 0.20884879 0.32831076
v -0.69394630 0.20403783 0.32046634
v -0.69811171 0.19971845 0.31227160
v -0.70092505 0.19620323 0.30458954
v -0.68930691 0.21079734 0.32791308
v -0.69542575 0.20785874 0.31966180
v -0.70026881 0.20527378 0.31111097
v -0.70368308 0.20319201 0.30314735
v -0.70840991 0.21018849 0.29399905
v -0.71133637 0.20973824 0.27864039
v -0.71139938 0.20968315 0.26266876
v -0.70871055 0.21001919 0.24753152
v -0.70413339 0.21066725 0.23473185
v -0.69026393 0.21249050 0.21591301
v -0.67396975 0.21467791 0.19918270
v -0.66219145 0.21640138 0.19255151
v -0.64782280 0.21846266 0.18744661
v -0.63220572 0.22069104 0.18500105
v -0.61618966 0.22297528 0.18557893
v -0.60044479 0.22521994 0.18925945
v -0.58563346 0.22733141 0.19592878
v -0.70905721 0.21934919 0.29458064
v -0.71213567 0.22127809 0.27936497
v -0.71234775 0.22326750 0.26351878
v -0.70973670 0.22512792 0.24845052
v -0.70518565 0.22674093 0.23568499
v -0.69134378 0.22887576 0.21689938
v -0.67503589 0.23074512 0.20015636
v -0.66318846 0.23152515 0.19345765
v -0.64871234 0.23207751 0.18825914
v -0.63296455 0.23226418 0.18569651
v -0.61678284 0.23208025 0.18611813
v -0.60087174 0.23149264 0.18962069
v -0.58585757 0.23053700 0.19610776
v -0.70831335 0.22836216 0.29630816
v -0.71119022 0.23264728 0.28152856
v -0.71121466 0.23664634 0.26605693
v -0.70846200 0.24000753 0.25126645
v -0.70381689 0.24253854 0.23865566
v -0.68995476 0.24498093 0.21993363
v -0.67367941 0.24653606 0.20314111
v -0.66190237 0.24640574 0.19626153
v -0.64755899 0.24546874 0.19078457
v -0.63198942 0.24365771 0.18783937
v -0.61602199 0.24102476 0.18780170
v -0.60034299 0.23766714 0.19077659
v -0.58559108 0.23368964 0.19669206
v -0.70622331 0.23689105 0.29910606
v -0.70852280 0.24339102 0.28504831
v -0.70806587 0.24927986 0.27019840
v -0.70494950 0.25405663 0.25586677
v -0.70009470 0.25744307 0.24354523
v -0.68615514 0.26018569 0.22491075
v -0.66994125 0.26143426 0.20801181
v -0.65839118 0.26044592 0.20086129
v -0.64440054 0.25810328 0.19492027
v -0.62931043 0.25441033 0.19135630
v -0.61391228 0.24947886 0.19055921
v -0.59889269 0.24349107 0.19266888
v -0.58485198 0.23667443 0.19765152
v -0.70284140 0.24458659 0.30288139
v -0.70426065 0.25308990 0.28980964
v -0.70302629 0.26068455 0.27578178
v -0.69934624 0.26672620 0.26207912
v -0.69414616 0.27089167 0.25014821
v -0.68008685 0.27388859 0.23163652
v -0.66398501 0.27488258 0.21460585
v -0.65278757 0.27311173 0.20707266
v -0.63936430 0.26950693 0.20051238
v -0.62501961 0.26411462 0.19610015
v -0.61054450 0.25711319 0.19428687
v -0.59656805 0.24875949 0.19523618
v -0.58366370 0.23935981 0.19895542
v -0.69830561 0.25117356 0.30748901
v -0.69853574 0.26136705 0.29560781
v -0.69630224 0.27041337 0.28261098
v -0.69187325 0.27754062 0.26966372
v -0.68620527 0.28237566 0.25819814
v -0.67199695 0.28559980 0.23984660
v -0.65605283 0.28636351 0.22266649
v -0.64531207 0.28392494 0.21465693
v -0.63262922 0.27923939 0.20733292
v -0.61929852 0.27239606 0.20190851
v -0.60604280 0.26362842 0.19884542
v -0.59346676 0.25326046 0.19837035
v -0.58208960 0.24167009 0.20053770
v -0.69279933 0.25635925 0.31275943
v -0.69160467 0.26790902 0.30225259
v -0.68815005 0.27810371 0.29041171
v -0.68280584 0.28607294 0.27833429
v -0.67657912 0.29143971 0.26738724
v -0.66217685 0.29484519 0.24923782
v -0.64644217 0.29542845 0.23187625
v -0.63624358 0.29246214 0.22332846
v -0.62446916 0.28693166 0.21513215
v -0.61234814 0.27894095 0.20853756
v -0.60058349 0.26878023 0.20405428
v -0.58970833 0.25681359 0.20194882
v -0.58016497 0.24349162 0.20235763
v -0.68653828 0.25998807 0.31847152
v -0.68371284 0.27245629 0.30946037
v -0.67887127 0.28345427 0.29889393
v -0.67249632 0.29202229 0.28775313
v -0.66564155 0.29774341 0.27739403
v -0.65102381 0.30126458 0.25943121
v -0.63549441 0.30173287 0.24187088
v -0.62593871 0.29841128 0.23275331
v -0.61518461 0.29228607 0.22361231
v -0.60444850 0.28349572 0.21574934
v -0.59437633 0.27236286 0.20970608
v -0.58542633 0.25929704 0.20584533
v -0.57797885 0.24477847 0.20433466
v -0.67976093 0.26188841 0.32442364
v -0.67517716 0.27484417 0.31695893
v -0.66883230 0.28626233 0.30771539
v -0.66134614 0.29514158 0.29756039
v -0.65380925 0.30104744 0.28782201
v -0.63895273 0.30462426 0.27004370
v -0.62364280 0.30503875 0.25227275
v -0.61478478 0.30153391 0.24255843
v -0.60515028 0.29509714 0.23244095
v -0.59591264 0.28588793 0.22324681
v -0.58766365 0.27425486 0.21560523
v -0.58079278 0.26059863 0.20989895
v -0.57560664 0.24545103 0.20639616
v -0.67272872 0.26201150 0.33038670
v -0.66632938 0.27499098 0.32446569
v -0.65842611 0.28641570 0.31656137
v -0.64977640 0.29530558 0.30737838
v -0.64151961 0.30122682 0.29824087
v -0.62643045 0.30481553 0.28067404
v -0.61136395 0.30522066 0.26271129
v -0.60321152 0.30170077 0.25237602
v -0.59473008 0.29525205 0.24127142
v -0.58705103 0.28602561 0.23075759
v -0.58068717 0.27436069 0.22150147
v -0.57598531 0.26068667 0.21396069
v -0.57314479 0.24550851 0.20846070
v -0.66571343 0.26033774 0.33614251
v -0.65748739 0.27287620 0.33171475
v -0.64803064 0.28391889 0.32507825
v -0.63823372 0.29251903 0.31683946
v -0.62925941 0.29827660 0.30827326
v -0.61393505 0.30181286 0.29090706
v -0.59911162 0.30226946 0.27275342
v -0.59165841 0.29891425 0.26182529
v -0.58433080 0.29275075 0.24978265
v -0.57820612 0.28390446 0.23799250
v -0.57374007 0.27269664 0.22718456
v -0.57118374 0.25953853 0.21787298
v -0.57068664 0.24492426 0.21044891
v -0.65897352 0.25694954 0.34143597
v -0.64899790 0.26858801 0.33839116
v -0.63806099 0.27886644 0.33293232
v -0.62715650 0.28690702 0.32557297
v -0.61751521 0.29230642 0.31754240
v -0.60194278 0.29572415 0.30035308
v -0.58735037 0.29629579 0.28199440
v -0.58058071 0.29329294 0.27054805
v -0.57435971 0.28768656 0.25763035
v -0.56972229 0.27960166 0.24467655
v -0.56706488 0.26931623 0.23243177
v -0.56658244 0.25721604 0.22148101
v -0.56832570 0.24375090 0.21228945
v -0.65276873 0.25195041 0.34608856
v -0.64119846 0.26228830 0.34426069
v -0.62888581 0.27144909 0.33981484
v -0.61697257 0.27865979 0.33322904
v -0.60671091 0.28354681 0.32567620
v -0.59092391 0.28678030 0.30863935
v -0.57653964 0.28752583 0.29011825
v -0.57040137 0.28503531 0.27820104
v -0.56519866 0.28025648 0.26452589
v -0.56191856 0.27328357 0.25053266
v -0.56092834 0.26435229 0.23704034
v -0.56234801 0.25379226 0.22465514
v -0.56615734 0.24200651 0.21390150
v -0.64733642 0.24554779 0.34991643
v -0.63436764 0.25421989 0.34908056
v -0.62087089 0.26195872 0.34549394
v -0.60806835 0.26810986 0.33953056
v -0.59725404 0.27233270 0.33235872
v -0.58129400 0.27535793 0.31545705
v -0.56709635 0.27631187 0.29681268
v -0.56150508 0.27447057 0.28449941
v -0.55718821 0.27074459 0.27018765
v -0.55511022 0.26519069 0.25535884
v -0.55556929 0.25798941 0.24082795
v -0.55864483 0.24941199 0.22726856
v -0.56426078 0.23978716 0.21523272
v -0.64290476 0.23798449 0.35276908
v -0.62878746 0.24469033 0.35269171
v -0.61431181 0.25075582 0.34972677
v -0.60078973 0.25564167 0.34421673
v -0.58952802 0.25910577 0.33732700
v -0.57342947 0.26184916 0.32053477
v -0.55939108 0.26307726 0.30180794
v -0.55423707 0.26199287 0.28919807
v -0.55064589 0.25951669 0.27441365
v -0.54954153 0.25563309 0.25894576
v -0.55119133 0.25047839 0.24365367
v -0.55562508 0.24424353 0.22921364
v -0.56270695 0.23714879 0.21622872
v -0.63960475 0.22956498 0.35454184
v -0.62465650 0.23405908 0.35490742
v -0.60946715 0.23825160 0.35233912
v -0.59541279 0.24174762 0.34712818
v -0.58384126 0.24435586 0.34042197
v -0.56763083 0.24681097 0.32368249
v -0.55369925 0.24831994 0.30488908
v -0.54888034 0.24808156 0.29211280
v -0.54581964 0.24699439 0.27703634
v -0.54543823 0.24497728 0.26117340
v -0.54796225 0.24211429 0.24540193
v -0.55339134 0.23847415 0.23043084
v -0.56155711 0.23420912 0.21685317
v -0.63759911 0.22059628 0.35515204
v -0.62213701 0.22276744 0.35567939
v -0.60652864 0.22495221 0.35324079
v -0.59216571 0.22697088 0.34813720
v -0.58040136 0.22865525 0.34151226
v -0.56411582 0.23080021 0.32477480
v -0.55025077 0.23261242 0.30594796
v -0.54563737 0.23329258 0.29312885
v -0.54290068 0.23367597 0.27796060
v -0.54294801 0.23365510 0.26196048
v -0.54600590 0.23320666 0.24603099
v -0.55204296 0.23233519 0.23085567
v -0.56086314 0.23107442 0.21707200
v -0.63696033 0.21141611 0.35460263
v -0.62136763 0.21120535 0.35496262
v -0.60562831 0.21134810 0.35240066
v -0.59115875 0.21186157 0.34720653
v -0.57932341 0.21260864 0.34051153
v -0.56302601 0.21444505 0.32377890
v -0.54918307 0.21656118 0.30499145
v -0.54462826 0.21817261 0.29221365
v -0.54199100 0.22005989 0.27713093
v -0.54218203 0.22207631 0.26126033
v -0.54539800 0.22410044 0.24547705
v -0.55161750 0.22605360 0.23049149
v -0.56063801 0.22786820 0.21689419
v -0.63773024 0.20238402 0.35291088
v -0.62233204 0.19982429 0.35280025
v -0.60676754 0.19797735 0.34984842
v -0.59242904 0.19699645 0.34437537
v -0.58065647 0.19683102 0.33750227
v -0.56439567 0.19835554 0.32072729
v -0.55053139 0.20077686 0.30200568
v -0.54589337 0.20330116 0.28939384
v -0.54313463 0.20667240 0.27459818
v -0.54315066 0.21068493 0.25911424
v -0.54616416 0.21515539 0.24380155
v -0.55214745 0.21988507 0.22933488
v -0.56090379 0.22470914 0.21630862
v -0.63982517 0.19386536 0.35006312
v -0.62499034 0.18908435 0.34924057
v -0.60990572 0.18534823 0.34568197
v -0.59592009 0.18297344 0.33975226
v -0.58437341 0.18195137 0.33261275
v -0.56817341 0.18316586 0.31573251
v -0.55423766 0.18589322 0.29710034
v -0.54939264 0.18927035 0.28478178
v -0.54628450 0.19403818 0.27045348
v -0.54583222 0.19992995 0.25560290
v -0.54826957 0.20669414 0.24104118
v -0.55359566 0.21406305 0.22743931
v -0.56164342 0.22173169 0.21534790
v -0.64320731 0.18617775 0.34624371
v -0.62925655 0.17939717 0.34445125
v -0.61491913 0.17395760 0.34005365
v -0.60149997 0.17031784 0.33350891
v -0.59030658 0.16850474 0.32599267
v -0.57422107 0.16946796 0.30898571
v -0.56016701 0.17244457 0.29047745
v -0.55498362 0.17659792 0.27855724
v -0.55132151 0.18263362 0.26486537
v -0.55010992 0.19022742 0.25084436
v -0.55163610 0.19906196 0.23730983
v -0.55591857 0.20879243 0.22486924
v -0.56282735 0.21904214 0.21404704
v -0.64772516 0.17960893 0.34159470
v -0.63494992 0.17112790 0.33860964
v -0.62162817 0.16423802 0.33321050
v -0.60895091 0.15950832 0.32590285
v -0.59821594 0.15702431 0.31791025
v -0.58229285 0.15775682 0.30075711
v -0.56809241 0.16095933 0.28241405
v -0.56244946 0.16578929 0.27096552
v -0.55804265 0.17290661 0.25802973
v -0.55583799 0.18194528 0.24504240
v -0.55613941 0.19254826 0.23274934
v -0.55902302 0.20429209 0.22173384
v -0.56440848 0.21673347 0.21246032
v -0.57227302 0.22937123 0.20527415
v -0.65321529 0.17442587 0.33630088
v -0.64187109 0.16460322 0.33195055
v -0.62976217 0.15655309 0.32538369
v -0.61799479 0.15096670 0.31720409
v -0.60780895 0.14795701 0.30868188
v -0.59209365 0.14851390 0.29135254
v -0.57770884 0.15188836 0.27321580
v -0.57150966 0.15724218 0.26228663
v -0.56620026 0.16521326 0.25022605
v -0.56278044 0.17540227 0.23839939
v -0.56160295 0.18740669 0.22753869
v -0.56278521 0.20074214 0.21815509
v -0.56633526 0.21491361 0.21064001
v -0.65944976 0.17081031 0.33055526
v -0.64973772 0.16005072 0.32471776
v -0.63902128 0.15119746 0.31688020
v -0.62827909 0.14501910 0.30776036
v -0.61874092 0.14164872 0.29866940
v -0.60324216 0.14208679 0.28114292
v -0.58864200 0.14557911 0.26320016
v -0.58181995 0.15128754 0.25286558
v -0.57548422 0.15985157 0.24174327
v -0.57067895 0.17084944 0.23119171
v -0.56780517 0.18382710 0.22187804
v -0.56707042 0.19826071 0.21426089
v -0.56852484 0.21363501 0.20866553
v -0.66621369 0.16890486 0.32459027
v -0.65825778 0.15765901 0.31720507
v -0.64903587 0.14839053 0.30803475
v -0.63942027 0.14190401 0.29794398
v -0.63058281 0.13834958 0.28825799
v -0.61530775 0.13871031 0.27051982
v -0.60047674 0.14227682 0.25277138
v -0.59297633 0.14817005 0.24305910
v -0.58552903 0.15703832 0.23292330
v -0.57922435 0.16845767 0.22369227
v -0.57452995 0.18192872 0.21599200
v -0.57170850 0.19696644 0.21020862
v -0.57090122 0.21296167 0.20661022
v -0.67323303 0.16878985 0.31862345
v -0.66710466 0.15752023 0.30968961
v -0.65944487 0.14823858 0.29919878
v -0.65098733 0.14173217 0.28812411
v -0.64285922 0.13816193 0.27782086
v -0.62783211 0.13853255 0.25989786
v -0.61277300 0.14208750 0.24236079
v -0.60455269 0.14799561 0.23324730
v -0.59594619 0.15688512 0.22409025
v -0.58808553 0.16832119 0.21618921
v -0.58150220 0.18183136 0.21008763
v -0.57651681 0.19687347 0.20614834
v -0.57336193 0.21290509 0.20454103
v -0.68024904 0.17046554 0.31289259
v -0.67594033 0.15963848 0.30245659
v -0.66984451 0.15074342 0.29069182
v -0.66254264 0.14451863 0.27867979
v -0.65511763 0.14111355 0.26778847
v -0.64033014 0.14153744 0.24968094
v -0.62504059 0.14503866 0.23234195
v -0.61610389 0.15078320 0.22379917
v -0.60635346 0.15939204 0.21558794
v -0.59694064 0.17044166 0.20895684
v -0.58846229 0.18349288 0.20441890
v -0.58132035 0.19801931 0.20223726
v -0.57581949 0.21348223 0.20255198
v -0.68698937 0.17385730 0.30759621
v -0.68443000 0.16392548 0.29578307
v -0.67982244 0.15579987 0.28285509
v -0.67362797 0.15014318 0.26996997
v -0.66688830 0.14708485 0.25856027
v -0.65233576 0.14761940 0.24025060
v -0.63679606 0.15101093 0.22309442
v -0.62719327 0.15640804 0.21509083
v -0.61633277 0.16445337 0.20775011
v -0.60543835 0.17474128 0.20229079
v -0.59513754 0.18686569 0.19917622
v -0.58592147 0.20034069 0.19863199
v -0.57818002 0.21465528 0.20071384
v -0.69319427 0.17885594 0.30295774
v -0.69224101 0.17022517 0.28994542
v -0.68899661 0.16320862 0.27598080
v -0.68382049 0.15838322 0.26233768
v -0.67771518 0.15584537 0.25046226
v -0.66336960 0.15655412 0.23199062
v -0.64761472 0.15977368 0.21498576
v -0.63738418 0.16465282 0.20745322
v -0.62551045 0.17187192 0.20087682
v -0.61323762 0.18105772 0.19643247
v -0.60127586 0.19182792 0.19457228
v -0.59015644 0.20376222 0.19546084
v -0.58034217 0.21639772 0.19910592
v -0.69859421 0.18526566 0.29914528
v -0.69906205 0.17829750 0.28514224
v -0.69702381 0.17270091 0.27034509
v -0.69274104 0.16893262 0.25606844
v -0.68718278 0.16704333 0.24379778
v -0.67301846 0.16796273 0.22520275
v -0.65708518 0.17098071 0.20832278
v -0.64629567 0.17521758 0.20117000
v -0.63352114 0.18138172 0.19521382
v -0.62005794 0.18914759 0.19162068
v -0.60663426 0.19818871 0.19078517
v -0.59385884 0.20814779 0.19284745
v -0.58224267 0.21862181 0.19777109
v -0.70303631 0.19282709 0.29632941
v -0.70463818 0.18783569 0.28158268
v -0.70359051 0.18390127 0.26614934
v -0.70004100 0.18136975 0.25140518
v -0.69492620 0.18023153 0.23883505
v -0.68090993 0.18144839 0.22015251
v -0.66482824 0.18419564 0.20336579
v -0.65357739 0.18768412 0.19648312
v -0.64007032 0.19261000 0.19099061
v -0.62561977 0.19870475 0.18802339
v -0.61101234 0.20570333 0.18795924
v -0.59687519 0.21331260 0.19089986
v -0.58379370 0.22125161 0.19677477
v -0.70636266 0.20123006 0.29459038
v -0.70878971 0.19845118 0.27939481
v -0.70844179 0.19639231 0.26356310
v -0.70542085 0.19525225 0.24852750
v -0.70063365 0.19497362 0.23579341
v -0.68673921 0.19647762 0.21701911
v -0.67052937 0.19895819 0.20027706
v -0.65894920 0.20159706 0.19357453
v -0.64489681 0.20513451 0.18836470
v -0.62972081 0.20936063 0.18579189
v -0.61422884 0.21406798 0.18619931
v -0.59910458 0.21907458 0.18968348
v -0.58494157 0.22419712 0.19614972
f 4 2 1
f 8 6 5
f 13 15 14
f 17 19 18
f 32 30 29
f 36 34 33
f 37 39 38
f 21 23 20
f 25 27 24
f 41 43 42
f 48 46 45
f 52 50 49
f 53 55 54
f 60 58 57
f 29 62 61
f 66 64 63
f 67 6 68
f 72 70 69
f 76 74 73
f 77 79 78
f 81 83 82
f 59 86 85
f 88 90 89
f 96 94 93
f 100 98 97
f 101 103 102
f 106 34 87
f 108 115 107
f 117 36 118
f 124 126 125
f 131 129 128
f 132 134 133
f 142 140 139
f 148 60 147
f 144 127 124
f 149 151 150
f 156 154 153
f 159 158 157
f 116 164 105
f 171 169 168
f 174 173 172
f 179 181 180
f 186 188 187
f 194 196 195
f 199 139 198
f 206 208 207
f 213 211 210
f 202 214 201
f 96 216 54
f 92 43 44
f 97 246 100
f 250 229 228
f 252 58 253
f 258 256 255
f 260 229 259
f 110 112 113
f 114 263 109
f 265 267 266
f 56 270 269
f 274 249 250
f 185 63 64
f 280 278 276
f 285 283 157
f 288 211 212
f 141 92 46
f 289 175 176
f 148 105 106
f 312 170 171
f 238 42 43
f 318 160 317
f 310 308 307
f 241 325 324
f 160 240 317
f 47 307 308
f 108 315 164
f 345 86 119
f 348 350 349
f 356 358 357
f 355 353 352
f 363 32 362
f 149 150 176
f 364 253 365
f 366 368 367
f 183 371 63
f 163 161 160
f 209 101 208
f 378 165 166
f 379 381 380
f 383 3 4
f 284 386 385
f 387 389 388
f 391 229 249
f 73 397 396
f 405 407 406
f 203 411 410
f 414 413 412
f 1 357 4
f 277 131 275
f 254 57 58
f 358 415 351
f 417 386 408
f 401 192 420
f 419 127 143
f 421 182 422
f 103 302 409
f 428 368 174
f 380 359 356
f 62 266 323
f 140 431 430
f 357 351 348
f 356 379 380
f 415 403 434
f 437 436 435
f 438 440 439
f 188 450 449
f 452 454 453
f 265 181 421
f 224 64 225
f 237 213 427
f 275 128 458
f 281 460 459
f 50 79 461
f 73 282 281
f 468 466 465
f 390 352 359
f 482 484 483
f 489 487 486
f 493 495 494
f 472 470 469
f 502 500 499
f 220 222 223
f 512 143 66
f 518 511 80
f 513 230 286
f 205 31 244
f 189 451 188
f 163 532 8
f 533 225 251
f 446 447 412
f 335 540 334
f 544 546 545
f 329 291 292
f 199 262 238
f 385 416 550
f 532 191 247
f 363 118 243
f 236 237 250
f 578 580 579
f 573 571 570
f 561 562 272
f 241 259 240
f 590 592 591
f 545 595 594
f 503 155 504
f 606 624 623
f 478 480 479
f 646 648 647
f 590 689 684
f 564 651 650
f 728 184 727
f 714 716 715
f 692 575 693
f 541 581 578
f 346 248 400
f 161 230 160
f 128 94 95
f 698 704 703
f 574 576 575
f 290 401 328
f 630 725 726
f 733 735 734
f 755 496 493
f 759 481 760
f 757 762 761
f 764 466 467
f 768 3808 3809
f 759 488 489
f 492 475 771
f 474 769 473
f 773 465 772
f 771 486 483
f 484 775 491
f 774 489 486
f 495 764 756
f 495 761 494
f 137 784 136
f 325 797 547
f 165 51 52
f 369 29 370
f 730 568 569
f 90 301 89
f 243 516 242
f 800 806 805
f 817 808 816
f 816 823 822
f 306 447 807
f 815 809 808
f 829 828 825
f 726 501 502
f 274 424 423
f 879 881 880
f 884 879 885
f 219 217 211
f 906 904 897
f 455 205 542
f 898 830 829
f 903 880 881
f 906 897 898
f 377 519 165
f 923 948 946
f 946 951 950
f 3519 739 3517
f 900 886 880
f 225 65 144
f 182 442 422
f 809 947 824
f 954 962 961
f 927 965 966
f 885 880 886
f 925 966 967
f 343 341 340
f 965 971 968
f 968 970 969
f 972 969 973
f 963 981 978
f 336 338 339
f 992 827 828
f 810 996 959
f 1007 1002 1008
f 1012 827 1009
f 1011 1007 1008
f 294 292 291
f 907 920 919
f 1017 1019 1018
f 1020 1022 1021
f 1035 1020 1044
f 1061 1047 1046
f 1063 1046 1062
f 1044 1021 1045
f 1102 1097 1109
f 1116 1118 1117
f 1016 1014 1013
f 881 904 903
f 816 1127 817
f 1094 949 1097
f 514 167 515
f 146 81 82
f 1133 1130 1129
f 1102 1126 822
f 822 1116 816
f 1145 1148 1136
f 1076 1151 1069
f 1148 1086 1087
f 1109 1114 1136
f 1154 1156 1155
f 1153 967 1156
f 3464 463 3714
f 1144 1152 1151
f 1156 1163 1162
f 1164 1169 1165
f 1145 1176 1147
f 1114 1154 1171
f 1183 1164 1177
f 1184 1177 1185
f 1069 1062 1064
f 1023 1194 1022
f 1162 1170 1169
f 1195 1185 1191
f 1183 1176 1155
f 1201 1152 1196
f 1061 1201 1202
f 3825 843 3836
f 1203 1195 1034
f 1202 1184 1195
f 1218 1203 1217
f 1060 1202 1203
f 1225 1217 1219
f 671 694 670
f 1219 1024 1035
f 1217 1034 1024
f 1226 1015 1227
f 1243 1234 1233
f 1231 1229 1228
f 847 1233 843
f 843 1244 878
f 1233 1245 1244
f 1923 233 216
f 2100 499 500
f 3914 2135 3900
f 61 323 505
f 210 217 457
f 1299 1309 1300
f 3863 1231 3862
f 1066 1321 1322
f 1322 1228 1229
f 1060 1321 1047
f 1325 1323 1310
f 1244 1332 1330
f 1290 1242 1288
f 1337 1339 1338
f 1330 1340 1339
f 1341 1245 1294
f 1342 1332 1341
f 1343 1341 1344
f 1344 1294 1293
f 3857 1345 1346
f 1347 1342 1343
f 3856 1295 1345
f 1349 1348 1347
f 3861 1347 3853
f 3853 1343 3857
f 906 829 1353
f 905 1353 1354
f 865 1355 1357
f 1355 829 825
f 1357 825 826
f 1356 1353 1355
f 3834 1338 3833
f 866 1356 865
f 1358 1354 1356
f 3828 1337 3834
f 838 1012 841
f 1363 1338 1339
f 1368 1339 1340
f 1348 1340 1342
f 1371 3824 3829
f 524 526 523
f 528 530 527
f 1372 1369 1371
f 535 537 538
f 1367 1348 1350
f 1370 1359 1369
f 1369 3833 3824
f 1373 903 904
f 555 557 558
f 1374 910 1373
f 1373 905 1375
f 1374 1375 1376
f 1375 1354 1370
f 1378 908 1377
f 376 651 1387
f 1388 973 969
f 586 588 585
f 1390 1388 1391
f 1391 969 970
f 597 599 596
f 600 602 603
f 1392 970 979
f 608 610 607
f 612 523 611
f 614 616 613
f 617 25 24
f 620 622 619
f 1397 1391 1392
f 1398 1392 1399
f 1400 920 1378
f 1402 1165 1169
f 636 638 635
f 930 1402 929
f 641 643 644
f 929 1169 1170
f 1404 1403 1402
f 1411 1365 1406
f 1412 1415 1414
f 652 654 655
f 609 657 658
f 659 661 662
f 558 586 585
f 665 667 664
f 1413 1406 1412
f 1418 3810 3813
f 1417 1371 1416
f 1416 3829 3810
f 1419 1416 1418
f 1386 1374 1420
f 677 679 676
f 1385 1420 1421
f 1420 1376 1422
f 685 687 688
f 1421 1422 1423
f 528 691 658
f 1422 1372 1417
f 1018 747 1425
f 699 701 702
f 1424 579 1017
f 3663 1767 3660
f 700 711 712
f 1093 3754 1571
f 717 530 719
f 721 723 720
f 704 3543 3554
f 19 1426 1430
f 1429 1427 1426
f 1658 3542 3544
f 1439 1434 1438
f 1437 1435 1434
f 1426 1433 1432
f 1442 1432 1440
f 742 744 745
f 1432 1441 1440
f 751 753 750
f 1438 1403 1405
f 1446 1444 1443
f 1447 1446 1443
f 3860 1443 3848
f 1415 1445 1446
f 1414 1446 1448
f 2173 469 470
f 777 779 686
f 780 782 783
f 1676 1806 1675
f 3859 1349 3861
f 789 791 788
f 745 793 742
f 652 795 653
f 1455 1457 1456
f 1454 1350 1452
f 610 802 801
f 3831 698 703
f 1352 1045 1351
f 1015 1459 1460
f 811 813 814
f 2118 3817 2117
f 819 821 818
f 1466 1194 1190
f 1467 1465 1466
f 1182 1468 1467
f 832 833 831
f 835 837 834
f 1467 1190 1182
f 1469 1444 1445
f 840 712 690
f 1453 1469 1454
f 599 845 846
f 1226 3849 3855
f 851 853 850
f 855 856 854
f 858 860 857
f 861 863 864
f 1014 3855 3858
f 867 868 869
f 870 872 873
f 874 876 877
f 1310 1471 1309
f 1476 1427 1475
f 1461 1475 1460
f 887 889 890
f 788 892 891
f 894 896 893
f 1460 1227 1015
f 901 524 612
f 1465 1477 1464
f 1865 3500 1864
f 911 913 914
f 916 918 915
f 1850 3507 1851
f 921 895 894
f 1479 1436 1478
f 926 667 601
f 1481 563 1480
f 269 84 1482
f 931 933 916
f 934 614 869
f 936 688 937
f 938 662 939
f 1484 122 123
f 941 835 834
f 320 509 510
f 1849 3505 1850
f 84 1484 83
f 1487 1488 539
f 1757 3502 3509
f 365 1491 364
f 461 80 511
f 117 362 1496
f 1494 541 1495
f 926 957 958
f 1477 1433 1476
f 1709 1585 1700
f 119 1496 345
f 271 504 156
f 511 189 186
f 345 1492 365
f 255 344 254
f 57 299 132
f 1501 268 1500
f 267 1499 145
f 974 976 977
f 1678 1693 1676
f 3846 1807 3840
f 557 663 558
f 983 984 985
f 1443 3849 3848
f 421 268 265
f 989 991 988
f 1490 418 1504
f 279 309 310
f 997 676 679
f 998 999 875
f 1504 38 1505
f 1506 1507 1486
f 360 1508 1506
f 1506 207 360
f 939 1006 938
f 270 1483 269
f 66 546 512
f 1010 793 935
f 367 437 1509
f 244 363 243
f 1670 3534 1669
f 209 1510 226
f 235 1512 1511
f 1511 234 235
f 388 426 425
f 427 250 237
f 161 521 231
f 100 45 44
f 1025 608 1027
f 1029 1031 1028
f 939 1033 1032
f 41 594 99
f 1036 783 1037
f 702 1038 1039
f 1040 1042 1043
f 362 369 1493
f 187 477 186
f 70 539 198
f 1511 1521 234
f 1049 603 1048
f 613 869 614
f 860 1051 857
f 1005 1053 1006
f 753 1056 1054
f 1057 1059 1055
f 293 1522 292
f 288 1521 1522
f 292 1523 329
f 331 1508 1524
f 306 453 305
f 100 41 99
f 462 78 79
f 330 1524 462
f 635 1068 636
f 1485 1526 1528
f 206 1528 1510
f 1070 1072 831
f 942 1073 1074
f 916 1075 917
f 440 1530 439
f 157 1514 285
f 1529 5 1530
f 371 546 63
f 790 663 791
f 1077 857 1078
f 1403 1435 1165
f 1080 1082 1079
f 531 1529 440
f 21 1084 1085
f 272 1531 561
f 137 396 397
f 690 802 691
f 335 3567 581
f 1090 1029 1091
f 1092 794 1042
f 1533 137 138
f 661 1095 1096
f 69 445 72
f 1099 1101 1098
f 38 1536 1505
f 1104 1106 1103
f 852 1108 853
f 1377 909 1386
f 291 411 294
f 316 516 33
f 539 1533 534
f 1505 316 313
f 1110 1112 1113
f 1539 460 264
f 522 1537 1539
f 834 1120 1119
f 1122 1124 1121
f 612 1041 901
f 935 615 614
f 276 130 131
f 1686 3522 1685
f 193 1541 273
f 231 1540 287
f 556 982 557
f 365 85 345
f 190 318 1541
f 1810 3574 3528
f 3924 3512 3791
f 1132 985 1131
f 208 102 132
f 1134 662 661
f 1491 80 77
f 429 1542 147
f 1137 915 918
f 172 428 174
f 1139 1141 1142
f 549 54 55
f 1517 1518 296
f 976 1146 938
f 834 984 941
f 1543 286 115
f 1544 239 513
f 133 1544 1542
f 506 257 258
f 420 328 401
f 1158 1160 1157
f 587 1103 588
f 1513 1514 151
f 607 1027 608
f 304 1545 303
f 364 77 506
f 69 198 139
f 1006 976 938
f 700 1112 701
f 3877 3525 3787
f 1166 657 656
f 1167 858 1077
f 1300 3524 1299
f 1172 1174 1175
f 218 200 217
f 1179 1181 1178
f 372 97 98
f 89 227 88
f 1186 1188 1189
f 172 1517 1549
f 1482 81 1498
f 1090 1193 1030
f 394 353 1551
f 526 1198 1197
f 811 858 812
f 1199 1026 1025
f 606 697 696
f 1204 1206 743
f 1207 523 526
f 1209 867 613
f 914 685 936
f 1478 1441 1477
f 1029 1161 1091
f 1211 1213 1214
f 3858 1451 3859
f 844 1216 845
f 423 273 274
f 1220 1222 1083
f 22 1224 23
f 882 897 881
f 1519 173 387
f 1189 1232 1178
f 349 550 416
f 1071 1236 1072
f 1237 1239 745
f 1221 1189 1240
f 1510 1512 333
f 939 1241 1005
f 1556 5 67
f 1553 394 1551
f 404 67 347
f 1247 1249 1246
f 142 238 92
f 1251 635 1250
f 850 1253 851
f 1254 1077 1255
f 57 133 429
f 443 552 551
f 1187 1175 1188
f 1256 831 833
f 432 382 383
f 741 747 746
f 434 351 415
f 349 383 348
f 251 1481 1480
f 395 352 353
f 1518 1550 1551
f 1558 378 340
f 109 314 315
f 285 1513 407
f 395 393 392
f 202 410 1558
f 417 405 432
f 1246 1258 1247
f 3 297 2
f 1259 1261 1262
f 403 347 284
f 955 953 952
f 462 51 330
f 1096 687 1263
f 429 60 57
f 896 1265 932
f 1267 1268 1266
f 423 327 420
f 37 180 40
f 20 1187 1186
f 1256 1071 1070
f 155 156 504
f 1188 1269 1232
f 1236 1271 1262
f 1272 535 621
f 565 463 464
f 1273 745 1239
f 876 1255 1274
f 316 164 315
f 437 503 1509
f 194 1495 197
f 1275 864 863
f 624 631 630
f 1277 1137 1278
f 569 567 566
f 1481 125 366
f 324 547 326
f 1279 1107 1280
f 1525 329 1523
f 1281 1137 918
f 171 1553 1552
f 1488 396 1533
f 1557 1562 1559
f 1282 1206 1205
f 1053 1278 1281
f 778 607 1283
f 713 3566 3569
f 251 144 124
f 4 348 383
f 709 707 706
f 728 45 246
f 261 1563 544
f 789 1287 790
f 74 263 282
f 403 385 434
f 1178 1240 1189
f 1223 1289 1224
f 158 150 151
f 1220 1186 1221
f 296 354 433
f 784 1538 1566
f 1181 1291 1222
f 1269 1257 1246
f 1566 438 399
f 136 1566 1564
f 1563 169 1565
f 107 109 108
f 1297 1298 1296
f 1464 1476 1461
f 1520 507 508
f 1301 1303 1304
f 1306 1308 1305
f 175 1532 272
f 1532 200 201
f 1311 1312 1313
f 872 1315 1316
f 1317 1318 1319
f 3836 878 3828
f 1305 864 1276
f 1040 863 1320
f 1564 399 169
f 592 1575 591
f 591 1088 689
f 1581 1583 1582
f 1196 1147 1176
f 710 583 713
f 285 408 386
f 953 961 963
f 1594 1589 1593
f 1585 1587 1586
f 1592 1590 1589
f 3885 944 3899
f 1600 1598 1597
f 1604 1602 1601
f 1399 979 980
f 1589 1596 1595
f 1610 1608 1607
f 298 361 360
f 551 276 277
f 1627 3814 3819
f 859 818 860
f 1078 1328 1329
f 1555 1530 1556
f 572 680 681
f 772 776 774
f 977 918 917
f 404 392 393
f 1054 750 753
f 1644 1643 1642
f 932 1082 933
f 1067 1334 1068
f 1540 264 114
f 597 643 1336
f 471 762 470
f 1642 3831 3842
f 1644 3842 3843
f 923 950 927
f 96 548 95
f 520 522 521
f 445 443 442
f 849 848 842
f 480 755 493
f 1646 481 1639
f 311 1567 170
f 464 3497 3495
f 3497 1361 3495
f 234 236 235
f 190 192 191
f 153 152 149
f 231 286 230
f 1552 1551 1550
f 760 1648 488
f 3832 1649 3830
f 828 826 825
f 52 166 165
f 1663 1661 1660
f 287 115 286
f 668 670 669
f 634 640 639
f 553 559 554
f 118 33 516
f 492 491 490
f 3552 1651 3553
f 582 584 583
f 384 392 415
f 1381 1383 1380
f 1562 435 436
f 952 951 947
f 3529 583 584
f 1660 1667 1666
f 1394 1396 1393
f 1660 1664 1663
f 1671 1669 1668
f 1624 1673 1672
f 1407 1409 1410
f 1677 1675 1674
f 1613 1677 1625
f 1679 1676 1677
f 1626 3811 3814
f 534 198 539
f 176 150 159
f 803 734 800
f 400 191 192
f 65 143 144
f 3526 1656 3540
f 402 157 283
f 629 627 626
f 461 49 50
f 758 495 756
f 796 786 785
f 406 1513 1560
f 342 166 167
f 1694 1658 1695
f 1692 1694 1696
f 3557 1652 3552
f 3921 1703 3923
f 326 302 90
f 3916 1702 1706
f 3919 1698 1701
f 1699 3927 3918
f 1557 1560 1561
f 1127 1117 1128
f 400 289 346
f 1706 1707 1708
f 1707 1599 1600
f 1709 1708 1588
f 1714 1711 1713
f 3919 1709 1700
f 1704 1577 1703
f 1716 1713 1715
f 1559 1549 297
f 1722 1720 1719
f 1335 596 1489
f 410 377 378
f 973 1163 972
f 168 399 398
f 1571 1089 1093
f 1572 682 1571
f 749 647 754
f 1730 1723 1729
f 1594 1729 1592
f 1729 1591 1592
f 1731 1730 1583
f 1384 1377 1379
f 1732 1712 1714
f 1724 1731 1732
f 1712 1731 1580
f 1722 1732 1733
f 1721 1733 1734
f 1734 1716 1717
f 1735 1736 1697
f 1733 1714 1716
f 1663 1741 1668
f 1742 1740 1743
f 1738 1737 1735
f 1665 1666 1740
f 1665 1744 1664
f 1725 1746 1745
f 1591 1745 1590
f 1590 1747 1596
f 1745 1748 1747
f 1659 3538 3542
f 3287 3545 3282
f 1185 1182 1190
f 1664 1749 1741
f 1741 1739 1738
f 1746 1743 1748
f 1726 1742 1746
f 1153 924 925
f 1115 1153 1154
f 1654 3575 1655
f 1896 3549 1686
f 1720 1744 1726
f 1721 1749 1720
f 1750 1701 1698
f 1697 1750 1696
f 1151 1063 1062
f 1751 1670 1671
f 1695 1752 1751
f 961 986 981
f 1770 1768 1767
f 1766 1593 1765
f 1731 1579 1580
f 1579 1774 1578
f 3928 1771 3929
f 1764 3928 3917
f 1777 1775 1774
f 3762 1699 1700
f 1004 1128 1003
f 1774 1771 1772
f 987 1399 980
f 1578 1772 1764
f 1783 1781 1778
f 1597 1770 1767
f 639 3895 3884
f 3928 1769 1770
f 1793 1789 1788
f 3929 1798 1769
f 3508 3773 1806
f 1802 3924 3922
f 1788 1794 1793
f 1793 1795 1776
f 3773 1675 1806
f 1584 1783 1789
f 1771 3920 3929
f 1801 1798 1800
f 1768 1798 1799
f 1775 1797 1771
f 508 515 1520
f 1796 1802 1797
f 1800 3920 3922
f 1794 1804 1795
f 3532 1752 3547
f 485 1807 775
f 3809 1640 768
f 3837 1810 1653
f 485 1640 1808
f 1690 3770 3772
f 487 1648 1811
f 3839 1816 3822
f 3838 1648 3830
f 3839 1811 3838
f 1812 487 1811
f 1641 767 768
f 465 755 776
f 767 3823 3808
f 3822 3826 3847
f 1809 1815 767
f 3837 1651 3840
f 675 3541 3496
f 1814 1822 1821
f 1821 3821 3820
f 1824 1649 1825
f 1827 1850 1805
f 1668 1662 1663
f 1779 1848 1828
f 1790 1805 1794
f 1833 1853 1852
f 3521 693 575
f 1614 1616 1617
f 1852 3498 3501
f 1620 1622 1623
f 1855 1574 1861
f 1847 3501 3513
f 1766 1855 1782
f 1629 1631 1628
f 1633 1634 1632
f 1635 1637 1638
f 1848 1852 1847
f 1855 1863 1862
f 1803 1867 1802
f 1862 1831 1832
f 1782 1862 1781
f 3922 1865 1800
f 1873 1870 1869
f 1874 799 804
f 2045 3897 2044
f 1219 1295 1225
f 1615 1396 1395
f 3884 1877 1876
f 645 3786 3559
f 1345 1035 1346
f 634 3884 3880
f 15 1327 14
f 3910 1878 1893
f 1894 605 1893
f 3506 627 693
f 3560 645 3559
f 340 454 1558
f 1897 195 1898
f 1889 1877 1890
f 1901 129 1900
f 196 754 232
f 1705 3921 3916
f 340 166 343
f 1570 563 561
f 1904 194 1897
f 1781 1832 1780
f 1905 55 1906
f 1000 995 996
f 986 920 987
f 1191 1190 1194
f 2094 2075 2093
f 1920 1919 1915
f 453 1912 1911
f 1915 1918 1916
f 3882 2106 3901
f 1655 3531 1868
f 1916 1926 1925
f 704 3561 703
f 278 1925 1900
f 3565 1818 1820
f 1097 1115 1114
f 1927 727 1923
f 3578 3654 3758
f 1920 307 1929
f 1929 48 728
f 503 1497 1509
f 1902 787 796
f 1816 3820 3826
f 1925 1923 1924
f 1535 1568 1534
f 254 258 255
f 1509 366 367
f 119 35 36
f 219 293 294
f 141 47 431
f 542 244 245
f 1940 430 431
f 1779 1827 1790
f 1701 3915 3919
f 1661 3515 1667
f 270 754 647
f 197 749 196
f 1727 1212 1211
f 53 232 754
f 1465 1479 1478
f 1284 3854 1293
f 1951 412 413
f 168 1554 1553
f 1486 206 207
f 506 78 361
f 994 1007 993
f 951 963 964
f 1013 3861 1351
f 3826 1820 1818
f 1498 1954 1482
f 299 543 132
f 1754 1756 1753
f 1681 1683 1682
f 1696 1695 1697
f 13 738 737
f 473 475 474
f 482 768 1640
f 204 30 205
f 1761 820 819
f 611 1125 612
f 1501 1908 1909
f 1074 711 699
f 1960 82 83
f 120 1960 123
f 35 87 34
f 1773 1025 1031
f 1965 1569 1535
f 494 471 479
f 1966 1969 1968
f 446 1971 1967
f 174 125 126
f 1580 1578 1577
f 1785 1787 1784
f 1972 304 305
f 1254 875 999
f 1973 342 514
f 321 1973 509
f 1910 275 1907
f 509 514 508
f 1486 1527 1485
f 1974 804 1975
f 1977 1974 1978
f 1980 1966 1981
f 379 2 295
f 1718 1710 1701
f 884 992 883
f 1680 1678 1679
f 902 525 524
f 344 256 299
f 135 137 136
f 236 228 333
f 448 1967 1966
f 589 604 584
f 910 908 907
f 1981 1968 1987
f 1982 1987 1979
f 1988 1987 1989
f 1990 1989 1991
f 1991 1993 1992
f 322 320 319
f 992 830 883
f 1144 1086 1143
f 1995 1978 1994
f 1133 1118 1126
f 1997 1994 1996
f 870 1335 1489
f 805 1982 1998
f 727 2000 1999
f 1996 1988 1990
f 1994 1979 1988
f 1829 792 1273
f 1830 941 983
f 798 800 799
f 729 731 730
f 2011 2023 2022
f 1834 846 1159
f 402 284 347
f 2022 2024 2025
f 1838 989 988
f 810 952 809
f 1823 1840 644
f 1430 1432 1431
f 1215 1841 1079
f 149 176 177
f 1316 873 872
f 2112 1384 2106
f 1842 1844 1845
f 1159 845 1160
f 837 1846 1120
f 1971 2030 2027
f 517 370 189
f 858 833 812
f 1471 2027 1888
f 3551 626 627
f 2174 770 490
f 935 1854 1010
f 1613 1611 1618
f 1231 1225 1295
f 1856 891 892
f 1300 748 741
f 1150 1858 1859
f 1643 696 1642
f 1215 1264 1216
f 1320 902 901
f 1956 1944 1960
f 2031 669 1474
f 2034 1310 1299
f 1879 1656 1657
f 40 242 39
f 1992 2039 1456
f 888 957 889
f 1882 1996 1990
f 1078 1255 1077
f 1871 1192 1090
f 294 218 219
f 1323 2026 1471
f 123 83 1484
f 1324 2041 1323
f 384 359 352
f 1324 2038 2036
f 1883 1885 1829
f 287 114 107
f 1096 1134 661
f 915 931 916
f 806 1981 1982
f 3533 584 604
f 1425 2042 1018
f 1018 1948 1017
f 3562 740 3519
f 1948 649 646
f 1881 1990 1991
f 1900 130 278
f 992 994 993
f 923 925 924
f 3878 2047 3876
f 1643 625 606
f 2050 2051 2049
f 2045 1404 2047
f 3876 945 3885
f 1139 1079 1841
f 1037 892 982
f 2055 2057 2056
f 1198 718 717
f 1619 1612 1611
f 2058 1606 2059
f 2059 1607 2058
f 2058 1624 1605
f 71 179 37
f 405 1557 382
f 976 1006 977
f 322 1972 1911
f 2061 2063 2062
f 2066 2067 1825
f 2052 2064 2051
f 1609 2066 1647
f 1515 152 1516
f 1009 993 1007
f 1644 3815 2118
f 279 1916 278
f 1285 3862 1284
f 1647 1825 1649
f 2056 2067 2065
f 319 1953 1952
f 667 1913 1914
f 2070 625 2048
f 2052 2055 2063
f 2038 1655 1458
f 1606 2073 2072
f 1235 1270 1236
f 2072 2075 2074
f 2059 2072 2062
f 2074 2077 2076
f 1601 2078 2073
f 2049 1643 1645
f 1000 1001 994
f 1089 684 689
f 1931 1306 1930
f 1462 1021 1022
f 1932 1934 1935
f 875 1846 998
f 1936 1937 1938
f 44 46 92
f 1534 1956 120
f 1541 317 391
f 2081 2084 2083
f 146 1959 300
f 1360 1942 1361
f 985 1032 1033
f 1995 1892 2043
f 2079 2082 2081
f 2095 2076 2077
f 2081 2078 2079
f 2055 2054 2053
f 501 2095 500
f 2097 2099 2098
f 2098 2094 2083
f 2140 3893 3866
f 2141 3894 3893
f 2051 2048 2049
f 592 2101 1576
f 2071 2076 2096
f 2102 2098 2101
f 593 2102 592
f 1019 746 747
f 1950 12 1327
f 725 2096 501
f 1385 2104 1379
f 1379 2106 1384
f 2107 2100 2097
f 3908 502 3896
f 3896 499 3901
f 940 2109 944
f 928 1170 973
f 3868 684 3899
f 1962 1964 1961
f 3878 573 3897
f 2039 1968 1969
f 1389 2110 2109
f 1398 2113 1397
f 3757 3753 3743
f 3911 2107 2103
f 949 924 1115
f 260 324 326
f 1390 2113 2110
f 2070 2064 2071
f 3867 2103 593
f 2105 1421 2114
f 2114 1423 2115
f 3892 2115 3903
f 3908 2114 3892
f 554 1902 553
f 972 967 966
f 1765 1573 1574
f 1984 1986 1983
f 2053 2069 2057
f 3573 724 714
f 1625 1674 1673
f 3881 2119 2122
f 3903 2123 3904
f 56 1906 55
f 626 3879 629
f 2001 2003 2004
f 3912 2127 3907
f 2006 2008 2009
f 2127 1412 2128
f 2014 2016 2017
f 2018 2020 2021
f 1495 1947 197
f 1379 1386 1385
f 3814 1680 1618
f 2029 1884 2028
f 3902 2120 3887
f 629 3914 3872
f 682 943 1089
f 724 2121 716
f 1757 3821 3845
f 765 3844 3809
f 3851 715 3852
f 706 3870 3872
f 981 987 980
f 1457 1656 1880
f 2017 2032 2033
f 1458 1868 1457
f 1776 1792 1793
f 1959 1946 1958
f 3663 3725 3661
f 3913 2122 3850
f 1093 689 1088
f 966 968 972
f 3852 3881 3913
f 2172 2170 2171
f 670 2137 669
f 3761 1903 233
f 1429 28 1449
f 964 978 971
f 3841 1413 2127
f 1473 669 2137
f 3834 1359 1358
f 2138 1870 2137
f 1872 2137 1870
f 715 3888 3881
f 1881 1992 1880
f 3843 739 740
f 1837 3513 3514
f 253 59 85
f 1808 3840 1807
f 1647 3818 1609
f 3865 671 668
f 2112 3883 2111
f 1405 2044 1438
f 3829 1364 1366
f 273 391 249
f 576 3520 3555
f 3875 668 2031
f 1430 2140 2139
f 2136 3860 28
f 1430 18 19
f 3893 570 695
f 1442 2046 2141
f 1431 2141 2140
f 3869 3850 2136
f 3808 1817 766
f 3866 695 671
f 2142 798 2138
f 571 2142 694
f 3819 1618 1611
f 2143 2025 2142
f 694 2138 670
f 681 2144 572
f 2144 2022 2143
f 328 457 290
f 1572 2011 2144
f 630 3903 624
f 2085 2087 2088
f 2090 2092 2089
f 572 2143 571
f 1875 2153 2149
f 1873 2149 2154
f 2103 2097 2102
f 2157 2155 2156
f 2128 1414 2120
f 3874 589 582
f 3872 628 629
f 2149 2158 2159
f 2159 3905 3890
f 698 3902 705
f 3823 3827 1817
f 2158 3874 3905
f 1438 2046 1439
f 2035 2160 2161
f 2161 3889 3886
f 3871 605 589
f 3873 18 3875
f 370 61 451
f 649 413 648
f 2153 2156 2158
f 1428 1449 1450
f 1490 73 1488
f 3890 710 633
f 2155 3891 3871
f 1456 1880 1992
f 2125 2087 2124
f 2160 3890 3889
f 300 505 323
f 1064 1046 1065
f 2043 1891 2155
f 2129 2004 2003
f 2131 2133 2134
f 3848 1450 1449
f 1998 804 805
f 3879 3864 3914
f 474 490 770
f 1164 1182 1177
f 707 3909 3870
f 708 2162 707
f 2162 3886 3909
f 548 1905 458
f 1145 1114 1171
f 705 1650 704
f 2043 1977 1995
f 737 554 559
f 1034 1191 1023
f 458 1907 275
f 195 232 233
f 2040 1969 1970
f 2145 2147 2148
f 2054 2049 1645
f 3832 1639 3818
f 9 11 10
f 252 506 258
f 472 479 471
f 1865 3791 3503
f 900 910 907
f 1941 2151 1942
f 1921 1927 1919
f 2163 1898 2116
f 271 153 178
f 1904 12 9
f 282 264 460
f 1872 2154 2035
f 1326 1897 2163
f 628 693 627
f 1724 1719 1723
f 1549 436 172
f 1582 1730 1729
f 1921 1929 1928
f 3563 10 11
f 2152 1950 1949
f 475 774 771
f 769 2171 473
f 2171 476 473
f 476 772 475
f 1791 464 1760
f 2166 2168 2169
f 595 372 98
f 483 1641 482
f 762 2173 470
f 771 484 492
f 486 1809 483
f 297 1517 296
f 763 2174 762
f 776 759 489
f 184 2176 2000
f 412 303 414
f 2005 185 224
f 3811 1682 3846
f 2164 756 764
f 1472 2161 2162
f 950 964 965
f 2177 2179 2180
f 227 1510 333
f 764 467 2164
f 2182 2184 2181
f 2186 2018 2185
f 1985 2181 1986
f 214 729 1531
f 1545 1546 1569
f 865 842 866
f 849 1357 1362
f 452 1558 454
f 559 3188 737
f 16 737 3188
f 560 498 374
f 3193 3195 3194
f 3200 3198 3199
f 3211 3213 3212
f 3215 3217 3216
f 2187 2002 2001
f 2169 2189 2190
f 2192 2085 2191
f 2193 2195 2196
f 2198 2200 2197
f 1998 1979 1975
f 3664 3668 3671
f 2116 1903 1902
f 1859 2009 1150
f 3904 2126 3906
f 1135 1087 1130
f 2201 2015 2014
f 1149 110 1858
f 3221 3218 3215
f 2203 2205 2206
f 579 1895 1019
f 1755 2208 1756
f 3891 1893 605
f 1211 2150 1727
f 868 2210 2209
f 944 930 940
f 2130 2202 2201
f 233 1898 195
f 665 750 666
f 1167 999 618
f 2211 2213 2214
f 2215 2217 2218
f 3867 590 3868
f 2220 220 2219
f 823 948 1094
f 3225 3227 3226
f 266 455 265
f 3882 2107 3883
f 2221 3519 3517
f 2223 2225 2226
f 2207 2124 2208
f 673 3869 3864
f 817 996 815
f 2227 2146 2145
f 1947 646 749
f 3900 17 3873
f 2229 1638 1381
f 1679 1618 1680
f 1637 2232 2230
f 2233 1617 1616
f 2231 2236 2237
f 1381 2238 1382
f 3586 2242 3587
f 1630 2233 1631
f 1681 472 469
f 1408 2243 2244
f 3236 3238 3237
f 3232 3240 3235
f 1637 2238 1638
f 3237 3233 3234
f 1409 1634 2245
f 1380 2247 2246
f 1628 2245 1621
f 2249 1622 1633
f 1632 1408 2244
f 2248 1631 2250
f 2235 1637 1636
f 3245 3199 3198
f 631 2071 725
f 515 52 49
f 782 2251 1251
f 2253 2255 2252
f 397 459 784
f 1456 2040 1455
f 2040 2036 1455
f 1401 2111 1398
f 2041 1970 2026
f 1535 414 1965
f 1586 2080 2079
f 2256 1132 1886
f 1700 3918 3919
f 3815 1686 3817
f 1263 1886 1096
f 598 844 599
f 2257 2259 2260
f 2258 2262 2259
f 2259 2263 2216
f 2260 2216 2215
f 1967 1970 1969
f 2212 1963 2213
f 922 2218 2217
f 1312 1101 2264
f 1307 1286 789
f 1548 1546 1972
f 2266 2268 2265
f 2265 2270 2269
f 2272 2269 2271
f 2273 2265 2272
f 2275 2277 2274
f 2278 2277 2279
f 2284 3617 3639
f 2287 2286 2281
f 2288 2283 2287
f 2290 3639 3620
f 2291 2293 2294
f 2295 2294 2279
f 2296 2291 2295
f 2297 2292 2291
f 2294 2299 2300
f 2279 2300 2278
f 2298 2302 2292
f 2292 2303 2293
f 2293 2304 2299
f 2304 2306 2299
f 2306 2300 2299
f 2308 2310 2307
f 2302 2310 2303
f 2301 2307 2302
f 2312 2307 2311
f 2313 2315 2316
f 2318 2320 2317
f 3748 2322 2323
f 2324 2273 2326
f 2313 2326 2327
f 2328 2313 2316
f 2329 2324 2328
f 2331 2333 2330
f 2330 2267 2266
f 2325 2266 2273
f 2329 2330 2325
f 2333 2335 2267
f 2336 2333 2332
f 2338 2332 2337
f 2331 2337 2332
f 2329 2339 2331
f 2328 2340 2329
f 2316 2341 2328
f 2342 2315 2343
f 2344 2346 2347
f 2341 2347 2340
f 2342 2344 2341
f 2348 2345 2344
f 2350 2352 2353
f 2339 2353 2337
f 2340 2350 2339
f 2347 2351 2350
f 2337 2354 2338
f 2353 2355 2354
f 2356 2276 2357
f 2356 2358 2359
f 2356 2296 2295
f 2279 2356 2295
f 2360 2270 2268
f 2267 2360 2268
f 2362 2364 2365
f 2362 2361 2358
f 2366 2358 2357
f 2366 2363 2362
f 2357 2368 2366
f 2366 2369 2367
f 2276 2370 2368
f 2368 2282 2369
f 2372 2374 2371
f 2375 2377 2007
f 2378 2380 2381
f 2382 2381 2383
f 2384 2378 2382
f 2385 2379 2378
f 2388 2390 2387
f 2387 2392 2391
f 2393 2387 2391
f 2394 2388 2387
f 2186 2402 2400
f 2403 2327 2326
f 2272 2326 2273
f 2271 2403 2272
f 2405 2404 2403
f 2404 2408 2327
f 2409 2411 2412
f 2409 2271 2269
f 2413 2269 2270
f 2413 2410 2409
f 2417 2416 2418
f 2417 2406 2405
f 2412 2405 2271
f 2411 2417 2412
f 2406 2407 2404
f 3569 632 713
f 2420 2397 2421
f 2420 2423 2422
f 2424 2422 2419
f 2424 2398 2420
f 2425 2392 2426
f 2421 2426 2423
f 2397 2425 2421
f 2396 2391 2425
f 2427 2315 2314
f 2427 2408 2428
f 2430 2428 2429
f 2343 2427 2430
f 2432 2430 2431
f 2431 2429 2433
f 2435 2433 2434
f 2436 2431 2435
f 2428 2407 2437
f 2422 2407 2419
f 2438 2422 2423
f 2429 2437 2438
f 2440 2433 2439
f 2441 2433 2429
f 2442 2439 2441
f 2443 2440 2439
f 2445 2444 2443
f 2447 2443 2442
f 2383 2445 2447
f 2381 2446 2445
f 2448 2423 2426
f 2449 2426 2392
f 2441 2449 2442
f 2441 2438 2448
f 2449 2390 2450
f 2450 2389 2451
f 2447 2451 2383
f 2442 2450 2447
f 2451 2453 2452
f 2452 2455 2454
f 2382 2454 2384
f 2383 2452 2382
f 2456 2373 2372
f 2459 2461 2458
f 2463 2465 2462
f 2462 2285 2284
f 2466 2284 2290
f 2467 2462 2466
f 2461 3703 3701
f 2468 2470 2471
f 2472 2471 2473
f 2474 3701 3688
f 2475 2477 2478
f 2458 2453 2479
f 2479 2389 2388
f 2395 2479 2388
f 2480 2458 2479
f 2481 2483 2478
f 2484 2485 221
f 2471 2464 2463
f 2473 2463 2467
f 2487 2466 2486
f 2486 2290 2488
f 2490 2488 2489
f 2491 2486 2490
f 2492 2467 2487
f 2493 2487 2491
f 2494 2492 2493
f 2495 2473 2492
f 3690 2474 3688
f 3691 2496 3690
f 2498 2493 2499
f 2500 2499 2501
f 3700 2498 2500
f 3687 2494 2498
f 2306 2278 2300
f 2305 2504 2306
f 2504 2507 2506
f 2506 2288 2508
f 2274 2508 2275
f 2278 2506 2274
f 3633 2489 2488
f 3620 2488 2290
f 2507 2289 2288
f 2505 2509 2507
f 2508 2287 2511
f 2511 2281 2280
f 2370 2280 2282
f 2275 2511 2370
f 2512 2489 2513
f 2514 2513 2515
f 2517 2514 2516
f 2517 2490 2512
f 2499 2491 2517
f 2499 2516 2501
f 2510 2519 2518
f 2518 2521 2520
f 3616 2520 3621
f 3632 2518 3616
f 2522 2303 2310
f 2523 2310 2309
f 2305 2522 2524
f 2524 2523 2525
f 2519 2525 2521
f 2505 2524 2519
f 2308 2527 2526
f 2526 2529 2528
f 2531 2528 2530
f 2309 2526 2531
f 1214 2151 1211
f 2419 2418 2424
f 2533 2349 2317
f 2534 2317 2320
f 2535 2533 2534
f 2536 2345 2533
f 2537 2346 2536
f 2538 2536 2535
f 2539 2537 2538
f 2540 2351 2537
f 2312 2541 2527
f 2527 2542 2529
f 2543 2434 2544
f 2545 2544 2546
f 2319 2543 2545
f 2318 2435 2543
f 2514 2548 2547
f 2547 2550 2549
f 2552 2549 2551
f 2552 2514 2547
f 2520 2554 2553
f 2553 2556 2555
f 3590 2555 3593
f 3621 2553 3590
f 2523 2531 2557
f 2557 2530 2558
f 2525 2557 2559
f 2559 2558 2560
f 2554 2560 2556
f 2521 2559 2554
f 2561 2007 2006
f 2376 2225 2377
f 2564 2566 2563
f 2563 338 2567
f 2569 2567 2568
f 2570 2563 2569
f 2572 2574 2571
f 2571 2576 2575
f 2544 2575 2546
f 2544 2572 2571
f 2578 2569 2577
f 2579 2569 2568
f 2574 2579 2576
f 2573 2577 2574
f 2581 2583 2580
f 2584 2583 2585
f 3697 2580 2584
f 3676 2580 3675
f 2582 2552 2583
f 2583 2551 2585
f 2500 2589 2588
f 2590 2589 2591
f 3693 2588 2590
f 3695 2500 2588
f 2501 2591 2589
f 2592 2594 2595
f 2386 2503 2502
f 2596 2386 2374
f 2596 2373 2597
f 2599 2597 2598
f 2599 2379 2596
f 2600 2380 2599
f 2600 2598 2601
f 2603 2601 2602
f 2603 2446 2600
f 2604 2602 2605
f 2440 2605 2434
f 2444 2604 2440
f 2606 2581 2607
f 2606 2590 2591
f 2591 2582 2606
f 3676 2456 3689
f 3689 2372 3693
f 2478 2608 2481
f 2609 2611 2199
f 2564 2613 2612
f 2612 2598 2597
f 2457 2597 2373
f 2565 2612 2457
f 2614 2570 2578
f 2615 2578 2573
f 2602 2614 2615
f 2601 2613 2614
f 2572 2605 2616
f 2616 2602 2615
f 2573 2616 2615
f 1459 1045 1021
f 1265 1079 1082
f 1612 1609 1611
f 2067 2069 2068
f 1135 1136 1148
f 1938 2618 2617
f 95 458 128
f 2058 1608 1612
f 1454 1445 1367
f 655 1048 2619
f 722 2621 723
f 1131 1033 1134
f 562 366 1497
f 1723 1725 1591
f 1786 1122 1787
f 267 323 266
f 1325 1654 2038
f 1468 1435 1479
f 658 529 528
f 8 247 7
f 382 1559 3
f 788 1307 789
f 940 929 928
f 911 2623 912
f 2621 655 654
f 2624 2625 2626
f 998 27 26
f 635 2626 2625
f 2627 644 1840
f 2628 1840 2629
f 1200 2627 2628
f 1199 641 2627
f 1520 49 477
f 1452 1349 1451
f 2630 1859 1858
f 644 1335 1823
f 1197 717 2632
f 2632 719 1166
f 2628 1166 1200
f 2629 2632 2628
f 1762 1050 821
f 1823 873 1839
f 2634 794 652
f 1028 1027 1161
f 1042 2635 1043
f 93 1901 1924
f 2036 1458 1455
f 1527 1525 1526
f 877 1274 1277
f 134 797 1544
f 1328 931 1329
f 607 1091 1161
f 1043 2637 2636
f 2636 2639 2638
f 1275 2638 1276
f 1275 1043 2636
f 1272 2626 2640
f 2640 638 637
f 1110 2640 637
f 536 2640 2641
f 1472 1474 1473
f 2042 1951 649
f 1058 1105 1059
f 2642 2643 2644
f 1192 2644 1193
f 912 2642 1192
f 3898 3526 3786
f 1049 2620 2621
f 616 1885 613
f 1331 666 750
f 990 1198 525
f 1911 321 322
f 1298 1205 2645
f 76 1504 75
f 1502 421 422
f 610 658 691
f 1146 659 938
f 2646 914 936
f 1280 1238 1279
f 975 2647 2648
f 2647 975 974
f 1453 1452 1451
f 1514 158 151
f 835 1843 1842
f 1271 1173 1289
f 2649 813 2650
f 1893 1826 1894
f 1050 1937 1051
f 2651 814 813
f 1006 1281 977
f 2653 2654 2655
f 1001 1003 1002
f 585 679 558
f 2624 621 620
f 555 2028 556
f 1207 1197 2629
f 1626 478 472
f 426 419 1567
f 1030 1773 1031
f 3898 634 3880
f 534 138 262
f 1125 1042 1041
f 333 88 227
f 569 561 730
f 1489 871 870
f 1857 620 891
f 1673 3770 3763
f 622 864 1308
f 2647 974 2657
f 619 891 620
f 261 545 262
f 393 1556 404
f 2658 2647 2657
f 1075 2657 917
f 1081 2658 1075
f 1080 2659 2658
f 2644 1141 2660
f 2660 1140 1336
f 642 1336 643
f 1193 2660 642
f 679 555 558
f 1503 1500 1502
f 1318 1101 1100
f 2661 1139 1142
f 2661 2663 2662
f 2662 2659 2661
f 2662 2622 2664
f 2664 911 2646
f 2648 2646 1146
f 2648 2662 2664
f 2083 2093 2081
f 1442 1437 1439
f 519 330 51
f 1885 1209 613
f 799 805 804
f 1946 1952 1953
f 1302 1253 1252
f 566 224 533
f 1389 928 1388
f 683 681 680
f 836 1842 2665
f 2665 1845 1303
f 2666 1303 1302
f 24 2665 2666
f 831 2650 832
f 1845 1304 1303
f 2010 2012 2011
f 1051 2667 2668
f 1522 1511 1523
f 531 441 522
f 782 1251 1250
f 1250 2625 2669
f 2669 1857 1856
f 783 1856 1037
f 782 2669 783
f 720 2671 721
f 1055 1930 1056
f 1333 1251 2251
f 619 1308 1307
f 652 2619 2634
f 521 1539 1540
f 1838 537 2672
f 2672 536 2641
f 1113 2641 1110
f 1113 1838 2672
f 1016 1351 1045
f 3897 570 3894
f 226 104 101
f 3564 3827 1818
f 1036 1884 1883
f 2674 1304 2673
f 2673 1844 2675
f 1334 2675 1039
f 1333 2673 1334
f 2676 1039 2675
f 1843 2675 1844
f 942 2676 1843
f 1074 702 2676
f 811 859 858
f 752 1055 753
f 1200 656 1026
f 1120 874 2677
f 2677 877 1052
f 1241 1052 1005
f 1119 2677 1241
f 1560 151 1515
f 1208 611 523
f 215 736 214
f 1460 1462 1461
f 1208 1839 873
f 854 1282 1297
f 72 182 179
f 544 1565 512
f 217 456 457
f 2047 930 945
f 1204 1937 2633
f 913 686 685
f 840 1113 1112
f 1531 730 561
f 2678 1283 801
f 601 1914 602
f 1537 459 460
f 1819 3509 3527
f 991 862 538
f 2679 1073 1830
f 2680 983 2256
f 779 2256 1263
f 778 2680 779
f 2678 1830 2680
f 180 245 40
f 1886 1131 1134
f 1138 1274 1255
f 1841 1140 1139
f 75 314 74
f 193 420 192
f 2681 1099 1098
f 170 1565 169
f 349 417 432
f 1121 2684 2683
f 547 409 302
f 123 121 120
f 2643 1142 1141
f 1542 513 1543
f 899 907 919
f 1210 676 867
f 791 982 892
f 24 837 836
f 893 932 931
f 1860 863 862
f 535 862 861
f 832 813 812
f 2650 813 832
f 1569 1547 1568
f 181 542 180
f 660 937 688
f 2013 568 2012
f 887 2631 2630
f 1524 361 78
f 520 162 1529
f 2653 854 2685
f 1238 2655 2686
f 718 527 530
f 1492 518 1491
f 792 615 793
f 599 1835 596
f 290 456 175
f 312 1552 425
f 1248 1179 1249
f 153 177 178
f 1240 1222 1221
f 1257 1235 1071
f 1291 1083 1222
f 1052 1277 1053
f 743 2618 1204
f 444 430 443
f 23 1172 1187
f 2687 1180 1179
f 102 409 134
f 1283 610 801
f 373 650 651
f 1180 1084 1291
f 855 2655 1237
f 1173 1917 1174
f 2689 853 2688
f 2688 1108 1279
f 2686 1279 1238
f 2687 2688 2686
f 2691 1252 2690
f 2690 850 2689
f 1248 2689 2687
f 1248 2691 2690
f 2692 24 2666
f 2691 2666 1302
f 1247 2692 2691
f 1258 617 2692
f 394 1555 393
f 2693 1259 1223
f 1072 1262 1261
f 1257 1168 1258
f 398 1555 1554
f 871 1314 872
f 1178 1249 1179
f 1224 1173 1172
f 1010 2618 742
f 1175 1292 1269
f 2654 2686 2655
f 2694 1216 1264
f 71 1487 70
f 701 1111 1038
f 1072 2649 2650
f 1085 22 21
f 895 1264 896
f 1601 1605 1604
f 1259 1271 1289
f 21 1220 1083
f 988 538 537
f 598 1336 1140
f 820 1762 821
f 1050 818 821
f 1298 1761 2652
f 1168 618 617
f 858 1256 833
f 39 516 1536
f 2652 819 814
f 313 315 314
f 2026 1971 2027
f 2656 596 1835
f 814 818 811
f 2696 813 2649
f 1260 2649 1261
f 2693 2696 1260
f 2697 2651 2696
f 381 390 380
f 3818 1611 1609
f 1475 1428 1227
f 1292 1917 1235
f 1551 354 1518
f 1526 1523 1511
f 1593 1595 1573
f 1232 1246 1249
f 2695 1223 22
f 2698 1296 2697
f 2698 2693 2695
f 2685 2695 1085
f 2685 1297 2698
f 562 271 272
f 2652 1296 1298
f 1365 1364 1363
f 1958 1953 1957
f 585 2210 997
f 1561 1515 435
f 975 1146 976
f 347 68 346
f 1038 636 1068
f 2700 780 2699
f 2699 1036 1883
f 2701 1883 1829
f 851 2699 2701
f 2674 2251 2702
f 2702 781 2700
f 1253 2700 851
f 1301 2702 1253
f 1519 388 1550
f 1273 1280 2703
f 2703 1107 852
f 2701 852 851
f 1829 2703 2701
f 91 326 90
f 1784 2656 1785
f 2683 2705 2704
f 604 3499 3533
f 1669 3548 1662
f 2062 2060 2059
f 621 861 622
f 2023 732 2024
f 686 1263 687
f 857 2668 1328
f 883 882 879
f 637 1111 1110
f 2668 893 1328
f 2667 894 2668
f 1039 1068 1334
f 313 1504 1505
f 1911 305 453
f 1936 1964 2212
f 2707 2401 2183
f 2708 2183 2182
f 738 2116 554
f 2349 2432 2436
f 2711 2020 2019
f 2400 2019 2186
f 2714 2716 2713
f 2717 2719 2720
f 2721 2723 2724
f 2726 2728 2725
f 2725 2730 2729
f 2731 2729 2709
f 2732 2725 2731
f 2734 2736 2733
f 2738 2740 2737
f 2737 2741 2742
f 2744 2746 2743
f 2745 2748 2747
f 2749 2747 2751
f 2753 2751 2752
f 2250 2246 2248
f 2754 1614 2755
f 3598 2755 3609
f 3608 2747 3609
f 1617 2755 1614
f 2242 1620 2757
f 2191 2760 2759
f 2761 2760 2762
f 3648 2761 3649
f 3623 2759 3648
f 3209 3223 3224
f 1395 2236 2235
f 1395 1636 1615
f 1616 2229 2233
f 1617 2763 2756
f 2756 3628 3608
f 2765 2234 1630
f 2766 3628 3622
f 3202 3246 3247
f 1516 435 1515
f 2768 3552 3553
f 1495 578 1424
f 2135 28 17
f 3526 2773 2774
f 1690 3926 3925
f 2778 2780 2777
f 2777 2781 2782
f 2784 2777 2783
f 3555 575 576
f 1494 9 540
f 3529 2015 3566
f 451 505 450
f 2786 2788 2785
f 2779 2785 2780
f 2789 2741 2740
f 2790 2752 2789
f 2792 2794 2791
f 2793 2796 2794
f 2796 2750 2749
f 2794 2749 2753
f 2798 1396 2754
f 3591 2754 3598
f 2798 2800 1393
f 3591 2799 2798
f 2797 2795 2801
f 2791 2753 2790
f 216 232 54
f 3804 2807 3803
f 3805 2804 3803
f 2769 3557 3552
f 183 184 97
f 2811 2775 2776
f 2804 2776 2805
f 2809 2811 2804
f 2812 2813 2814
f 3805 2816 3795
f 3796 2815 3795
f 3798 2820 2821
f 3793 2819 3798
f 2824 2735 2819
f 2823 2824 2819
f 2825 2826 2724
f 3793 2827 3792
f 3796 2826 3792
f 2713 2829 2828
f 2828 2831 2830
f 2822 2828 2830
f 2821 2713 2828
f 2832 2822 2830
f 2833 2830 2831
f 2834 2832 2833
f 2835 2827 2832
f 2837 2839 2836
f 2836 2841 2840
f 2842 2840 2727
f 2843 2836 2842
f 2840 2845 2844
f 2718 2845 2719
f 2730 2844 2718
f 2727 2844 2728
f 2846 2719 2845
f 2846 2841 2847
f 2829 2847 2831
f 2829 2716 2846
f 2847 2839 2848
f 2848 2838 2849
f 2833 2849 2834
f 2831 2848 2833
f 2850 2851 2852
f 2853 2852 2854
f 2783 2782 2855
f 2785 2853 2856
f 2780 2856 2781
f 2857 2855 2782
f 2859 2782 2781
f 2861 2842 2860
f 2860 2727 2726
f 2862 2726 2732
f 2863 2860 2862
f 2861 2858 2857
f 2843 2857 2859
f 2856 2854 2864
f 2781 2864 2859
f 2837 2859 2864
f 2838 2864 2854
f 2852 2834 2849
f 2854 2849 2838
f 2865 2818 2835
f 2851 2835 2834
f 2813 2815 2865
f 2814 2865 2851
f 2866 2814 2850
f 2788 2850 2853
f 2866 2787 2867
f 2812 2867 2775
f 1892 1890 1891
f 2720 2846 2870
f 298 256 257
f 2872 2713 2820
f 3794 2735 2734
f 2729 2874 2873
f 2846 2715 2870
f 2876 2878 2875
f 2733 2878 2734
f 3806 2879 2880
f 3806 2872 3794
f 2882 2884 2881
f 2881 2715 2714
f 2880 2714 2872
f 2879 2881 2880
f 2885 2887 2888
f 2888 2890 2885
f 2885 2892 2891
f 2893 2885 2891
f 1942 2532 2894
f 2895 2720 2870
f 2884 2870 2715
f 2883 2895 2884
f 2896 2892 2895
f 2889 2717 2890
f 2890 2720 2892
f 2897 2891 2896
f 2898 2896 2883
f 2899 2883 2882
f 2900 2882 2879
f 3797 2879 3807
f 2876 2901 2877
f 2901 2904 2903
f 1785 1835 1834
f 2905 2899 2900
f 2907 2897 2898
f 3797 2903 3799
f 632 577 633
f 3532 2867 2787
f 434 550 350
f 2768 3640 3643
f 2910 1623 2249
f 2241 2758 2242
f 3640 2913 3652
f 1623 2757 1620
f 3587 2757 3652
f 2229 1380 2250
f 2765 1629 2914
f 2915 1629 2912
f 3642 2914 2915
f 3641 2765 2914
f 2919 3642 3613
f 2918 2912 2241
f 3614 2241 3586
f 3618 3613 3670
f 3541 2180 3496
f 3521 2188 3506
f 3705 714 3851
f 2925 2917 2924
f 2924 2916 2919
f 3610 2919 3618
f 3611 2924 3610
f 2926 2766 2925
f 3658 2925 3611
f 1715 1705 1710
f 785 498 796
f 1387 565 1791
f 374 1899 560
f 3573 2206 3556
f 2929 2886 2893
f 2932 2934 2931
f 1905 1908 1907
f 2930 2936 2937
f 2938 2930 2929
f 1493 517 518
f 1603 1586 1602
f 2939 2929 2908
f 2940 2908 2907
f 3665 1600 3661
f 2886 2937 2887
f 2906 2898 2899
f 2908 2893 2897
f 2942 2933 2941
f 2941 2937 2936
f 3501 2936 3513
f 3498 2941 3501
f 2943 2710 2873
f 2943 2874 2889
f 2945 2889 2888
f 2946 2943 2945
f 2932 2888 2887
f 2931 2945 2932
f 727 1929 728
f 2903 2947 2948
f 545 42 262
f 1480 533 251
f 2907 2949 2940
f 2906 2950 2949
f 1558 215 202
f 3799 2948 3801
f 2054 1644 2118
f 3705 2203 3573
f 1828 1849 1827
f 2953 2955 2952
f 2952 2957 2956
f 2956 2258 2952
f 2953 2258 2257
f 2454 2474 2496
f 3747 2959 3766
f 3747 2131 3737
f 2961 2963 2958
f 2958 2964 2959
f 222 2485 2965
f 2477 2966 2608
f 2631 2006 1859
f 2384 2496 2497
f 2967 2959 2964
f 2968 2970 2969
f 3759 2971 3784
f 3784 2960 3766
f 2972 2033 2032
f 2007 2973 2008
f 3560 2134 2133
f 1836 1832 1831
f 3506 2090 3551
f 955 959 956
f 672 674 673
f 633 713 632
f 2024 733 803
f 2025 803 798
f 425 1550 388
f 2975 888 887
f 1319 1157 2694
f 1212 2977 1213
f 889 2228 2227
f 1978 1975 1979
f 1138 1329 915
f 751 2979 2978
f 1619 1625 1624
f 2252 1728 1727
f 1157 845 1216
f 2706 1938 2617
f 2980 2254 2981
f 2982 887 2630
f 802 711 2679
f 678 2029 2028
f 527 690 528
f 1839 2629 1840
f 2983 602 1914
f 2983 1913 1331
f 2985 1331 1054
f 2986 2983 2985
f 2987 2635 2634
f 2985 2639 2986
f 2990 1318 2989
f 2991 2993 2994
f 2995 2994 2996
f 1106 2991 2995
f 1058 2992 2991
f 1415 1365 1367
f 1317 2217 2997
f 1932 2255 2980
f 926 2999 664
f 3001 2992 3000
f 3000 1057 2978
f 2999 2978 2979
f 2998 3000 2999
f 3002 2209 3003
f 3002 2996 2994
f 2993 3002 2994
f 3001 2998 3002
f 1103 2995 3004
f 3004 2996 3003
f 2209 3004 3003
f 588 3004 2210
f 295 433 381
f 2638 2988 3005
f 3005 1056 1930
f 1305 1930 1306
f 1276 3005 1305
f 1987 1993 1989
f 2633 1761 2645
f 1423 1417 1419
f 3561 739 703
f 2671 2704 2705
f 1473 2035 1472
f 922 2694 895
f 1401 1378 1384
f 556 1884 1037
f 842 3825 3836
f 1854 2617 1010
f 933 1081 1075
f 1440 1436 1437
f 529 719 530
f 1031 1027 1028
f 777 912 1871
f 2645 1204 2633
f 441 1538 1537
f 790 587 586
f 2065 1610 1607
f 1860 990 902
f 60 87 59
f 1424 1948 1947
f 332 1507 331
f 261 138 135
f 187 449 507
f 1719 1726 1725
f 1931 1059 3006
f 3006 1105 1104
f 1287 1104 587
f 1286 3006 1287
f 3007 3009 3010
f 3009 653 795
f 618 26 25
f 2029 1210 1209
f 957 600 2228
f 1049 2228 600
f 2631 3011 2561
f 890 2227 3011
f 3011 2145 3012
f 2561 3012 2375
f 1026 609 608
f 2706 1961 1964
f 3013 2485 3014
f 2148 1267 3015
f 3015 1266 1311
f 2997 1101 1317
f 642 1773 1193
f 186 461 511
f 1041 1320 901
f 1121 3017 1122
f 2984 2987 3018
f 3018 2634 2619
f 1048 3018 2619
f 603 2984 3018
f 2679 801 802
f 2062 2074 2061
f 2061 2076 2064
f 414 1545 1965
f 3016 2683 3019
f 3019 2704 2670
f 3020 2670 720
f 3007 3019 3020
f 1871 1091 777
f 3021 1122 3017
f 3022 3017 3010
f 1314 3022 1315
f 1784 3021 1314
f 1316 1763 611
f 3023 3010 3009
f 3023 795 1092
f 1763 1092 1125
f 1315 3023 1763
f 3016 3010 3017
f 752 2978 1057
f 2986 2637 2987
f 3024 653 3008
f 3020 3008 3007
f 720 3024 3020
f 723 654 3024
f 2681 1268 3025
f 2671 1268 721
f 2705 3025 2671
f 1313 3027 1311
f 3026 3029 3027
f 3027 3030 3031
f 1311 3031 3015
f 2012 731 2023
f 917 974 977
f 743 856 744
f 1888 2030 1425
f 2682 2684 3032
f 3032 1124 2989
f 1100 2989 1318
f 1099 3032 1100
f 1123 2989 1124
f 3033 1159 1158
f 2990 1158 1319
f 1123 3033 2990
f 1786 1834 3033
f 1054 2988 2985
f 2979 664 2999
f 2623 2663 2643
f 1095 688 687
f 3034 2261 2956
f 3036 2956 2957
f 3037 3034 3036
f 3038 3035 3034
f 3040 3026 1313
f 2263 3041 3040
f 3042 3043 3041
f 3041 3028 3026
f 3044 3043 3039
f 3046 3045 3044
f 3047 3049 3045
f 3043 3049 3028
f 3038 3051 3050
f 3050 3053 3052
f 3052 3044 3050
f 3039 3050 3044
f 3054 3039 3042
f 3042 2262 3054
f 2261 3054 2262
f 2216 2997 2217
f 2212 2667 1936
f 3056 2209 3055
f 934 1961 1854
f 2013 3757 567
f 3058 3060 3061
f 3059 3063 3060
f 3060 2213 1963
f 3061 1963 1962
f 3063 2214 2213
f 3062 3064 3063
f 3065 2260 3064
f 3064 2215 2214
f 3066 3031 3030
f 2608 3067 3066
f 2966 3068 3067
f 3031 3068 3015
f 2455 2461 2474
f 2476 2226 2477
f 3551 2089 3525
f 3526 3769 3786
f 433 355 381
f 2115 1419 2123
f 3509 2922 3527
f 3769 2131 2134
f 3069 2167 2166
f 2971 2928 2960
f 2961 2773 2962
f 3070 2478 2483
f 2610 3071 2954
f 2502 2374 2386
f 3072 2595 3073
f 2964 3052 2967
f 3048 3074 3049
f 2593 3075 3074
f 3075 3029 3074
f 3074 3028 3049
f 3072 3075 2592
f 3076 2482 2481
f 2481 3066 3076
f 3076 3030 3075
f 2967 3053 2970
f 2482 3073 2483
f 479 493 494
f 706 3873 709
f 3561 2221 3517
f 2013 3754 3755
f 3533 2016 3529
f 3562 2222 2974
f 1171 1155 1176
f 2586 2565 2587
f 2982 113 2484
f 2562 3077 3068
f 2376 3012 3077
f 3012 2148 3077
f 3077 3015 3068
f 2963 3046 2964
f 3051 2970 3053
f 1683 491 775
f 3850 1447 3860
f 1986 3734 3768
f 3079 2546 2575
f 3081 2575 2576
f 1983 3768 3765
f 3082 2319 2545
f 3080 2545 2546
f 3734 3082 3080
f 3732 2323 3082
f 1309 1888 748
f 3073 2772 2771
f 2760 3084 2762
f 2760 2088 3083
f 3085 3086 3087
f 3089 3090 3088
f 3089 3084 3085
f 3092 3090 3091
f 3093 2744 2743
f 2751 2748 3093
f 3093 2752 2751
f 2742 3093 3094
f 3094 2743 3095
f 3096 3098 3087
f 3099 3087 3086
f 3097 3095 3098
f 3100 2746 3101
f 3101 3102 3100
f 2764 2927 3101
f 2745 3101 2746
f 3102 3091 3100
f 3100 3095 2743
f 2869 3592 3634
f 3102 3104 3092
f 3658 2869 3634
f 2927 3103 3102
f 3098 3091 3090
f 3087 3090 3085
f 2088 3105 3083
f 3083 3086 3084
f 2483 2771 3070
f 2401 2185 2321
f 3099 3105 3106
f 2125 3106 3105
f 3108 2742 3107
f 3107 3094 3097
f 3110 3107 3109
f 3109 3097 3096
f 3111 3096 3099
f 3112 3109 3111
f 3113 2737 3108
f 3115 2722 3114
f 3117 3114 3116
f 3119 3116 3118
f 3118 3120 3121
f 3116 3113 3120
f 3122 3111 3123
f 3122 1755 1754
f 3124 3126 3127
f 3125 3121 3126
f 3128 3118 3125
f 3129 3125 3124
f 2020 3128 3129
f 3853 1346 1352
f 1065 1047 1066
f 1814 3830 1649
f 2021 3129 3130
f 3111 3106 3123
f 3123 2207 1755
f 2377 2224 2973
f 3014 113 112
f 1756 3782 3767
f 3131 2530 2528
f 3133 2528 2529
f 1753 3767 3775
f 3134 3127 3135
f 2327 2314 2313
f 2436 2317 2349
f 2018 3711 3712
f 2534 3137 2535
f 2320 3136 2534
f 2185 3712 3771
f 3138 2542 2539
f 3134 3744 3745
f 3785 3134 3745
f 3140 2539 2538
f 2535 3140 2538
f 3711 3130 3785
f 2558 3132 3141
f 3782 3141 3132
f 2560 3141 3142
f 3760 3142 3141
f 958 2976 2981
f 1933 2980 3143
f 2399 2418 2416
f 2348 2343 2432
f 2322 2319 2323
f 2718 2874 2730
f 2709 2873 2710
f 2894 1361 1942
f 346 176 347
f 1876 1882 1881
f 2802 3607 3592
f 3104 3088 3092
f 2974 3649 3603
f 3089 2761 2762
f 3088 3145 3089
f 2803 3603 3607
f 3870 692 628
f 2123 1418 2126
f 1365 1368 1367
f 1581 1782 1783
f 3569 2129 3520
f 3555 2002 3521
f 3146 2551 3147
f 3751 3147 3750
f 3742 3146 3751
f 3149 2585 3146
f 3196 3197 3195
f 3604 2191 3623
f 3142 2556 2560
f 3777 3150 3142
f 3646 2550 3593
f 3150 2555 2556
f 3778 3151 3150
f 3788 3152 3646
f 3153 2551 2549
f 3152 2549 2550
f 3781 3153 3152
f 3776 3147 3153
f 3148 2206 2205
f 2183 2321 2184
f 2132 2928 2133
f 3684 2204 2203
f 3719 2197 3721
f 2594 2773 2951
f 2595 2951 2772
f 1870 799 1869
f 3713 2178 3706
f 3706 3736 3790
f 336 3774 3722
f 339 3154 336
f 3789 3149 3742
f 3683 2584 3149
f 2963 3048 3047
f 3722 337 336
f 339 2566 2586
f 3156 2168 2167
f 2610 2167 2611
f 2954 3156 2610
f 3157 2953 2257
f 3707 2169 3709
f 2567 3159 2568
f 337 2567 338
f 3730 2166 3707
f 3764 1983 3765
f 2579 3081 2576
f 2568 3160 2579
f 3709 2190 3764
f 3065 3162 3161
f 3161 1984 2189
f 3157 2189 2168
f 2257 3161 3157
f 734 1922 806
f 3059 2708 3163
f 3163 2182 1985
f 3162 1985 1984
f 3062 3163 3162
f 3203 3205 3204
f 2122 1448 1447
f 3817 1685 3812
f 139 444 69
f 1570 566 533
f 2957 3165 3036
f 2955 3164 2957
f 1912 341 1973
f 3130 3124 3134
f 1548 319 1547
f 1949 1327 1887
f 2969 3078 3167
f 3167 3169 3168
f 3724 2017 3720
f 3720 2033 3759
f 3168 3165 3170
f 3170 3164 3171
f 3779 3171 3756
f 3724 3170 3779
f 3171 3166 3172
f 3172 3071 3173
f 3752 3173 3749
f 3756 3172 3752
f 3169 3036 3165
f 2593 2962 2594
f 3173 2609 3174
f 3174 2199 2198
f 3783 2198 3719
f 3749 3174 3783
f 2190 1984 1983
f 2196 2767 3148
f 2119 1414 1448
f 1464 1466 1465
f 2199 3069 2200
f 2457 2587 2565
f 2226 2562 2966
f 481 1627 1639
f 333 235 236
f 3078 3037 3169
f 3040 2997 2263
f 2219 1933 2220
f 2385 2497 2503
f 221 3175 2484
f 2220 3143 3175
f 3175 2976 2975
f 2484 2975 2982
f 2954 3166 2955
f 2630 110 2982
f 1547 1952 1955
f 2091 2188 2187
f 3733 2178 2177
f 1918 1927 1926
f 3563 111 3511
f 955 960 954
f 2037 112 3563
f 3143 2981 2976
f 2218 2214 2215
f 672 3787 3541
f 2152 3014 2037
f 1147 1143 1145
f 2248 1409 2245
f 1615 1635 1616
f 1410 2246 2247
f 3241 3242 3240
f 3177 1383 1382
f 2238 3176 1382
f 3176 2230 3178
f 1410 3179 1407
f 3179 2243 1407
f 1633 2800 2249
f 1621 2758 2912
f 1622 2245 1634
f 2236 3181 3182
f 2237 3182 3183
f 2250 2233 2229
f 2912 1628 1621
f 135 1564 1563
f 1567 512 1565
f 1085 2653 2685
f 3184 868 3056
f 869 3057 934
f 1266 1098 1312
f 1267 722 721
f 937 2646 936
f 2146 722 2147
f 2211 921 2667
f 1957 507 449
f 1313 2264 3040
f 1496 1493 1492
f 2681 2705 2682
f 2887 2933 2932
f 1687 1659 1694
f 145 1498 81
f 1317 1319 2694
f 37 418 71
f 1935 3185 2977
f 104 301 103
f 2101 2083 2084
f 543 360 207
f 1934 3186 3185
f 234 212 237
f 3845 1822 1824
f 1976 1874 1974
f 223 2219 220
f 3655 3605 3612
f 468 773 2165
f 1935 1728 1932
f 3240 3226 3235
f 3261 3250 3260
f 3215 3244 3264
f 3265 3215 3264
f 3267 3198 3196
f 3205 3269 3255
f 3214 3265 3270
f 3271 3214 3192
f 3251 3239 3236
f 3222 3266 3272
f 3232 3234 3233
f 3216 3243 3244
f 3196 3268 3267
f 3244 3254 3255
f 3238 3247 3246
f 3264 3255 3269
f 3253 3216 3217
f 3211 3221 3265
f 3257 3218 3256
f 3258 3272 3259
f 3274 3280 3273
f 3228 3262 3263
f 3275 3281 3280
f 3226 3273 3280
f 3236 3260 3251
f 3281 3236 3237
f 3287 3192 3189
f 3235 3280 3234
f 3234 3281 3237
f 3288 3259 3272
f 3260 3276 3251
f 3289 3278 3284
f 3210 3224 3283
f 3199 3201 3200
f 3228 3230 3229
f 3290 3285 3286
f 3282 3271 3287
f 3260 3262 3261
f 3243 3268 3254
f 3267 3241 3232
f 3194 3208 3193
f 3191 3269 3206
f 3270 3192 3214
f 3275 3230 3231
f 3264 3270 3265
f 3252 3276 3291
f 3248 3291 3223
f 3213 3279 3277
f 3272 3289 3288
f 3277 3212 3213
f 3228 3281 3231
f 3220 3253 3219
f 3219 3217 3257
f 3256 3222 3258
f 3247 3252 3248
f 3245 3232 3233
f 3266 3212 3289
f 3208 3255 3254
f 3288 3284 3285
f 3204 3208 3207
f 560 3187 559
f 3209 3201 3202
f 3189 3191 3190
f 448 807 447
f 647 122 270
f 1833 1780 1832
f 510 508 507
f 3210 1887 3201
f 1887 3200 3201
f 15 3197 3200
f 16 3195 3197
f 3195 3187 3194
f 3194 1899 3207
f 3207 375 3204
f 387 126 127
f 3189 1760 3287
f 3577 757 758
f 763 2172 2175
f 3583 3580 3581
f 3581 3579 3578
f 3594 3596 3595
f 3400 3602 3401
f 3626 3625 3627
f 3631 3599 3601
f 3636 3595 3596
f 3647 3588 3645
f 3650 3584 3647
f 3653 3580 3651
f 3653 3654 3579
f 1801 3656 3655
f 3651 3582 3650
f 3644 3595 3637
f 1767 3659 3660
f 1597 3661 1600
f 1708 3665 3664
f 3671 3667 3666
f 3666 3673 3672
f 1588 3664 1587
f 2080 3666 2082
f 2082 3672 2084
f 3674 3635 3631
f 3677 3636 3635
f 3682 3645 3681
f 3692 3650 3686
f 3681 3644 3680
f 786 3692 785
f 3694 3651 3692
f 785 3686 497
f 497 3682 650
f 650 3681 564
f 3696 3681 3680
f 3405 3605 3402
f 3702 3678 3677
f 3699 3679 3678
f 3645 3638 3644
f 1799 3659 1768
f 3708 3458 3460
f 3462 3708 3460
f 3714 564 3696
f 3615 3602 3600
f 3710 3696 3698
f 3635 3596 3599
f 3629 3627 3630
f 3597 3599 3596
f 3630 3715 3629
f 3627 3597 3594
f 3717 3723 3718
f 3715 3660 3629
f 3716 3725 3715
f 3668 3661 3725
f 3668 3717 3667
f 3667 3718 3673
f 3727 3673 3718
f 3728 3672 3673
f 3726 3718 3723
f 1576 2084 3672
f 3727 3731 3729
f 3203 1387 3190
f 3190 1791 3189
f 3283 1949 3210
f 317 259 391
f 2000 3653 3694
f 3601 3600 3602
f 3589 3584 3585
f 3577 756 2170
f 3585 3582 3583
f 3678 3637 3636
f 3204 376 3203
f 1801 3657 1799
f 3729 3728 3727
f 1575 3738 1088
f 3735 1576 3728
f 1776 1796 1775
f 1293 1290 1284
f 1326 1327 12
f 1294 1234 1290
f 878 1330 1337
f 497 374 498
f 122 413 121
f 3699 3704 3708
f 3606 3401 3602
f 3708 3698 3699
f 3464 3710 3462
f 3704 3443 3458
f 439 399 438
f 1512 1526 1511
f 1668 1738 1671
f 839 1362 838
f 1362 826 1012
f 3843 1896 3815
f 2053 2118 2117
f 3888 2120 2119
f 696 3816 3831
f 1826 639 640
f 3740 3729 3731
f 956 886 960
f 1980 1922 807
f 33 105 164
f 1343 3856 3857
f 3907 2128 3902
f 1766 1582 1594
f 14 2163 738
f 595 99 594
f 3233 3246 3245
f 1346 1044 1352
f 748 1425 747
f 3193 3254 3268
f 3190 3206 3203
f 3612 3606 3615
f 3624 3615 3625
f 3631 3443 3674
f 3679 3644 3637
f 3686 3647 3682
f 3702 3674 3704
f 3625 3600 3597
f 3601 3415 3631
f 3739 3735 3729
f 3630 3594 3741
f 3741 3716 3630
f 1284 1288 1285
f 3698 3680 3679
f 1778 1780 1779
f 1792 1584 1789
f 695 571 694
f 3638 3594 3595
f 3741 3588 3589
f 3247 3209 3202
f 3292 3294 3295
f 3296 3298 3299
f 3299 3300 3301
f 3302 3304 3305
f 3306 3308 3309
f 3307 3311 3308
f 3303 3301 3300
f 3312 3304 3313
f 3314 3316 3317
f 3318 3320 3321
f 3324 3321 3325
f 3326 3328 3323
f 3329 3331 3332
f 3333 3335 3336
f 3337 3339 3340
f 3333 3341 3342
f 3342 3343 3344
f 3319 3344 3343
f 3338 3334 3339
f 3346 3302 3347
f 3305 3347 3302
f 3312 3223 3349
f 3350 3340 3351
f 3312 3348 3305
f 3352 3341 3326
f 3311 3354 3308
f 3341 3327 3326
f 3359 3361 3362
f 3360 3250 3249
f 3318 3345 3319
f 3364 3318 3324
f 3314 3324 3365
f 3366 3301 3346
f 3299 3367 3296
f 3308 3368 3309
f 3369 3295 3294
f 3317 3364 3314
f 3370 3317 3316
f 3325 3365 3324
f 3352 3319 3343
f 3296 3353 3311
f 3297 3311 3310
f 3363 3354 3345
f 3345 3353 3344
f 3344 3367 3342
f 3366 3342 3367
f 3347 3334 3346
f 3339 3348 3340
f 3348 3351 3340
f 3363 3369 3368
f 3294 3368 3369
f 3293 3309 3294
f 3331 3374 3332
f 3346 3333 3366
f 3323 3352 3326
f 3356 3321 3320
f 3355 3325 3321
f 3357 3371 3325
f 3322 3320 3352
f 3361 3329 3362
f 3373 3375 3374
f 3374 3376 3332
f 3329 3376 3362
f 3327 3372 3328
f 3336 3375 3327
f 3335 3376 3375
f 3376 3337 3362
f 3337 3359 3362
f 3359 3276 3250
f 3377 3295 3370
f 3277 3315 3278
f 3371 3379 3365
f 3378 3358 3380
f 3365 3315 3314
f 3316 3279 3370
f 3282 3370 3279
f 3313 3224 3312
f 3378 3284 3379
f 3380 3285 3378
f 3379 3278 3315
f 3276 3351 3291
f 3291 3349 3223
f 3313 2965 3013
f 2965 3303 222
f 222 3300 223
f 223 3298 3186
f 3298 3185 3186
f 3297 2977 3185
f 3310 1213 2977
f 3307 1214 1213
f 2532 3306 3293
f 2894 3293 3292
f 2871 3292 3377
f 3253 3240 3242
f 3283 3013 2152
f 1997 1889 1892
f 1237 744 855
f 1535 120 121
f 1531 201 214
f 1119 1032 984
f 946 824 947
f 163 5 162
f 3589 3723 3741
f 1155 1162 1164
f 427 327 424
f 553 796 498
f 3381 2231 2237
f 3381 2230 2232
f 2237 3180 3381
f 3383 3385 3382
f 3384 3387 3385
f 3386 3389 3387
f 3388 3391 3389
f 3392 3394 3395
f 3395 3396 3397
f 3398 3397 3396
f 3400 3399 3398
f 3403 3405 3402
f 3406 3404 3403
f 3408 3407 3406
f 3410 3409 3408
f 3412 3411 3410
f 3415 3398 3414
f 3414 3396 3416
f 3416 3394 3417
f 3417 3393 3418
f 3393 3420 3418
f 3419 3421 3420
f 3390 3422 3421
f 3388 3423 3422
f 3386 3424 3423
f 3384 3425 3424
f 3425 3426 3184
f 2904 3428 2947
f 3429 2904 2902
f 3430 2902 2876
f 2875 3430 2876
f 3432 2733 2736
f 2825 3435 2824
f 3437 3439 3436
f 3441 3436 3440
f 2724 3434 2825
f 3436 3115 3117
f 3440 3117 3119
f 3443 3414 3442
f 3442 3416 3444
f 3444 3417 3445
f 3445 3418 3446
f 3446 3420 3447
f 3420 3448 3447
f 3421 3449 3448
f 3422 3450 3449
f 3423 3451 3450
f 3424 3452 3451
f 3425 3056 3452
f 3451 2253 2252
f 3450 2252 1727
f 3449 1727 2150
f 3448 2150 1941
f 3453 3448 1941
f 3454 3447 3453
f 3455 3446 3454
f 3456 3445 3455
f 3442 3456 3457
f 3443 3457 3458
f 3459 3458 3457
f 3457 3455 3459
f 3459 3454 3461
f 3462 3459 3461
f 3461 3453 3463
f 3464 3461 3463
f 3463 1941 1360
f 3404 3401 3405
f 3407 3399 3404
f 3409 3397 3407
f 3411 3395 3409
f 3465 3413 3412
f 3467 3469 3466
f 3465 3431 3433
f 3470 3466 3465
f 3438 3432 3435
f 3467 3438 3437
f 3468 3437 3441
f 3471 3468 3472
f 3472 3441 3473
f 3473 3440 2712
f 2712 3119 3128
f 3475 3472 3474
f 3474 3473 3476
f 3476 2712 2711
f 3477 2711 2400
f 3478 3476 3477
f 3479 3474 3478
f 3392 3413 3480
f 3466 3480 3413
f 3419 3392 3480
f 3390 3480 3391
f 3469 3391 3480
f 3389 3471 3475
f 3387 3475 3479
f 3385 3479 3481
f 3482 2400 2402
f 3483 3477 3482
f 3481 3478 3483
f 3484 2402 2707
f 3058 2707 2708
f 3061 3484 3058
f 3485 3482 3484
f 3382 3481 3486
f 3486 3483 3485
f 3426 3382 3487
f 3487 3486 1962
f 3486 3061 1962
f 1961 3487 1962
f 3057 3426 3487
f 3428 3402 3488
f 3427 3403 3428
f 3429 3406 3427
f 3430 3408 3429
f 3431 3410 3430
f 3470 3433 3432
f 3434 3438 3435
f 2723 3439 3434
f 2875 3433 3431
f 2736 3435 3432
f 2947 3488 3500
f 3464 1360 3497
f 1900 1924 1901
f 1736 1718 1750
f 1955 1943 1956
f 1671 1735 1751
f 1696 1698 1692
f 1800 1864 1801
f 2063 2056 2060
f 1737 1717 1736
f 1751 1697 1695
f 943 3899 684
f 3656 3402 3605
f 1577 1764 1703
f 3917 1599 3923
f 1945 82 1944
f 68 7 248
f 147 1543 148
f 1109 1133 1102
f 1503 1907 1908
f 1499 1909 1498
f 452 735 215
f 1824 3835 3845
f 1825 2068 1824
f 1463 1022 1194
f 841 1009 1011
f 1568 1955 1534
f 1926 1927 1923
f 1910 1502 1939
f 1939 422 442
f 309 1940 308
f 1804 1866 1803
f 269 1954 56
f 2065 2060 2056
f 3812 1758 3835
f 280 552 1940
f 1875 1869 1874
f 1739 1734 1737
f 1778 1790 1788
f 310 1915 279
f 1909 1906 1954
f 1789 1778 1788
f 978 980 979
f 1584 1731 1583
f 425 311 312
f 148 115 116
f 2044 3894 2046
f 277 1939 551
f 1943 1945 1944
f 1461 1463 1464
f 2253 3056 3055
f 2981 3489 958
f 2209 3489 3055
f 2254 3055 3489
f 2998 958 3489
f 2826 2721 2724
f 3490 2721 2817
f 2816 3490 2817
f 2334 2296 2335
f 2298 2334 2336
f 2301 2336 2338
f 2311 2338 2354
f 2312 2354 2355
f 2359 2361 2360
f 2335 2359 2360
f 2414 2365 2364
f 2413 2361 2365
f 2355 2540 2541
f 2541 2539 2542
f 2722 2739 2738
f 3114 2738 3113
f 3110 3121 3120
f 3108 3120 3113
f 3122 3127 3126
f 3112 3126 3121
f 3127 1753 3135
f 3139 2529 2542
f 3744 3133 3139
f 3490 2740 2739
f 3491 2789 3490
f 228 91 88
f 245 243 242
f 248 247 191
f 2 296 295
f 145 300 267
f 327 210 328
f 329 331 330
f 250 228 236
f 239 240 230
f 373 375 374
f 178 176 175
f 1218 1228 1321
f 3862 1295 3854
f 808 824 823
f 3858 1013 1014
f 3813 1411 1413
f 2154 2159 2160
f 3845 1758 1757
f 306 1922 452
f 2157 1976 1977
f 708 2031 1474
f 1450 1227 1428
f 1672 1605 1624
f 1813 1821 1816
f 1717 1715 1718
f 176 402 347
f 1710 3916 3915
f 1712 1577 1711
f 1705 1711 1704
f 971 979 970
f 822 1094 1102
f 2909 2793 2792
f 2810 2795 2793
f 2799 2249 2800
f 3662 2910 2799
f 2769 2801 2795
f 3177 3178 3179
f 3178 3180 3179
f 3181 1393 2800
f 3181 1632 3182
f 3182 2244 3183
f 3183 2243 3180
f 3492 2790 3491
f 2808 3491 2816
f 2239 3572 2240
f 1149 3571 3570
f 1150 3567 3571
f 2202 3566 2015
f 2921 3565 2923
f 3568 2133 2928
f 1777 1759 1792
f 1201 1183 1184
f 3561 2195 2194
f 3553 2770 2768
f 3927 1687 1692
f 1516 154 503
f 3549 2974 2803
f 3550 2779 2778
f 2771 3575 3546
f 3070 3546 3558
f 3547 2775 2867
f 1376 1370 1372
f 2767 3556 2206
f 2195 3543 2767
f 2775 3542 2776
f 3377 3545 2871
f 3804 3539 2806
f 2776 3538 2805
f 2240 3535 2920
f 2920 3669 3619
f 3548 2786 2779
f 1805 1851 1804
f 3534 2787 2786
f 2951 3540 3531
f 2772 3531 3575
f 2973 3530 3536
f 2224 3537 3530
f 1957 320 510
f 306 304 303
f 2770 3528 2913
f 2913 3574 2239
f 2923 3527 2922
f 308 431 47
f 207 132 543
f 1879 1881 1880
f 3733 3525 2089
f 2475 3558 3524
f 2476 3524 3523
f 2223 3523 3537
f 3522 2803 2802
f 2037 11 1950
f 1959 450 505
f 2003 3520 2129
f 9 334 540
f 2009 3518 3567
f 2008 3536 3518
f 3877 673 3879
f 3515 2778 2784
f 2935 3513 2936
f 111 3570 3511
f 3510 2935 2938
f 683 3885 943
f 3508 2810 2909
f 736 732 729
f 1795 1803 1796
f 3505 2938 2939
f 3507 2939 2940
f 2950 3504 2949
f 2940 3504 3507
f 3801 3512 2950
f 2868 3502 2869
f 2869 3522 2802
f 1024 1023 1020
f 3500 2948 2947
f 551 442 443
f 2972 3568 2928
f 2032 3499 2972
f 216 1924 1923
f 203 201 200
f 1828 1847 1837
f 1958 449 450
f 272 178 175
f 2871 3495 1361
f 3619 3564 2921
f 2801 3643 3662
f 2005 3654 2176
f 960 899 962
f 3657 3612 3624
f 3780 3646 3151
f 3151 3593 2555
f 2193 3623 2194
f 3607 3145 3144
f 3603 2761 3145
f 3592 3144 3104
f 2926 3634 3103
f 3634 3104 3103
f 3755 3746 3753
f 566 3758 2005
f 3488 1864 3500
f 1602 2079 2078
f 2868 3611 2922
f 2922 3610 2923
f 2923 3618 2921
f 3670 2918 3614
f 3619 3614 2920
f 2921 3670 3619
f 2920 3586 2240
f 3613 2915 2918
f 2917 3622 3641
f 2916 3641 3642
f 2239 3652 2913
f 2911 3652 2757
f 3643 2911 2910
f 2797 3662 3591
f 2797 3598 2750
f 3622 2763 2765
f 3608 2764 2745
f 2194 3648 2221
f 2221 3649 2222
f 2756 3609 2755
f 2750 3609 2747
f 3669 1817 3827
f 3763 1691 1699
f 2515 3590 2548
f 2548 3593 2550
f 2513 3632 3616
f 2513 3621 2515
f 2509 3620 2289
f 2510 3633 2509
f 2289 3639 2283
f 2283 3617 2286
f 2240 3587 2239
f 3659 3624 3626
f 716 3887 3888
f 727 3761 1923
f 2165 2170 2164
f 3660 3626 3629
f 3743 3578 3757
f 2175 769 770
f 2100 2095 2099
f 3758 3757 3578
f 640 3568 1826
f 1653 3553 1651
f 1895 3530 746
f 746 3537 741
f 1653 3528 3576
f 3762 1604 1672
f 2093 2073 2078
f 959 995 884
f 962 919 986
f 1400 1398 1399
f 1000 1127 1004
f 956 884 885
f 1662 3550 1661
f 2034 3546 1654
f 3926 3539 3802
f 3535 766 1817
f 3572 765 766
f 334 3571 335
f 1868 3540 1656
f 1684 1652 1678
f 1682 775 1807
f 1585 3762 1700
f 3763 1672 1673
f 2173 490 491
f 1658 3547 1752
f 3556 1650 724
f 1571 2010 1572
f 1587 3671 2080
f 2099 2077 2094
f 787 1999 786
f 2000 786 1999
f 3155 3697 3683
f 3713 3683 3789
f 2180 3685 3684
f 3496 3684 3705
f 1684 3840 1651
f 1760 3495 3545
f 2607 3693 2590
f 2581 3689 2607
f 2371 3700 3695
f 2371 3693 2372
f 2587 3675 2586
f 2586 3697 339
f 2497 3687 2503
f 2502 3687 3700
f 2494 3690 2495
f 3690 2472 2495
f 3688 2468 2472
f 3701 2469 2468
f 726 3892 630
f 581 3518 580
f 10 3570 334
f 1837 3510 1849
f 741 3523 1300
f 1299 3558 2034
f 1851 3504 1866
f 3527 1820 1819
f 580 3536 1895
f 1758 3522 3502
f 1693 3508 1806
f 3504 1867 1866
f 1894 3568 3499
f 2126 3813 3841
f 3906 3841 3912
f 2113 3867 2110
f 2179 3789 3685
f 624 3904 623
f 2192 3788 3780
f 2177 3787 3733
f 1364 3833 1338
f 3858 1470 1453
f 3135 3775 3744
f 2069 3835 2068
f 1351 3853 1352
f 2108 3901 499
f 2089 3736 3733
f 3828 1358 866
f 2001 3783 2187
f 2187 3719 2091
f 2130 3752 2004
f 2004 3749 2001
f 2014 3779 2201
f 2201 3756 2130
f 3167 3759 2969
f 3168 3720 3167
f 3159 3764 3160
f 3160 3765 3081
f 3730 3158 337
f 3158 3709 3159
f 2200 3730 3722
f 3685 3742 2204
f 3722 2197 2200
f 3790 2092 3721
f 3774 3721 2197
f 3154 3790 3774
f 3155 3706 3154
f 2091 3721 2092
f 2196 3750 3776
f 2193 3776 3781
f 3604 3781 3788
f 2086 3780 3778
f 2087 3778 3777
f 2204 3751 2205
f 2205 3750 3148
f 3909 574 692
f 2124 3777 3760
f 2208 3760 3782
f 3711 3140 3137
f 3785 3138 3140
f 3745 3139 3138
f 3771 3136 2322
f 3712 3137 3136
f 3775 3131 3133
f 3767 3132 3131
f 1813 3838 1814
f 1293 3856 1344
f 2184 3748 3732
f 2181 3732 3734
f 3765 3079 3081
f 3768 3080 3079
f 709 3875 2031
f 2774 3737 3769
f 3786 2134 3559
f 3809 766 765
f 2968 3766 2959
f 2969 3784 2968
f 2958 3737 2961
f 2132 3766 2960
f 2321 3771 3748
f 3860 1449 28
f 3905 582 710
f 3886 577 574
f 3847 1818 3827
f 705 3887 2121
f 3816 3907 698
f 2111 3911 2113
f 3810 1366 1411
f 1812 3822 1815
f 675 3852 674
f 3496 3851 675
f 2110 3868 2109
f 2104 3901 2106
f 2109 3899 944
f 3842 703 739
f 1680 3846 1684
f 1639 3819 3818
f 623 3906 697
f 2139 3866 3865
f 1808 3844 3837
f 3820 1819 1820
f 3872 3900 706
f 1646 3830 1648
f 3889 633 577
f 2139 3875 18
f 2156 3871 3874
f 674 3913 3869
f 2117 3812 2069
f 1815 3847 3823
f 3855 1444 1470
f 697 3912 3816
f 866 3836 3828
f 3864 2136 2135
f 3585 3726 3589
f 3583 3731 3585
f 3753 3738 3739
f 3740 3581 3743
f 1088 3746 1093
f 3739 3743 3753
f 2791 3493 2792
f 3492 2807 3493
f 2792 3494 2909
f 3493 2806 3494
f 3508 3494 3516
f 3516 2806 3539
f 2948 3791 3801
f 2105 3896 2104
f 3538 3804 2805
f 680 3876 683
f 1891 3910 3891
f 2905 3801 2950
f 2900 3799 2905
f 2901 3807 2877
f 2734 3806 3794
f 2877 3806 2878
f 2820 3794 2872
f 2818 3792 2827
f 2823 3792 2826
f 2822 3798 2821
f 2819 3800 3798
f 2817 3795 2816
f 2809 3795 2815
f 2808 3803 2807
f 2805 3803 2804
f 1702 3923 1599
f 3922 1797 1802
f 3915 1706 1709
f 3918 1692 1698
f 1657 3880 1879
f 1890 3895 3910
f 3772 1674 1675
f 1689 3772 3773
f 3926 3538 1688
f 3516 1689 3773
f 3917 1703 1764
f 1598 3928 1770
f 3880 1876 1879
f 1691 3925 3927
f 3925 1688 1687
f 1117 1118 3930
f 1066 1322 3930
f 1243 847 3930
f 3825 848 3930
f 1128 1117 3930
f 1129 1130 3930
f 841 1011 3930
f 1230 3863 3930
f 1242 1243 3930
f 1322 1229 3930
f 1064 1065 3930
f 1003 1128 3930
f 1229 1230 3930
f 3863 1285 3930
f 1285 1288 3930
f 848 839 3930
f 847 3825 3930
f 1118 1129 3930
f 1065 1066 3930
f 1087 1086 3930
f 1008 1002 3930
f 1011 1008 3930
f 1002 1003 3930
f 1076 1069 3930
f 838 841 3930
f 839 838 3930
f 1288 1242 3930
f 1130 1087 3930
f 1086 1076 3930
f 1069 1064 3930
f 2410 2414 3931
f 2411 2410 3931
f 3617 2285 3931
f 2394 2393 3931
f 2393 2396 3931
f 2281 2286 3931
f 2282 2280 3931
f 2398 2399 3931
f 2465 2464 3931
f 2396 2397 3931
f 2470 2469 3931
f 2399 2416 3931
f 2480 2395 3931
f 2459 2480 3931
f 2369 2282 3931
f 2460 2459 3931
f 2415 2411 3931
f 2416 2415 3931
f 2364 2363 3931
f 2286 3617 3931
f 2464 2470 3931
f 2469 3703 3931
f 2285 2465 3931
f 2414 2364 3931
f 2395 2394 3931
f 2363 2367 3931
f 2397 2398 3931
f 2280 2281 3931
f 3703 2460 3931
f 2367 2369 3931
f 3934 3937 3938
f 3934 3939 3935
f 3932 3937 3933
f 3938 3943 3939
f 3937 3940 3941
f 3937 3942 3938
f 3942 3947 3943
f 3941 3944 3945
f 3942 3945 3946
f 3947 3950 3951
f 3944 3949 3945
f 3945 3950 3946
f 3950 3955 3951
f 3949 3952 3953
f 3950 3953 3954
f 3955 3958 3959
f 3953 3956 3957
f 3953 3958 3954
f 3959 3962 3963
f 3957 3960 3961
f 3958 3961 3962
f 3962 3967 3963
f 3960 3965 3961
f 3961 3966 3962
f 3966 3971 3967
f 3965 3968 3969
f 3966 3969 3970
f 3970 3975 3971
f 3968 3973 3969
f 3969 3974 3970
f 3974 3979 3975
f 3973 3976 3977
f 3974 3977 3978
f 3979 3982 3983
f 3976 3981 3977
f 3977 3982 3978
f 3982 3987 3983
f 3981 3984 3985
f 3982 3985 3986
f 3987 3990 3991
f 3984 3989 3985
f 3985 3990 3986
f 3991 3994 3995
f 3989 3992 3993
f 3990 3993 3994
f 3995 3998 3999
f 3992 3997 3993
f 3993 3998 3994
f 3998 4003 3999
f 3997 4000 4001
f 3998 4001 4002
f 4002 4007 4003
f 4000 4005 4001
f 4001 4006 4002
f 4006 4011 4007
f 4005 4008 4009
f 4006 4009 4010
f 4011 4014 4015
f 4008 4013 4009
f 4009 4014 4010
f 4014 4019 4015
f 4013 4016 4017
f 4014 4017 4018
f 4019 4022 4023
f 4016 4021 4017
f 4017 4022 4018
f 4023 4026 4027
f 4021 4024 4025
f 4022 4025 4026
f 4027 4030 4031
f 4024 4029 4025
f 4025 4030 4026
f 4031 4034 4035
f 4029 4032 4033
f 4030 4033 4034
f 4034 4039 4035
f 4032 4037 4033
f 4033 4038 4034
f 4038 4043 4039
f 4037 4040 4041
f 4038 4041 4042
f 4043 4046 4047
f 4040 4045 4041
f 4041 4046 4042
f 4046 4051 4047
f 4045 4048 4049
f 4046 4049 4050
f 4051 4055 4056
f 4048 4054 4049
f 4049 4055 4050
f 4056 4059 4060
f 4053 4058 4054
f 4055 4058 4059
f 3932 4052 3936
f 3936 4052 3940
f 3940 4052 3944
f 3944 4052 3948
f 3948 4052 3952
f 3952 4052 3956
f 3956 4052 3960
f 3960 4052 3964
f 3964 4052 3968
f 3968 4052 3972
f 3972 4052 3976
f 3976 4052 3980
f 3980 4052 3984
f 3984 4052 3988
f 3988 4052 3992
f 3992 4052 3996
f 3996 4052 4000
f 4000 4052 4004
f 4004 4052 4008
f 4008 4052 4012
f 4012 4052 4016
f 4016 4052 4020
f 4020 4052 4024
f 4024 4052 4028
f 4028 4052 4032
f 4032 4052 4036
f 4036 4052 4040
f 4040 4052 4044
f 4044 4052 4048
f 4048 4052 4053
f 4053 4052 4057
f 4060 3934 3935
f 4058 3932 3933
f 4058 3934 4059
f 4057 4052 3932
f 4069 4081 4082
f 4066 4080 4067
f 4065 4077 4078
f 4063 4075 4076
f 4071 4085 4072
f 4069 4083 4070
f 4067 4081 4068
f 4066 4078 4079
f 4063 4077 4064
f 4061 4075 4062
f 4072 4086 4073
f 4071 4083 4084
f 4076 4090 4077
f 4074 4088 4075
f 4086 4098 4099
f 4083 4097 4084
f 4082 4094 4095
f 4079 4093 4080
f 4078 4090 4091
f 4076 4088 4089
f 4085 4097 4098
f 4082 4096 4083
f 4080 4094 4081
f 4079 4091 4092
f 4089 4103 4090
f 4088 4100 4101
f 4098 4112 4099
f 4096 4110 4097
f 4095 4107 4108
f 4092 4106 4093
f 4090 4104 4091
f 4089 4101 4102
f 4097 4111 4098
f 4095 4109 4096
f 4094 4106 4107
f 4092 4104 4105
f 4103 4115 4116
f 4100 4114 4101
f 4112 4124 4125
f 4110 4122 4123
f 4107 4121 4108
f 4105 4119 4106
f 4103 4117 4104
f 4101 4115 4102
f 4110 4124 4111
f 4109 4121 4122
f 4107 4119 4120
f 4105 4117 4118
f 4115 4129 4116
f 4114 4126 4127
f 4124 4138 4125
f 4123 4135 4136
f 4120 4134 4121
f 4119 4131 4132
f 4117 4129 4130
f 4114 4128 4115
f 4124 4136 4137
f 4122 4134 4135
f 4119 4133 4120
f 4117 4131 4118
f 4129 4141 4142
f 4126 4140 4127
f 4138 4150 4151
f 4136 4148 4149
f 4133 4147 4134
f 4131 4145 4132
f 4130 4142 4143
f 4127 4141 4128
f 4137 4149 4150
f 4135 4147 4148
f 4132 4146 4133
f 4131 4143 4144
f 4142 4154 4155
f 4140 4152 4153
f 4150 4164 4151
f 4149 4161 4162
f 4146 4160 4147
f 4144 4158 4145
f 4142 4156 4143
f 4140 4154 4141
f 4149 4163 4150
f 4148 4160 4161
f 4146 4158 4159
f 4144 4156 4157
f 4155 4167 4168
f 4153 4165 4166
f 4163 4177 4164
f 4161 4175 4162
f 4159 4173 4160
f 4158 4170 4171
f 4155 4169 4156
f 4153 4167 4154
f 4163 4175 4176
f 4161 4173 4174
f 4159 4171 4172
f 4156 4170 4157
f 4167 4181 4168
f 4165 4179 4166
f 4176 4190 4177
f 4175 4187 4188
f 4173 4185 4186
f 4170 4184 4171
f 4169 4181 4182
f 4167 4179 4180
f 4175 4189 4176
f 4173 4187 4174
f 4171 4185 4172
f 4170 4182 4183
f 4180 4194 4181
f 4178 4192 4179
f 4190 4202 4203
f 4187 4201 4188
f 4186 4198 4199
f 4183 4197 4184
f 4182 4194 4195
f 4180 4192 4193
f 4189 4201 4202
f 4186 4200 4187
f 4184 4198 4185
f 4183 4195 4196
f 4193 4207 4194
f 4192 4204 4205
f 4202 4216 4203
f 4200 4214 4201
f 4199 4211 4212
f 4196 4210 4197
f 4194 4208 4195
f 4193 4205 4206
f 4201 4215 4202
f 4199 4213 4200
f 4198 4210 4211
f 4196 4208 4209
f 4207 4219 4220
f 4204 4218 4205
f 4216 4228 4229
f 4213 4227 4214
f 4211 4225 4212
f 4209 4223 4210
f 4207 4221 4208
f 4205 4219 4206
f 4214 4228 4215
f 4213 4225 4226
f 4211 4223 4224
f 4209 4221 4222
f 4219 4233 4220
f 4218 4230 4231
f 4228 4242 4229
f 4226 4240 4227
f 4225 4237 4238
f 4223 4235 4236
f 4221 4233 4234
f 4218 4232 4219
f 4228 4240 4241
f 4226 4238 4239
f 4223 4237 4224
f 4221 4235 4222
f 4233 4245 4246
f 4230 4244 4231
f 4242 4254 4255
f 4240 4252 4253
f 4237 4251 4238
f 4235 4249 4236
f 4234 4246 4247
f 4231 4245 4232
f 4241 4253 4254
f 4239 4251 4252
f 4236 4250 4237
f 4235 4247 4248
f 4246 4258 4259
f 4244 4256 4257
f 4254 4268 4255
f 4253 4265 4266
f 4250 4264 4251
f 4248 4262 4249
f 4246 4260 4247
f 4244 4258 4245
f 4253 4267 4254
f 4252 4264 4265
f 4250 4262 4263
f 4248 4260 4261
f 4259 4271 4272
f 4257 4269 4270
f 4267 4281 4268
f 4265 4279 4266
f 4263 4277 4264
f 4262 4274 4275
f 4259 4273 4260
f 4257 4271 4258
f 4266 4280 4267
f 4265 4277 4278
f 4263 4275 4276
f 4260 4274 4261
f 4271 4285 4272
f 4269 4283 4270
f 4281 4293 4294
f 4279 4291 4292
f 4277 4289 4290
f 4274 4288 4275
f 4273 4285 4286
f 4271 4283 4284
f 4280 4292 4293
f 4277 4291 4278
f 4275 4289 4276
f 4274 4286 4287
f 4284 4298 4285
f 4282 4296 4283
f 4294 4306 4307
f 4291 4305 4292
f 4290 4302 4303
f 4287 4301 4288
f 4286 4298 4299
f 4284 4296 4297
f 4293 4305 4306
f 4290 4304 4291
f 4288 4302 4289
f 4287 4299 4300
f 4297 4311 4298
f 4296 4308 4309
f 4306 4320 4307
f 4304 4318 4305
f 4303 4315 4316
f 4300 4314 4301
f 4298 4312 4299
f 4297 4309 4310
f 4305 4319 4306
f 4304 4316 4317
f 4302 4314 4315
f 4300 4312 4313
f 4310 4324 4311
f 4308 4322 4309
f 4320 4332 4333
f 4318 4330 4331
f 4316 4328 4329
f 4313 4327 4314
f 4311 4325 4312
f 4310 4322 4323
f 4318 4332 4319
f 4316 4330 4317
f 4315 4327 4328
f 4312 4326 4313
f 4323 4337 4324
f 4322 4334 4335
f 4332 4346 4333
f 4330 4344 4331
f 4329 4341 4342
f 4327 4339 4340
f 4325 4337 4338
f 4322 4336 4323
f 4332 4344 4345
f 4330 4342 4343
f 4327 4341 4328
f 4325 4339 4326
f 4337 4350 4351
f 4334 4349 4335
f 4346 4359 4360
f 4344 4357 4358
f 4341 4356 4342
f 4340 4353 4354
f 4338 4351 4352
f 4335 4350 4336
f 4345 4358 4359
f 4343 4356 4357
f 4340 4355 4341
f 4338 4353 4339
f 4351 4363 4364
f 4349 4361 4362
f 4359 4373 4360
f 4358 4370 4371
f 4355 4369 4356
f 4354 4366 4367
f 4351 4365 4352
f 4349 4363 4350
f 4358 4372 4359
f 4357 4369 4370
f 4355 4367 4368
f 4352 4366 4353
f 4364 4376 4377
f 4362 4374 4375
f 4373 4385 4386
f 4370 4384 4371
f 4368 4382 4369
f 4367 4379 4380
f 4364 4378 4365
f 4362 4376 4363
f 4372 4384 4385
f 4370 4382 4383
f 4368 4380 4381
f 4365 4379 4366
f 4376 4390 4377
f 4374 4388 4375
f 4385 4399 4386
f 4384 4396 4397
f 4382 4394 4395
f 4379 4393 4380
f 4378 4390 4391
f 4376 4388 4389
f 4384 4398 4385
f 4382 4396 4383
f 4380 4394 4381
f 4379 4391 4392
f 4389 4403 4390
f 4387 4401 4388
f 4399 4411 4412
f 4396 4410 4397
f 4395 4407 4408
f 4393 4405 4406
f 4391 4403 4404
f 4389 4401 4402
f 4398 4410 4411
f 4395 4409 4396
f 4393 4407 4394
f 4391 4405 4392
f 4402 4416 4403
f 4401 4413 4414
f 4411 4425 4412
f 4409 4423 4410
f 4408 4420 4421
f 4406 4418 4419
f 4403 4417 4404
f 4402 4414 4415
f 4410 4424 4411
f 4408 4422 4409
f 4407 4419 4420
f 4404 4418 4405
f 4416 4428 4429
f 4413 4427 4414
f 4425 4437 4438
f 4423 4435 4436
f 4421 4433 4434
f 4418 4432 4419
f 4416 4430 4417
f 4415 4427 4428
f 4423 4437 4424
f 4421 4435 4422
f 4420 4432 4433
f 4418 4430 4431
f 4428 4442 4429
f 4426 4440 4427
f 4437 4451 4438
f 4435 4449 4436
f 4434 4446 4447
f 4432 4444 4445
f 4430 4442 4443
f 4427 4441 4428
f 4437 4449 4450
f 4435 4447 4448
f 4432 4446 4433
f 4430 4444 4431
f 4442 4454 4455
f 4439 4453 4440
f 4451 4463 4464
f 4449 4461 4462
f 4446 4460 4447
f 4444 4458 4445
f 4443 4455 4456
f 4440 4454 4441
f 4450 4462 4463
f 4447 4461 4448
f 4445 4459 4446
f 4444 4456 4457
f 4455 4467 4468
f 4453 4465 4466
f 4463 4477 4464
f 4462 4474 4475
f 4459 4473 4460
f 4457 4471 4458
f 4455 4469 4456
f 4453 4467 4454
f 4462 4476 4463
f 4461 4473 4474
f 4459 4471 4472
f 4457 4469 4470
f 4347 4073 4086
f 4347 4086 4099
f 4347 4099 4112
f 4347 4112 4125
f 4347 4125 4138
f 4347 4138 4151
f 4347 4151 4164
f 4347 4164 4177
f 4347 4177 4190
f 4347 4190 4203
f 4347 4203 4216
f 4347 4216 4229
f 4347 4229 4242
f 4347 4242 4255
f 4347 4255 4268
f 4347 4268 4281
f 4347 4281 4294
f 4347 4294 4307
f 4347 4307 4320
f 4347 4320 4333
f 4347 4333 4346
f 4347 4346 4360
f 4347 4360 4373
f 4347 4373 4386
f 4347 4386 4399
f 4347 4399 4412
f 4347 4412 4425
f 4347 4425 4438
f 4347 4438 4451
f 4347 4451 4464
f 4347 4464 4477
f 4468 4063 4064
f 4466 4061 4062
f 4477 4072 4073
f 4474 4071 4475
f 4472 4069 4473
f 4471 4066 4067
f 4468 4065 4469
f 4466 4063 4467
f 4347 4477 4073
f 4476 4071 4072
f 4474 4069 4070
f 4472 4067 4068
f 4469 4066 4470
f 3935 4465 4060
f 4465 4056 4060
f 4452 4051 4056
f 4439 4047 4051
f 4047 4413 4043
f 4043 4400 4039
f 4039 4387 4035
f 4387 4031 4035
f 4031 4361 4027
f 4361 4023 4027
f 4348 4019 4023
f 4334 4015 4019
f 4015 4308 4011
f 4011 4295 4007
f 4007 4282 4003
f 4282 3999 4003
f 3999 4256 3995
f 4256 3991 3995
f 4243 3987 3991
f 4230 3983 3987
f 3983 4204 3979
f 3979 4191 3975
f 3975 4178 3971
f 4178 3967 3971
f 3967 4152 3963
f 4152 3959 3963
f 4139 3955 3959
f 4126 3951 3955
f 3951 4100 3947
f 3947 4087 3943
f 3943 4074 3939
f 4074 3935 3939
f 4480 4483 4484
f 4480 4485 4481
f 4479 4482 4483
f 4484 4489 4485
f 4482 4487 4483
f 4483 4488 4484
f 4488 4493 4489
f 4487 4490 4491
f 4488 4491 4492
f 4493 4496 4497
f 4490 4495 4491
f 4491 4496 4492
f 4496 4501 4497
f 4495 4498 4499
f 4496 4499 4500
f 4501 4504 4505
f 4498 4503 4499
f 4499 4504 4500
f 4505 4508 4509
f 4503 4506 4507
f 4504 4507 4508
f 4509 4512 4513
f 4506 4511 4507
f 4507 4512 4508
f 4513 4516 4517
f 4511 4514 4515
f 4512 4515 4516
f 4516 4521 4517
f 4514 4519 4515
f 4515 4520 4516
f 4520 4525 4521
f 4518 4523 4519
f 4520 4523 4524
f 4525 4528 4529
f 4522 4527 4523
f 4523 4528 4524
f 4528 4533 4529
f 4527 4530 4531
f 4528 4531 4532
f 4533 4536 4537
f 4530 4535 4531
f 4531 4536 4532
f 4537 4540 4541
f 4534 4539 4535
f 4536 4539 4540
f 4541 4544 4545
f 4539 4542 4543
f 4539 4544 4540
f 4544 4549 4545
f 4542 4547 4543
f 4544 4547 4548
f 4548 4553 4549
f 4547 4550 4551
f 4547 4552 4548
f 4552 4557 4553
f 4551 4554 4555
f 4552 4555 4556
f 4557 4560 4561
f 4554 4559 4555
f 4555 4560 4556
f 4560 4565 4561
f 4559 4562 4563
f 4560 4563 4564
f 4565 4568 4569
f 4562 4567 4563
f 4563 4568 4564
f 4569 4572 4573
f 4567 4570 4571
f 4568 4571 4572
f 4572 4577 4573
f 4570 4575 4571
f 4571 4576 4572
f 4576 4581 4577
f 4575 4578 4579
f 4576 4579 4580
f 4580 4585 4581
f 4578 4583 4579
f 4579 4584 4580
f 4584 4589 4585
f 4583 4586 4587
f 4584 4587 4588
f 4589 4592 4593
f 4586 4591 4587
f 4587 4592 4588
f 4592 4597 4593
f 4591 4594 4595
f 4592 4595 4596
f 4597 4601 4602
f 4594 4600 4595
f 4595 4601 4596
f 4602 4605 4606
f 4600 4603 4604
f 4601 4604 4605
f 4478 4598 4482
f 4482 4598 4486
f 4486 4598 4490
f 4490 4598 4494
f 4494 4598 4498
f 4498 4598 4502
f 4502 4598 4506
f 4506 4598 4510
f 4510 4598 4514
f 4514 4598 4518
f 4518 4598 4522
f 4522 4598 4526
f 4526 4598 4530
f 4530 4598 4534
f 4534 4598 4538
f 4538 4598 4542
f 4542 4598 4546
f 4546 4598 4550
f 4550 4598 4554
f 4554 4598 4558
f 4558 4598 4562
f 4562 4598 4566
f 4566 4598 4570
f 4570 4598 4574
f 4574 4598 4578
f 4578 4598 4582
f 4582 4598 4586
f 4586 4598 4590
f 4590 4598 4594
f 4594 4598 4599
f 4599 4598 4603
f 4606 4480 4481
f 4603 4479 4604
f 4604 4480 4605
f 4603 4598 4478
f 4615 4627 4628
f 4612 4626 4613
f 4611 4623 4624
f 4609 4621 4622
f 4618 4630 4631
f 4615 4629 4616
f 4613 4627 4614
f 4612 4624 4625
f 4609 4623 4610
f 4607 4621 4608
f 4619 4631 4632
f 4617 4629 4630
f 4622 4636 4623
f 4620 4634 4621
f 4632 4644 4645
f 4629 4643 4630
f 4628 4640 4641
f 4626 4638 4639
f 4624 4636 4637
f 4622 4634 4635
f 4631 4643 4644
f 4628 4642 4629
f 4626 4640 4627
f 4624 4638 4625
f 4635 4649 4636
f 4634 4646 4647
f 4644 4658 4645
f 4642 4656 4643
f 4641 4653 4654
f 4639 4651 4652
f 4636 4650 4637
f 4635 4647 4648
f 4643 4657 4644
f 4642 4654 4655
f 4640 4652 4653
f 4637 4651 4638
f 4648 4662 4649
f 4646 4660 4647
f 4658 4670 4671
f 4656 4668 4669
f 4653 4667 4654
f 4651 4665 4652
f 4649 4663 4650
f 4648 4660 4661
f 4656 4670 4657
f 4654 4668 4655
f 4653 4665 4666
f 4651 4663 4664
f 4661 4675 4662
f 4660 4672 4673
f 4670 4684 4671
f 4668 4682 4669
f 4667 4679 4680
f 4665 4677 4678
f 4663 4675 4676
f 4661 4673 4674
f 4670 4682 4683
f 4667 4681 4668
f 4665 4679 4666
f 4663 4677 4664
f 4675 4687 4688
f 4672 4686 4673
f 4684 4696 4697
f 4682 4694 4695
f 4679 4693 4680
f 4678 4690 4691
f 4676 4688 4689
f 4673 4687 4674
f 4683 4695 4696
f 4681 4693 4694
f 4678 4692 4679
f 4676 4690 4677
f 4688 4700 4701
f 4686 4698 4699
f 4696 4710 4697
f 4695 4707 4708
f 4692 4706 4693
f 4691 4703 4704
f 4688 4702 4689
f 4686 4700 4687
f 4695 4709 4696
f 4694 4706 4707
f 4692 4704 4705
f 4689 4703 4690
f 4701 4713 4714
f 4699 4711 4712
f 4710 4722 4723
f 4707 4721 4708
f 4705 4719 4706
f 4704 4716 4717
f 4701 4715 4702
f 4699 4713 4700
f 4709 4721 4722
f 4707 4719 4720
f 4705 4717 4718
f 4702 4716 4703
f 4713 4727 4714
f 4711 4725 4712
f 4723 4735 4736
f 4721 4733 4734
f 4719 4731 4732
f 4716 4730 4717
f 4715 4727 4728
f 4713 4725 4726
f 4721 4735 4722
f 4719 4733 4720
f 4717 4731 4718
f 4716 4728 4729
f 4726 4740 4727
f 4724 4738 4725
f 4736 4748 4749
f 4733 4747 4734
f 4732 4744 4745
f 4730 4742 4743
f 4728 4740 4741
f 4726 4738 4739
f 4735 4747 4748
f 4732 4746 4733
f 4730 4744 4731
f 4728 4742 4729
f 4739 4753 4740
f 4738 4750 4751
f 4748 4762 4749
f 4746 4760 4747
f 4745 4757 4758
f 4743 4755 4756
f 4740 4754 4741
f 4739 4751 4752
f 4747 4761 4748
f 4745 4759 4746
f 4744 4756 4757
f 4741 4755 4742
f 4753 4765 4766
f 4750 4764 4751
f 4762 4774 4775
f 4759 4773 4760
f 4758 4770 4771
f 4755 4769 4756
f 4753 4767 4754
f 4752 4764 4765
f 4760 4774 4761
f 4758 4772 4759
f 4757 4769 4770
f 4755 4767 4768
f 4765 4779 4766
f 4764 4776 4777
f 4774 4788 4775
f 4772 4786 4773
f 4771 4783 4784
f 4769 4781 4782
f 4767 4779 4780
f 4765 4777 4778
f 4774 4786 4787
f 4771 4785 4772
f 4769 4783 4770
f 4767 4781 4768
f 4779 4791 4792
f 4776 4790 4777
f 4788 4800 4801
f 4786 4798 4799
f 4783 4797 4784
f 4782 4794 4795
f 4780 4792 4793
f 4777 4791 4778
f 4787 4799 4800
f 4785 4797 4798
f 4782 4796 4783
f 4780 4794 4781
f 4792 4804 4805
f 4790 4802 4803
f 4800 4814 4801
f 4799 4811 4812
f 4796 4810 4797
f 4795 4807 4808
f 4792 4806 4793
f 4790 4804 4791
f 4799 4813 4800
f 4798 4810 4811
f 4796 4808 4809
f 4793 4807 4794
f 4805 4817 4818
f 4803 4815 4816
f 4814 4826 4827
f 4811 4825 4812
f 4809 4823 4810
f 4808 4820 4821
f 4805 4819 4806
f 4803 4817 4804
f 4813 4825 4826
f 4811 4823 4824
f 4809 4821 4822
f 4806 4820 4807
f 4817 4831 4818
f 4815 4829 4816
f 4826 4840 4827
f 4825 4837 4838
f 4823 4835 4836
f 4820 4834 4821
f 4819 4831 4832
f 4817 4829 4830
f 4825 4839 4826
f 4823 4837 4824
f 4821 4835 4822
f 4820 4832 4833
f 4830 4844 4831
f 4828 4842 4829
f 4840 4852 4853
f 4837 4851 4838
f 4836 4848 4849
f 4834 4846 4847
f 4832 4844 4845
f 4830 4842 4843
f 4839 4851 4852
f 4836 4850 4837
f 4834 4848 4835
f 4832 4846 4833
f 4843 4857 4844
f 4842 4854 4855
f 4852 4866 4853
f 4850 4864 4851
f 4849 4861 4862
f 4847 4859 4860
f 4844 4858 4845
f 4843 4855 4856
f 4851 4865 4852
f 4849 4863 4850
f 4848 4860 4861
f 4845 4859 4846
f 4857 4869 4870
f 4855 4867 4868
f 4866 4878 4879
f 4864 4876 4877
f 4862 4874 4875
f 4859 4873 4860
f 4857 4871 4858
f 4856 4868 4869
f 4864 4878 4865
f 4862 4876 4863
f 4861 4873 4874
f 4859 4871 4872
f 4869 4883 4870
f 4868 4880 4881
f 4878 4892 4879
f 4877 4889 4890
f 4874 4888 4875
f 4873 4885 4886
f 4871 4883 4884
f 4868 4882 4869
f 4878 4890 4891
f 4876 4888 4889
f 4873 4887 4874
f 4871 4885 4872
f 4883 4896 4897
f 4880 4895 4881
f 4892 4905 4906
f 4890 4903 4904
f 4887 4902 4888
f 4885 4900 4886
f 4884 4897 4898
f 4881 4896 4882
f 4891 4904 4905
f 4889 4902 4903
f 4886 4901 4887
f 4885 4898 4899
f 4897 4909 4910
f 4895 4907 4908
f 4905 4919 4906
f 4904 4916 4917
f 4901 4915 4902
f 4899 4913 4900
f 4897 4911 4898
f 4895 4909 4896
f 4904 4918 4905
f 4903 4915 4916
f 4901 4913 4914
f 4899 4911 4912
f 4910 4922 4923
f 4908 4920 4921
f 4919 4931 4932
f 4916 4930 4917
f 4914 4928 4915
f 4913 4925 4926
f 4910 4924 4911
f 4908 4922 4909
f 4918 4930 4931
f 4916 4928 4929
f 4914 4926 4927
f 4911 4925 4912
f 4922 4936 4923
f 4920 4934 4921
f 4931 4945 4932
f 4930 4942 4943
f 4928 4940 4941
f 4925 4939 4926
f 4924 4936 4937
f 4922 4934 4935
f 4930 4944 4931
f 4928 4942 4929
f 4926 4940 4927
f 4925 4937 4938
f 4935 4949 4936
f 4933 4947 4934
f 4945 4957 4958
f 4942 4956 4943
f 4941 4953 4954
f 4938 4952 4939
f 4937 4949 4950
f 4935 4947 4948
f 4944 4956 4957
f 4941 4955 4942
f 4939 4953 4940
f 4938 4950 4951
f 4948 4962 4949
f 4947 4959 4960
f 4957 4971 4958
f 4955 4969 4956
f 4954 4966 4967
f 4951 4965 4952
f 4949 4963 4950
f 4948 4960 4961
f 4956 4970 4957
f 4954 4968 4955
f 4953 4965 4966
f 4951 4963 4964
f 4962 4974 4975
f 4959 4973 4960
f 4971 4983 4984
f 4968 4982 4969
f 4966 4980 4967
f 4964 4978 4965
f 4962 4976 4963
f 4960 4974 4961
f 4969 4983 4970
f 4967 4981 4968
f 4966 4978 4979
f 4964 4976 4977
f 4975 4987 4988
f 4973 4985 4986
f 4983 4997 4984
f 4981 4995 4982
f 4979 4993 4980
f 4978 4990 4991
f 4976 4988 4989
f 4973 4987 4974
f 4983 4995 4996
f 4981 4993 4994
f 4978 4992 4979
f 4976 4990 4977
f 4988 5000 5001
f 4985 4999 4986
f 4997 5009 5010
f 4995 5007 5008
f 4992 5006 4993
f 4991 5003 5004
f 4989 5001 5002
f 4986 5000 4987
f 4996 5008 5009
f 4994 5006 5007
f 4991 5005 4992
f 4989 5003 4990
f 5001 5013 5014
f 4999 5011 5012
f 5009 5023 5010
f 5008 5020 5021
f 5005 5019 5006
f 5004 5016 5017
f 5001 5015 5002
f 4999 5013 5000
f 5008 5022 5009
f 5007 5019 5020
f 5005 5017 5018
f 5002 5016 5003
f 4893 4619 4632
f 4893 4632 4645
f 4893 4645 4658
f 4893 4658 4671
f 4893 4671 4684
f 4893 4684 4697
f 4893 4697 4710
f 4893 4710 4723
f 4893 4723 4736
f 4893 4736 4749
f 4893 4749 4762
f 4893 4762 4775
f 4893 4775 4788
f 4893 4788 4801
f 4893 4801 4814
f 4893 4814 4827
f 4893 4827 4840
f 4893 4840 4853
f 4893 4853 4866
f 4893 4866 4879
f 4893 4879 4892
f 4893 4892 4906
f 4893 4906 4919
f 4893 4919 4932
f 4893 4932 4945
f 4893 4945 4958
f 4893 4958 4971
f 4893 4971 4984
f 4893 4984 4997
f 4893 4997 5010
f 4893 5010 5023
f 5014 4609 4610
f 5012 4607 4608
f 5022 4619 5023
f 5020 4617 5021
f 5018 4615 5019
f 5017 4612 4613
f 5014 4611 5015
f 5012 4609 5013
f 4893 5023 4619
f 5021 4618 5022
f 5020 4615 4616
f 5018 4613 4614
f 5015 4612 5016
f 4481 5011 4606
f 5011 4602 4606
f 4998 4597 4602
f 4985 4593 4597
f 4593 4959 4589
f 4589 4946 4585
f 4585 4933 4581
f 4933 4577 4581
f 4577 4907 4573
f 4907 4569 4573
f 4894 4565 4569
f 4880 4561 4565
f 4561 4854 4557
f 4557 4841 4553
f 4553 4828 4549
f 4828 4545 4549
f 4545 4802 4541
f 4802 4537 4541
f 4789 4533 4537
f 4776 4529 4533
f 4529 4750 4525
f 4525 4737 4521
f 4521 4724 4517
f 4724 4513 4517
f 4513 4698 4509
f 4698 4505 4509
f 4685 4501 4505
f 4672 4497 4501
f 4497 4646 4493
f 4493 4633 4489
f 4489 4620 4485
f 4620 4481 4485
f 4 3 2
f 8 7 6
f 13 16 15
f 17 28 19
f 32 31 30
f 36 35 34
f 37 40 39
f 21 22 23
f 25 26 27
f 41 44 43
f 48 47 46
f 52 51 50
f 53 56 55
f 60 59 58
f 29 30 62
f 66 65 64
f 67 5 6
f 72 71 70
f 76 75 74
f 77 80 79
f 81 84 83
f 59 87 86
f 88 91 90
f 96 95 94
f 100 99 98
f 101 104 103
f 106 105 34
f 108 116 115
f 117 119 36
f 124 127 126
f 131 130 129
f 132 102 134
f 142 141 140
f 148 106 60
f 144 143 127
f 149 152 151
f 156 155 154
f 159 150 158
f 116 108 164
f 171 170 169
f 174 126 173
f 179 182 181
f 186 189 188
f 194 197 196
f 199 142 139
f 206 209 208
f 213 212 211
f 202 215 214
f 96 93 216
f 92 238 43
f 97 184 246
f 250 249 229
f 252 254 58
f 258 257 256
f 260 91 229
f 110 111 112
f 114 264 263
f 265 268 267
f 56 53 270
f 274 273 249
f 185 183 63
f 280 279 278
f 285 284 283
f 288 219 211
f 141 142 92
f 289 290 175
f 148 116 105
f 312 311 170
f 238 262 42
f 318 163 160
f 310 309 308
f 241 239 325
f 160 230 240
f 47 48 307
f 108 109 315
f 345 85 86
f 348 351 350
f 356 359 358
f 355 354 353
f 363 31 32
f 364 252 253
f 366 125 368
f 183 372 371
f 163 162 161
f 209 226 101
f 378 377 165
f 379 295 381
f 383 382 3
f 284 285 386
f 387 127 389
f 391 259 229
f 73 281 397
f 405 408 407
f 203 218 411
f 414 121 413
f 1 356 357
f 277 276 131
f 254 344 57
f 358 384 415
f 417 416 386
f 401 400 192
f 419 389 127
f 421 181 182
f 103 301 302
f 428 367 368
f 380 390 359
f 62 204 266
f 140 141 431
f 357 358 351
f 356 1 379
f 415 392 403
f 437 428 436
f 438 441 440
f 188 451 450
f 265 455 181
f 224 185 64
f 237 212 213
f 275 131 128
f 281 282 460
f 50 462 79
f 73 74 282
f 468 467 466
f 390 355 352
f 482 485 484
f 489 488 487
f 493 496 495
f 472 471 470
f 502 501 500
f 220 221 222
f 512 419 143
f 518 517 511
f 513 239 230
f 205 30 31
f 189 370 451
f 163 318 532
f 533 224 225
f 446 448 447
f 335 541 540
f 544 512 546
f 329 519 291
f 199 534 262
f 385 386 416
f 532 190 191
f 363 117 118
f 578 581 580
f 573 572 571
f 561 563 562
f 241 260 259
f 590 593 592
f 545 546 595
f 503 154 155
f 606 625 624
f 478 481 480
f 646 649 648
f 590 591 689
f 564 565 651
f 728 246 184
f 714 724 716
f 692 574 575
f 541 335 581
f 346 68 248
f 161 231 230
f 128 129 94
f 698 705 704
f 574 577 576
f 290 289 401
f 630 631 725
f 733 736 735
f 755 466 496
f 759 480 481
f 757 763 762
f 764 496 466
f 768 767 3808
f 759 760 488
f 492 474 475
f 474 770 769
f 773 468 465
f 771 774 486
f 484 485 775
f 774 776 489
f 495 496 764
f 495 757 761
f 137 397 784
f 325 239 797
f 165 519 51
f 369 32 29
f 730 731 568
f 90 302 301
f 243 118 516
f 800 734 806
f 817 815 808
f 816 808 823
f 306 303 447
f 815 810 809
f 829 830 828
f 726 725 501
f 274 427 424
f 879 882 881
f 884 883 879
f 219 218 217
f 906 905 904
f 455 204 205
f 898 882 830
f 903 900 880
f 377 291 519
f 923 949 948
f 946 947 951
f 3519 740 739
f 900 899 886
f 225 64 65
f 182 445 442
f 809 952 947
f 954 960 962
f 927 950 965
f 885 879 880
f 925 927 966
f 343 342 341
f 965 964 971
f 968 971 970
f 972 968 969
f 963 961 981
f 336 337 338
f 992 993 827
f 810 815 996
f 1007 1001 1002
f 1012 826 827
f 1011 1009 1007
f 294 293 292
f 907 908 920
f 1017 579 1019
f 1020 1023 1022
f 1035 1024 1020
f 1061 1060 1047
f 1063 1061 1046
f 1044 1020 1021
f 1102 1094 1097
f 1116 1126 1118
f 1016 1015 1014
f 881 897 904
f 816 1116 1127
f 1094 948 949
f 514 342 167
f 146 145 81
f 1133 1135 1130
f 1102 1133 1126
f 822 1126 1116
f 1145 1143 1148
f 1076 1144 1151
f 1148 1143 1086
f 1109 1097 1114
f 1154 1153 1156
f 1153 925 967
f 3464 3497 463
f 1144 1147 1152
f 1156 967 1163
f 1164 1162 1169
f 1145 1171 1176
f 1114 1115 1154
f 1183 1155 1164
f 1184 1183 1177
f 1069 1151 1062
f 1023 1191 1194
f 1162 1163 1170
f 1195 1184 1185
f 1183 1196 1176
f 1201 1063 1152
f 1061 1063 1201
f 3825 847 843
f 1203 1202 1195
f 1202 1201 1184
f 1218 1060 1203
f 1060 1061 1202
f 1225 1218 1217
f 671 695 694
f 1219 1217 1024
f 1217 1203 1034
f 1226 1014 1015
f 1243 1242 1234
f 1231 1230 1229
f 847 1243 1233
f 843 1233 1244
f 1233 1234 1245
f 1923 3761 233
f 2100 2108 499
f 3914 3864 2135
f 61 62 323
f 210 211 217
f 1299 1310 1309
f 3863 1230 1231
f 1066 1047 1321
f 1322 1321 1228
f 1060 1218 1321
f 1325 1324 1323
f 1244 1245 1332
f 1290 1234 1242
f 1337 1330 1339
f 1330 1332 1340
f 1341 1332 1245
f 1342 1340 1332
f 1343 1342 1341
f 1344 1341 1294
f 3857 3856 1345
f 1347 1348 1342
f 3856 3854 1295
f 1349 1350 1348
f 3861 1349 1347
f 3853 1347 1343
f 906 898 829
f 905 906 1353
f 865 1356 1355
f 1355 1353 829
f 1357 1355 825
f 1356 1354 1353
f 3834 1337 1338
f 866 1358 1356
f 1358 1359 1354
f 3828 878 1337
f 838 1362 1012
f 1363 1364 1338
f 1368 1363 1339
f 1348 1368 1340
f 1371 1369 3824
f 524 525 526
f 528 529 530
f 1372 1370 1369
f 535 536 537
f 1367 1368 1348
f 1370 1354 1359
f 1369 1359 3833
f 1373 910 903
f 555 556 557
f 1374 909 910
f 1373 904 905
f 1374 1373 1375
f 1375 905 1354
f 1378 920 908
f 376 373 651
f 1388 928 973
f 586 587 588
f 1390 1389 1388
f 1391 1388 969
f 597 598 599
f 600 601 602
f 1392 1391 970
f 608 609 610
f 612 524 523
f 614 615 616
f 617 618 25
f 620 621 622
f 1397 1390 1391
f 1398 1397 1392
f 1400 987 920
f 1402 1403 1165
f 636 637 638
f 930 1404 1402
f 641 642 643
f 929 1402 1169
f 1404 1405 1403
f 1411 1366 1365
f 1412 1406 1415
f 652 653 654
f 609 656 657
f 659 660 661
f 558 663 586
f 665 666 667
f 1413 1411 1406
f 1418 1416 3810
f 1417 1372 1371
f 1416 1371 3829
f 1419 1417 1416
f 1386 909 1374
f 677 678 679
f 1385 1386 1420
f 1420 1374 1376
f 685 686 687
f 1421 1420 1422
f 528 690 691
f 1422 1376 1372
f 1018 1019 747
f 699 700 701
f 1424 578 579
f 3663 1597 1767
f 700 699 711
f 1093 3746 3754
f 717 718 530
f 721 722 723
f 704 1650 3543
f 19 1429 1426
f 1429 1428 1427
f 1658 1659 3542
f 1439 1437 1434
f 1437 1436 1435
f 1426 1427 1433
f 1442 1431 1432
f 742 743 744
f 1432 1433 1441
f 751 752 753
f 1438 1434 1403
f 1446 1445 1444
f 1447 1448 1446
f 3860 1447 1443
f 1415 1367 1445
f 1414 1415 1446
f 2173 1683 469
f 777 778 779
f 780 781 782
f 1676 1693 1806
f 3859 1451 1349
f 789 790 791
f 745 792 793
f 652 794 795
f 1455 1458 1457
f 1454 1367 1350
f 610 691 802
f 3831 3816 698
f 1352 1044 1045
f 1015 1016 1459
f 811 812 813
f 2118 3815 3817
f 819 820 821
f 1466 1463 1194
f 1467 1468 1465
f 1182 1165 1468
f 832 812 833
f 835 836 837
f 1467 1466 1190
f 1469 1470 1444
f 840 700 712
f 1453 1470 1469
f 599 844 845
f 1226 1450 3849
f 851 852 853
f 855 744 856
f 858 859 860
f 861 862 863
f 1014 1226 3855
f 867 676 868
f 870 871 872
f 874 875 876
f 1310 1323 1471
f 1476 1433 1427
f 1461 1476 1475
f 887 888 889
f 788 791 892
f 894 895 896
f 1460 1475 1227
f 901 902 524
f 1465 1478 1477
f 1865 3503 3500
f 911 912 913
f 916 917 918
f 1850 3505 3507
f 921 922 895
f 1479 1435 1436
f 926 664 667
f 1481 562 563
f 269 1483 84
f 931 932 933
f 934 935 614
f 936 685 688
f 938 659 662
f 1484 270 122
f 941 942 835
f 320 321 509
f 1849 3510 3505
f 84 1483 1484
f 1487 1490 1488
f 1757 1758 3502
f 365 1492 1491
f 461 79 80
f 117 363 362
f 1494 540 541
f 926 601 957
f 1477 1441 1433
f 1709 1588 1585
f 119 117 1496
f 271 1497 504
f 511 517 189
f 345 1496 1492
f 57 344 299
f 1501 1499 268
f 267 268 1499
f 974 975 976
f 1678 1652 1693
f 3846 1682 1807
f 557 982 663
f 983 941 984
f 1443 1444 3849
f 421 1500 268
f 989 990 991
f 1490 1487 418
f 279 280 309
f 997 868 676
f 998 26 999
f 1504 418 38
f 1506 1508 1507
f 360 361 1508
f 1506 1486 207
f 939 1005 1006
f 270 1484 1483
f 66 63 546
f 1010 742 793
f 367 428 437
f 244 31 363
f 1670 3532 3534
f 209 206 1510
f 388 389 426
f 427 274 250
f 161 520 521
f 100 246 45
f 1025 1026 608
f 1029 1030 1031
f 939 662 1033
f 41 42 594
f 1036 780 783
f 702 701 1038
f 1040 1041 1042
f 362 32 369
f 187 1520 477
f 70 1487 539
f 1049 600 603
f 613 867 869
f 860 1050 1051
f 1005 1052 1053
f 753 1055 1056
f 1057 1058 1059
f 293 288 1522
f 288 212 1521
f 292 1522 1523
f 331 1507 1508
f 306 452 453
f 100 44 41
f 462 1524 78
f 330 331 1524
f 635 1067 1068
f 1485 1527 1526
f 206 1485 1528
f 1070 1071 1072
f 942 941 1073
f 916 933 1075
f 440 1529 1530
f 157 158 1514
f 1529 162 5
f 371 595 546
f 790 586 663
f 1077 858 857
f 1403 1434 1435
f 1080 1081 1082
f 531 520 1529
f 21 1083 1084
f 272 1532 1531
f 690 712 802
f 335 3571 3567
f 1090 1030 1029
f 1092 795 794
f 1533 396 137
f 661 660 1095
f 69 444 445
f 1099 1100 1101
f 38 39 1536
f 1104 1105 1106
f 852 1107 1108
f 1377 908 909
f 291 377 411
f 316 1536 516
f 539 1488 1533
f 1505 1536 316
f 1110 1111 1112
f 1539 1537 460
f 522 441 1537
f 834 837 1120
f 1122 1123 1124
f 612 1125 1041
f 935 793 615
f 276 278 130
f 1686 3549 3522
f 193 190 1541
f 231 521 1540
f 556 1037 982
f 365 253 85
f 190 532 318
f 1810 765 3574
f 3924 1867 3512
f 1132 983 985
f 208 101 102
f 1134 1033 662
f 1491 518 80
f 429 133 1542
f 1137 1138 915
f 172 436 428
f 1139 1140 1141
f 549 96 54
f 1517 1519 1518
f 834 1119 984
f 1543 513 286
f 1544 797 239
f 133 134 1544
f 506 361 257
f 420 327 328
f 1158 1159 1160
f 587 1104 1103
f 607 1161 1027
f 304 1546 1545
f 364 1491 77
f 69 70 198
f 700 840 1112
f 3877 626 3525
f 1166 719 657
f 1167 1168 858
f 1300 3523 3524
f 1172 1173 1174
f 218 203 200
f 1179 1180 1181
f 372 183 97
f 89 104 227
f 1186 1187 1188
f 172 173 1517
f 1482 84 81
f 1090 1192 1193
f 394 395 353
f 526 525 1198
f 1199 1200 1026
f 606 623 697
f 1204 1205 1206
f 1207 1208 523
f 1209 1210 867
f 914 913 685
f 1478 1436 1441
f 1029 1028 1161
f 1211 1212 1213
f 3858 1453 1451
f 844 1215 1216
f 423 193 273
f 1220 1221 1222
f 22 1223 1224
f 882 898 897
f 1519 1517 173
f 1189 1188 1232
f 349 350 550
f 1071 1235 1236
f 1237 1238 1239
f 1221 1186 1189
f 1510 1528 1512
f 939 1032 1241
f 1556 1530 5
f 1553 1554 394
f 404 1556 67
f 1247 1248 1249
f 142 199 238
f 1251 1067 635
f 850 1252 1253
f 1254 1167 1077
f 57 132 133
f 443 430 552
f 1187 1172 1175
f 1256 1070 831
f 432 405 382
f 741 748 747
f 434 350 351
f 349 432 383
f 251 124 1481
f 395 384 352
f 1518 1519 1550
f 1558 410 378
f 109 263 314
f 285 1514 1513
f 395 394 393
f 202 203 410
f 417 408 405
f 1246 1257 1258
f 3 1559 297
f 1259 1260 1261
f 403 404 347
f 955 954 953
f 462 50 51
f 1096 1095 687
f 429 147 60
f 896 1264 1265
f 1267 721 1268
f 423 424 327
f 37 179 180
f 20 23 1187
f 1256 1168 1071
f 1188 1175 1269
f 1236 1270 1271
f 1272 536 535
f 565 564 463
f 1273 792 745
f 876 1254 1255
f 316 33 164
f 437 1516 503
f 194 1494 1495
f 1275 1276 864
f 624 625 631
f 1277 1274 1137
f 569 568 567
f 1481 124 125
f 324 325 547
f 1279 1108 1107
f 1525 332 329
f 1281 1278 1137
f 171 168 1553
f 1488 73 396
f 1557 1561 1562
f 1282 856 1206
f 1053 1277 1278
f 778 777 607
f 713 583 3566
f 251 225 144
f 4 357 348
f 709 708 707
f 728 48 45
f 261 135 1563
f 789 1286 1287
f 74 314 263
f 403 284 385
f 1178 1181 1240
f 1223 1259 1289
f 1220 20 1186
f 296 1518 354
f 784 459 1538
f 1181 1180 1291
f 1269 1292 1257
f 1566 1538 438
f 136 784 1566
f 1563 1564 169
f 107 114 109
f 1297 1282 1298
f 1464 1477 1476
f 1520 187 507
f 1301 1302 1303
f 1306 1307 1308
f 175 456 1532
f 1532 456 200
f 1311 1266 1312
f 872 1314 1315
f 3836 843 878
f 1305 1308 864
f 1040 1275 863
f 1564 1566 399
f 592 1576 1575
f 591 1575 1088
f 1581 1584 1583
f 1196 1152 1147
f 710 582 583
f 285 407 408
f 953 954 961
f 1594 1592 1589
f 1585 1588 1587
f 1592 1591 1590
f 3885 945 944
f 1600 1599 1598
f 1604 1603 1602
f 1399 1392 979
f 1589 1590 1596
f 1610 1609 1608
f 298 257 361
f 551 552 276
f 1627 1626 3814
f 859 811 818
f 1078 857 1328
f 1555 439 1530
f 572 573 680
f 772 465 776
f 977 1281 918
f 404 403 392
f 1054 1331 750
f 1644 1645 1643
f 932 1265 1082
f 1067 1333 1334
f 1540 1539 264
f 597 1335 643
f 471 761 762
f 1642 696 3831
f 1644 1642 3842
f 923 946 950
f 96 549 548
f 520 531 522
f 445 444 443
f 849 839 848
f 480 759 755
f 1646 760 481
f 311 426 1567
f 464 463 3497
f 3497 1360 1361
f 234 237 236
f 190 193 192
f 153 154 152
f 231 287 286
f 1552 1553 1551
f 760 1646 1648
f 3832 1647 1649
f 828 827 826
f 52 167 166
f 1663 1662 1661
f 287 107 115
f 668 671 670
f 634 645 640
f 553 560 559
f 118 36 33
f 492 484 491
f 3552 1652 1651
f 582 589 584
f 384 395 392
f 1381 1382 1383
f 1562 1561 435
f 952 953 951
f 3529 3566 583
f 1660 1661 1667
f 1394 1395 1396
f 1660 1665 1664
f 1671 1670 1669
f 1624 1625 1673
f 1407 1408 1409
f 1677 1676 1675
f 1613 1679 1677
f 1679 1678 1676
f 1626 1681 3811
f 534 199 198
f 803 733 734
f 400 248 191
f 65 66 143
f 3526 1657 1656
f 402 159 157
f 629 628 627
f 461 477 49
f 758 757 495
f 796 787 786
f 406 407 1513
f 342 343 166
f 1694 1659 1658
f 1692 1687 1694
f 3557 1693 1652
f 3921 1704 1703
f 326 547 302
f 3916 3921 1702
f 3919 3918 1698
f 1699 1691 3927
f 1557 406 1560
f 1127 1116 1117
f 400 401 289
f 1706 1702 1707
f 1707 1702 1599
f 1709 1706 1708
f 1714 1712 1711
f 3919 3915 1709
f 1704 1711 1577
f 1716 1714 1713
f 1559 1562 1549
f 1722 1721 1720
f 1335 597 596
f 410 411 377
f 973 1170 1163
f 168 169 399
f 1571 682 1089
f 1572 681 682
f 749 646 647
f 1730 1724 1723
f 1594 1582 1729
f 1729 1723 1591
f 1384 1378 1377
f 1732 1731 1712
f 1724 1730 1731
f 1722 1724 1732
f 1721 1722 1733
f 1734 1733 1716
f 1735 1737 1736
f 1733 1732 1714
f 1663 1664 1741
f 1742 1665 1740
f 1738 1739 1737
f 1665 1660 1666
f 1665 1742 1744
f 1725 1726 1746
f 1591 1725 1745
f 1590 1745 1747
f 1745 1746 1748
f 1659 1688 3538
f 3287 1760 3545
f 1185 1177 1182
f 1664 1744 1749
f 1741 1749 1739
f 1746 1742 1743
f 1726 1744 1742
f 1115 924 1153
f 1654 3546 3575
f 1896 3562 3549
f 1720 1749 1744
f 1721 1739 1749
f 1750 1718 1701
f 1697 1736 1750
f 1151 1152 1063
f 1751 1752 1670
f 1695 1658 1752
f 961 962 986
f 1770 1769 1768
f 1766 1594 1593
f 1731 1759 1579
f 1579 1777 1774
f 3928 1772 1771
f 1764 1772 3928
f 1777 1776 1775
f 3762 3763 1699
f 1004 1127 1128
f 1774 1775 1771
f 987 1400 1399
f 1578 1774 1772
f 1783 1782 1781
f 1597 1598 1770
f 639 1878 3895
f 3928 3929 1769
f 1793 1792 1789
f 3929 3920 1798
f 3508 3516 3773
f 1802 1867 3924
f 1788 1790 1794
f 1793 1794 1795
f 3773 3772 1675
f 1584 1581 1783
f 1771 1797 3920
f 1801 1799 1798
f 1768 1769 1798
f 1775 1796 1797
f 508 514 515
f 1796 1803 1802
f 1800 1798 3920
f 1794 1805 1804
f 3532 1670 1752
f 485 1808 1807
f 3809 3844 1640
f 3837 3844 1810
f 485 482 1640
f 1690 1691 3770
f 487 488 1648
f 3839 1813 1816
f 3838 1811 1648
f 3839 1812 1811
f 1812 1809 487
f 1641 1809 767
f 465 466 755
f 767 1815 3823
f 3822 1816 3826
f 1809 1812 1815
f 3837 1653 1651
f 675 672 3541
f 1814 1649 1822
f 1821 1822 3821
f 1824 1822 1649
f 1827 1849 1850
f 1668 1669 1662
f 1779 1780 1848
f 1790 1827 1805
f 1833 1836 1853
f 3521 3506 693
f 1614 1615 1616
f 1852 1853 3498
f 1620 1621 1622
f 1855 1765 1574
f 1847 1852 3501
f 1766 1765 1855
f 1629 1630 1631
f 1633 1622 1634
f 1635 1636 1637
f 1848 1833 1852
f 1855 1861 1863
f 1803 1866 1867
f 1862 1863 1831
f 1782 1855 1862
f 3922 3924 1865
f 1873 1872 1870
f 1874 1869 799
f 2045 3878 3897
f 1219 1345 1295
f 1615 1614 1396
f 3884 3895 1877
f 645 3898 3786
f 1345 1219 1035
f 634 639 3884
f 15 1887 1327
f 3910 3895 1878
f 1894 604 605
f 3506 3551 627
f 3560 640 645
f 340 341 454
f 1897 194 195
f 1889 1882 1877
f 1901 94 129
f 196 749 754
f 1705 1704 3921
f 340 378 166
f 1570 1480 563
f 1904 1494 194
f 1781 1862 1832
f 1905 549 55
f 1000 994 995
f 986 919 920
f 1191 1185 1190
f 2094 2077 2075
f 1920 1921 1919
f 453 454 1912
f 1915 1919 1918
f 3882 2112 2106
f 1655 3575 3531
f 1916 1918 1926
f 704 3554 3561
f 278 1916 1925
f 3565 3564 1818
f 1097 949 1115
f 1927 1928 727
f 3578 3579 3654
f 1920 310 307
f 1929 307 48
f 503 504 1497
f 1902 1903 787
f 1816 1821 3820
f 1925 1926 1923
f 1535 1569 1568
f 254 252 258
f 1509 1497 366
f 119 86 35
f 219 288 293
f 141 46 47
f 542 205 244
f 1940 552 430
f 1779 1828 1827
f 1701 1710 3915
f 1661 3550 3515
f 270 53 754
f 197 1947 749
f 1727 1728 1212
f 53 54 232
f 1465 1468 1479
f 1284 3862 3854
f 1951 446 412
f 168 398 1554
f 1486 1485 206
f 506 77 78
f 994 1001 1007
f 951 953 963
f 1013 3859 3861
f 3826 3820 1820
f 1498 1909 1954
f 299 298 543
f 1754 1755 1756
f 1681 469 1683
f 1696 1694 1695
f 13 14 738
f 473 476 475
f 482 1641 768
f 204 62 30
f 1761 1762 820
f 611 1763 1125
f 1501 1503 1908
f 1074 1073 711
f 1960 1944 82
f 120 1956 1960
f 35 86 87
f 1773 1199 1025
f 1965 1545 1569
f 494 761 471
f 1966 1967 1969
f 446 1951 1971
f 174 368 125
f 1580 1579 1578
f 1785 1786 1787
f 1972 1546 304
f 1254 876 875
f 1973 341 342
f 321 1912 1973
f 1910 277 275
f 509 1973 514
f 1486 1507 1527
f 1974 1874 804
f 1977 1976 1974
f 1980 448 1966
f 379 1 2
f 1718 1715 1710
f 884 995 992
f 1680 1684 1678
f 902 990 525
f 344 255 256
f 135 138 137
f 448 446 1967
f 589 605 604
f 910 909 908
f 1981 1966 1968
f 1982 1981 1987
f 1988 1979 1987
f 1990 1988 1989
f 1991 1989 1993
f 322 321 320
f 992 828 830
f 1144 1076 1086
f 1995 1977 1978
f 1133 1129 1118
f 1997 1995 1994
f 870 1823 1335
f 805 806 1982
f 727 184 2000
f 1996 1994 1988
f 1994 1978 1979
f 1829 616 792
f 1830 1073 941
f 798 803 800
f 729 732 731
f 2011 2012 2023
f 1834 1835 846
f 402 283 284
f 2022 2023 2024
f 1838 718 989
f 810 955 952
f 1823 1839 1840
f 1430 1426 1432
f 1215 844 1841
f 1316 1208 873
f 2112 1401 1384
f 1842 1843 1844
f 1159 846 845
f 837 27 1846
f 1971 1951 2030
f 517 369 370
f 1471 2026 2027
f 3551 3525 626
f 2174 2175 770
f 935 934 1854
f 1613 1619 1611
f 1231 1228 1225
f 1856 1857 891
f 1300 1309 748
f 1150 1149 1858
f 1643 606 696
f 1215 1265 1264
f 1320 1860 902
f 1956 1943 1944
f 2031 668 669
f 2034 1325 1310
f 1879 1880 1656
f 40 245 242
f 1992 1993 2039
f 888 958 957
f 1882 1889 1996
f 1078 1138 1255
f 1871 912 1192
f 294 411 218
f 1323 2041 2026
f 123 1960 83
f 1324 2036 2041
f 384 358 359
f 1324 1325 2038
f 1883 1884 1885
f 287 1540 114
f 1096 1886 1134
f 915 1329 931
f 806 1980 1981
f 3533 3529 584
f 1425 2030 2042
f 1018 2042 1948
f 3562 1896 740
f 1948 2042 649
f 1881 1882 1990
f 1900 129 130
f 992 995 994
f 923 927 925
f 3878 2045 2047
f 1643 2048 625
f 2050 2052 2051
f 2045 1405 1404
f 3876 2047 945
f 1139 1080 1079
f 1037 1856 892
f 2055 2053 2057
f 1198 989 718
f 1619 2058 1612
f 2058 1605 1606
f 2059 2060 1607
f 2058 1619 1624
f 71 72 179
f 405 406 1557
f 322 1548 1972
f 2061 2052 2063
f 2066 2065 2067
f 2052 2061 2064
f 1609 1610 2066
f 1515 151 152
f 1009 827 993
f 1644 3843 3815
f 279 1915 1916
f 1285 3863 3862
f 1647 2066 1825
f 2056 2057 2067
f 319 320 1953
f 667 666 1913
f 2070 631 625
f 2052 2050 2055
f 2038 1654 1655
f 1606 1601 2073
f 1235 1917 1270
f 2072 2073 2075
f 2059 1606 2072
f 2074 2075 2077
f 1601 1602 2078
f 2049 2048 1643
f 1000 1004 1001
f 1089 943 684
f 1931 1286 1306
f 1462 1459 1021
f 1932 1933 1934
f 875 874 1846
f 1936 1051 1937
f 44 45 46
f 1534 1955 1956
f 1541 318 317
f 2081 2082 2084
f 146 1945 1959
f 1360 1941 1942
f 985 984 1032
f 1995 1997 1892
f 2079 2080 2082
f 2095 2096 2076
f 2081 2093 2078
f 2055 2050 2054
f 501 2096 2095
f 2097 2100 2099
f 2098 2099 2094
f 2140 2141 3893
f 2141 2046 3894
f 2051 2070 2048
f 592 2102 2101
f 2071 2064 2076
f 2102 2097 2098
f 593 2103 2102
f 1019 1895 746
f 1950 11 12
f 725 2071 2096
f 1385 2105 2104
f 1379 2104 2106
f 2107 2108 2100
f 3908 726 502
f 3896 502 499
f 940 1389 2109
f 928 929 1170
f 3868 590 684
f 1962 1963 1964
f 3878 680 573
f 2039 1993 1968
f 1389 1390 2110
f 1398 2111 2113
f 3757 3755 3753
f 3911 3883 2107
f 949 923 924
f 260 241 324
f 1390 1397 2113
f 2070 2051 2064
f 3867 3911 2103
f 2105 1385 1421
f 2114 1421 1423
f 3892 2114 2115
f 3908 2105 2114
f 554 2116 1902
f 972 1163 967
f 1765 1593 1573
f 1984 1985 1986
f 2053 2117 2069
f 3573 3556 724
f 1625 1677 1674
f 3881 3888 2119
f 3903 2115 2123
f 56 1954 1906
f 626 3877 3879
f 2001 2002 2003
f 3912 3841 2127
f 2006 2007 2008
f 2127 1413 1412
f 2014 2015 2016
f 2018 2019 2020
f 1495 1424 1947
f 1379 1377 1386
f 3814 3811 1680
f 2029 1885 1884
f 3902 2128 2120
f 629 3879 3914
f 682 683 943
f 724 1650 2121
f 1757 1819 3821
f 765 1810 3844
f 3851 714 715
f 706 707 3870
f 981 986 987
f 1457 1868 1656
f 2017 2016 2032
f 1458 1655 1868
f 1776 1777 1792
f 1959 1945 1946
f 3663 3715 3725
f 3913 3881 2122
f 1093 1089 689
f 966 965 968
f 3852 715 3881
f 2172 3577 2170
f 670 2138 2137
f 3761 787 1903
f 1429 19 28
f 964 963 978
f 3841 3813 1413
f 1473 1474 669
f 3834 3833 1359
f 2138 798 1870
f 1872 1473 2137
f 715 716 3888
f 1881 1991 1992
f 3843 3842 739
f 1837 1847 3513
f 253 58 59
f 1808 3837 3840
f 1647 3832 3818
f 3865 3866 671
f 2112 3882 3883
f 1405 2045 2044
f 3829 3824 1364
f 273 1541 391
f 576 632 3520
f 3875 3865 668
f 1430 1431 2140
f 2136 3850 3860
f 1430 2139 18
f 3893 3894 570
f 1442 1439 2046
f 1431 1442 2141
f 3869 3913 3850
f 3808 3823 1817
f 3866 3893 695
f 2142 2025 798
f 571 2143 2142
f 3819 3814 1618
f 2143 2022 2025
f 694 2142 2138
f 681 1572 2144
f 2144 2011 2022
f 328 210 457
f 1572 2010 2011
f 630 3892 3903
f 2085 2086 2087
f 2090 2091 2092
f 572 2144 2143
f 1875 1976 2153
f 1873 1875 2149
f 2103 2107 2097
f 2157 2043 2155
f 2128 1412 1414
f 3874 3871 589
f 3872 3870 628
f 2149 2153 2158
f 2159 2158 3905
f 698 3907 3902
f 3823 3847 3827
f 2158 2156 3874
f 1438 2044 2046
f 2035 2154 2160
f 2161 2160 3889
f 3871 3891 605
f 3873 17 18
f 370 29 61
f 649 1951 413
f 2153 2157 2156
f 1428 1429 1449
f 1490 76 73
f 3890 3905 710
f 2155 1891 3891
f 1456 1457 1880
f 2125 2088 2087
f 2160 2159 3890
f 300 1959 505
f 1064 1062 1046
f 2043 1892 1891
f 2129 2130 2004
f 2131 2132 2133
f 3848 3849 1450
f 1998 1975 804
f 3879 673 3864
f 474 492 490
f 1164 1165 1182
f 707 2162 3909
f 708 1472 2162
f 2162 2161 3886
f 548 549 1905
f 1145 1136 1114
f 705 2121 1650
f 2043 2157 1977
f 737 738 554
f 1034 1195 1191
f 458 1905 1907
f 195 196 232
f 2040 2039 1969
f 2145 2146 2147
f 2054 2050 2049
f 3832 1646 1639
f 9 12 11
f 252 364 506
f 472 478 479
f 1865 3924 3791
f 900 903 910
f 1941 2150 2151
f 1921 1928 1927
f 2163 1897 1898
f 271 156 153
f 1904 1326 12
f 282 263 264
f 1872 1873 2154
f 1326 1904 1897
f 628 692 693
f 1724 1722 1719
f 1549 1562 436
f 1582 1583 1730
f 1921 1920 1929
f 3563 3511 10
f 2152 2037 1950
f 475 772 774
f 769 2172 2171
f 2171 2165 476
f 476 773 772
f 1791 565 464
f 2166 2167 2168
f 595 371 372
f 483 1809 1641
f 762 2174 2173
f 771 483 484
f 486 487 1809
f 297 1549 1517
f 763 2175 2174
f 776 755 759
f 184 185 2176
f 412 447 303
f 2005 2176 185
f 3811 1681 1682
f 2164 2170 756
f 1472 2035 2161
f 950 951 964
f 2177 2178 2179
f 227 226 1510
f 2182 2183 2184
f 2186 2019 2018
f 1985 2182 2181
f 214 736 729
f 865 849 842
f 849 865 1357
f 559 3187 3188
f 16 13 737
f 560 553 498
f 3193 3196 3195
f 3200 3197 3198
f 3211 3214 3213
f 3215 3218 3217
f 2187 2188 2002
f 2169 2168 2189
f 2192 2086 2085
f 2193 2194 2195
f 2198 2199 2200
f 1998 1982 1979
f 3664 3665 3668
f 2116 1898 1903
f 1859 2006 2009
f 3904 2123 2126
f 1135 1148 1087
f 2201 2202 2015
f 1149 111 110
f 3221 3222 3218
f 2203 2204 2205
f 579 580 1895
f 1755 2207 2208
f 3891 3910 1893
f 1211 2151 2150
f 868 997 2210
f 944 945 930
f 2130 2129 2202
f 233 1903 1898
f 665 751 750
f 1167 1254 999
f 2211 2212 2213
f 2215 2216 2217
f 3867 593 590
f 2220 221 220
f 823 824 948
f 3225 3220 3227
f 266 204 455
f 3882 2108 2107
f 2221 2222 3519
f 2223 2224 2225
f 2207 2125 2124
f 673 674 3869
f 817 1000 996
f 2227 2228 2146
f 1947 1948 646
f 3900 2135 17
f 2229 1635 1638
f 1679 1613 1618
f 1637 2231 2232
f 2233 2234 1617
f 2231 2235 2236
f 1381 1638 2238
f 3586 2241 2242
f 1630 2234 2233
f 1681 1626 472
f 1408 1407 2243
f 3236 3239 3238
f 3232 3241 3240
f 1637 2230 2238
f 3237 3238 3233
f 1409 1408 1634
f 1380 1383 2247
f 1628 2248 2245
f 2249 1623 1622
f 1632 1634 1408
f 2248 1628 1631
f 2235 2231 1637
f 3245 3246 3199
f 631 2070 2071
f 515 167 52
f 782 781 2251
f 2253 2254 2255
f 397 281 459
f 1456 2039 2040
f 2040 2041 2036
f 1401 2112 2111
f 2041 2040 1970
f 1535 121 414
f 1586 1587 2080
f 2256 983 1132
f 1700 1699 3918
f 3815 1896 1686
f 1263 2256 1886
f 598 1841 844
f 2257 2258 2259
f 2258 2261 2262
f 2259 2262 2263
f 2260 2259 2216
f 1967 1971 1970
f 2212 1964 1963
f 922 921 2218
f 1312 1098 1101
f 1307 1306 1286
f 1548 1569 1546
f 2266 2267 2268
f 2265 2268 2270
f 2272 2265 2269
f 2273 2266 2265
f 2275 2276 2277
f 2278 2274 2277
f 2284 2285 3617
f 2287 2283 2286
f 2288 2289 2283
f 2290 2284 3639
f 2291 2292 2293
f 2295 2291 2294
f 2296 2297 2291
f 2297 2298 2292
f 2294 2293 2299
f 2279 2294 2300
f 2298 2301 2302
f 2292 2302 2303
f 2293 2303 2304
f 2304 2305 2306
f 2308 2309 2310
f 2302 2307 2310
f 2301 2311 2307
f 2312 2308 2307
f 2313 2314 2315
f 2318 2319 2320
f 3748 3771 2322
f 2324 2325 2273
f 2313 2324 2326
f 2328 2324 2313
f 2329 2325 2324
f 2331 2332 2333
f 2330 2333 2267
f 2325 2330 2266
f 2329 2331 2330
f 2333 2334 2335
f 2336 2334 2333
f 2338 2336 2332
f 2331 2339 2337
f 2329 2340 2339
f 2328 2341 2340
f 2316 2342 2341
f 2342 2316 2315
f 2344 2345 2346
f 2341 2344 2347
f 2342 2348 2344
f 2348 2349 2345
f 2350 2351 2352
f 2339 2350 2353
f 2340 2347 2350
f 2347 2346 2351
f 2337 2353 2354
f 2353 2352 2355
f 2356 2277 2276
f 2356 2357 2358
f 2356 2359 2296
f 2279 2277 2356
f 2360 2361 2270
f 2267 2335 2360
f 2362 2363 2364
f 2362 2365 2361
f 2366 2362 2358
f 2366 2367 2363
f 2357 2276 2368
f 2366 2368 2369
f 2276 2275 2370
f 2368 2370 2282
f 2372 2373 2374
f 2375 2376 2377
f 2378 2379 2380
f 2382 2378 2381
f 2384 2385 2378
f 2385 2386 2379
f 2388 2389 2390
f 2387 2390 2392
f 2393 2394 2387
f 2394 2395 2388
f 2186 2401 2402
f 2403 2404 2327
f 2272 2403 2326
f 2271 2405 2403
f 2405 2406 2404
f 2404 2407 2408
f 2409 2410 2411
f 2409 2412 2271
f 2413 2409 2269
f 2413 2414 2410
f 2417 2415 2416
f 2417 2418 2406
f 2412 2417 2405
f 2411 2415 2417
f 2406 2419 2407
f 3569 3520 632
f 2420 2398 2397
f 2420 2421 2423
f 2424 2420 2422
f 2424 2399 2398
f 2425 2391 2392
f 2421 2425 2426
f 2397 2396 2425
f 2396 2393 2391
f 2427 2314 2408
f 2430 2427 2428
f 2343 2315 2427
f 2432 2343 2430
f 2431 2430 2429
f 2435 2431 2433
f 2436 2432 2431
f 2428 2408 2407
f 2422 2437 2407
f 2438 2437 2422
f 2429 2428 2437
f 2440 2434 2433
f 2441 2439 2433
f 2442 2443 2439
f 2443 2444 2440
f 2445 2446 2444
f 2447 2445 2443
f 2383 2381 2445
f 2381 2380 2446
f 2448 2438 2423
f 2449 2448 2426
f 2441 2448 2449
f 2441 2429 2438
f 2449 2392 2390
f 2450 2390 2389
f 2447 2450 2451
f 2442 2449 2450
f 2451 2389 2453
f 2452 2453 2455
f 2382 2452 2454
f 2383 2451 2452
f 2456 2457 2373
f 2459 2460 2461
f 2463 2464 2465
f 2462 2465 2285
f 2466 2462 2284
f 2467 2463 2462
f 2461 2460 3703
f 2468 2469 2470
f 2472 2468 2471
f 2474 2461 3701
f 2475 2476 2477
f 2458 2455 2453
f 2479 2453 2389
f 2395 2480 2479
f 2480 2459 2458
f 2481 2482 2483
f 2484 113 2485
f 2471 2470 2464
f 2473 2471 2463
f 2487 2467 2466
f 2486 2466 2290
f 2490 2486 2488
f 2491 2487 2486
f 2492 2473 2467
f 2493 2492 2487
f 2494 2495 2492
f 2495 2472 2473
f 3690 2496 2474
f 3691 2497 2496
f 2498 2494 2493
f 2500 2498 2499
f 3700 3687 2498
f 3687 3691 2494
f 2306 2504 2278
f 2305 2505 2504
f 2504 2505 2507
f 2506 2507 2288
f 2274 2506 2508
f 2278 2504 2506
f 3633 3632 2489
f 3620 3633 2488
f 2507 2509 2289
f 2505 2510 2509
f 2508 2288 2287
f 2511 2287 2281
f 2370 2511 2280
f 2275 2508 2511
f 2512 2490 2489
f 2514 2512 2513
f 2517 2512 2514
f 2517 2491 2490
f 2499 2493 2491
f 2499 2517 2516
f 2510 2505 2519
f 2518 2519 2521
f 3616 2518 2520
f 3632 2510 2518
f 2522 2304 2303
f 2523 2522 2310
f 2305 2304 2522
f 2524 2522 2523
f 2519 2524 2525
f 2505 2305 2524
f 2308 2312 2527
f 2526 2527 2529
f 2531 2526 2528
f 2309 2308 2526
f 1214 2532 2151
f 2419 2406 2418
f 2533 2345 2349
f 2534 2533 2317
f 2535 2536 2533
f 2536 2346 2345
f 2537 2351 2346
f 2538 2537 2536
f 2539 2540 2537
f 2540 2352 2351
f 2312 2355 2541
f 2527 2541 2542
f 2543 2435 2434
f 2545 2543 2544
f 2319 2318 2543
f 2318 2436 2435
f 2514 2515 2548
f 2547 2548 2550
f 2552 2547 2549
f 2552 2516 2514
f 2520 2521 2554
f 2553 2554 2556
f 3590 2553 2555
f 3621 2520 2553
f 2523 2309 2531
f 2557 2531 2530
f 2525 2523 2557
f 2559 2557 2558
f 2554 2559 2560
f 2521 2525 2559
f 2561 2375 2007
f 2376 2562 2225
f 2564 2565 2566
f 2563 2566 338
f 2569 2563 2567
f 2570 2564 2563
f 2572 2573 2574
f 2571 2574 2576
f 2544 2571 2575
f 2544 2434 2572
f 2578 2570 2569
f 2579 2577 2569
f 2574 2577 2579
f 2573 2578 2577
f 2581 2582 2583
f 2584 2580 2583
f 3697 3675 2580
f 3676 2581 2580
f 2582 2516 2552
f 2583 2552 2551
f 2500 2501 2589
f 2590 2588 2589
f 3693 3695 2588
f 3695 3700 2500
f 2501 2516 2591
f 2592 2593 2594
f 2386 2385 2503
f 2596 2379 2386
f 2596 2374 2373
f 2599 2596 2597
f 2599 2380 2379
f 2600 2446 2380
f 2600 2599 2598
f 2603 2600 2601
f 2603 2444 2446
f 2604 2603 2602
f 2440 2604 2605
f 2444 2603 2604
f 2606 2582 2581
f 2606 2607 2590
f 2591 2516 2582
f 3676 2587 2456
f 3689 2456 2372
f 2478 2477 2608
f 2609 2610 2611
f 2564 2570 2613
f 2612 2613 2598
f 2457 2612 2597
f 2565 2564 2612
f 2614 2613 2570
f 2615 2614 2578
f 2602 2601 2614
f 2601 2598 2613
f 2572 2434 2605
f 2616 2605 2602
f 2573 2572 2616
f 1459 1016 1045
f 1265 1215 1079
f 1612 1608 1609
f 2067 2057 2069
f 1135 1109 1136
f 1938 1937 2618
f 95 548 458
f 2058 1607 1608
f 1454 1469 1445
f 655 2620 1048
f 722 1049 2621
f 1131 985 1033
f 562 1481 366
f 1723 1719 1725
f 1786 1123 1122
f 267 300 323
f 1325 2034 1654
f 1468 1165 1435
f 658 657 529
f 8 532 247
f 382 1557 1559
f 788 619 1307
f 940 930 929
f 911 2622 2623
f 2621 2620 655
f 2624 1857 2625
f 998 1846 27
f 635 638 2626
f 2627 641 644
f 2628 2627 1840
f 1200 1199 2627
f 1199 1773 641
f 1520 515 49
f 1452 1350 1349
f 2630 2631 1859
f 644 643 1335
f 1197 1198 717
f 2632 717 719
f 2628 2632 1166
f 2629 1197 2632
f 1762 2633 1050
f 1823 870 873
f 2634 2635 794
f 1042 794 2635
f 93 94 1901
f 2036 2038 1458
f 1527 332 1525
f 877 876 1274
f 134 409 797
f 1328 893 931
f 607 777 1091
f 1043 2635 2637
f 2636 2637 2639
f 1275 2636 2638
f 1275 1040 1043
f 1272 2624 2626
f 2640 2626 638
f 1110 2641 2640
f 536 1272 2640
f 1472 708 1474
f 2042 2030 1951
f 1058 1106 1105
f 2642 2623 2643
f 1192 2642 2644
f 912 2623 2642
f 3898 1657 3526
f 1049 1048 2620
f 616 1829 1885
f 1331 1913 666
f 990 989 1198
f 1911 1912 321
f 1298 1282 1205
f 76 1490 1504
f 1502 1500 421
f 610 609 658
f 1146 937 659
f 2646 911 914
f 1280 1239 1238
f 1453 1454 1452
f 835 942 1843
f 1271 1270 1173
f 1893 1878 1826
f 1050 2633 1937
f 2651 2652 814
f 1006 1053 1281
f 2653 1084 2654
f 1001 1004 1003
f 585 997 679
f 2624 1272 621
f 555 678 2028
f 1207 526 1197
f 1626 1627 478
f 426 389 419
f 1030 1193 1773
f 3898 645 634
f 534 1533 138
f 1125 1092 1042
f 333 228 88
f 569 1570 561
f 1489 2656 871
f 1857 2624 620
f 1673 1674 3770
f 622 861 864
f 619 788 891
f 261 544 545
f 393 1555 1556
f 2658 2659 2647
f 1075 2658 2657
f 1081 1080 2658
f 1080 1139 2659
f 2644 2643 1141
f 2660 1141 1140
f 642 2660 1336
f 1193 2644 2660
f 679 678 555
f 1503 1501 1500
f 1318 1317 1101
f 2661 2659 1139
f 2661 1142 2663
f 2662 2647 2659
f 2662 2663 2622
f 2664 2622 911
f 2648 2664 2646
f 2648 2647 2662
f 2083 2094 2093
f 1442 1440 1437
f 519 329 330
f 1885 2029 1209
f 799 800 805
f 1946 1943 1952
f 1302 1301 1253
f 566 2005 224
f 1389 940 928
f 683 682 681
f 836 835 1842
f 2665 1842 1845
f 2666 2665 1303
f 24 836 2665
f 831 1072 2650
f 1845 1844 1304
f 2010 2013 2012
f 1051 1936 2667
f 1522 1521 1511
f 531 440 441
f 1250 635 2625
f 2669 2625 1857
f 783 2669 1856
f 782 1250 2669
f 720 2670 2671
f 1055 1931 1930
f 1333 1067 1251
f 619 622 1308
f 652 655 2619
f 521 522 1539
f 1838 988 537
f 2672 537 536
f 1113 2672 2641
f 1113 527 1838
f 1016 1013 1351
f 3897 573 570
f 226 227 104
f 3564 3669 3827
f 1036 1037 1884
f 2674 1301 1304
f 2673 1304 1844
f 1334 2673 2675
f 1333 2674 2673
f 2676 702 1039
f 1843 2676 2675
f 942 1074 2676
f 1074 699 702
f 752 1057 1055
f 1200 1166 656
f 1120 1846 874
f 2677 874 877
f 1241 2677 1052
f 1119 1120 2677
f 1560 1513 151
f 1208 1316 611
f 215 735 736
f 1460 1459 1462
f 1208 1207 1839
f 854 856 1282
f 72 445 182
f 544 1563 1565
f 217 200 456
f 2047 1404 930
f 1204 2618 1937
f 913 777 686
f 840 527 1113
f 1531 729 730
f 2678 778 1283
f 601 667 1914
f 1537 1538 459
f 1819 1757 3509
f 991 1860 862
f 2679 711 1073
f 2680 1830 983
f 779 2680 2256
f 778 2678 2680
f 2678 2679 1830
f 180 542 245
f 1886 1132 1131
f 1138 1137 1274
f 1841 598 1140
f 75 313 314
f 193 423 420
f 2681 2682 1099
f 170 1567 1565
f 349 416 417
f 1121 1124 2684
f 547 797 409
f 123 122 121
f 2643 2663 1142
f 1542 1544 513
f 899 900 907
f 1210 677 676
f 791 663 982
f 24 27 837
f 893 896 932
f 1860 1320 863
f 535 538 862
f 1569 1548 1547
f 181 455 542
f 660 659 937
f 2013 567 568
f 887 890 2631
f 1524 1508 361
f 520 161 162
f 2653 855 854
f 1238 1237 2655
f 718 1838 527
f 1492 1493 518
f 792 616 615
f 599 846 1835
f 290 457 456
f 312 171 1552
f 1248 2687 1179
f 153 149 177
f 1240 1181 1222
f 1257 1292 1235
f 1291 1084 1083
f 1052 877 1277
f 743 742 2618
f 444 140 430
f 23 1224 1172
f 2687 2654 1180
f 102 103 409
f 1283 607 610
f 373 497 650
f 1180 2654 1084
f 855 2653 2655
f 1173 1270 1917
f 2689 850 853
f 2688 853 1108
f 2686 2688 1279
f 2687 2689 2688
f 2691 1302 1252
f 2690 1252 850
f 1248 2690 2689
f 1248 1247 2691
f 2692 617 24
f 2691 2692 2666
f 1247 1258 2692
f 1258 1168 617
f 394 1554 1555
f 2693 1260 1259
f 1072 1236 1262
f 1257 1071 1168
f 398 439 1555
f 871 1784 1314
f 1178 1232 1249
f 1224 1289 1173
f 1010 2617 2618
f 1175 1174 1292
f 2654 2687 2686
f 2694 1157 1216
f 71 418 1487
f 701 1112 1111
f 1072 1261 2649
f 1085 2695 22
f 895 2694 1264
f 1601 1606 1605
f 1259 1262 1271
f 21 20 1220
f 988 991 538
f 598 597 1336
f 1050 860 818
f 1298 2645 1761
f 1168 1167 618
f 858 1168 1256
f 39 242 516
f 2652 1761 819
f 313 316 315
f 2026 1970 1971
f 2656 1489 596
f 814 819 818
f 2696 2651 813
f 1260 2696 2649
f 2693 2697 2696
f 2697 1296 2651
f 381 355 390
f 3818 3819 1611
f 1475 1427 1428
f 1292 1174 1917
f 1551 353 354
f 1526 1525 1523
f 1593 1589 1595
f 1232 1269 1246
f 2695 2693 1223
f 2698 1297 1296
f 2698 2697 2693
f 2685 2698 2695
f 2685 854 1297
f 562 1497 271
f 2652 2651 1296
f 1365 1366 1364
f 1958 1946 1953
f 585 588 2210
f 1561 1560 1515
f 975 2648 1146
f 347 67 68
f 1038 1111 636
f 2700 781 780
f 2699 780 1036
f 2701 2699 1883
f 851 2700 2699
f 2674 1333 2251
f 2702 2251 781
f 1253 2702 2700
f 1301 2674 2702
f 1519 387 388
f 1273 1239 1280
f 2703 1280 1107
f 2701 2703 852
f 1829 1273 2703
f 91 260 326
f 1784 871 2656
f 2683 2684 2705
f 604 1894 3499
f 1669 3534 3548
f 2062 2063 2060
f 621 535 861
f 2023 731 732
f 686 779 1263
f 857 1051 2668
f 883 830 882
f 637 636 1111
f 2668 894 893
f 2667 921 894
f 1039 1038 1068
f 313 75 1504
f 1911 1972 305
f 1936 2706 1964
f 2707 2402 2401
f 2708 2707 2183
f 738 2163 2116
f 2349 2348 2432
f 2711 2712 2020
f 2400 2711 2019
f 2714 2715 2716
f 2717 2718 2719
f 2721 2722 2723
f 2726 2727 2728
f 2725 2728 2730
f 2731 2725 2729
f 2732 2726 2725
f 2734 2735 2736
f 2738 2739 2740
f 2737 2740 2741
f 2744 2745 2746
f 2745 2744 2748
f 2749 2750 2747
f 2753 2749 2751
f 2250 1380 2246
f 2754 1396 1614
f 3598 2754 2755
f 3608 2745 2747
f 1617 2756 2755
f 2242 2758 1620
f 2191 2085 2760
f 2761 2759 2760
f 3648 2759 2761
f 3623 2191 2759
f 3209 3248 3223
f 1395 1394 2236
f 1395 2235 1636
f 1616 1635 2229
f 1617 2234 2763
f 2756 2763 3628
f 2765 2763 2234
f 2766 2764 3628
f 3202 3199 3246
f 1516 437 435
f 2768 2769 3552
f 1495 541 578
f 2135 2136 28
f 3526 3540 2773
f 1690 1689 3926
f 2778 2779 2780
f 2777 2780 2781
f 2784 2778 2777
f 3555 3521 575
f 1494 1904 9
f 3529 2016 2015
f 451 61 505
f 2786 2787 2788
f 2779 2786 2785
f 2789 2752 2741
f 2790 2753 2752
f 2792 2793 2794
f 2793 2795 2796
f 2796 2797 2750
f 2794 2796 2749
f 2798 1393 1396
f 3591 2798 2754
f 2798 2799 2800
f 3591 3662 2799
f 2797 2796 2795
f 2791 2794 2753
f 216 233 232
f 3804 2806 2807
f 3805 2809 2804
f 2769 2810 3557
f 183 185 184
f 2811 2812 2775
f 2804 2811 2776
f 2809 2813 2811
f 2812 2811 2813
f 3805 2808 2816
f 3796 2818 2815
f 3798 3800 2820
f 3793 2823 2819
f 2824 2736 2735
f 2823 2825 2824
f 2825 2823 2826
f 3793 2822 2827
f 3796 2817 2826
f 2713 2716 2829
f 2828 2829 2831
f 2822 2821 2828
f 2821 2820 2713
f 2832 2827 2822
f 2833 2832 2830
f 2834 2835 2832
f 2835 2818 2827
f 2837 2838 2839
f 2836 2839 2841
f 2842 2836 2840
f 2843 2837 2836
f 2840 2841 2845
f 2718 2844 2845
f 2730 2728 2844
f 2727 2840 2844
f 2846 2845 2841
f 2829 2846 2847
f 2847 2841 2839
f 2848 2839 2838
f 2833 2848 2849
f 2831 2847 2848
f 2850 2814 2851
f 2853 2850 2852
f 2783 2777 2782
f 2785 2788 2853
f 2780 2785 2856
f 2857 2858 2855
f 2859 2857 2782
f 2861 2843 2842
f 2860 2842 2727
f 2862 2860 2726
f 2863 2861 2860
f 2861 2863 2858
f 2843 2861 2857
f 2856 2853 2854
f 2781 2856 2864
f 2837 2843 2859
f 2838 2837 2864
f 2852 2851 2834
f 2854 2852 2849
f 2865 2815 2818
f 2851 2865 2835
f 2813 2809 2815
f 2814 2813 2865
f 2866 2812 2814
f 2788 2866 2850
f 2866 2788 2787
f 2812 2866 2867
f 1892 1889 1890
f 2720 2719 2846
f 298 299 256
f 2872 2714 2713
f 3794 3800 2735
f 2729 2730 2874
f 2846 2716 2715
f 2876 2877 2878
f 2733 2875 2878
f 3806 3807 2879
f 3806 2880 2872
f 2882 2883 2884
f 2881 2884 2715
f 2880 2881 2714
f 2879 2882 2881
f 2885 2886 2887
f 2888 2889 2890
f 2885 2890 2892
f 2893 2886 2885
f 1942 2151 2532
f 2895 2892 2720
f 2884 2895 2870
f 2883 2896 2895
f 2896 2891 2892
f 2889 2874 2717
f 2890 2717 2720
f 2897 2893 2891
f 2898 2897 2896
f 2899 2898 2883
f 2900 2899 2882
f 3797 2900 2879
f 2876 2902 2901
f 2901 2902 2904
f 1785 2656 1835
f 2905 2906 2899
f 2907 2908 2897
f 3797 2901 2903
f 632 576 577
f 3532 3547 2867
f 434 385 550
f 2768 2770 3640
f 2910 2911 1623
f 2241 2912 2758
f 3640 2770 2913
f 1623 2911 2757
f 3587 2242 2757
f 2229 1381 1380
f 2765 1630 1629
f 2915 2914 1629
f 3642 3641 2914
f 3641 3622 2765
f 2919 2916 3642
f 2918 2915 2912
f 3614 2918 2241
f 3618 2919 3613
f 3541 2177 2180
f 3521 2002 2188
f 3705 3573 714
f 2925 2766 2917
f 2924 2917 2916
f 3610 2924 2919
f 3611 2925 2924
f 2926 2927 2766
f 3658 2926 2925
f 1715 1713 1705
f 785 497 498
f 1387 651 565
f 374 375 1899
f 3573 2203 2206
f 2929 2930 2886
f 2932 2933 2934
f 1905 1906 1908
f 2930 2935 2936
f 2938 2935 2930
f 1493 369 517
f 1603 1585 1586
f 2939 2938 2929
f 2940 2939 2908
f 3665 1707 1600
f 2886 2930 2937
f 2906 2907 2898
f 2908 2929 2893
f 2942 2934 2933
f 2941 2933 2937
f 3501 2941 2936
f 3498 2942 2941
f 2943 2944 2710
f 2943 2873 2874
f 2945 2943 2889
f 2946 2944 2943
f 2932 2945 2888
f 2931 2946 2945
f 727 1928 1929
f 2903 2904 2947
f 545 594 42
f 1480 1570 533
f 2907 2906 2949
f 2906 2905 2950
f 1558 452 215
f 3799 2903 2948
f 2054 1645 1644
f 3705 3684 2203
f 1828 1837 1849
f 2953 2954 2955
f 2952 2955 2957
f 2956 2261 2258
f 2953 2952 2258
f 2454 2455 2474
f 3747 2958 2959
f 3747 2132 2131
f 2961 2962 2963
f 2958 2963 2964
f 222 221 2485
f 2477 2226 2966
f 2631 2561 2006
f 2384 2454 2496
f 2967 2968 2959
f 2968 2967 2970
f 3759 2033 2971
f 3784 2971 2960
f 2972 2971 2033
f 2007 2377 2973
f 3560 3559 2134
f 1836 1833 1832
f 3506 2188 2090
f 955 810 959
f 672 675 674
f 633 710 713
f 2024 732 733
f 2025 2024 803
f 425 1552 1550
f 2975 2976 888
f 1319 1158 1157
f 1212 1935 2977
f 889 957 2228
f 1978 1974 1975
f 1138 1078 1329
f 751 665 2979
f 1619 1613 1625
f 2252 2255 1728
f 1157 1160 845
f 2706 1936 1938
f 2980 2255 2254
f 2982 2975 887
f 802 712 711
f 678 677 2029
f 527 840 690
f 1839 1207 2629
f 2983 2984 602
f 2983 1914 1913
f 2985 2983 1331
f 2986 2984 2983
f 2987 2637 2635
f 2985 2988 2639
f 2990 1319 1318
f 2991 2992 2993
f 2995 2991 2994
f 1106 1058 2991
f 1058 1057 2992
f 1415 1406 1365
f 1317 922 2217
f 1932 1728 2255
f 926 2998 2999
f 3001 2993 2992
f 3000 2992 1057
f 2999 3000 2978
f 2998 3001 3000
f 3002 2998 2209
f 3002 3003 2996
f 2993 3001 3002
f 1103 1106 2995
f 3004 2995 2996
f 2209 2210 3004
f 588 1103 3004
f 295 296 433
f 2638 2639 2988
f 3005 2988 1056
f 1305 3005 1930
f 1276 2638 3005
f 1987 1968 1993
f 2633 1762 1761
f 1423 1422 1417
f 3561 3517 739
f 2671 2670 2704
f 1473 1872 2035
f 922 1317 2694
f 1401 1400 1378
f 556 2028 1884
f 842 848 3825
f 1854 2706 2617
f 933 1082 1081
f 1440 1441 1436
f 529 657 719
f 1031 1025 1027
f 777 913 912
f 2645 1205 1204
f 441 438 1538
f 790 1287 587
f 2065 2066 1610
f 1860 991 990
f 60 106 87
f 1424 1017 1948
f 332 1527 1507
f 261 262 138
f 187 188 449
f 1719 1720 1726
f 1931 1055 1059
f 3006 1059 1105
f 1287 3006 1104
f 1286 1931 3006
f 3007 3008 3009
f 3009 3008 653
f 618 999 26
f 2029 677 1210
f 957 601 600
f 1049 2146 2228
f 2631 890 3011
f 890 889 2227
f 3011 2227 2145
f 2561 3011 3012
f 1026 656 609
f 2706 1854 1961
f 3013 2965 2485
f 2148 2147 1267
f 3015 1267 1266
f 2997 2264 1101
f 642 641 1773
f 186 477 461
f 1041 1040 1320
f 1121 3016 3017
f 2984 2986 2987
f 3018 2987 2634
f 1048 603 3018
f 603 602 2984
f 2679 2678 801
f 2062 2072 2074
f 2061 2074 2076
f 414 303 1545
f 3016 1121 2683
f 3019 2683 2704
f 3020 3019 2670
f 3007 3016 3019
f 1871 1090 1091
f 3021 1787 1122
f 3022 3021 3017
f 1314 3021 3022
f 1784 1787 3021
f 1316 1315 1763
f 3023 3022 3010
f 3023 3009 795
f 1763 3023 1092
f 1315 3022 3023
f 3016 3007 3010
f 752 751 2978
f 2986 2639 2637
f 3024 654 653
f 3020 3024 3008
f 720 723 3024
f 723 2621 654
f 2681 1098 1268
f 2671 3025 1268
f 2705 2681 3025
f 1313 3026 3027
f 3026 3028 3029
f 3027 3029 3030
f 1311 3027 3031
f 2012 568 731
f 917 2657 974
f 743 1206 856
f 1888 2027 2030
f 2682 2705 2684
f 3032 2684 1124
f 1100 3032 2989
f 1099 2682 3032
f 1123 2990 2989
f 3033 1834 1159
f 2990 3033 1158
f 1123 1786 3033
f 1786 1785 1834
f 1054 1056 2988
f 2979 665 664
f 2623 2622 2663
f 1095 660 688
f 3034 3035 2261
f 3036 3034 2956
f 3037 3038 3034
f 3038 3039 3035
f 3040 3041 3026
f 2263 3042 3041
f 3042 3039 3043
f 3041 3043 3028
f 3044 3045 3043
f 3046 3047 3045
f 3047 3048 3049
f 3043 3045 3049
f 3038 3037 3051
f 3050 3051 3053
f 3052 3046 3044
f 3039 3038 3050
f 3054 3035 3039
f 3042 2263 2262
f 2261 3035 3054
f 2216 2263 2997
f 2212 2211 2667
f 3056 868 2209
f 934 3057 1961
f 2013 3755 3757
f 3058 3059 3060
f 3059 3062 3063
f 3060 3063 2213
f 3061 3060 1963
f 3063 3064 2214
f 3062 3065 3064
f 3065 2257 2260
f 3064 2260 2215
f 3066 3067 3031
f 2608 2966 3067
f 2966 2562 3068
f 3031 3067 3068
f 2455 2458 2461
f 2476 2223 2226
f 3551 2090 2089
f 3526 2774 3769
f 433 354 355
f 2115 1423 1419
f 3509 2868 2922
f 3769 3737 2131
f 3069 2611 2167
f 2971 2972 2928
f 2961 2774 2773
f 3070 2475 2478
f 2610 2609 3071
f 2502 2371 2374
f 3072 2592 2595
f 2964 3046 3052
f 3048 2593 3074
f 2593 2592 3075
f 3075 3030 3029
f 3074 3029 3028
f 3072 3076 3075
f 3076 3072 2482
f 2481 2608 3066
f 3076 3066 3030
f 2967 3052 3053
f 2482 3072 3073
f 479 480 493
f 706 3900 3873
f 3561 2194 2221
f 2013 2010 3754
f 3533 2032 2016
f 3562 3519 2222
f 1171 1154 1155
f 2586 2566 2565
f 2982 110 113
f 2562 2376 3077
f 2376 2375 3012
f 3012 2145 2148
f 3077 2148 3015
f 2963 3047 3046
f 3051 3078 2970
f 1683 2173 491
f 3850 2122 1447
f 1986 2181 3734
f 3079 3080 2546
f 3081 3079 2575
f 1983 1986 3768
f 3082 2323 2319
f 3080 3082 2545
f 3734 3732 3082
f 3732 3748 2323
f 1309 1471 1888
f 3073 2595 2772
f 2760 3083 3084
f 2760 2085 2088
f 3085 3084 3086
f 3089 3085 3090
f 3089 2762 3084
f 3092 3088 3090
f 3093 2748 2744
f 2751 2747 2748
f 3093 2741 2752
f 2742 2741 3093
f 3094 3093 2743
f 3096 3097 3098
f 3099 3096 3087
f 3097 3094 3095
f 3100 2743 2746
f 3101 2927 3102
f 2764 2766 2927
f 2745 2764 3101
f 3102 3092 3091
f 3100 3091 3095
f 2869 2802 3592
f 3102 3103 3104
f 3658 2868 2869
f 2927 2926 3103
f 3098 3095 3091
f 3087 3098 3090
f 2088 2125 3105
f 3083 3105 3086
f 2483 3073 2771
f 2401 2186 2185
f 3099 3086 3105
f 2125 2207 3106
f 3108 2737 2742
f 3107 2742 3094
f 3110 3108 3107
f 3109 3107 3097
f 3111 3109 3096
f 3112 3110 3109
f 3113 2738 2737
f 3115 2723 2722
f 3117 3115 3114
f 3119 3117 3116
f 3118 3116 3120
f 3116 3114 3113
f 3122 3112 3111
f 3122 3123 1755
f 3124 3125 3126
f 3125 3118 3121
f 3128 3119 3118
f 3129 3128 3125
f 2020 2712 3128
f 3853 3857 1346
f 1065 1046 1047
f 1814 3838 3830
f 2021 2020 3129
f 3111 3099 3106
f 3123 3106 2207
f 2377 2225 2224
f 3014 2485 113
f 1756 2208 3782
f 3131 3132 2530
f 3133 3131 2528
f 1753 1756 3767
f 3134 3124 3127
f 2327 2408 2314
f 2436 2318 2317
f 2018 2021 3711
f 2534 3136 3137
f 2320 2322 3136
f 2185 2018 3712
f 3138 3139 2542
f 3134 3135 3744
f 3785 3130 3134
f 3140 3138 2539
f 2535 3137 3140
f 3711 2021 3130
f 2558 2530 3132
f 3782 3760 3141
f 2560 2558 3141
f 3760 3777 3142
f 958 888 2976
f 1933 1932 2980
f 2399 2424 2418
f 2348 2342 2343
f 2322 2320 2319
f 2718 2717 2874
f 2709 2729 2873
f 2894 2871 1361
f 346 289 176
f 1876 1877 1882
f 2802 2803 3607
f 3104 3144 3088
f 2974 2222 3649
f 3089 3145 2761
f 3088 3144 3145
f 2803 2974 3603
f 3870 3909 692
f 2123 1419 1418
f 1365 1363 1368
f 1581 1766 1782
f 3569 2202 2129
f 3555 2003 2002
f 3146 2585 2551
f 3751 3146 3147
f 3742 3149 3146
f 3149 2584 2585
f 3196 3198 3197
f 3604 2192 2191
f 3142 3150 2556
f 3777 3778 3150
f 3646 3152 2550
f 3150 3151 2555
f 3778 3780 3151
f 3788 3781 3152
f 3153 3147 2551
f 3152 3153 2549
f 3781 3776 3153
f 3776 3750 3147
f 3148 2767 2206
f 2183 2401 2321
f 2132 2960 2928
f 3684 3685 2204
f 3719 2198 2197
f 2594 2962 2773
f 2595 2594 2951
f 1870 798 799
f 3713 2179 2178
f 3706 2178 3736
f 336 3154 3774
f 339 3155 3154
f 3789 3683 3149
f 3683 3697 2584
f 2963 2962 3048
f 3722 3730 337
f 339 338 2566
f 3156 3157 2168
f 2610 3156 2167
f 2954 2953 3156
f 3157 3156 2953
f 3707 2166 2169
f 2567 3158 3159
f 337 3158 2567
f 3730 3069 2166
f 3764 2190 1983
f 2579 3160 3081
f 2568 3159 3160
f 3709 2169 2190
f 3065 3062 3162
f 3161 3162 1984
f 3157 3161 2189
f 2257 3065 3161
f 734 735 1922
f 3059 3058 2708
f 3163 2708 2182
f 3162 3163 1985
f 3062 3059 3163
f 3203 3206 3205
f 2122 2119 1448
f 3817 1686 1685
f 139 140 444
f 1570 569 566
f 2957 3164 3165
f 2955 3166 3164
f 1912 454 341
f 3130 3129 3124
f 1548 322 319
f 1949 1950 1327
f 2969 2970 3078
f 3167 3078 3169
f 3724 2014 2017
f 3720 2017 2033
f 3168 3169 3165
f 3170 3165 3164
f 3779 3170 3171
f 3724 3168 3170
f 3171 3164 3166
f 3172 3166 3071
f 3752 3172 3173
f 3756 3171 3172
f 3169 3037 3036
f 2593 3048 2962
f 3173 3071 2609
f 3174 2609 2199
f 3783 3174 2198
f 3749 3173 3174
f 2190 2189 1984
f 2196 2195 2767
f 2119 2120 1414
f 1464 1463 1466
f 2199 2611 3069
f 2457 2456 2587
f 2226 2225 2562
f 481 478 1627
f 333 1512 235
f 3078 3051 3037
f 3040 2264 2997
f 2219 1934 1933
f 2385 2384 2497
f 221 2220 3175
f 2220 1933 3143
f 3175 3143 2976
f 2484 3175 2975
f 2954 3071 3166
f 2630 1858 110
f 1547 319 1952
f 2091 2090 2188
f 3733 3736 2178
f 1918 1919 1927
f 3563 112 111
f 955 956 960
f 2037 3014 112
f 3143 2980 2981
f 2218 2211 2214
f 672 3877 3787
f 2152 3013 3014
f 1147 1144 1143
f 2248 2246 1409
f 1615 1636 1635
f 1410 1409 2246
f 3241 3243 3242
f 1382 3176 3177
f 3177 1410 2247
f 2247 1383 3177
f 3176 2238 2230
f 1410 3177 3179
f 3179 3180 2243
f 1633 3181 2800
f 1621 1620 2758
f 1622 1621 2245
f 2236 1394 3181
f 2237 2236 3182
f 2250 1631 2233
f 2912 1629 1628
f 135 136 1564
f 1567 419 512
f 1085 1084 2653
f 3184 869 868
f 869 3184 3057
f 1266 1268 1098
f 1267 2147 722
f 937 1146 2646
f 2146 1049 722
f 2211 2218 921
f 1957 510 507
f 1313 1312 2264
f 1496 362 1493
f 2887 2937 2933
f 1687 1688 1659
f 145 1499 1498
f 37 38 418
f 1935 1934 3185
f 104 89 301
f 2101 2098 2083
f 543 298 360
f 1934 2219 3186
f 234 1521 212
f 3845 3821 1822
f 1976 1875 1874
f 223 3186 2219
f 3655 3656 3605
f 2165 2164 467
f 467 468 2165
f 773 476 2165
f 1935 1212 1728
f 3240 3225 3226
f 3261 3249 3250
f 3215 3216 3244
f 3265 3221 3215
f 3267 3245 3198
f 3205 3206 3269
f 3214 3211 3265
f 3271 3213 3214
f 3251 3252 3239
f 3222 3221 3266
f 3232 3235 3234
f 3216 3242 3243
f 3196 3193 3268
f 3244 3243 3254
f 3238 3239 3247
f 3264 3244 3255
f 3253 3242 3216
f 3211 3266 3221
f 3257 3217 3218
f 3258 3222 3272
f 3274 3275 3280
f 3228 3229 3262
f 3275 3231 3281
f 3226 3227 3273
f 3236 3263 3260
f 3281 3263 3236
f 3287 3271 3192
f 3235 3226 3280
f 3234 3280 3281
f 3288 3290 3259
f 3260 3250 3276
f 3289 3212 3278
f 3210 3209 3224
f 3199 3202 3201
f 3228 3231 3230
f 3290 3288 3285
f 3282 3279 3271
f 3260 3263 3262
f 3243 3241 3268
f 3267 3268 3241
f 3194 3207 3208
f 3191 3270 3269
f 3270 3191 3192
f 3275 3274 3230
f 3264 3269 3270
f 3252 3251 3276
f 3248 3252 3291
f 3213 3271 3279
f 3272 3266 3289
f 3277 3278 3212
f 3228 3263 3281
f 3220 3225 3253
f 3219 3253 3217
f 3256 3218 3222
f 3247 3239 3252
f 3245 3267 3232
f 3266 3211 3212
f 3208 3205 3255
f 3288 3289 3284
f 3204 3205 3208
f 560 1899 3187
f 3209 3210 3201
f 3189 3192 3191
f 448 1980 807
f 647 648 122
f 1833 1848 1780
f 510 509 508
f 3210 1949 1887
f 1887 15 3200
f 15 16 3197
f 16 3188 3195
f 3195 3188 3187
f 3194 3187 1899
f 3207 1899 375
f 387 173 126
f 3189 1791 1760
f 3577 763 757
f 763 3577 2172
f 3583 3582 3580
f 3581 3580 3579
f 3594 3597 3596
f 3400 3601 3602
f 3626 3624 3625
f 3631 3635 3599
f 3636 3637 3595
f 3647 3584 3588
f 3650 3582 3584
f 3653 3579 3580
f 3653 2176 3654
f 1801 1864 3656
f 3651 3580 3582
f 3644 3638 3595
f 1767 1768 3659
f 1597 3663 3661
f 1708 1707 3665
f 3671 3668 3667
f 3666 3667 3673
f 1588 1708 3664
f 2080 3671 3666
f 2082 3666 3672
f 3674 3677 3635
f 3677 3678 3636
f 3682 3647 3645
f 3692 3651 3650
f 3681 3645 3644
f 786 3694 3692
f 3694 3653 3651
f 785 3692 3686
f 497 3686 3682
f 650 3682 3681
f 3696 564 3681
f 3405 3606 3605
f 3702 3699 3678
f 3699 3698 3679
f 3645 3588 3638
f 1799 3657 3659
f 3708 3704 3458
f 3462 3710 3708
f 3714 463 564
f 3615 3606 3602
f 3710 3714 3696
f 3635 3636 3596
f 3629 3626 3627
f 3597 3600 3599
f 3630 3716 3715
f 3627 3625 3597
f 3717 3716 3723
f 3715 3663 3660
f 3716 3717 3725
f 3668 3665 3661
f 3668 3725 3717
f 3667 3717 3718
f 3727 3728 3673
f 3728 1576 3672
f 3726 3727 3718
f 1576 2101 2084
f 3727 3726 3731
f 3203 376 1387
f 3190 1387 1791
f 3283 2152 1949
f 317 240 259
f 2000 2176 3653
f 3601 3599 3600
f 3589 3588 3584
f 3577 758 756
f 3585 3584 3582
f 3678 3679 3637
f 3204 375 376
f 1801 3655 3657
f 3729 3735 3728
f 1575 3735 3738
f 3735 1575 1576
f 1776 1795 1796
f 1293 1294 1290
f 1326 14 1327
f 1294 1245 1234
f 878 1244 1330
f 497 373 374
f 122 648 413
f 3699 3702 3704
f 3606 3405 3401
f 3708 3710 3698
f 3464 3714 3710
f 3704 3674 3443
f 439 398 399
f 1512 1528 1526
f 1668 1741 1738
f 839 849 1362
f 1362 1357 826
f 3843 740 1896
f 2053 2054 2118
f 3888 3887 2120
f 696 697 3816
f 1826 1878 639
f 3740 3739 3729
f 956 885 886
f 1980 806 1922
f 33 34 105
f 1343 1344 3856
f 3907 2127 2128
f 1766 1581 1582
f 14 1326 2163
f 595 98 99
f 3233 3238 3246
f 1346 1035 1044
f 748 1888 1425
f 3193 3208 3254
f 3190 3191 3206
f 3612 3605 3606
f 3624 3612 3615
f 3631 3415 3443
f 3679 3680 3644
f 3686 3650 3647
f 3702 3677 3674
f 3625 3615 3600
f 3601 3400 3415
f 3739 3738 3735
f 3630 3627 3594
f 3741 3723 3716
f 1284 1290 1288
f 3698 3696 3680
f 1778 1781 1780
f 1792 1759 1584
f 695 570 571
f 3638 3741 3594
f 3741 3638 3588
f 3247 3248 3209
f 3292 3293 3294
f 3296 3297 3298
f 3299 3298 3300
f 3302 3303 3304
f 3306 3307 3308
f 3307 3310 3311
f 3303 3302 3301
f 3312 3305 3304
f 3314 3315 3316
f 3318 3319 3320
f 3324 3318 3321
f 3326 3327 3328
f 3329 3330 3331
f 3333 3334 3335
f 3337 3338 3339
f 3333 3336 3341
f 3342 3341 3343
f 3319 3345 3344
f 3338 3335 3334
f 3346 3301 3302
f 3305 3348 3347
f 3312 3224 3223
f 3350 3337 3340
f 3312 3349 3348
f 3352 3343 3341
f 3311 3353 3354
f 3341 3336 3327
f 3359 3360 3361
f 3360 3359 3250
f 3318 3363 3345
f 3364 3363 3318
f 3314 3364 3324
f 3366 3299 3301
f 3299 3366 3367
f 3308 3354 3368
f 3369 3317 3295
f 3317 3369 3364
f 3370 3295 3317
f 3325 3371 3365
f 3352 3320 3319
f 3296 3367 3353
f 3297 3296 3311
f 3363 3368 3354
f 3345 3354 3353
f 3344 3353 3367
f 3366 3333 3342
f 3347 3339 3334
f 3339 3347 3348
f 3348 3349 3351
f 3363 3364 3369
f 3294 3309 3368
f 3293 3306 3309
f 3331 3373 3374
f 3346 3334 3333
f 3323 3322 3352
f 3356 3355 3321
f 3355 3357 3325
f 3357 3358 3371
f 3322 3356 3320
f 3361 3330 3329
f 3373 3372 3375
f 3374 3375 3376
f 3329 3332 3376
f 3327 3375 3372
f 3336 3335 3375
f 3335 3338 3376
f 3376 3338 3337
f 3337 3350 3359
f 3359 3350 3276
f 3377 3292 3295
f 3277 3316 3315
f 3371 3378 3379
f 3378 3371 3358
f 3365 3379 3315
f 3316 3277 3279
f 3282 3377 3370
f 3313 3283 3224
f 3378 3285 3284
f 3380 3286 3285
f 3379 3284 3278
f 3276 3350 3351
f 3291 3351 3349
f 3313 3304 2965
f 2965 3304 3303
f 222 3303 3300
f 223 3300 3298
f 3298 3297 3185
f 3297 3310 2977
f 3310 3307 1213
f 3307 3306 1214
f 2532 1214 3306
f 2894 2532 3293
f 2871 2894 3292
f 3253 3225 3240
f 3283 3313 3013
f 1997 1996 1889
f 1237 745 744
f 1535 1534 120
f 1531 1532 201
f 1119 1241 1032
f 946 948 824
f 163 8 5
f 3589 3726 3723
f 1155 1156 1162
f 427 213 327
f 553 1902 796
f 3381 2232 2231
f 3381 3178 2230
f 2237 3183 3180
f 3383 3384 3385
f 3384 3386 3387
f 3386 3388 3389
f 3388 3390 3391
f 3392 3393 3394
f 3395 3394 3396
f 3398 3399 3397
f 3400 3401 3399
f 3403 3404 3405
f 3406 3407 3404
f 3408 3409 3407
f 3410 3411 3409
f 3412 3413 3411
f 3415 3400 3398
f 3414 3398 3396
f 3416 3396 3394
f 3417 3394 3393
f 3393 3419 3420
f 3419 3390 3421
f 3390 3388 3422
f 3388 3386 3423
f 3386 3384 3424
f 3384 3383 3425
f 3425 3383 3426
f 2904 3427 3428
f 3429 3427 2904
f 3430 3429 2902
f 2875 3431 3430
f 3432 3433 2733
f 2825 3434 3435
f 3437 3438 3439
f 3441 3437 3436
f 2724 2723 3434
f 3436 3439 3115
f 3440 3436 3117
f 3443 3415 3414
f 3442 3414 3416
f 3444 3416 3417
f 3445 3417 3418
f 3446 3418 3420
f 3420 3421 3448
f 3421 3422 3449
f 3422 3423 3450
f 3423 3424 3451
f 3424 3425 3452
f 3425 3184 3056
f 3451 3452 2253
f 3450 3451 2252
f 3449 3450 1727
f 3448 3449 2150
f 3453 3447 3448
f 3454 3446 3447
f 3455 3445 3446
f 3456 3444 3445
f 3442 3444 3456
f 3443 3442 3457
f 3459 3460 3458
f 3457 3456 3455
f 3459 3455 3454
f 3462 3460 3459
f 3461 3454 3453
f 3464 3462 3461
f 3463 3453 1941
f 3404 3399 3401
f 3407 3397 3399
f 3409 3395 3397
f 3411 3392 3395
f 3465 3466 3413
f 3467 3468 3469
f 3465 3412 3431
f 3470 3467 3466
f 3438 3470 3432
f 3467 3470 3438
f 3468 3467 3437
f 3471 3469 3468
f 3472 3468 3441
f 3473 3441 3440
f 2712 3440 3119
f 3475 3471 3472
f 3474 3472 3473
f 3476 3473 2712
f 3477 3476 2711
f 3478 3474 3476
f 3479 3475 3474
f 3392 3411 3413
f 3466 3469 3480
f 3419 3393 3392
f 3390 3419 3480
f 3469 3471 3391
f 3389 3391 3471
f 3387 3389 3475
f 3385 3387 3479
f 3482 3477 2400
f 3483 3478 3477
f 3481 3479 3478
f 3484 3482 2402
f 3058 3484 2707
f 3061 3485 3484
f 3485 3483 3482
f 3382 3385 3481
f 3486 3481 3483
f 3426 3383 3382
f 3487 3382 3486
f 3486 3485 3061
f 1961 3057 3487
f 3057 3184 3426
f 3428 3403 3402
f 3427 3406 3403
f 3429 3408 3406
f 3430 3410 3408
f 3431 3412 3410
f 3470 3465 3433
f 3434 3439 3438
f 2723 3115 3439
f 2875 2733 3433
f 2736 2824 3435
f 2947 3428 3488
f 3464 3463 1360
f 1900 1925 1924
f 1736 1717 1718
f 1955 1952 1943
f 1671 1738 1735
f 1696 1750 1698
f 1800 1865 1864
f 2063 2055 2056
f 1737 1734 1717
f 1751 1735 1697
f 943 3885 3899
f 3656 3488 3402
f 1577 1578 1764
f 3917 1598 1599
f 1945 146 82
f 68 6 7
f 147 1542 1543
f 1109 1135 1133
f 1503 1910 1907
f 1499 1501 1909
f 452 1922 735
f 1824 2068 3835
f 1825 2067 2068
f 1463 1462 1022
f 841 1012 1009
f 1568 1547 1955
f 1910 1503 1502
f 1939 1502 422
f 309 280 1940
f 1804 1851 1866
f 269 1482 1954
f 2065 1607 2060
f 3812 1685 1758
f 280 276 552
f 1875 1873 1869
f 1739 1721 1734
f 1778 1779 1790
f 310 1920 1915
f 1909 1908 1906
f 1789 1783 1778
f 978 981 980
f 1584 1759 1731
f 425 426 311
f 148 1543 115
f 2044 3897 3894
f 277 1910 1939
f 1943 1946 1945
f 1461 1462 1463
f 2253 3452 3056
f 2981 2254 3489
f 2209 2998 3489
f 2254 2253 3055
f 2998 926 958
f 2826 2817 2721
f 3490 2739 2721
f 2816 3491 3490
f 2334 2297 2296
f 2298 2297 2334
f 2301 2298 2336
f 2311 2301 2338
f 2312 2311 2354
f 2359 2358 2361
f 2335 2296 2359
f 2414 2413 2365
f 2413 2270 2361
f 2355 2352 2540
f 2541 2540 2539
f 2722 2721 2739
f 3114 2722 2738
f 3110 3112 3121
f 3108 3110 3120
f 3122 1754 3127
f 3112 3122 3126
f 3127 1754 1753
f 3139 3133 2529
f 3744 3775 3133
f 3490 2789 2740
f 3491 2790 2789
f 228 229 91
f 245 244 243
f 248 7 247
f 2 297 296
f 145 146 300
f 327 213 210
f 329 332 331
f 239 241 240
f 373 376 375
f 178 177 176
f 1218 1225 1228
f 3862 1231 1295
f 808 809 824
f 3858 3859 1013
f 3813 3810 1411
f 2154 2149 2159
f 3845 3835 1758
f 306 807 1922
f 2157 2153 1976
f 708 709 2031
f 1450 1226 1227
f 1672 1604 1605
f 1813 1814 1821
f 1717 1716 1715
f 176 159 402
f 1710 1705 3916
f 1712 1580 1577
f 1705 1713 1711
f 971 978 979
f 822 823 1094
f 2909 2810 2793
f 2810 2769 2795
f 2799 2910 2249
f 3662 3643 2910
f 2769 2768 2801
f 3177 3176 3178
f 3178 3381 3180
f 3181 1394 1393
f 3181 1633 1632
f 3182 1632 2244
f 3183 2244 2243
f 3492 2791 2790
f 2808 3492 3491
f 2239 3574 3572
f 1149 1150 3571
f 1150 2009 3567
f 2202 3569 3566
f 2921 3564 3565
f 3568 3560 2133
f 1777 1579 1759
f 1201 1196 1183
f 3561 3554 2195
f 3553 3576 2770
f 3927 3925 1687
f 1516 152 154
f 3549 3562 2974
f 3550 3548 2779
f 2771 2772 3575
f 3070 2771 3546
f 3547 3544 2775
f 1376 1375 1370
f 2767 3543 3556
f 2195 3554 3543
f 2775 3544 3542
f 3377 3282 3545
f 3804 3802 3539
f 2776 3542 3538
f 2240 3572 3535
f 2920 3535 3669
f 3548 3534 2786
f 1805 1850 1851
f 3534 3532 2787
f 2951 2773 3540
f 2772 2951 3531
f 2973 2224 3530
f 2224 2223 3537
f 1957 1953 320
f 306 305 304
f 2770 3576 3528
f 2913 3528 3574
f 2923 3565 3527
f 308 1940 431
f 207 208 132
f 1879 1876 1881
f 3733 3787 3525
f 2475 3070 3558
f 2476 2475 3524
f 2223 2476 3523
f 3522 3549 2803
f 2037 3563 11
f 1959 1958 450
f 2003 3555 3520
f 9 10 334
f 2009 2008 3518
f 2008 2973 3536
f 3877 672 673
f 3515 3550 2778
f 2935 3514 3513
f 111 1149 3570
f 3510 3514 2935
f 683 3876 3885
f 3508 3557 2810
f 736 733 732
f 1795 1804 1803
f 3505 3510 2938
f 3507 3505 2939
f 2950 3512 3504
f 2940 2949 3504
f 3801 3791 3512
f 2868 3509 3502
f 2869 3502 3522
f 1024 1034 1023
f 3500 3503 2948
f 551 1939 442
f 2972 3499 3568
f 2032 3533 3499
f 216 93 1924
f 203 202 201
f 1828 1848 1847
f 1958 1957 449
f 272 271 178
f 2871 3545 3495
f 3619 3669 3564
f 2801 2768 3643
f 2005 3758 3654
f 960 886 899
f 3657 3655 3612
f 3780 3788 3646
f 3151 3646 3593
f 2193 3604 3623
f 3607 3603 3145
f 3603 3649 2761
f 3592 3607 3144
f 2926 3658 3634
f 3634 3592 3104
f 3755 3754 3746
f 566 567 3758
f 3488 3656 1864
f 1602 1586 2079
f 2868 3658 3611
f 2922 3611 3610
f 2923 3610 3618
f 3670 3613 2918
f 3619 3670 3614
f 2921 3618 3670
f 2920 3614 3586
f 3613 3642 2915
f 2917 2766 3622
f 2916 2917 3641
f 2239 3587 3652
f 2911 3640 3652
f 3643 3640 2911
f 2797 2801 3662
f 2797 3591 3598
f 3622 3628 2763
f 3608 3628 2764
f 2194 3623 3648
f 2221 3648 3649
f 2756 3608 3609
f 2750 3598 3609
f 3669 3535 1817
f 3763 3770 1691
f 2515 3621 3590
f 2548 3590 3593
f 2513 2489 3632
f 2513 3616 3621
f 2509 3633 3620
f 2510 3632 3633
f 2289 3620 3639
f 2283 3639 3617
f 2240 3586 3587
f 3659 3657 3624
f 716 2121 3887
f 727 1999 3761
f 2165 2171 2170
f 3660 3659 3626
f 3743 3581 3578
f 2175 2172 769
f 2100 500 2095
f 3758 567 3757
f 640 3560 3568
f 1653 3576 3553
f 1895 3536 3530
f 746 3530 3537
f 1653 1810 3528
f 3762 1603 1604
f 2093 2075 2073
f 959 996 995
f 962 899 919
f 1400 1401 1398
f 1000 817 1127
f 956 959 884
f 1662 3548 3550
f 2034 3558 3546
f 3926 1689 3539
f 3535 3572 766
f 3572 3574 765
f 334 3570 3571
f 1868 3531 3540
f 1684 1651 1652
f 1682 1683 775
f 1585 1603 3762
f 3763 3762 1672
f 2173 2174 490
f 1658 3544 3547
f 3556 3543 1650
f 1571 3754 2010
f 1587 3664 3671
f 2099 2095 2077
f 787 3761 1999
f 2000 3694 786
f 3155 339 3697
f 3713 3155 3683
f 2180 2179 3685
f 3496 2180 3684
f 1684 3846 3840
f 1760 464 3495
f 2607 3689 3693
f 2581 3676 3689
f 2371 2502 3700
f 2371 3695 3693
f 2587 3676 3675
f 2586 3675 3697
f 2497 3691 3687
f 2502 2503 3687
f 2494 3691 3690
f 3690 3688 2472
f 3688 3701 2468
f 3701 3703 2469
f 726 3908 3892
f 581 3567 3518
f 10 3511 3570
f 1837 3514 3510
f 741 3537 3523
f 1299 3524 3558
f 1851 3507 3504
f 3527 3565 1820
f 580 3518 3536
f 1758 1685 3522
f 1693 3557 3508
f 3504 3512 1867
f 1894 1826 3568
f 2126 1418 3813
f 3906 2126 3841
f 2113 3911 3867
f 2179 3713 3789
f 624 3903 3904
f 2192 3604 3788
f 2177 3541 3787
f 1364 3824 3833
f 3858 3855 1470
f 3135 1753 3775
f 2069 3812 3835
f 1351 3861 3853
f 2108 3882 3901
f 2089 2092 3736
f 3828 3834 1358
f 2001 3749 3783
f 2187 3783 3719
f 2130 3756 3752
f 2004 3752 3749
f 2014 3724 3779
f 2201 3779 3756
f 3167 3720 3759
f 3168 3724 3720
f 3159 3709 3764
f 3160 3764 3765
f 3730 3707 3158
f 3158 3707 3709
f 2200 3069 3730
f 3685 3789 3742
f 3722 3774 2197
f 3790 3736 2092
f 3774 3790 3721
f 3154 3706 3790
f 3155 3713 3706
f 2091 3719 3721
f 2196 3148 3750
f 2193 2196 3776
f 3604 2193 3781
f 2086 2192 3780
f 2087 2086 3778
f 2204 3742 3751
f 2205 3751 3750
f 3909 3886 574
f 2124 2087 3777
f 2208 2124 3760
f 3711 3785 3140
f 3785 3745 3138
f 3745 3744 3139
f 3771 3712 3136
f 3712 3711 3137
f 3775 3767 3131
f 3767 3782 3132
f 1813 3839 3838
f 1293 3854 3856
f 2184 2321 3748
f 2181 2184 3732
f 3765 3768 3079
f 3768 3734 3080
f 709 3873 3875
f 2774 2961 3737
f 3786 3769 2134
f 3809 3808 766
f 2968 3784 3766
f 2969 3759 3784
f 2958 3747 3737
f 2132 3747 3766
f 2321 2185 3771
f 3860 3848 1449
f 3905 3874 582
f 3886 3889 577
f 3847 3826 1818
f 705 3902 3887
f 3816 3912 3907
f 2111 3883 3911
f 3810 3829 1366
f 1812 3839 3822
f 675 3851 3852
f 3496 3705 3851
f 2110 3867 3868
f 2104 3896 3901
f 2109 3868 3899
f 3842 3831 703
f 1680 3811 3846
f 1639 1627 3819
f 623 3904 3906
f 2139 2140 3866
f 1808 1640 3844
f 3820 3821 1819
f 3872 3914 3900
f 1646 3832 3830
f 3889 3890 633
f 2139 3865 3875
f 2156 2155 3871
f 674 3852 3913
f 2117 3817 3812
f 1815 3822 3847
f 3855 3849 1444
f 697 3906 3912
f 866 842 3836
f 3864 3869 2136
f 3585 3731 3726
f 3583 3740 3731
f 3753 3746 3738
f 3740 3583 3581
f 1088 3738 3746
f 3739 3740 3743
f 2791 3492 3493
f 3492 2808 2807
f 2792 3493 3494
f 3493 2807 2806
f 3508 2909 3494
f 3516 3494 2806
f 2948 3503 3791
f 2105 3908 3896
f 3538 3802 3804
f 680 3878 3876
f 1891 1890 3910
f 2905 3799 3801
f 2900 3797 3799
f 2901 3797 3807
f 2734 2878 3806
f 2877 3807 3806
f 2820 3800 3794
f 2818 3796 3792
f 2823 3793 3792
f 2822 3793 3798
f 2819 2735 3800
f 2817 3796 3795
f 2809 3805 3795
f 2808 3805 3803
f 2805 3804 3803
f 1702 3921 3923
f 3922 3920 1797
f 3915 3916 1706
f 3918 3927 1692
f 1657 3898 3880
f 1890 1877 3895
f 3772 3770 1674
f 1689 1690 3772
f 3926 3802 3538
f 3516 3539 1689
f 3917 3923 1703
f 1598 3917 3928
f 3880 3884 1876
f 1691 1690 3925
f 3925 3926 1688
f 3934 3933 3937
f 3934 3938 3939
f 3932 3936 3937
f 3938 3942 3943
f 3937 3936 3940
f 3937 3941 3942
f 3942 3946 3947
f 3941 3940 3944
f 3942 3941 3945
f 3947 3946 3950
f 3944 3948 3949
f 3945 3949 3950
f 3950 3954 3955
f 3949 3948 3952
f 3950 3949 3953
f 3955 3954 3958
f 3953 3952 3956
f 3953 3957 3958
f 3959 3958 3962
f 3957 3956 3960
f 3958 3957 3961
f 3962 3966 3967
f 3960 3964 3965
f 3961 3965 3966
f 3966 3970 3971
f 3965 3964 3968
f 3966 3965 3969
f 3970 3974 3975
f 3968 3972 3973
f 3969 3973 3974
f 3974 3978 3979
f 3973 3972 3976
f 3974 3973 3977
f 3979 3978 3982
f 3976 3980 3981
f 3977 3981 3982
f 3982 3986 3987
f 3981 3980 3984
f 3982 3981 3985
f 3987 3986 3990
f 3984 3988 3989
f 3985 3989 3990
f 3991 3990 3994
f 3989 3988 3992
f 3990 3989 3993
f 3995 3994 3998
f 3992 3996 3997
f 3993 3997 3998
f 3998 4002 4003
f 3997 3996 4000
f 3998 3997 4001
f 4002 4006 4007
f 4000 4004 4005
f 4001 4005 4006
f 4006 4010 4011
f 4005 4004 4008
f 4006 4005 4009
f 4011 4010 4014
f 4008 4012 4013
f 4009 4013 4014
f 4014 4018 4019
f 4013 4012 4016
f 4014 4013 4017
f 4019 4018 4022
f 4016 4020 4021
f 4017 4021 4022
f 4023 4022 4026
f 4021 4020 4024
f 4022 4021 4025
f 4027 4026 4030
f 4024 4028 4029
f 4025 4029 4030
f 4031 4030 4034
f 4029 4028 4032
f 4030 4029 4033
f 4034 4038 4039
f 4032 4036 4037
f 4033 4037 4038
f 4038 4042 4043
f 4037 4036 4040
f 4038 4037 4041
f 4043 4042 4046
f 4040 4044 4045
f 4041 4045 4046
f 4046 4050 4051
f 4045 4044 4048
f 4046 4045 4049
f 4051 4050 4055
f 4048 4053 4054
f 4049 4054 4055
f 4056 4055 4059
f 4053 4057 4058
f 4055 4054 4058
f 4060 4059 3934
f 4058 4057 3932
f 4058 3933 3934
f 4069 4068 4081
f 4066 4079 4080
f 4065 4064 4077
f 4063 4062 4075
f 4071 4084 4085
f 4069 4082 4083
f 4067 4080 4081
f 4066 4065 4078
f 4063 4076 4077
f 4061 4074 4075
f 4072 4085 4086
f 4071 4070 4083
f 4076 4089 4090
f 4074 4087 4088
f 4086 4085 4098
f 4083 4096 4097
f 4082 4081 4094
f 4079 4092 4093
f 4078 4077 4090
f 4076 4075 4088
f 4085 4084 4097
f 4082 4095 4096
f 4080 4093 4094
f 4079 4078 4091
f 4089 4102 4103
f 4088 4087 4100
f 4098 4111 4112
f 4096 4109 4110
f 4095 4094 4107
f 4092 4105 4106
f 4090 4103 4104
f 4089 4088 4101
f 4097 4110 4111
f 4095 4108 4109
f 4094 4093 4106
f 4092 4091 4104
f 4103 4102 4115
f 4100 4113 4114
f 4112 4111 4124
f 4110 4109 4122
f 4107 4120 4121
f 4105 4118 4119
f 4103 4116 4117
f 4101 4114 4115
f 4110 4123 4124
f 4109 4108 4121
f 4107 4106 4119
f 4105 4104 4117
f 4115 4128 4129
f 4114 4113 4126
f 4124 4137 4138
f 4123 4122 4135
f 4120 4133 4134
f 4119 4118 4131
f 4117 4116 4129
f 4114 4127 4128
f 4124 4123 4136
f 4122 4121 4134
f 4119 4132 4133
f 4117 4130 4131
f 4129 4128 4141
f 4126 4139 4140
f 4138 4137 4150
f 4136 4135 4148
f 4133 4146 4147
f 4131 4144 4145
f 4130 4129 4142
f 4127 4140 4141
f 4137 4136 4149
f 4135 4134 4147
f 4132 4145 4146
f 4131 4130 4143
f 4142 4141 4154
f 4140 4139 4152
f 4150 4163 4164
f 4149 4148 4161
f 4146 4159 4160
f 4144 4157 4158
f 4142 4155 4156
f 4140 4153 4154
f 4149 4162 4163
f 4148 4147 4160
f 4146 4145 4158
f 4144 4143 4156
f 4155 4154 4167
f 4153 4152 4165
f 4163 4176 4177
f 4161 4174 4175
f 4159 4172 4173
f 4158 4157 4170
f 4155 4168 4169
f 4153 4166 4167
f 4163 4162 4175
f 4161 4160 4173
f 4159 4158 4171
f 4156 4169 4170
f 4167 4180 4181
f 4165 4178 4179
f 4176 4189 4190
f 4175 4174 4187
f 4173 4172 4185
f 4170 4183 4184
f 4169 4168 4181
f 4167 4166 4179
f 4175 4188 4189
f 4173 4186 4187
f 4171 4184 4185
f 4170 4169 4182
f 4180 4193 4194
f 4178 4191 4192
f 4190 4189 4202
f 4187 4200 4201
f 4186 4185 4198
f 4183 4196 4197
f 4182 4181 4194
f 4180 4179 4192
f 4189 4188 4201
f 4186 4199 4200
f 4184 4197 4198
f 4183 4182 4195
f 4193 4206 4207
f 4192 4191 4204
f 4202 4215 4216
f 4200 4213 4214
f 4199 4198 4211
f 4196 4209 4210
f 4194 4207 4208
f 4193 4192 4205
f 4201 4214 4215
f 4199 4212 4213
f 4198 4197 4210
f 4196 4195 4208
f 4207 4206 4219
f 4204 4217 4218
f 4216 4215 4228
f 4213 4226 4227
f 4211 4224 4225
f 4209 4222 4223
f 4207 4220 4221
f 4205 4218 4219
f 4214 4227 4228
f 4213 4212 4225
f 4211 4210 4223
f 4209 4208 4221
f 4219 4232 4233
f 4218 4217 4230
f 4228 4241 4242
f 4226 4239 4240
f 4225 4224 4237
f 4223 4222 4235
f 4221 4220 4233
f 4218 4231 4232
f 4228 4227 4240
f 4226 4225 4238
f 4223 4236 4237
f 4221 4234 4235
f 4233 4232 4245
f 4230 4243 4244
f 4242 4241 4254
f 4240 4239 4252
f 4237 4250 4251
f 4235 4248 4249
f 4234 4233 4246
f 4231 4244 4245
f 4241 4240 4253
f 4239 4238 4251
f 4236 4249 4250
f 4235 4234 4247
f 4246 4245 4258
f 4244 4243 4256
f 4254 4267 4268
f 4253 4252 4265
f 4250 4263 4264
f 4248 4261 4262
f 4246 4259 4260
f 4244 4257 4258
f 4253 4266 4267
f 4252 4251 4264
f 4250 4249 4262
f 4248 4247 4260
f 4259 4258 4271
f 4257 4256 4269
f 4267 4280 4281
f 4265 4278 4279
f 4263 4276 4277
f 4262 4261 4274
f 4259 4272 4273
f 4257 4270 4271
f 4266 4279 4280
f 4265 4264 4277
f 4263 4262 4275
f 4260 4273 4274
f 4271 4284 4285
f 4269 4282 4283
f 4281 4280 4293
f 4279 4278 4291
f 4277 4276 4289
f 4274 4287 4288
f 4273 4272 4285
f 4271 4270 4283
f 4280 4279 4292
f 4277 4290 4291
f 4275 4288 4289
f 4274 4273 4286
f 4284 4297 4298
f 4282 4295 4296
f 4294 4293 4306
f 4291 4304 4305
f 4290 4289 4302
f 4287 4300 4301
f 4286 4285 4298
f 4284 4283 4296
f 4293 4292 4305
f 4290 4303 4304
f 4288 4301 4302
f 4287 4286 4299
f 4297 4310 4311
f 4296 4295 4308
f 4306 4319 4320
f 4304 4317 4318
f 4303 4302 4315
f 4300 4313 4314
f 4298 4311 4312
f 4297 4296 4309
f 4305 4318 4319
f 4304 4303 4316
f 4302 4301 4314
f 4300 4299 4312
f 4310 4323 4324
f 4308 4321 4322
f 4320 4319 4332
f 4318 4317 4330
f 4316 4315 4328
f 4313 4326 4327
f 4311 4324 4325
f 4310 4309 4322
f 4318 4331 4332
f 4316 4329 4330
f 4315 4314 4327
f 4312 4325 4326
f 4323 4336 4337
f 4322 4321 4334
f 4332 4345 4346
f 4330 4343 4344
f 4329 4328 4341
f 4327 4326 4339
f 4325 4324 4337
f 4322 4335 4336
f 4332 4331 4344
f 4330 4329 4342
f 4327 4340 4341
f 4325 4338 4339
f 4337 4336 4350
f 4334 4348 4349
f 4346 4345 4359
f 4344 4343 4357
f 4341 4355 4356
f 4340 4339 4353
f 4338 4337 4351
f 4335 4349 4350
f 4345 4344 4358
f 4343 4342 4356
f 4340 4354 4355
f 4338 4352 4353
f 4351 4350 4363
f 4349 4348 4361
f 4359 4372 4373
f 4358 4357 4370
f 4355 4368 4369
f 4354 4353 4366
f 4351 4364 4365
f 4349 4362 4363
f 4358 4371 4372
f 4357 4356 4369
f 4355 4354 4367
f 4352 4365 4366
f 4364 4363 4376
f 4362 4361 4374
f 4373 4372 4385
f 4370 4383 4384
f 4368 4381 4382
f 4367 4366 4379
f 4364 4377 4378
f 4362 4375 4376
f 4372 4371 4384
f 4370 4369 4382
f 4368 4367 4380
f 4365 4378 4379
f 4376 4389 4390
f 4374 4387 4388
f 4385 4398 4399
f 4384 4383 4396
f 4382 4381 4394
f 4379 4392 4393
f 4378 4377 4390
f 4376 4375 4388
f 4384 4397 4398
f 4382 4395 4396
f 4380 4393 4394
f 4379 4378 4391
f 4389 4402 4403
f 4387 4400 4401
f 4399 4398 4411
f 4396 4409 4410
f 4395 4394 4407
f 4393 4392 4405
f 4391 4390 4403
f 4389 4388 4401
f 4398 4397 4410
f 4395 4408 4409
f 4393 4406 4407
f 4391 4404 4405
f 4402 4415 4416
f 4401 4400 4413
f 4411 4424 4425
f 4409 4422 4423
f 4408 4407 4420
f 4406 4405 4418
f 4403 4416 4417
f 4402 4401 4414
f 4410 4423 4424
f 4408 4421 4422
f 4407 4406 4419
f 4404 4417 4418
f 4416 4415 4428
f 4413 4426 4427
f 4425 4424 4437
f 4423 4422 4435
f 4421 4420 4433
f 4418 4431 4432
f 4416 4429 4430
f 4415 4414 4427
f 4423 4436 4437
f 4421 4434 4435
f 4420 4419 4432
f 4418 4417 4430
f 4428 4441 4442
f 4426 4439 4440
f 4437 4450 4451
f 4435 4448 4449
f 4434 4433 4446
f 4432 4431 4444
f 4430 4429 4442
f 4427 4440 4441
f 4437 4436 4449
f 4435 4434 4447
f 4432 4445 4446
f 4430 4443 4444
f 4442 4441 4454
f 4439 4452 4453
f 4451 4450 4463
f 4449 4448 4461
f 4446 4459 4460
f 4444 4457 4458
f 4443 4442 4455
f 4440 4453 4454
f 4450 4449 4462
f 4447 4460 4461
f 4445 4458 4459
f 4444 4443 4456
f 4455 4454 4467
f 4453 4452 4465
f 4463 4476 4477
f 4462 4461 4474
f 4459 4472 4473
f 4457 4470 4471
f 4455 4468 4469
f 4453 4466 4467
f 4462 4475 4476
f 4461 4460 4473
f 4459 4458 4471
f 4457 4456 4469
f 4468 4467 4063
f 4466 4465 4061
f 4477 4476 4072
f 4474 4070 4071
f 4472 4068 4069
f 4471 4470 4066
f 4468 4064 4065
f 4466 4062 4063
f 4476 4475 4071
f 4474 4473 4069
f 4472 4471 4067
f 4469 4065 4066
f 3935 4061 4465
f 4465 4452 4056
f 4452 4439 4051
f 4439 4426 4047
f 4047 4426 4413
f 4043 4413 4400
f 4039 4400 4387
f 4387 4374 4031
f 4031 4374 4361
f 4361 4348 4023
f 4348 4334 4019
f 4334 4321 4015
f 4015 4321 4308
f 4011 4308 4295
f 4007 4295 4282
f 4282 4269 3999
f 3999 4269 4256
f 4256 4243 3991
f 4243 4230 3987
f 4230 4217 3983
f 3983 4217 4204
f 3979 4204 4191
f 3975 4191 4178
f 4178 4165 3967
f 3967 4165 4152
f 4152 4139 3959
f 4139 4126 3955
f 4126 4113 3951
f 3951 4113 4100
f 3947 4100 4087
f 3943 4087 4074
f 4074 4061 3935
f 4480 4479 4483
f 4480 4484 4485
f 4479 4478 4482
f 4484 4488 4489
f 4482 4486 4487
f 4483 4487 4488
f 4488 4492 4493
f 4487 4486 4490
f 4488 4487 4491
f 4493 4492 4496
f 4490 4494 4495
f 4491 4495 4496
f 4496 4500 4501
f 4495 4494 4498
f 4496 4495 4499
f 4501 4500 4504
f 4498 4502 4503
f 4499 4503 4504
f 4505 4504 4508
f 4503 4502 4506
f 4504 4503 4507
f 4509 4508 4512
f 4506 4510 4511
f 4507 4511 4512
f 4513 4512 4516
f 4511 4510 4514
f 4512 4511 4515
f 4516 4520 4521
f 4514 4518 4519
f 4515 4519 4520
f 4520 4524 4525
f 4518 4522 4523
f 4520 4519 4523
f 4525 4524 4528
f 4522 4526 4527
f 4523 4527 4528
f 4528 4532 4533
f 4527 4526 4530
f 4528 4527 4531
f 4533 4532 4536
f 4530 4534 4535
f 4531 4535 4536
f 4537 4536 4540
f 4534 4538 4539
f 4536 4535 4539
f 4541 4540 4544
f 4539 4538 4542
f 4539 4543 4544
f 4544 4548 4549
f 4542 4546 4547
f 4544 4543 4547
f 4548 4552 4553
f 4547 4546 4550
f 4547 4551 4552
f 4552 4556 4557
f 4551 4550 4554
f 4552 4551 4555
f 4557 4556 4560
f 4554 4558 4559
f 4555 4559 4560
f 4560 4564 4565
f 4559 4558 4562
f 4560 4559 4563
f 4565 4564 4568
f 4562 4566 4567
f 4563 4567 4568
f 4569 4568 4572
f 4567 4566 4570
f 4568 4567 4571
f 4572 4576 4577
f 4570 4574 4575
f 4571 4575 4576
f 4576 4580 4581
f 4575 4574 4578
f 4576 4575 4579
f 4580 4584 4585
f 4578 4582 4583
f 4579 4583 4584
f 4584 4588 4589
f 4583 4582 4586
f 4584 4583 4587
f 4589 4588 4592
f 4586 4590 4591
f 4587 4591 4592
f 4592 4596 4597
f 4591 4590 4594
f 4592 4591 4595
f 4597 4596 4601
f 4594 4599 4600
f 4595 4600 4601
f 4602 4601 4605
f 4600 4599 4603
f 4601 4600 4604
f 4606 4605 4480
f 4603 4478 4479
f 4604 4479 4480
f 4615 4614 4627
f 4612 4625 4626
f 4611 4610 4623
f 4609 4608 4621
f 4618 4617 4630
f 4615 4628 4629
f 4613 4626 4627
f 4612 4611 4624
f 4609 4622 4623
f 4607 4620 4621
f 4619 4618 4631
f 4617 4616 4629
f 4622 4635 4636
f 4620 4633 4634
f 4632 4631 4644
f 4629 4642 4643
f 4628 4627 4640
f 4626 4625 4638
f 4624 4623 4636
f 4622 4621 4634
f 4631 4630 4643
f 4628 4641 4642
f 4626 4639 4640
f 4624 4637 4638
f 4635 4648 4649
f 4634 4633 4646
f 4644 4657 4658
f 4642 4655 4656
f 4641 4640 4653
f 4639 4638 4651
f 4636 4649 4650
f 4635 4634 4647
f 4643 4656 4657
f 4642 4641 4654
f 4640 4639 4652
f 4637 4650 4651
f 4648 4661 4662
f 4646 4659 4660
f 4658 4657 4670
f 4656 4655 4668
f 4653 4666 4667
f 4651 4664 4665
f 4649 4662 4663
f 4648 4647 4660
f 4656 4669 4670
f 4654 4667 4668
f 4653 4652 4665
f 4651 4650 4663
f 4661 4674 4675
f 4660 4659 4672
f 4670 4683 4684
f 4668 4681 4682
f 4667 4666 4679
f 4665 4664 4677
f 4663 4662 4675
f 4661 4660 4673
f 4670 4669 4682
f 4667 4680 4681
f 4665 4678 4679
f 4663 4676 4677
f 4675 4674 4687
f 4672 4685 4686
f 4684 4683 4696
f 4682 4681 4694
f 4679 4692 4693
f 4678 4677 4690
f 4676 4675 4688
f 4673 4686 4687
f 4683 4682 4695
f 4681 4680 4693
f 4678 4691 4692
f 4676 4689 4690
f 4688 4687 4700
f 4686 4685 4698
f 4696 4709 4710
f 4695 4694 4707
f 4692 4705 4706
f 4691 4690 4703
f 4688 4701 4702
f 4686 4699 4700
f 4695 4708 4709
f 4694 4693 4706
f 4692 4691 4704
f 4689 4702 4703
f 4701 4700 4713
f 4699 4698 4711
f 4710 4709 4722
f 4707 4720 4721
f 4705 4718 4719
f 4704 4703 4716
f 4701 4714 4715
f 4699 4712 4713
f 4709 4708 4721
f 4707 4706 4719
f 4705 4704 4717
f 4702 4715 4716
f 4713 4726 4727
f 4711 4724 4725
f 4723 4722 4735
f 4721 4720 4733
f 4719 4718 4731
f 4716 4729 4730
f 4715 4714 4727
f 4713 4712 4725
f 4721 4734 4735
f 4719 4732 4733
f 4717 4730 4731
f 4716 4715 4728
f 4726 4739 4740
f 4724 4737 4738
f 4736 4735 4748
f 4733 4746 4747
f 4732 4731 4744
f 4730 4729 4742
f 4728 4727 4740
f 4726 4725 4738
f 4735 4734 4747
f 4732 4745 4746
f 4730 4743 4744
f 4728 4741 4742
f 4739 4752 4753
f 4738 4737 4750
f 4748 4761 4762
f 4746 4759 4760
f 4745 4744 4757
f 4743 4742 4755
f 4740 4753 4754
f 4739 4738 4751
f 4747 4760 4761
f 4745 4758 4759
f 4744 4743 4756
f 4741 4754 4755
f 4753 4752 4765
f 4750 4763 4764
f 4762 4761 4774
f 4759 4772 4773
f 4758 4757 4770
f 4755 4768 4769
f 4753 4766 4767
f 4752 4751 4764
f 4760 4773 4774
f 4758 4771 4772
f 4757 4756 4769
f 4755 4754 4767
f 4765 4778 4779
f 4764 4763 4776
f 4774 4787 4788
f 4772 4785 4786
f 4771 4770 4783
f 4769 4768 4781
f 4767 4766 4779
f 4765 4764 4777
f 4774 4773 4786
f 4771 4784 4785
f 4769 4782 4783
f 4767 4780 4781
f 4779 4778 4791
f 4776 4789 4790
f 4788 4787 4800
f 4786 4785 4798
f 4783 4796 4797
f 4782 4781 4794
f 4780 4779 4792
f 4777 4790 4791
f 4787 4786 4799
f 4785 4784 4797
f 4782 4795 4796
f 4780 4793 4794
f 4792 4791 4804
f 4790 4789 4802
f 4800 4813 4814
f 4799 4798 4811
f 4796 4809 4810
f 4795 4794 4807
f 4792 4805 4806
f 4790 4803 4804
f 4799 4812 4813
f 4798 4797 4810
f 4796 4795 4808
f 4793 4806 4807
f 4805 4804 4817
f 4803 4802 4815
f 4814 4813 4826
f 4811 4824 4825
f 4809 4822 4823
f 4808 4807 4820
f 4805 4818 4819
f 4803 4816 4817
f 4813 4812 4825
f 4811 4810 4823
f 4809 4808 4821
f 4806 4819 4820
f 4817 4830 4831
f 4815 4828 4829
f 4826 4839 4840
f 4825 4824 4837
f 4823 4822 4835
f 4820 4833 4834
f 4819 4818 4831
f 4817 4816 4829
f 4825 4838 4839
f 4823 4836 4837
f 4821 4834 4835
f 4820 4819 4832
f 4830 4843 4844
f 4828 4841 4842
f 4840 4839 4852
f 4837 4850 4851
f 4836 4835 4848
f 4834 4833 4846
f 4832 4831 4844
f 4830 4829 4842
f 4839 4838 4851
f 4836 4849 4850
f 4834 4847 4848
f 4832 4845 4846
f 4843 4856 4857
f 4842 4841 4854
f 4852 4865 4866
f 4850 4863 4864
f 4849 4848 4861
f 4847 4846 4859
f 4844 4857 4858
f 4843 4842 4855
f 4851 4864 4865
f 4849 4862 4863
f 4848 4847 4860
f 4845 4858 4859
f 4857 4856 4869
f 4855 4854 4867
f 4866 4865 4878
f 4864 4863 4876
f 4862 4861 4874
f 4859 4872 4873
f 4857 4870 4871
f 4856 4855 4868
f 4864 4877 4878
f 4862 4875 4876
f 4861 4860 4873
f 4859 4858 4871
f 4869 4882 4883
f 4868 4867 4880
f 4878 4891 4892
f 4877 4876 4889
f 4874 4887 4888
f 4873 4872 4885
f 4871 4870 4883
f 4868 4881 4882
f 4878 4877 4890
f 4876 4875 4888
f 4873 4886 4887
f 4871 4884 4885
f 4883 4882 4896
f 4880 4894 4895
f 4892 4891 4905
f 4890 4889 4903
f 4887 4901 4902
f 4885 4899 4900
f 4884 4883 4897
f 4881 4895 4896
f 4891 4890 4904
f 4889 4888 4902
f 4886 4900 4901
f 4885 4884 4898
f 4897 4896 4909
f 4895 4894 4907
f 4905 4918 4919
f 4904 4903 4916
f 4901 4914 4915
f 4899 4912 4913
f 4897 4910 4911
f 4895 4908 4909
f 4904 4917 4918
f 4903 4902 4915
f 4901 4900 4913
f 4899 4898 4911
f 4910 4909 4922
f 4908 4907 4920
f 4919 4918 4931
f 4916 4929 4930
f 4914 4927 4928
f 4913 4912 4925
f 4910 4923 4924
f 4908 4921 4922
f 4918 4917 4930
f 4916 4915 4928
f 4914 4913 4926
f 4911 4924 4925
f 4922 4935 4936
f 4920 4933 4934
f 4931 4944 4945
f 4930 4929 4942
f 4928 4927 4940
f 4925 4938 4939
f 4924 4923 4936
f 4922 4921 4934
f 4930 4943 4944
f 4928 4941 4942
f 4926 4939 4940
f 4925 4924 4937
f 4935 4948 4949
f 4933 4946 4947
f 4945 4944 4957
f 4942 4955 4956
f 4941 4940 4953
f 4938 4951 4952
f 4937 4936 4949
f 4935 4934 4947
f 4944 4943 4956
f 4941 4954 4955
f 4939 4952 4953
f 4938 4937 4950
f 4948 4961 4962
f 4947 4946 4959
f 4957 4970 4971
f 4955 4968 4969
f 4954 4953 4966
f 4951 4964 4965
f 4949 4962 4963
f 4948 4947 4960
f 4956 4969 4970
f 4954 4967 4968
f 4953 4952 4965
f 4951 4950 4963
f 4962 4961 4974
f 4959 4972 4973
f 4971 4970 4983
f 4968 4981 4982
f 4966 4979 4980
f 4964 4977 4978
f 4962 4975 4976
f 4960 4973 4974
f 4969 4982 4983
f 4967 4980 4981
f 4966 4965 4978
f 4964 4963 4976
f 4975 4974 4987
f 4973 4972 4985
f 4983 4996 4997
f 4981 4994 4995
f 4979 4992 4993
f 4978 4977 4990
f 4976 4975 4988
f 4973 4986 4987
f 4983 4982 4995
f 4981 4980 4993
f 4978 4991 4992
f 4976 4989 4990
f 4988 4987 5000
f 4985 4998 4999
f 4997 4996 5009
f 4995 4994 5007
f 4992 5005 5006
f 4991 4990 5003
f 4989 4988 5001
f 4986 4999 5000
f 4996 4995 5008
f 4994 4993 5006
f 4991 5004 5005
f 4989 5002 5003
f 5001 5000 5013
f 4999 4998 5011
f 5009 5022 5023
f 5008 5007 5020
f 5005 5018 5019
f 5004 5003 5016
f 5001 5014 5015
f 4999 5012 5013
f 5008 5021 5022
f 5007 5006 5019
f 5005 5004 5017
f 5002 5015 5016
f 5014 5013 4609
f 5012 5011 4607
f 5022 4618 4619
f 5020 4616 4617
f 5018 4614 4615
f 5017 5016 4612
f 5014 4610 4611
f 5012 4608 4609
f 5021 4617 4618
f 5020 5019 4615
f 5018 5017 4613
f 5015 4611 4612
f 4481 4607 5011
f 5011 4998 4602
f 4998 4985 4597
f 4985 4972 4593
f 4593 4972 4959
f 4589 4959 4946
f 4585 4946 4933
f 4933 4920 4577
f 4577 4920 4907
f 4907 4894 4569
f 4894 4880 4565
f 4880 4867 4561
f 4561 4867 4854
f 4557 4854 4841
f 4553 4841 4828
f 4828 4815 4545
f 4545 4815 4802
f 4802 4789 4537
f 4789 4776 4533
f 4776 4763 4529
f 4529 4763 4750
f 4525 4750 4737
f 4521 4737 4724
f 4724 4711 4513
f 4513 4711 4698
f 4698 4685 4505
f 4685 4672 4501
f 4672 4659 4497
f 4497 4659 4646
f 4493 4646 4633
f 4489 4633 4620
f 4620 4607 4481
